id,name,cpo,cpo_raw,sector,state,district,address,latitude,longitude,charger_type,charger_type_raw,power_kw,connector_count,source,source_ref,status,last_verified
PUN-EV-001,Ather Energy Charging Hub - LEV DC Charge Point (IS-17017-2-7) ,Ather Energy,Ather,Private,Maharashtra,Pune,"LEV DC Charge Point (IS-17017-2-7) 3.3 3.3 1 Ather Private Maharashtra Pune Pune Survey No 35 Ambegaon On Pune Dehuroad, Ambegaon Bk, Pune, Maharashtra",18.451739,73.84424,LEV DC (Light EV Fast),LEV DC Charge Point (IS-17017-2-7),3.3,12,"Bureau of Energy Efficiency (BEE), Ministry of Power, Govt. of India",EV_PCS_Data_29277.pdf (Page 672),Operational (Verified Registry),October 2025
PUN-EV-002,Ather Energy Charging Hub - LEV DC Charge Point (IS-17017-2-7) ,Ather Energy,Ather,Private,Maharashtra,Pune,"LEV DC Charge Point (IS-17017-2-7) 3.3 3.3 1 Ather Private Maharashtra Pune Pune Walhekar Properties, Navel Bridge, Pune Mumbai Bangalore Highway, Near Hdfc Bank Pune S No 56/12",18.453391,73.827688,LEV DC (Light EV Fast),LEV DC Charge Point (IS-17017-2-7),3.3,1,"Bureau of Energy Efficiency (BEE), Ministry of Power, Govt. of India",EV_PCS_Data_29277.pdf (Page 672),Operational (Verified Registry),October 2025
PUN-EV-003,Ather Energy Charging Hub - LEV DC Charge Point (IS-17017-2-7) ,Ather Energy,Ather,Private,Maharashtra,Pune,"LEV DC Charge Point (IS-17017-2-7) 3.3 3.3 1 Ather Private Maharashtra Pune Pune Sr No 105, Kondhwa Budruk , Godown No 20 Kondhwa Road Opp. S K (Hp) Petrol Pump, Near Talab Factory, Pune, Maharashtra",18.458936,73.890767,LEV DC (Light EV Fast),LEV DC Charge Point (IS-17017-2-7),3.3,1,"Bureau of Energy Efficiency (BEE), Ministry of Power, Govt. of India",EV_PCS_Data_29277.pdf (Page 672),Operational (Verified Registry),October 2025
PUN-EV-004,Ather Energy Charging Hub - LEV DC Charge Point (IS-17017-2-7) ,Ather Energy,Ather,Private,Maharashtra,Pune,"LEV DC Charge Point (IS-17017-2-7) 3.3 3.3 1 Ather Private Maharashtra Pune Pune Katraj Bypass Rd, Uruli Devachi, Pune, Maharashtra, 412308",18.463245,73.951685,LEV DC (Light EV Fast),LEV DC Charge Point (IS-17017-2-7),3.3,1,"Bureau of Energy Efficiency (BEE), Ministry of Power, Govt. of India",EV_PCS_Data_29277.pdf (Page 672),Operational (Verified Registry),October 2025
PUN-EV-005,Ather Energy Charging Hub - LEV DC Charge Point (IS-17017-2-7) ,Ather Energy,Ather,Private,Maharashtra,Pune,"LEV DC Charge Point (IS-17017-2-7) 3.3 3.3 1 Ather Private Maharashtra Pune Pune Sinhgad Road, Lane, Opp. Of Brahma Hotel, Near Kudale Baug, Manik Baug, Baug, Pune, Maharashtra 411051",18.473,73.818739,LEV DC (Light EV Fast),LEV DC Charge Point (IS-17017-2-7),3.3,1,"Bureau of Energy Efficiency (BEE), Ministry of Power, Govt. of India",EV_PCS_Data_29277.pdf (Page 672),Operational (Verified Registry),October 2025
PUN-EV-006,Ather Energy Charging Hub - LEV DC Charge Point (IS-17017-2-7) ,Ather Energy,Ather,Private,Maharashtra,Pune,"LEV DC Charge Point (IS-17017-2-7) 3.3 3.3 1 Ather Private Maharashtra Pune Pune Sr No 46/1, Sai Park, Mohammed Wadi Rd, Near Dp Ganesh Nagar, Pune, Maharashtra",18.477191,73.915319,LEV DC (Light EV Fast),LEV DC Charge Point (IS-17017-2-7),3.3,3,"Bureau of Energy Efficiency (BEE), Ministry of Power, Govt. of India",EV_PCS_Data_29277.pdf (Page 672),Operational (Verified Registry),October 2025
PUN-EV-007,Ather Energy Charging Hub - LEV DC Charge Point (IS-17017-2-7) ,Ather Energy,Ather,Private,Maharashtra,Pune,"LEV DC Charge Point (IS-17017-2-7) 3.3 3.3 1 Ather Private Maharashtra Pune Pune Shop No 3, Karan Pushp Apt, Warje, Pune.",18.477298,73.803978,LEV DC (Light EV Fast),LEV DC Charge Point (IS-17017-2-7),3.3,1,"Bureau of Energy Efficiency (BEE), Ministry of Power, Govt. of India",EV_PCS_Data_29277.pdf (Page 672),Operational (Verified Registry),October 2025
PUN-EV-008,Ather Energy Charging Hub - LEV DC Charge Point (IS-17017-2-7) ,Ather Energy,Ather,Private,Maharashtra,Pune,"LEV DC Charge Point (IS-17017-2-7) 3.3 3.3 1 Ather Private Maharashtra Pune Pune Narayan Tower, Near, Narayan Annaji Shinde Rd, Salunkhe Vihar Society, Kondhwa, Pune, Maharashtra",18.478839,73.901386,LEV DC (Light EV Fast),LEV DC Charge Point (IS-17017-2-7),3.3,2,"Bureau of Energy Efficiency (BEE), Ministry of Power, Govt. of India",EV_PCS_Data_29277.pdf (Page 672),Operational (Verified Registry),October 2025
PUN-EV-009,Ather Energy Charging Hub - LEV DC Charge Point (IS-17017-2-7) ,Ather Energy,Ather,Private,Maharashtra,Pune,"LEV DC Charge Point (IS-17017-2-7) 3.3 3.3 1 Ather Private Maharashtra Pune Pune Shop 1-6,82/2/2A, Sahkarnagar, Parvati, Pune, Maharashtra",18.484596,73.849682,LEV DC (Light EV Fast),LEV DC Charge Point (IS-17017-2-7),3.3,1,"Bureau of Energy Efficiency (BEE), Ministry of Power, Govt. of India",EV_PCS_Data_29277.pdf (Page 672),Operational (Verified Registry),October 2025
PUN-EV-010,Ather Energy Charging Hub - LEV DC Charge Point (IS-17017-2-7) ,Ather Energy,Ather,Private,Maharashtra,Pune,"LEV DC Charge Point (IS-17017-2-7) 3.3 3.3 1 Ather Private Maharashtra Pune Pune 2, Meher Classic, Shop No:2, Opp N.K.Ashiyana Society, Marketyard, Pune, Near Unity Bakers, Pune, Maharashtra 411037",18.487923,73.872763,LEV DC (Light EV Fast),LEV DC Charge Point (IS-17017-2-7),3.3,10,"Bureau of Energy Efficiency (BEE), Ministry of Power, Govt. of India",EV_PCS_Data_29277.pdf (Page 672),Operational (Verified Registry),October 2025
PUN-EV-011,Ather Energy Charging Hub - LEV DC Charge Point (IS-17017-2-7) ,Ather Energy,Ather,Private,Maharashtra,Pune,"LEV DC Charge Point (IS-17017-2-7) 3.3 3.3 1 Ather Private Maharashtra Pune Pune Plot No.: 427/10, Lahane Road, Shankar Rao Lohane Marg, Opp. Chandrashekhar Agashe College, Gultekadi, Pune, Maharashtra",18.49635,73.867743,LEV DC (Light EV Fast),LEV DC Charge Point (IS-17017-2-7),3.3,1,"Bureau of Energy Efficiency (BEE), Ministry of Power, Govt. of India",EV_PCS_Data_29277.pdf (Page 672),Operational (Verified Registry),October 2025
PUN-EV-012,Ather Energy Charging Hub - LEV DC Charge Point (IS-17017-2-7) ,Ather Energy,Ather,Private,Maharashtra,Pune,"LEV DC Charge Point (IS-17017-2-7) 3.3 3.3 1 Ather Private Maharashtra Pune Pune Irani Cafe, Aj Tower, Main Road, Before Dahanukar Colony Cicle, Kothrud, Pune, Maharashtra 411029",18.497269,73.813468,LEV DC (Light EV Fast),LEV DC Charge Point (IS-17017-2-7),3.3,1,"Bureau of Energy Efficiency (BEE), Ministry of Power, Govt. of India",EV_PCS_Data_29277.pdf (Page 672),Operational (Verified Registry),October 2025
PUN-EV-013,Ather Energy Charging Hub - LEV DC Charge Point (IS-17017-2-7) ,Ather Energy,Ather,Private,Maharashtra,Pune,"LEV DC Charge Point (IS-17017-2-7) 3.3 3.3 1 Ather Private Maharashtra Pune Pune Ground Floor, Grace Platina, Shankar Sheth Rd, Opp. Kumar Pacific Mall, Bhawani Peth, Pune, Maharashtra 411042",18.50223,73.87349,LEV DC (Light EV Fast),LEV DC Charge Point (IS-17017-2-7),3.3,1,"Bureau of Energy Efficiency (BEE), Ministry of Power, Govt. of India",EV_PCS_Data_29277.pdf (Page 672),Operational (Verified Registry),October 2025
PUN-EV-014,Ather Energy Charging Hub - LEV DC Charge Point (IS-17017-2-7) ,Ather Energy,Ather,Private,Maharashtra,Pune,"LEV DC Charge Point (IS-17017-2-7) 3.3 3.3 1 Ather Private Maharashtra Pune Pune S No. 147/6B Pushpa Shanti Towers , Shop No 3, Behind Hp Petroleum Pump , Karve Statue Chowk, Karve Rd, Mayur Colony, Kothrud, Pune, Maharashtra , 411038",18.502546,73.815097,LEV DC (Light EV Fast),LEV DC Charge Point (IS-17017-2-7),3.3,1,"Bureau of Energy Efficiency (BEE), Ministry of Power, Govt. of India",EV_PCS_Data_29277.pdf (Page 672),Operational (Verified Registry),October 2025
PUN-EV-015,Ather Energy Charging Hub - LEV DC Charge Point (IS-17017-2-7) ,Ather Energy,Ather,Private,Maharashtra,Pune,"LEV DC Charge Point (IS-17017-2-7) 3.3 3.3 1 Ather Private Maharashtra Pune Pune Laxmi Vihar, Bhosale Nagar, Hadapsar, Pune, Maharashtra",18.504201,73.931959,LEV DC (Light EV Fast),LEV DC Charge Point (IS-17017-2-7),3.3,1,"Bureau of Energy Efficiency (BEE), Ministry of Power, Govt. of India",EV_PCS_Data_29277.pdf (Page 672),Operational (Verified Registry),October 2025
PUN-EV-016,"Ather Energy Charging Hub - 127, Karve Rd, Jhala Co-Op Housing ",Ather Energy,Ather,Private,Maharashtra,Pune,"127, Karve Rd, Jhala Co-Op Housing Society, Kothrud, Pune, Maharashtra 411038",18.504857,73.821923,LEV DC (Light EV Fast),LEV DC Charge Point (IS-17017-2-7),3.3,1,"Bureau of Energy Efficiency (BEE), Ministry of Power, Govt. of India",EV_PCS_Data_29277.pdf (Page 673),Operational (Verified Registry),October 2025
PUN-EV-017,Ather Energy Charging Hub - LEV DC Charge Point (IS-17017-2-7) ,Ather Energy,Ather,Private,Maharashtra,Pune,"LEV DC Charge Point (IS-17017-2-7) 3.3 3.3 1 Ather Private Maharashtra Pune Pune 1St - 3Rd Floor, House Of Nosh, Cts 1365, Gulawani Maharaj Road, Swaroop Society, Vakil Nagar, Erandwane, Pune, Maharashtra",18.50501,73.831624,LEV DC (Light EV Fast),LEV DC Charge Point (IS-17017-2-7),3.3,1,"Bureau of Energy Efficiency (BEE), Ministry of Power, Govt. of India",EV_PCS_Data_29277.pdf (Page 673),Operational (Verified Registry),October 2025
PUN-EV-018,Ather Energy Charging Hub - LEV DC Charge Point (IS-17017-2-7) ,Ather Energy,Ather,Private,Maharashtra,Pune,"LEV DC Charge Point (IS-17017-2-7) 3.3 3.3 1 Ather Private Maharashtra Pune Pune Waman Ganesh Heights, Pashan Rd, Bavdhan, Pune, Maharashtra",18.510483,73.781769,LEV DC (Light EV Fast),LEV DC Charge Point (IS-17017-2-7),3.3,1,"Bureau of Energy Efficiency (BEE), Ministry of Power, Govt. of India",EV_PCS_Data_29277.pdf (Page 673),Operational (Verified Registry),October 2025
PUN-EV-019,Ather Energy Charging Hub - LEV DC Charge Point (IS-17017-2-7) ,Ather Energy,Ather,Private,Maharashtra,Pune,"LEV DC Charge Point (IS-17017-2-7) 3.3 3.3 1 Ather Private Maharashtra Pune Pune 49/B, Bhawani Peth, Pune, Maharashtra411042",18.511972,73.86424,LEV DC (Light EV Fast),LEV DC Charge Point (IS-17017-2-7),3.3,1,"Bureau of Energy Efficiency (BEE), Ministry of Power, Govt. of India",EV_PCS_Data_29277.pdf (Page 673),Operational (Verified Registry),October 2025
PUN-EV-020,Ather Energy Charging Hub - LEV DC Charge Point (IS-17017-2-7) ,Ather Energy,Ather,Private,Maharashtra,Pune,"LEV DC Charge Point (IS-17017-2-7) 3.3 3.3 1 Ather Private Maharashtra Pune Pune Veeya Vantage, Kaw College Rd, Behind Maruthi Dealership (Sehgal Autoriders), Shanti Sheela Society, Erandwane, Pune, 411004, Maharashtra",18.513918,73.828375,LEV DC (Light EV Fast),LEV DC Charge Point (IS-17017-2-7),3.3,1,"Bureau of Energy Efficiency (BEE), Ministry of Power, Govt. of India",EV_PCS_Data_29277.pdf (Page 673),Operational (Verified Registry),October 2025
PUN-EV-021,Ather Energy Charging Hub - LEV DC Charge Point (IS-17017-2-7) ,Ather Energy,Ather,Private,Maharashtra,Pune,"LEV DC Charge Point (IS-17017-2-7) 3.3 3.3 1 Ather Private Maharashtra Pune Pune 805, Bhandarkar Rd, Below Kung Apartments, Deccan Gymkhana, Pune, Maharashtra",18.518673,73.830297,LEV DC (Light EV Fast),LEV DC Charge Point (IS-17017-2-7),3.3,1,"Bureau of Energy Efficiency (BEE), Ministry of Power, Govt. of India",EV_PCS_Data_29277.pdf (Page 673),Operational (Verified Registry),October 2025
PUN-EV-022,Ather Energy Charging Hub - LEV DC Charge Point (IS-17017-2-7) ,Ather Energy,Ather,Private,Maharashtra,Pune,"LEV DC Charge Point (IS-17017-2-7) 3.3 3.3 1 Ather Private Maharashtra Pune Pune Unnamed Road, Fergusson College Campus Rd, Shivajinagar, Pune, Maharashtra 411004",18.520778,73.840535,LEV DC (Light EV Fast),LEV DC Charge Point (IS-17017-2-7),3.3,1,"Bureau of Energy Efficiency (BEE), Ministry of Power, Govt. of India",EV_PCS_Data_29277.pdf (Page 673),Operational (Verified Registry),October 2025
PUN-EV-023,Ather Energy Charging Hub - LEV DC Charge Point (IS-17017-2-7) ,Ather Energy,Ather,Private,Maharashtra,Pune,"LEV DC Charge Point (IS-17017-2-7) 3.3 3.3 1 Ather Private Maharashtra Pune Pune B J Road Railway Station, Sadhu Vaswani Rd, Near Pune, Maharashtra",18.525182,73.875861,LEV DC (Light EV Fast),LEV DC Charge Point (IS-17017-2-7),3.3,1,"Bureau of Energy Efficiency (BEE), Ministry of Power, Govt. of India",EV_PCS_Data_29277.pdf (Page 673),Operational (Verified Registry),October 2025
PUN-EV-024,Ather Energy Charging Hub - LEV DC Charge Point (IS-17017-2-7) ,Ather Energy,Ather,Private,Maharashtra,Pune,"LEV DC Charge Point (IS-17017-2-7) 3.3 3.3 1 Ather Private Maharashtra Pune Pune Plot No.D, Bund Garden Rd, Pune, Maharashtra",18.526752,73.877938,LEV DC (Light EV Fast),LEV DC Charge Point (IS-17017-2-7),3.3,1,"Bureau of Energy Efficiency (BEE), Ministry of Power, Govt. of India",EV_PCS_Data_29277.pdf (Page 673),Operational (Verified Registry),October 2025
PUN-EV-025,Ather Energy Charging Hub - LEV DC Charge Point (IS-17017-2-7) ,Ather Energy,Ather,Private,Maharashtra,Pune,"LEV DC Charge Point (IS-17017-2-7) 3.3 3.3 1 Ather Private Maharashtra Pune Pune Irani Cafe, Plot No 18, Sr No 213, 215, Cts No 2110-2112, North Avenue Road , Before Joggers Park, Kalyani Nagar, Pune, 411006",18.549043,73.900584,LEV DC (Light EV Fast),LEV DC Charge Point (IS-17017-2-7),3.3,1,"Bureau of Energy Efficiency (BEE), Ministry of Power, Govt. of India",EV_PCS_Data_29277.pdf (Page 673),Operational (Verified Registry),October 2025
PUN-EV-026,Ather Energy Charging Hub - LEV DC Charge Point (IS-17017-2-7) ,Ather Energy,Ather,Private,Maharashtra,Pune,"LEV DC Charge Point (IS-17017-2-7) 3.3 3.3 1 Ather Private Maharashtra Pune Pune Pathare Complex, Mundhwa Kharadi Rd, Pune, Maharashtra, 411014",18.552787,73.937719,LEV DC (Light EV Fast),LEV DC Charge Point (IS-17017-2-7),3.3,1,"Bureau of Energy Efficiency (BEE), Ministry of Power, Govt. of India",EV_PCS_Data_29277.pdf (Page 673),Operational (Verified Registry),October 2025
PUN-EV-027,Ather Energy Charging Hub - LEV DC Charge Point (IS-17017-2-7) ,Ather Energy,Ather,Private,Maharashtra,Pune,"LEV DC Charge Point (IS-17017-2-7) 3.3 3.3 1 Ather Private Maharashtra Pune Pune S No 207, Viman Nagar Road, Phoenix Road, Viman Nagar, Pune, Maharashtra",18.561919,73.916681,LEV DC (Light EV Fast),LEV DC Charge Point (IS-17017-2-7),3.3,1,"Bureau of Energy Efficiency (BEE), Ministry of Power, Govt. of India",EV_PCS_Data_29277.pdf (Page 673),Operational (Verified Registry),October 2025
PUN-EV-028,Ather Energy Charging Hub - LEV DC Charge Point (IS-17017-2-7) ,Ather Energy,Ather,Private,Maharashtra,Pune,"LEV DC Charge Point (IS-17017-2-7) 3.3 3.3 1 Ather Private Maharashtra Pune Pune Next To Baker Gauges India Pvt. Ltd, Viman Nagar, Off, Phoenix Market City, Viman Nagar, Pune, Maharashtra 411014",18.564348,73.918398,LEV DC (Light EV Fast),LEV DC Charge Point (IS-17017-2-7),3.3,1,"Bureau of Energy Efficiency (BEE), Ministry of Power, Govt. of India",EV_PCS_Data_29277.pdf (Page 673),Operational (Verified Registry),October 2025
PUN-EV-029,Ather Energy Charging Hub - LEV DC Charge Point (IS-17017-2-7) ,Ather Energy,Ather,Private,Maharashtra,Pune,"LEV DC Charge Point (IS-17017-2-7) 3.3 3.3 1 Ather Private Maharashtra Pune Pune Ground Floor, Bhakti Genests, Wakad Rd, Shedge Vasti, Shankar Kalat Nagar, Wakad, Pimpri-Chinchwad, Maharashtra 411057",18.591279,73.767341,LEV DC (Light EV Fast),LEV DC Charge Point (IS-17017-2-7),3.3,1,"Bureau of Energy Efficiency (BEE), Ministry of Power, Govt. of India",EV_PCS_Data_29277.pdf (Page 673),Operational (Verified Registry),October 2025
PUN-EV-030,Ather Energy Charging Hub - LEV DC Charge Point (IS-17017-2-7) ,Ather Energy,Ather,Private,Maharashtra,Pune,"LEV DC Charge Point (IS-17017-2-7) 3.3 3.3 1 Ather Private Maharashtra Pune Pune Near, Aundh-Wakad Road, Jagtap Dairy Rd, Vishal Nagar, Pune, Maharashtra 411027",18.616041,73.75035,LEV DC (Light EV Fast),LEV DC Charge Point (IS-17017-2-7),3.3,1,"Bureau of Energy Efficiency (BEE), Ministry of Power, Govt. of India",EV_PCS_Data_29277.pdf (Page 673),Operational (Verified Registry),October 2025
PUN-EV-031,Ather Energy Charging Hub - LEV DC Charge Point (IS-17017-2-7) ,Ather Energy,Ather,Private,Maharashtra,Pune,"LEV DC Charge Point (IS-17017-2-7) 3.3 3.3 1 Ather Private Maharashtra Pune Pune J/16-17, Empire Estate Phase 1,",18.633246,73.798172,LEV DC (Light EV Fast),LEV DC Charge Point (IS-17017-2-7),3.3,1,"Bureau of Energy Efficiency (BEE), Ministry of Power, Govt. of India",EV_PCS_Data_29277.pdf (Page 673),Operational (Verified Registry),October 2025
PUN-EV-032,Ather Energy Charging Hub - LEV DC Charge Point (IS-17017-2-7) ,Ather Energy,Ather,Private,Maharashtra,Pune,"LEV DC Charge Point (IS-17017-2-7) 3.3 3.3 1 Ather Private Maharashtra Pune Pune Plot No.27(Residential, Pcntda, Sector 10, Shriram Colony, Bhosari, Pune, Maharashtra",18.648377,73.829866,LEV DC (Light EV Fast),LEV DC Charge Point (IS-17017-2-7),3.3,1,"Bureau of Energy Efficiency (BEE), Ministry of Power, Govt. of India",EV_PCS_Data_29277.pdf (Page 673),Operational (Verified Registry),October 2025
PUN-EV-033,Ather Energy Charging Hub - LEV DC Charge Point (IS-17017-2-7) ,Ather Energy,Ather,Private,Maharashtra,Pune,"LEV DC Charge Point (IS-17017-2-7) 3.3 3.3 1 Ather Private Maharashtra Pune Pune D-Ii, Plot No 32, Unit B - Near Kia Showroom, In Front Of Hdfc Colony, Chinchwad",18.653243,73.803401,LEV DC (Light EV Fast),LEV DC Charge Point (IS-17017-2-7),3.3,1,"Bureau of Energy Efficiency (BEE), Ministry of Power, Govt. of India",EV_PCS_Data_29277.pdf (Page 673),Operational (Verified Registry),October 2025
PUN-EV-034,"Ather Energy Charging Hub - B6 Ground Floor, Sant Tukaram Compl",Ather Energy,Ather,Private,Maharashtra,Pune,"B6 Ground Floor, Sant Tukaram Complex, Sec 24, Pradhikaran, Nigdi, Pune",18.658113,73.777127,LEV DC (Light EV Fast),LEV DC Charge Point (IS-17017-2-7),3.3,1,"Bureau of Energy Efficiency (BEE), Ministry of Power, Govt. of India",EV_PCS_Data_29277.pdf (Page 674),Operational (Verified Registry),October 2025
PUN-EV-035,Ather Energy Charging Hub - LEV DC Charge Point (IS-17017-2-7) ,Ather Energy,Ather,Private,Maharashtra,Pune,"LEV DC Charge Point (IS-17017-2-7) 3.3 3.3 1 Ather Private Maharashtra Pune Pune 31, Jijamata Housing Society, Sector 19, Chikhali, Pimpri-Chinchwad, Maharashtra, 411019",18.667449,73.801456,LEV DC (Light EV Fast),LEV DC Charge Point (IS-17017-2-7),3.3,1,"Bureau of Energy Efficiency (BEE), Ministry of Power, Govt. of India",EV_PCS_Data_29277.pdf (Page 674),Operational (Verified Registry),October 2025
PUN-EV-036,Ather Energy Charging Hub - LEV DC Charge Point (IS-17017-2-7) ,Ather Energy,Ather,Private,Maharashtra,Pune,"LEV DC Charge Point (IS-17017-2-7) 3.3 3.3 1 Ather Private Maharashtra Pune Pune Lonavala Annexe,Somatne, Old Mumbai - Pune Hwy, Near Pioneer Hospital, Tukaram Nagar, Talegaon Dabhade, Maharashtra",18.707715,73.682293,LEV DC (Light EV Fast),LEV DC Charge Point (IS-17017-2-7),3.3,1,"Bureau of Energy Efficiency (BEE), Ministry of Power, Govt. of India",EV_PCS_Data_29277.pdf (Page 674),Operational (Verified Registry),October 2025
PUN-EV-037,Glida / Fortum Charging Hub - CCS-II 60 60 1 Fortum Private Mahar,Glida / Fortum,Fortum,Private,Maharashtra,Pune,"CCS-II 60 60 1 Fortum Private Maharashtra Pune Pune Audi Pune Plot No 288, Industrial Plot Phase 2, Mann, Mulshi, Hinjewadi, Next To Midc, Pune, Maharashtra",18.589765,73.697308,CCS-2 (DC Fast),CCS-II 60 60,60.0,5,"Bureau of Energy Efficiency (BEE), Ministry of Power, Govt. of India",EV_PCS_Data_29277.pdf (Page 680),Operational (Verified Registry),October 2025
PUN-EV-038,Glida / Fortum Charging Hub - CCS-II 60 60 1 Fortum Private Mahar,Glida / Fortum,Fortum,Private,Maharashtra,Pune,"CCS-II 60 60 1 Fortum Private Maharashtra Pune Pune Mg Pune, Survey No 142, Hissa No 1+2/5, Wakad, Mumbai Bangalore Highway, Pune Maharashtra",18.599187,73.753892,CCS-2 (DC Fast),CCS-II 50 25,50.0,5,"Bureau of Energy Efficiency (BEE), Ministry of Power, Govt. of India",EV_PCS_Data_29277.pdf (Page 680),Operational (Verified Registry),October 2025
PUN-EV-039,HPCL Charging Hub - Type-II AC 7 7 1 HPCL Govt. Maharas,HPCL,Hpcl,Government / PSU,Maharashtra,Pune,"Type-II AC 7 7 1 HPCL Govt. Maharashtra Pune Pune Hp Auto Care Center,Hal-2, Pune",18.623629,73.807258,Bharat AC-001,Bharat AC-001,1.0,2,"Bureau of Energy Efficiency (BEE), Ministry of Power, Govt. of India",EV_PCS_Data_29277.pdf (Page 681),Operational (Verified Registry),October 2025
PUN-EV-040,HPCL Charging Hub - Bharat AC-001 3.3 3.3 1 HPCL Govt. ,HPCL,Hpcl,Government / PSU,Maharashtra,Pune,"Bharat AC-001 3.3 3.3 1 HPCL Govt. Maharashtra Pune Pune Hp Autocare Hal-3,Pimpri",18.625042,73.817291,Type-2 AC,Type-II AC 7 7,7.0,1,"Bureau of Energy Efficiency (BEE), Ministry of Power, Govt. of India",EV_PCS_Data_29277.pdf (Page 681),Operational (Verified Registry),October 2025
PUN-EV-041,HPCL Charging Hub - CCS-II 30 30 1 HPCL Govt. Maharasht,HPCL,Hpcl,Government / PSU,Maharashtra,Pune,"CCS-II 30 30 1 HPCL Govt. Maharashtra Pune Pune Ingawale Petroleum,Bhugaon",18.500587,73.754801,Type-2 AC,Type-II AC 7 7,7.0,1,"Bureau of Energy Efficiency (BEE), Ministry of Power, Govt. of India",EV_PCS_Data_29277.pdf (Page 681),Operational (Verified Registry),October 2025
PUN-EV-042,HPCL Charging Hub - Bharat AC-001 3.3 3.3 1 HPCL Govt. ,HPCL,Hpcl,Government / PSU,Maharashtra,Pune,Bharat AC-001 3.3 3.3 1 HPCL Govt. Maharashtra Pune Pune Loni,18.490844,74.013313,CCS-2 (DC Fast),CCS-II 30 30,30.0,1,"Bureau of Energy Efficiency (BEE), Ministry of Power, Govt. of India",EV_PCS_Data_29277.pdf (Page 681),Operational (Verified Registry),October 2025
PUN-EV-043,HPCL Charging Hub - Type-II AC 7 7 1 HPCL Govt. Maharas,HPCL,Hpcl,Government / PSU,Maharashtra,Pune,"Type-II AC 7 7 1 HPCL Govt. Maharashtra Pune Pune Mshsd Om Shivshambhu Petroleum Services,Chikli Cc",18.674712,73.803874,Bharat AC-001,Bharat AC-001,1.0,1,"Bureau of Energy Efficiency (BEE), Ministry of Power, Govt. of India",EV_PCS_Data_29277.pdf (Page 681),Operational (Verified Registry),October 2025
PUN-EV-044,HPCL Charging Hub - CCS-II 30 30 1 HPCL Govt. Maharasht,HPCL,Hpcl,Government / PSU,Maharashtra,Pune,CCS-II 30 30 1 HPCL Govt. Maharashtra Pune Pune Somatane,18.706993,73.682801,CCS-2 (DC Fast),CCS-II 30 30,30.0,1,"Bureau of Energy Efficiency (BEE), Ministry of Power, Govt. of India",EV_PCS_Data_29277.pdf (Page 682),Operational (Verified Registry),October 2025
PUN-EV-045,HPCL Charging Hub - CCS-II 60 60 1 HPCL Govt. Maharasht,HPCL,Hpcl,Government / PSU,Maharashtra,Pune,"CCS-II 60 60 1 HPCL Govt. Maharashtra Pune Pune Trk Walke Petroleum,Dighi",18.61702,73.871249,Type-2 AC,Type-II AC 7 7,7.0,1,"Bureau of Energy Efficiency (BEE), Ministry of Power, Govt. of India",EV_PCS_Data_29277.pdf (Page 682),Operational (Verified Registry),October 2025
PUN-EV-046,IOCL Charging Hub - LEV AC Charge point 3.3 3.3 1 IOCL ,IOCL,Iocl,Government / PSU,Maharashtra,Pune,LEV AC Charge point 3.3 3.3 1 IOCL Govt. Maharashtra Pune Pune At Bhima Koregaon Dist. Pune On Pune A'Nagar Road,18.648851,74.069467,Type-2 AC,Type-II AC,7.4,1,"Bureau of Energy Efficiency (BEE), Ministry of Power, Govt. of India",EV_PCS_Data_29277.pdf (Page 683),Operational (Verified Registry),October 2025
PUN-EV-047,IOCL Charging Hub - LEV AC Charge point 3.3 3.3 1 IOCL ,IOCL,Iocl,Government / PSU,Maharashtra,Pune,LEV AC Charge point 3.3 3.3 1 IOCL Govt. Maharashtra Pune Pune At Manikbaug Sinhagad Rd . Pune Pune Pune,18.471245,73.8212,LEV AC,LEV AC Charge point,3.3,1,"Bureau of Energy Efficiency (BEE), Ministry of Power, Govt. of India",EV_PCS_Data_29277.pdf (Page 683),Operational (Verified Registry),October 2025
PUN-EV-048,IOCL Charging Hub - LEV AC Charge point 3.3 3.3 1 IOCL ,IOCL,Iocl,Government / PSU,Maharashtra,Pune,LEV AC Charge point 3.3 3.3 1 IOCL Govt. Maharashtra Pune Pune At Post -Kharabwadi Dist - Pune,18.759117,73.836274,Type-2 AC,Type-II AC,7.4,1,"Bureau of Energy Efficiency (BEE), Ministry of Power, Govt. of India",EV_PCS_Data_29277.pdf (Page 684),Operational (Verified Registry),October 2025
PUN-EV-049,IOCL Charging Hub - LEV AC Charge point 3.3 3.3 1 IOCL ,IOCL,Iocl,Government / PSU,Maharashtra,Pune,LEV AC Charge point 3.3 3.3 1 IOCL Govt. Maharashtra Pune Pune C S No. 4695 Gat No.29 Nh4Pimpri Tal- Haveli Dist : Pune,18.632769,73.799956,Type-2 AC,Type-II AC,7.4,1,"Bureau of Energy Efficiency (BEE), Ministry of Power, Govt. of India",EV_PCS_Data_29277.pdf (Page 684),Operational (Verified Registry),October 2025
PUN-EV-050,IOCL Charging Hub - Type-II AC 7.4 7.4 1 IOCL Govt. Mah,IOCL,Iocl,Government / PSU,Maharashtra,Pune,Type-II AC 7.4 7.4 1 IOCL Govt. Maharashtra Pune Pune Gat No- 1297 Village- Chikhali Taluka- Haveli Dist- Pune,18.6723,73.801,CCS-2 (DC Fast),CCS-II 60 60,60.0,1,"Bureau of Energy Efficiency (BEE), Ministry of Power, Govt. of India",EV_PCS_Data_29277.pdf (Page 684),Operational (Verified Registry),October 2025
PUN-EV-051,IOCL Charging Hub - LEV AC Charge point 3.3 3.3 1 IOCL ,IOCL,Iocl,Government / PSU,Maharashtra,Pune,LEV AC Charge point 3.3 3.3 1 IOCL Govt. Maharashtra Pune Pune Gat No. 931 & 932 At Kavadi Pat A/P Manjri Farm Pune Solapur Rd Pune,18.493205,73.997612,Type-2 AC,Type-II AC,7.4,1,"Bureau of Energy Efficiency (BEE), Ministry of Power, Govt. of India",EV_PCS_Data_29277.pdf (Page 685),Operational (Verified Registry),October 2025
PUN-EV-052,IOCL Charging Hub - Type-II AC 7.4 7.4 1 IOCL Govt. Mah,IOCL,Iocl,Government / PSU,Maharashtra,Pune,Type-II AC 7.4 7.4 1 IOCL Govt. Maharashtra Pune Pune Gat No.105/3/2 Village Alandi Taluka Khed,18.683671,73.902267,LEV AC,LEV AC Charge point,3.3,1,"Bureau of Energy Efficiency (BEE), Ministry of Power, Govt. of India",EV_PCS_Data_29277.pdf (Page 685),Operational (Verified Registry),October 2025
PUN-EV-053,IOCL Charging Hub - LEV AC Charge point 3.3 3.3 1 IOCL ,IOCL,Iocl,Government / PSU,Maharashtra,Pune,LEV AC Charge point 3.3 3.3 1 IOCL Govt. Maharashtra Pune Pune Gat No.47/2A/11 47/1C/13 47/1B/1 At Village Mohammedwadi Tal - Haveli Dist Pune,18.480941,73.910406,CCS-2 (DC Fast),CCS-II 60 60,60.0,1,"Bureau of Energy Efficiency (BEE), Ministry of Power, Govt. of India",EV_PCS_Data_29277.pdf (Page 685),Operational (Verified Registry),October 2025
PUN-EV-054,IOCL Charging Hub - LEV AC Charge point 3.3 3.3 1 IOCL ,IOCL,Iocl,Government / PSU,Maharashtra,Pune,LEV AC Charge point 3.3 3.3 1 IOCL Govt. Maharashtra Pune Pune Gat No.94 Hissa No.1/1 Village Bhosari Taluka Haveli,18.637809,73.849776,LEV AC,LEV AC Charge point,3.3,12,"Bureau of Energy Efficiency (BEE), Ministry of Power, Govt. of India",EV_PCS_Data_29277.pdf (Page 686),Operational (Verified Registry),October 2025
PUN-EV-055,IOCL Charging Hub - LEV AC Charge point 3.3 3.3 1 IOCL ,IOCL,Iocl,Government / PSU,Maharashtra,Pune,LEV AC Charge point 3.3 3.3 1 IOCL Govt. Maharashtra Pune Pune Gat No-125/2 Ravet Taluka-Haveli,18.643015,73.746584,CCS-2 (DC Fast),CCS-II 60 60,60.0,2,"Bureau of Energy Efficiency (BEE), Ministry of Power, Govt. of India",EV_PCS_Data_29277.pdf (Page 686),Operational (Verified Registry),October 2025
PUN-EV-056,IOCL Charging Hub - LEV AC Charge point 3.3 3.3 1 IOCL ,IOCL,Iocl,Government / PSU,Maharashtra,Pune,LEV AC Charge point 3.3 3.3 1 IOCL Govt. Maharashtra Pune Pune Gat No-316 Village-Sabalewadi Taluka-Khed,18.72139,74.02581,CCS-2 (DC Fast),CCS-II 30 30,30.0,2,"Bureau of Energy Efficiency (BEE), Ministry of Power, Govt. of India",EV_PCS_Data_29277.pdf (Page 686),Operational (Verified Registry),October 2025
PUN-EV-057,IOCL Charging Hub - LEV AC Charge point 3.3 3.3 1 IOCL ,IOCL,Iocl,Government / PSU,Maharashtra,Pune,LEV AC Charge point 3.3 3.3 1 IOCL Govt. Maharashtra Pune Pune Gut No 1159 Village-Kolwadi Taluka-Haveli,18.543836,74.030403,LEV AC,LEV AC Charge point,3.3,1,"Bureau of Energy Efficiency (BEE), Ministry of Power, Govt. of India",EV_PCS_Data_29277.pdf (Page 686),Operational (Verified Registry),October 2025
PUN-EV-058,IOCL Charging Hub - LEV AC Charge point 3.3 3.3 1 IOCL ,IOCL,Iocl,Government / PSU,Maharashtra,Pune,LEV AC Charge point 3.3 3.3 1 IOCL Govt. Maharashtra Pune Pune Indian Oil Dealer Dandekar Bridge On Sinhagad Road Pune 411 030,18.50115,73.846443,Type-2 AC,Type-II AC,7.4,1,"Bureau of Energy Efficiency (BEE), Ministry of Power, Govt. of India",EV_PCS_Data_29277.pdf (Page 688),Operational (Verified Registry),October 2025
PUN-EV-059,IOCL Charging Hub - Type-II AC 7.4 7.4 1 IOCL Govt. Mah,IOCL,Iocl,Government / PSU,Maharashtra,Pune,Type-II AC 7.4 7.4 1 IOCL Govt. Maharashtra Pune Pune Indian Oil Dealers 634 A Stavely Road Pune 411 001,18.506313,73.884147,LEV AC,LEV AC Charge point,3.3,1,"Bureau of Energy Efficiency (BEE), Ministry of Power, Govt. of India",EV_PCS_Data_29277.pdf (Page 691),Operational (Verified Registry),October 2025
PUN-EV-060,IOCL Charging Hub - LEV AC Charge point 3.3 3.3 1 IOCL ,IOCL,Iocl,Government / PSU,Maharashtra,Pune,LEV AC Charge point 3.3 3.3 1 IOCL Govt. Maharashtra Pune Pune Indian Oil Dealers Chakan 410501 Dist : Pune,18.747951,73.859543,LEV AC,LEV AC Charge point,3.3,1,"Bureau of Energy Efficiency (BEE), Ministry of Power, Govt. of India",EV_PCS_Data_29277.pdf (Page 691),Operational (Verified Registry),October 2025
PUN-EV-061,IOCL Charging Hub - LEV AC Charge point 3.3 3.3 1 IOCL ,IOCL,Iocl,Government / PSU,Maharashtra,Pune,LEV AC Charge point 3.3 3.3 1 IOCL Govt. Maharashtra Pune Pune Indian Oil Dealers Khed Shivapur Baug Dist Pune - 412 205,18.359533,73.853928,LEV AC,LEV AC Charge point,3.3,1,"Bureau of Energy Efficiency (BEE), Ministry of Power, Govt. of India",EV_PCS_Data_29277.pdf (Page 691),Operational (Verified Registry),October 2025
PUN-EV-062,IOCL Charging Hub - LEV AC Charge point 3.3 3.3 1 IOCL ,IOCL,Iocl,Government / PSU,Maharashtra,Pune,LEV AC Charge point 3.3 3.3 1 IOCL Govt. Maharashtra Pune Pune Indian Oil Dealers Pimpri Kasarwadi Pune 411 018,18.602027,73.826667,CCS-2 (DC Fast),CCS-II 30 30,30.0,2,"Bureau of Energy Efficiency (BEE), Ministry of Power, Govt. of India",EV_PCS_Data_29277.pdf (Page 691),Operational (Verified Registry),October 2025
PUN-EV-063,IOCL Charging Hub - Type-II AC 7.4 7.4 1 IOCL Govt. Mah,IOCL,Iocl,Government / PSU,Maharashtra,Pune,Type-II AC 7.4 7.4 1 IOCL Govt. Maharashtra Pune Pune Old Mumbai Pune High Way Kasarwadi Pune,18.610699,73.818664,CCS-2 (DC Fast),CCS-II 30 30,30.0,1,"Bureau of Energy Efficiency (BEE), Ministry of Power, Govt. of India",EV_PCS_Data_29277.pdf (Page 693),Operational (Verified Registry),October 2025
PUN-EV-064,IOCL Charging Hub - LEV AC Charge point 3.3 3.3 1 IOCL ,IOCL,Iocl,Government / PSU,Maharashtra,Pune,LEV AC Charge point 3.3 3.3 1 IOCL Govt. Maharashtra Pune Pune Petrotech Gat No. 2/14 2/15 And 7/1 Village Pimpriwaghere Tal. Haveli,18.6116,73.7991,CCS-2 (DC Fast),CCS-II 60 60,60.0,1,"Bureau of Energy Efficiency (BEE), Ministry of Power, Govt. of India",EV_PCS_Data_29277.pdf (Page 694),Operational (Verified Registry),October 2025
PUN-EV-065,IOCL Charging Hub - Type-II AC 7.4 7.4 1 IOCL Govt. Mah,IOCL,Iocl,Government / PSU,Maharashtra,Pune,Type-II AC 7.4 7.4 1 IOCL Govt. Maharashtra Pune Pune Plot No.55S. No.23 Transport Nagari Nigdi Dist. Pune,18.664758,73.77017,Type-2 AC,Type-II AC,7.4,12,"Bureau of Energy Efficiency (BEE), Ministry of Power, Govt. of India",EV_PCS_Data_29277.pdf (Page 694),Operational (Verified Registry),October 2025
PUN-EV-066,IOCL Charging Hub - LEV AC Charge point 3.3 3.3 1 IOCL ,IOCL,Iocl,Government / PSU,Maharashtra,Pune,LEV AC Charge point 3.3 3.3 1 IOCL Govt. Maharashtra Pune Pune Pune,18.498827,73.951813,CCS-2 (DC Fast),CCS-II 60 60,60.0,1,"Bureau of Energy Efficiency (BEE), Ministry of Power, Govt. of India",EV_PCS_Data_29277.pdf (Page 694),Operational (Verified Registry),October 2025
PUN-EV-067,IOCL Charging Hub - LEV AC Charge point 3.3 3.3 1 IOCL ,IOCL,Iocl,Government / PSU,Maharashtra,Pune,LEV AC Charge point 3.3 3.3 1 IOCL Govt. Maharashtra Pune Pune Shivaji Nagar Near Shivaji Nagar Post Office Shivaji Nagar Pune,18.527942,73.850481,LEV AC,LEV AC Charge point,3.3,1,"Bureau of Energy Efficiency (BEE), Ministry of Power, Govt. of India",EV_PCS_Data_29277.pdf (Page 694),Operational (Verified Registry),October 2025
PUN-EV-068,IOCL Charging Hub - LEV AC Charge point 3.3 3.3 1 IOCL ,IOCL,Iocl,Government / PSU,Maharashtra,Pune,LEV AC Charge point 3.3 3.3 1 IOCL Govt. Maharashtra Pune Pune Vill Uruli Devachi Saswad Road Tal Haveli Dist Pune,18.456122,73.967386,Type-2 AC,Type-II AC,7.4,1,"Bureau of Energy Efficiency (BEE), Ministry of Power, Govt. of India",EV_PCS_Data_29277.pdf (Page 695),Operational (Verified Registry),October 2025
PUN-EV-069,Kazam Charging Hub - Bharat AC-001 3.3 3.3 1 KAZAM Priva,Kazam,Kazam,Private,Maharashtra,Pune,"Bharat AC-001 3.3 3.3 1 KAZAM Private Maharashtra Pune Pune 1,Salunke Vihar Road,Wanwadi,Pune,Maharashtra,411040",18.481501,73.899655,Bharat AC-001,Bharat AC-001,1.0,1,"Bureau of Energy Efficiency (BEE), Ministry of Power, Govt. of India",EV_PCS_Data_29277.pdf (Page 695),Operational (Verified Registry),October 2025
PUN-EV-070,Kazam Charging Hub - Bharat AC-001 3.3 3.3 1 KAZAM Priva,Kazam,Kazam,Private,Maharashtra,Pune,"Bharat AC-001 3.3 3.3 1 KAZAM Private Maharashtra Pune Pimpri-Chinchwad 124,Nigdi Bhosari Road,Bhosari,Pimpri-Chinchwad,Maharashtra,411026",18.627257,73.834312,Bharat AC-001,Bharat AC-001,1.0,1,"Bureau of Energy Efficiency (BEE), Ministry of Power, Govt. of India",EV_PCS_Data_29277.pdf (Page 695),Operational (Verified Registry),October 2025
PUN-EV-071,Kazam Charging Hub - Bharat AC-001 3.3 3.3 1 KAZAM Priva,Kazam,Kazam,Private,Maharashtra,Pune,"Bharat AC-001 3.3 3.3 1 KAZAM Private Maharashtra Pune Pune 1989,Nagar Road,Wagholi,Pune,Maharashtra,411014",18.57173,73.955269,Bharat AC-001,Bharat AC-001,1.0,1,"Bureau of Energy Efficiency (BEE), Ministry of Power, Govt. of India",EV_PCS_Data_29277.pdf (Page 695),Operational (Verified Registry),October 2025
PUN-EV-072,Kazam Charging Hub - Bharat AC-001 3.3 3.3 1 KAZAM Priva,Kazam,Kazam,Private,Maharashtra,Pune,"Bharat AC-001 3.3 3.3 1 KAZAM Private Maharashtra Pune Pimpri-Chinchwad 49,Vaishno Mata Marg,Bhosari,Pimpri-Chinchwad,Maharashtra,411039",18.63498,73.844185,Bharat AC-001,Bharat AC-001,1.0,1,"Bureau of Energy Efficiency (BEE), Ministry of Power, Govt. of India",EV_PCS_Data_29277.pdf (Page 695),Operational (Verified Registry),October 2025
PUN-EV-073,Kazam Charging Hub - Bharat AC-001 3.3 3.3 1 KAZAM Priva,Kazam,Kazam,Private,Maharashtra,Pune,"Bharat AC-001 3.3 3.3 1 KAZAM Private Maharashtra Pune Pune 805,Senapati Bapat Road,Gokhalenagar,Pune,Maharashtra,411016",18.530479,73.828817,Bharat AC-001,Bharat AC-001,1.0,1,"Bureau of Energy Efficiency (BEE), Ministry of Power, Govt. of India",EV_PCS_Data_29277.pdf (Page 695),Operational (Verified Registry),October 2025
PUN-EV-074,"Kazam Charging Hub - 87,Jogeshwari Lane,Budhwar Peth,Pun",Kazam,Kazam,Private,Maharashtra,Pune,"87,Jogeshwari Lane,Budhwar Peth,Pune,Maharashtra,411030",18.515655,73.854868,Bharat AC-001,Bharat AC-001,1.0,1,"Bureau of Energy Efficiency (BEE), Ministry of Power, Govt. of India",EV_PCS_Data_29277.pdf (Page 696),Operational (Verified Registry),October 2025
PUN-EV-075,Kazam Charging Hub - Bharat AC-001 3.3 3.3 1 KAZAM Priva,Kazam,Kazam,Private,Maharashtra,Pune,"Bharat AC-001 3.3 3.3 1 KAZAM Private Maharashtra Pune Pune A44,Market Yard Road,Maharshi Nagar,Pune,Maharashtra,411037",18.489352,73.860118,Bharat AC-001,Bharat AC-001,1.0,1,"Bureau of Energy Efficiency (BEE), Ministry of Power, Govt. of India",EV_PCS_Data_29277.pdf (Page 696),Operational (Verified Registry),October 2025
PUN-EV-076,Kazam Charging Hub - Bharat AC-001 3.3 3.3 1 KAZAM Priva,Kazam,Kazam,Private,Maharashtra,Pune,"Bharat AC-001 3.3 3.3 1 KAZAM Private Maharashtra Pune Pune Amanora Park Town Main Road,Hadapsar,Pune,Maharashtra,411028",18.523119,73.933572,Bharat AC-001,Bharat AC-001,1.0,1,"Bureau of Energy Efficiency (BEE), Ministry of Power, Govt. of India",EV_PCS_Data_29277.pdf (Page 696),Operational (Verified Registry),October 2025
PUN-EV-077,Kazam Charging Hub - Bharat AC-001 3.3 3.3 1 KAZAM Priva,Kazam,Kazam,Private,Maharashtra,Pune,"Bharat AC-001 3.3 3.3 1 KAZAM Private Maharashtra Pune Pune Aranyeshwar Padmavati Road,Parvati Paytha,Pune,Maharashtra,411009",18.485905,73.855695,Bharat AC-001,Bharat AC-001,1.0,1,"Bureau of Energy Efficiency (BEE), Ministry of Power, Govt. of India",EV_PCS_Data_29277.pdf (Page 696),Operational (Verified Registry),October 2025
PUN-EV-078,Kazam Charging Hub - Bharat AC-001 3.3 3.3 1 KAZAM Priva,Kazam,Kazam,Private,Maharashtra,Pune,"Bharat AC-001 3.3 3.3 1 KAZAM Private Maharashtra Pune Pune Ashok Nagar,Pune,Maharashtra,411020",18.544947,73.84209,Bharat AC-001,Bharat AC-001,1.0,1,"Bureau of Energy Efficiency (BEE), Ministry of Power, Govt. of India",EV_PCS_Data_29277.pdf (Page 696),Operational (Verified Registry),October 2025
PUN-EV-079,Kazam Charging Hub - Bharat AC-001 3.3 3.3 1 KAZAM Priva,Kazam,Kazam,Private,Maharashtra,Pune,"Bharat AC-001 3.3 3.3 1 KAZAM Private Maharashtra Pune Pune Aundh,Pune,Maharashtra,411007",18.565432,73.801584,Bharat AC-001,Bharat AC-001,1.0,1,"Bureau of Energy Efficiency (BEE), Ministry of Power, Govt. of India",EV_PCS_Data_29277.pdf (Page 696),Operational (Verified Registry),October 2025
PUN-EV-080,Kazam Charging Hub - Bharat AC-001 3.3 3.3 1 KAZAM Priva,Kazam,Kazam,Private,Maharashtra,Pune,"Bharat AC-001 3.3 3.3 1 KAZAM Private Maharashtra Pune Pimpri-Chinchwad B5, Electronic Estate, Midc, Bhosari, Pune, Maharashtra 411026",18.621834,73.824847,Bharat AC-001,Bharat AC-001,1.0,1,"Bureau of Energy Efficiency (BEE), Ministry of Power, Govt. of India",EV_PCS_Data_29277.pdf (Page 696),Operational (Verified Registry),October 2025
PUN-EV-081,Kazam Charging Hub - Bharat AC-001 3.3 3.3 1 KAZAM Priva,Kazam,Kazam,Private,Maharashtra,Pune,"Bharat AC-001 3.3 3.3 1 KAZAM Private Maharashtra Pune Chakan Bajarpeth Rd, Chakan, Maharashtra 410501",18.762984,73.864143,Bharat AC-001,Bharat AC-001,1.0,1,"Bureau of Energy Efficiency (BEE), Ministry of Power, Govt. of India",EV_PCS_Data_29277.pdf (Page 696),Operational (Verified Registry),October 2025
PUN-EV-082,Kazam Charging Hub - Bharat AC-001 3.3 3.3 1 KAZAM Priva,Kazam,Kazam,Private,Maharashtra,Pune,"Bharat AC-001 3.3 3.3 1 KAZAM Private Maharashtra Jalgaon Balewadi Balewadi,Maharashtra,411045",18.584691,73.760093,Bharat AC-001,Bharat AC-001,1.0,1,"Bureau of Energy Efficiency (BEE), Ministry of Power, Govt. of India",EV_PCS_Data_29277.pdf (Page 696),Operational (Verified Registry),October 2025
PUN-EV-083,Kazam Charging Hub - Bharat AC-001 3.3 3.3 1 KAZAM Priva,Kazam,Kazam,Private,Maharashtra,Pune,"Bharat AC-001 3.3 3.3 1 KAZAM Private Maharashtra Pune Pune Bfc Road,Ghorpadi,Pune,Maharashtra,411036",18.529964,73.90567,Bharat AC-001,Bharat AC-001,1.0,1,"Bureau of Energy Efficiency (BEE), Ministry of Power, Govt. of India",EV_PCS_Data_29277.pdf (Page 696),Operational (Verified Registry),October 2025
PUN-EV-084,Kazam Charging Hub - Bharat AC-001 3.3 3.3 1 KAZAM Priva,Kazam,Kazam,Private,Maharashtra,Pune,"Bharat AC-001 3.3 3.3 1 KAZAM Private Maharashtra Pune Sudhavadi Bhandara Dongar Rd, Induri, Sudhavadi, Maharashtra 410507",18.738504,73.742086,Bharat AC-001,Bharat AC-001,1.0,1,"Bureau of Energy Efficiency (BEE), Ministry of Power, Govt. of India",EV_PCS_Data_29277.pdf (Page 696),Operational (Verified Registry),October 2025
PUN-EV-085,Kazam Charging Hub - Bharat AC-001 3.3 3.3 1 KAZAM Priva,Kazam,Kazam,Private,Maharashtra,Pune,"Bharat AC-001 3.3 3.3 1 KAZAM Private Maharashtra Pune Pimpri-Chinchwad Bhosari,Pimpri-Chinchwad,Maharashtra,411018",18.650851,73.824042,Bharat AC-001,Bharat AC-001,1.0,1,"Bureau of Energy Efficiency (BEE), Ministry of Power, Govt. of India",EV_PCS_Data_29277.pdf (Page 696),Operational (Verified Registry),October 2025
PUN-EV-086,Kazam Charging Hub - Bharat AC-001 3.3 3.3 1 KAZAM Priva,Kazam,Kazam,Private,Maharashtra,Pune,"Bharat AC-001 3.3 3.3 1 KAZAM Private Maharashtra Pune Pimpri-Chinchwad Bhosari,Pimpri-Chinchwad,Maharashtra,411026",18.640282,73.839625,Bharat AC-001,Bharat AC-001,1.0,2,"Bureau of Energy Efficiency (BEE), Ministry of Power, Govt. of India",EV_PCS_Data_29277.pdf (Page 696),Operational (Verified Registry),October 2025
PUN-EV-087,Kazam Charging Hub - Bharat AC-001 3.3 3.3 1 KAZAM Priva,Kazam,Kazam,Private,Maharashtra,Pune,"Bharat AC-001 3.3 3.3 1 KAZAM Private Maharashtra Pune Chakan Chakan,Maharashtra,410501",18.745559,73.860519,Bharat AC-001,Bharat AC-001,1.0,1,"Bureau of Energy Efficiency (BEE), Ministry of Power, Govt. of India",EV_PCS_Data_29277.pdf (Page 696),Operational (Verified Registry),October 2025
PUN-EV-088,Kazam Charging Hub - Bharat AC-001 3.3 3.3 1 KAZAM Priva,Kazam,Kazam,Private,Maharashtra,Pune,"Bharat AC-001 3.3 3.3 1 KAZAM Private Maharashtra Pune Pimpri-Chinchwad Chikhali,Pimpri-Chinchwad,Maharashtra,412105",18.666179,73.831177,Bharat AC-001,Bharat AC-001,1.0,1,"Bureau of Energy Efficiency (BEE), Ministry of Power, Govt. of India",EV_PCS_Data_29277.pdf (Page 696),Operational (Verified Registry),October 2025
PUN-EV-089,Kazam Charging Hub - Bharat AC-001 3.3 3.3 1 KAZAM Priva,Kazam,Kazam,Private,Maharashtra,Pune,"Bharat AC-001 3.3 3.3 1 KAZAM Private Maharashtra Pune Pimpri-Chinchwad Chinchwad,Pimpri-Chinchwad,Maharashtra,411019",18.659313,73.795403,Bharat AC-001,Bharat AC-001,1.0,1,"Bureau of Energy Efficiency (BEE), Ministry of Power, Govt. of India",EV_PCS_Data_29277.pdf (Page 696),Operational (Verified Registry),October 2025
PUN-EV-090,Kazam Charging Hub - Bharat AC-001 3.3 3.3 1 KAZAM Priva,Kazam,Kazam,Private,Maharashtra,Pune,"Bharat AC-001 3.3 3.3 1 KAZAM Private Maharashtra Pune Pimpri-Chinchwad Dapodi,Pimpri-Chinchwad,Maharashtra,411034",18.595816,73.829349,Bharat AC-001,Bharat AC-001,1.0,1,"Bureau of Energy Efficiency (BEE), Ministry of Power, Govt. of India",EV_PCS_Data_29277.pdf (Page 696),Operational (Verified Registry),October 2025
PUN-EV-091,Kazam Charging Hub - Bharat AC-001 3.3 3.3 1 KAZAM Priva,Kazam,Kazam,Private,Maharashtra,Pune,"Bharat AC-001 3.3 3.3 1 KAZAM Private Maharashtra Pune Pune Deccan Paper Mill Road,Mundhwa,Pune,Maharashtra,411036",18.531385,73.928589,Bharat AC-001,Bharat AC-001,1.0,1,"Bureau of Energy Efficiency (BEE), Ministry of Power, Govt. of India",EV_PCS_Data_29277.pdf (Page 696),Operational (Verified Registry),October 2025
PUN-EV-092,Kazam Charging Hub - Bharat AC-001 3.3 3.3 1 KAZAM Priva,Kazam,Kazam,Private,Maharashtra,Pune,"Bharat AC-001 3.3 3.3 1 KAZAM Private Maharashtra Pune Pimpri-Chinchwad Dighi,Pimpri-Chinchwad,Maharashtra,411015",18.619114,73.87844,Bharat AC-001,Bharat AC-001,1.0,1,"Bureau of Energy Efficiency (BEE), Ministry of Power, Govt. of India",EV_PCS_Data_29277.pdf (Page 696),Operational (Verified Registry),October 2025
PUN-EV-093,Kazam Charging Hub - Bharat AC-001 3.3 3.3 1 KAZAM Priva,Kazam,Kazam,Private,Maharashtra,Pune,"Bharat AC-001 3.3 3.3 1 KAZAM Private Maharashtra Pune Pimpri-Chinchwad Elementa Internal Road,Tathawade,Pimpri-Chinchwad,Maharashtra,411033",18.612793,73.755001,Bharat AC-001,Bharat AC-001,1.0,1,"Bureau of Energy Efficiency (BEE), Ministry of Power, Govt. of India",EV_PCS_Data_29277.pdf (Page 696),Operational (Verified Registry),October 2025
PUN-EV-094,Kazam Charging Hub - Bharat AC-001 3.3 3.3 1 KAZAM Priva,Kazam,Kazam,Private,Maharashtra,Pune,"Bharat AC-001 3.3 3.3 1 KAZAM Private Maharashtra Pune Pimpri-Chinchwad Energy House, D-Ii Block, Midc Area, Chinchwad, Pune, Maharashtra 411019",18.652269,73.794349,Bharat AC-001,Bharat AC-001,1.0,1,"Bureau of Energy Efficiency (BEE), Ministry of Power, Govt. of India",EV_PCS_Data_29277.pdf (Page 696),Operational (Verified Registry),October 2025
PUN-EV-095,Kazam Charging Hub - Bharat AC-001 3.3 3.3 1 KAZAM Priva,Kazam,Kazam,Private,Maharashtra,Pune,"Bharat AC-001 3.3 3.3 1 KAZAM Private Maharashtra Pune Pune Eon Free Zone, Kharadi, Pune, Maharashtra 411014",18.554452,73.954712,Bharat AC-001,Bharat AC-001,1.0,1,"Bureau of Energy Efficiency (BEE), Ministry of Power, Govt. of India",EV_PCS_Data_29277.pdf (Page 696),Operational (Verified Registry),October 2025
PUN-EV-096,Kazam Charging Hub - Bharat AC-001 3.3 3.3 1 KAZAM Priva,Kazam,Kazam,Private,Maharashtra,Pune,"Bharat AC-001 3.3 3.3 1 KAZAM Private Maharashtra Pune Pune Eon It Park Rd, Vitthal Nagar, Kharadi, Pune, Maharashtra 411014",18.554415,73.955186,Bharat AC-001,Bharat AC-001,1.0,1,"Bureau of Energy Efficiency (BEE), Ministry of Power, Govt. of India",EV_PCS_Data_29277.pdf (Page 696),Operational (Verified Registry),October 2025
PUN-EV-097,Kazam Charging Hub - Bharat AC-001 3.3 3.3 1 KAZAM Priva,Kazam,Kazam,Private,Maharashtra,Pune,"Bharat AC-001 3.3 3.3 1 KAZAM Private Maharashtra Pune Pune Factory Road,Khadki,Pune,Maharashtra,411003",18.565287,73.850897,Bharat AC-001,Bharat AC-001,1.0,1,"Bureau of Energy Efficiency (BEE), Ministry of Power, Govt. of India",EV_PCS_Data_29277.pdf (Page 696),Operational (Verified Registry),October 2025
PUN-EV-098,Kazam Charging Hub - Hinjawadi Rajiv Gandhi Infotech Par,Kazam,Kazam,Private,Maharashtra,Pune,"Hinjawadi Rajiv Gandhi Infotech Park, Hinjawadi, Pune, Pimpri-Chinchwad, Maharashtra 411057",18.578313,73.686134,Bharat AC-001,Bharat AC-001,1.0,1,"Bureau of Energy Efficiency (BEE), Ministry of Power, Govt. of India",EV_PCS_Data_29277.pdf (Page 697),Operational (Verified Registry),October 2025
PUN-EV-099,Kazam Charging Hub - Bharat AC-001 3.3 3.3 1 KAZAM Priva,Kazam,Kazam,Private,Maharashtra,Pune,"Bharat AC-001 3.3 3.3 1 KAZAM Private Maharashtra Pune Pimpri-Chinchwad Hinjawadi,Pimpri-Chinchwad,Maharashtra,411057",18.578577,73.686614,Bharat AC-001,Bharat AC-001,1.0,1,"Bureau of Energy Efficiency (BEE), Ministry of Power, Govt. of India",EV_PCS_Data_29277.pdf (Page 697),Operational (Verified Registry),October 2025
PUN-EV-100,Kazam Charging Hub - Bharat AC-001 3.3 3.3 1 KAZAM Priva,Kazam,Kazam,Private,Maharashtra,Pune,"Bharat AC-001 3.3 3.3 1 KAZAM Private Maharashtra Pune Pimpri-Chinchwad Jadhav Wadi, Moshi, Pimpri-Chinchwad, Maharashtra 412105",18.667692,73.829225,Bharat AC-001,Bharat AC-001,1.0,1,"Bureau of Energy Efficiency (BEE), Ministry of Power, Govt. of India",EV_PCS_Data_29277.pdf (Page 697),Operational (Verified Registry),October 2025
PUN-EV-101,Kazam Charging Hub - Bharat AC-001 3.3 3.3 1 KAZAM Priva,Kazam,Kazam,Private,Maharashtra,Pune,"Bharat AC-001 3.3 3.3 1 KAZAM Private Maharashtra Pune Pune Jangali Maharaj Road,Shivajinagar,Pune,Maharashtra,411005",18.523091,73.847258,Bharat AC-001,Bharat AC-001,1.0,1,"Bureau of Energy Efficiency (BEE), Ministry of Power, Govt. of India",EV_PCS_Data_29277.pdf (Page 697),Operational (Verified Registry),October 2025
PUN-EV-102,Kazam Charging Hub - Bharat AC-001 3.3 3.3 1 KAZAM Priva,Kazam,Kazam,Private,Maharashtra,Pune,"Bharat AC-001 3.3 3.3 1 KAZAM Private Maharashtra Pune Pune Kharadi,Pune,Maharashtra,411014",18.554753,73.934727,Bharat AC-001,Bharat AC-001,1.0,1,"Bureau of Energy Efficiency (BEE), Ministry of Power, Govt. of India",EV_PCS_Data_29277.pdf (Page 697),Operational (Verified Registry),October 2025
PUN-EV-103,Kazam Charging Hub - Bharat AC-001 3.3 3.3 1 KAZAM Priva,Kazam,Kazam,Private,Maharashtra,Pune,"Bharat AC-001 3.3 3.3 1 KAZAM Private Maharashtra Pune Pune Kothrud,Pune,Maharashtra,411058",18.499239,73.791161,Bharat AC-001,Bharat AC-001,1.0,1,"Bureau of Energy Efficiency (BEE), Ministry of Power, Govt. of India",EV_PCS_Data_29277.pdf (Page 697),Operational (Verified Registry),October 2025
PUN-EV-104,Kazam Charging Hub - Bharat AC-001 3.3 3.3 1 KAZAM Priva,Kazam,Kazam,Private,Maharashtra,Pune,"Bharat AC-001 3.3 3.3 1 KAZAM Private Maharashtra Pune Kurali Kurali,Maharashtra,",18.736565,73.845317,Bharat AC-001,Bharat AC-001,1.0,1,"Bureau of Energy Efficiency (BEE), Ministry of Power, Govt. of India",EV_PCS_Data_29277.pdf (Page 697),Operational (Verified Registry),October 2025
PUN-EV-105,Kazam Charging Hub - Bharat AC-001 3.3 3.3 1 KAZAM Priva,Kazam,Kazam,Private,Maharashtra,Pune,"Bharat AC-001 3.3 3.3 1 KAZAM Private Maharashtra Pune Pune Lane Number 18A,Dhayari Phata,Pune,Maharashtra,411041",18.454566,73.809891,Bharat AC-001,Bharat AC-001,1.0,1,"Bureau of Energy Efficiency (BEE), Ministry of Power, Govt. of India",EV_PCS_Data_29277.pdf (Page 697),Operational (Verified Registry),October 2025
PUN-EV-106,Kazam Charging Hub - Bharat AC-001 3.3 3.3 1 KAZAM Priva,Kazam,Kazam,Private,Maharashtra,Pune,"Bharat AC-001 3.3 3.3 1 KAZAM Private Maharashtra Pune Pune Lane Number 4,Wagholi,Pune,Maharashtra,412207",18.575111,73.959502,Bharat AC-001,Bharat AC-001,1.0,1,"Bureau of Energy Efficiency (BEE), Ministry of Power, Govt. of India",EV_PCS_Data_29277.pdf (Page 697),Operational (Verified Registry),October 2025
PUN-EV-107,Kazam Charging Hub - Bharat AC-001 3.3 3.3 1 KAZAM Priva,Kazam,Kazam,Private,Maharashtra,Pune,"Bharat AC-001 3.3 3.3 1 KAZAM Private Maharashtra Pune Pune Lohegaon,Pune,Maharashtra,411047",18.598495,73.927423,Bharat AC-001,Bharat AC-001,1.0,1,"Bureau of Energy Efficiency (BEE), Ministry of Power, Govt. of India",EV_PCS_Data_29277.pdf (Page 697),Operational (Verified Registry),October 2025
PUN-EV-108,Kazam Charging Hub - Bharat AC-001 3.3 3.3 1 KAZAM Priva,Kazam,Kazam,Private,Maharashtra,Pune,"Bharat AC-001 3.3 3.3 1 KAZAM Private Maharashtra Pune Pimpri-Chinchwad Magzine Chowk, Bhosari Dighi Road, Near Gajanan Maharaj Mandir, Pune, Maharashtra 411015",18.633133,73.874218,Bharat AC-001,Bharat AC-001,1.0,1,"Bureau of Energy Efficiency (BEE), Ministry of Power, Govt. of India",EV_PCS_Data_29277.pdf (Page 697),Operational (Verified Registry),October 2025
PUN-EV-109,Kazam Charging Hub - Bharat AC-001 3.3 3.3 1 KAZAM Priva,Kazam,Kazam,Private,Maharashtra,Pune,"Bharat AC-001 3.3 3.3 1 KAZAM Private Maharashtra Pune Pimpri-Chinchwad Midc, Chinchwad, Pimpri-Chinchwad, Maharashtra 411019",18.65712,73.795035,Bharat AC-001,Bharat AC-001,1.0,1,"Bureau of Energy Efficiency (BEE), Ministry of Power, Govt. of India",EV_PCS_Data_29277.pdf (Page 697),Operational (Verified Registry),October 2025
PUN-EV-110,Kazam Charging Hub - Bharat AC-001 3.3 3.3 1 KAZAM Priva,Kazam,Kazam,Private,Maharashtra,Pune,"Bharat AC-001 3.3 3.3 1 KAZAM Private Maharashtra Pune Pune Mundhwa - Kharadi Road,Kharadi,Pune,Maharashtra,411014",18.540239,73.935198,Bharat AC-001,Bharat AC-001,1.0,1,"Bureau of Energy Efficiency (BEE), Ministry of Power, Govt. of India",EV_PCS_Data_29277.pdf (Page 697),Operational (Verified Registry),October 2025
PUN-EV-111,Kazam Charging Hub - Bharat AC-001 3.3 3.3 1 KAZAM Priva,Kazam,Kazam,Private,Maharashtra,Pune,"Bharat AC-001 3.3 3.3 1 KAZAM Private Maharashtra Pune Pune Mundhwa,Pune,Maharashtra,411036",18.537467,73.949587,Bharat AC-001,Bharat AC-001,1.0,1,"Bureau of Energy Efficiency (BEE), Ministry of Power, Govt. of India",EV_PCS_Data_29277.pdf (Page 697),Operational (Verified Registry),October 2025
PUN-EV-112,Kazam Charging Hub - Bharat AC-001 3.3 3.3 1 KAZAM Priva,Kazam,Kazam,Private,Maharashtra,Pune,"Bharat AC-001 3.3 3.3 1 KAZAM Private Maharashtra Pune Pune Near,Baner Road,Baner,Pune,Maharashtra,411045",18.556781,73.797309,Bharat AC-001,Bharat AC-001,1.0,1,"Bureau of Energy Efficiency (BEE), Ministry of Power, Govt. of India",EV_PCS_Data_29277.pdf (Page 697),Operational (Verified Registry),October 2025
PUN-EV-113,Kazam Charging Hub - Bharat AC-001 3.3 3.3 1 KAZAM Priva,Kazam,Kazam,Private,Maharashtra,Pune,"Bharat AC-001 3.3 3.3 1 KAZAM Private Maharashtra Pune Pune Old Mumbai - Pune Highway,Dehu Road,Maharashtra,412101",18.679064,73.732934,Bharat AC-001,Bharat AC-001,1.0,1,"Bureau of Energy Efficiency (BEE), Ministry of Power, Govt. of India",EV_PCS_Data_29277.pdf (Page 697),Operational (Verified Registry),October 2025
PUN-EV-114,Kazam Charging Hub - Bharat AC-001 3.3 3.3 1 KAZAM Priva,Kazam,Kazam,Private,Maharashtra,Pune,"Bharat AC-001 3.3 3.3 1 KAZAM Private Maharashtra Pune Pune Old Mundhwa Road,Wadgaon Sheri,Pune,Maharashtra,411014",18.548143,73.930151,Bharat AC-001,Bharat AC-001,1.0,1,"Bureau of Energy Efficiency (BEE), Ministry of Power, Govt. of India",EV_PCS_Data_29277.pdf (Page 697),Operational (Verified Registry),October 2025
PUN-EV-115,"Kazam Charging Hub - Parvati Paytha,Pune,Maharashtra,411",Kazam,Kazam,Private,Maharashtra,Pune,"Parvati Paytha,Pune,Maharashtra,411009",18.485558,73.855922,Bharat AC-001,Bharat AC-001,1.0,1,"Bureau of Energy Efficiency (BEE), Ministry of Power, Govt. of India",EV_PCS_Data_29277.pdf (Page 698),Operational (Verified Registry),October 2025
PUN-EV-116,Kazam Charging Hub - Bharat AC-001 3.3 3.3 1 KAZAM Priva,Kazam,Kazam,Private,Maharashtra,Pune,"Bharat AC-001 3.3 3.3 1 KAZAM Private Maharashtra Pune Pune Pawar Wasti Road,Pune,Maharashtra,411047",18.595011,73.948817,Bharat AC-001,Bharat AC-001,1.0,1,"Bureau of Energy Efficiency (BEE), Ministry of Power, Govt. of India",EV_PCS_Data_29277.pdf (Page 698),Operational (Verified Registry),October 2025
PUN-EV-117,Kazam Charging Hub - Bharat AC-001 3.3 3.3 1 KAZAM Priva,Kazam,Kazam,Private,Maharashtra,Pune,"Bharat AC-001 3.3 3.3 1 KAZAM Private Maharashtra Pune Perne Perne,Maharashtra,412216",18.62597,74.064151,Bharat AC-001,Bharat AC-001,1.0,1,"Bureau of Energy Efficiency (BEE), Ministry of Power, Govt. of India",EV_PCS_Data_29277.pdf (Page 698),Operational (Verified Registry),October 2025
PUN-EV-118,Kazam Charging Hub - Bharat AC-001 3.3 3.3 1 KAZAM Priva,Kazam,Kazam,Private,Maharashtra,Pune,"Bharat AC-001 3.3 3.3 1 KAZAM Private Maharashtra Pune Pimpri-Chinchwad Pimpri-Chinchwad,Maharashtra,",18.660941,73.834371,Bharat AC-001,Bharat AC-001,1.0,1,"Bureau of Energy Efficiency (BEE), Ministry of Power, Govt. of India",EV_PCS_Data_29277.pdf (Page 698),Operational (Verified Registry),October 2025
PUN-EV-119,Kazam Charging Hub - Bharat AC-001 3.3 3.3 1 KAZAM Priva,Kazam,Kazam,Private,Maharashtra,Pune,"Bharat AC-001 3.3 3.3 1 KAZAM Private Maharashtra Pune Pimpri-Chinchwad Pune - Alandi Rd, Samarth Nagar, Dighi, Pimpri-Chinchwad, Maharashtra 411015",18.618428,73.874208,Bharat AC-001,Bharat AC-001,1.0,1,"Bureau of Energy Efficiency (BEE), Ministry of Power, Govt. of India",EV_PCS_Data_29277.pdf (Page 698),Operational (Verified Registry),October 2025
PUN-EV-120,Kazam Charging Hub - Bharat AC-001 3.3 3.3 1 KAZAM Priva,Kazam,Kazam,Private,Maharashtra,Pune,"Bharat AC-001 3.3 3.3 1 KAZAM Private Maharashtra Pune Pune Pune,Ganesh Peth,Maharashtra,411002",18.516958,73.86874,Bharat AC-001,Bharat AC-001,1.0,1,"Bureau of Energy Efficiency (BEE), Ministry of Power, Govt. of India",EV_PCS_Data_29277.pdf (Page 698),Operational (Verified Registry),October 2025
PUN-EV-121,Kazam Charging Hub - Bharat AC-001 3.3 3.3 1 KAZAM Priva,Kazam,Kazam,Private,Maharashtra,Pune,"Bharat AC-001 3.3 3.3 1 KAZAM Private Maharashtra Pune Pune Pune,Gokhalenagar,Maharashtra,411016",18.530781,73.828689,Bharat AC-001,Bharat AC-001,1.0,1,"Bureau of Energy Efficiency (BEE), Ministry of Power, Govt. of India",EV_PCS_Data_29277.pdf (Page 698),Operational (Verified Registry),October 2025
PUN-EV-122,Kazam Charging Hub - Bharat AC-001 3.3 3.3 1 KAZAM Priva,Kazam,Kazam,Private,Maharashtra,Pune,"Bharat AC-001 3.3 3.3 1 KAZAM Private Maharashtra Pune Pune Pune,Shivajinagar,Maharashtra,411005",18.525811,73.856126,Bharat AC-001,Bharat AC-001,1.0,1,"Bureau of Energy Efficiency (BEE), Ministry of Power, Govt. of India",EV_PCS_Data_29277.pdf (Page 698),Operational (Verified Registry),October 2025
PUN-EV-123,Kazam Charging Hub - Bharat AC-001 3.3 3.3 1 KAZAM Priva,Kazam,Kazam,Private,Maharashtra,Pune,"Bharat AC-001 3.3 3.3 1 KAZAM Private Maharashtra Pune Pimpri-Chinchwad Rahatani,Pimpri-Chinchwad,Maharashtra,411017",18.607329,73.787405,Bharat AC-001,Bharat AC-001,1.0,1,"Bureau of Energy Efficiency (BEE), Ministry of Power, Govt. of India",EV_PCS_Data_29277.pdf (Page 698),Operational (Verified Registry),October 2025
PUN-EV-124,Kazam Charging Hub - Bharat AC-001 3.3 3.3 1 KAZAM Priva,Kazam,Kazam,Private,Maharashtra,Pune,"Bharat AC-001 3.3 3.3 1 KAZAM Private Maharashtra Pune Pune Sarjaa Road,Aundh,Pune,Maharashtra,411007",18.553561,73.806732,Bharat AC-001,Bharat AC-001,1.0,1,"Bureau of Energy Efficiency (BEE), Ministry of Power, Govt. of India",EV_PCS_Data_29277.pdf (Page 698),Operational (Verified Registry),October 2025
PUN-EV-125,Kazam Charging Hub - Bharat AC-001 3.3 3.3 1 KAZAM Priva,Kazam,Kazam,Private,Maharashtra,Pune,"Bharat AC-001 3.3 3.3 1 KAZAM Private Maharashtra Pune Pune Solapur - Pune Highway,Wanowrie,Pune,Maharashtra,411013",18.506472,73.909995,Bharat AC-001,Bharat AC-001,1.0,1,"Bureau of Energy Efficiency (BEE), Ministry of Power, Govt. of India",EV_PCS_Data_29277.pdf (Page 698),Operational (Verified Registry),October 2025
PUN-EV-126,Kazam Charging Hub - Bharat AC-001 3.3 3.3 1 KAZAM Priva,Kazam,Kazam,Private,Maharashtra,Pune,"Bharat AC-001 3.3 3.3 1 KAZAM Private Maharashtra Pune Pimpri-Chinchwad Spine Road,Moshi,Pimpri-Chinchwad,Maharashtra,412105",18.665526,73.833268,Bharat AC-001,Bharat AC-001,1.0,1,"Bureau of Energy Efficiency (BEE), Ministry of Power, Govt. of India",EV_PCS_Data_29277.pdf (Page 698),Operational (Verified Registry),October 2025
PUN-EV-127,Kazam Charging Hub - Bharat AC-001 3.3 3.3 1 KAZAM Priva,Kazam,Kazam,Private,Maharashtra,Pune,"Bharat AC-001 3.3 3.3 1 KAZAM Private Maharashtra Pune Sudhavadi Sudhavadi,Maharashtra,",18.74463,73.746656,Bharat AC-001,Bharat AC-001,1.0,1,"Bureau of Energy Efficiency (BEE), Ministry of Power, Govt. of India",EV_PCS_Data_29277.pdf (Page 698),Operational (Verified Registry),October 2025
PUN-EV-128,Kazam Charging Hub - Bharat AC-001 3.3 3.3 1 KAZAM Priva,Kazam,Kazam,Private,Maharashtra,Pune,"Bharat AC-001 3.3 3.3 1 KAZAM Private Maharashtra Pune Sudhavadi Sudhavadi,Maharashtra,410506",18.738601,73.747234,Bharat AC-001,Bharat AC-001,1.0,1,"Bureau of Energy Efficiency (BEE), Ministry of Power, Govt. of India",EV_PCS_Data_29277.pdf (Page 698),Operational (Verified Registry),October 2025
PUN-EV-129,Kazam Charging Hub - Bharat AC-001 3.3 3.3 1 KAZAM Priva,Kazam,Kazam,Private,Maharashtra,Pune,"Bharat AC-001 3.3 3.3 1 KAZAM Private Maharashtra Pune Sudumbre Sudumbre - Wasuli Road,Sudumbre,Maharashtra,412109",18.755296,73.75275,Bharat AC-001,Bharat AC-001,1.0,1,"Bureau of Energy Efficiency (BEE), Ministry of Power, Govt. of India",EV_PCS_Data_29277.pdf (Page 698),Operational (Verified Registry),October 2025
PUN-EV-130,Kazam Charging Hub - Bharat AC-001 3.3 3.3 1 KAZAM Priva,Kazam,Kazam,Private,Maharashtra,Pune,"Bharat AC-001 3.3 3.3 1 KAZAM Private Maharashtra Pune Sudumbre Sudumbre, Maharashtra",18.756049,73.753118,Bharat AC-001,Bharat AC-001,1.0,1,"Bureau of Energy Efficiency (BEE), Ministry of Power, Govt. of India",EV_PCS_Data_29277.pdf (Page 698),Operational (Verified Registry),October 2025
PUN-EV-131,Kazam Charging Hub - Bharat AC-001 3.3 3.3 1 KAZAM Priva,Kazam,Kazam,Private,Maharashtra,Pune,"Bharat AC-001 3.3 3.3 1 KAZAM Private Maharashtra Pune Pune Vadgaon Budrak Road,Narhe,Pune,Maharashtra,411041",18.462009,73.815585,Bharat AC-001,Bharat AC-001,1.0,1,"Bureau of Energy Efficiency (BEE), Ministry of Power, Govt. of India",EV_PCS_Data_29277.pdf (Page 698),Operational (Verified Registry),October 2025
PUN-EV-132,Kazam Charging Hub - Bharat AC-001 3.3 3.3 1 KAZAM Priva,Kazam,Kazam,Private,Maharashtra,Pune,"Bharat AC-001 3.3 3.3 1 KAZAM Private Maharashtra Pune Pune Wanwadi,Pune,Maharashtra,411040",18.492109,73.898114,Bharat AC-001,Bharat AC-001,1.0,1,"Bureau of Energy Efficiency (BEE), Ministry of Power, Govt. of India",EV_PCS_Data_29277.pdf (Page 698),Operational (Verified Registry),October 2025
PUN-EV-133,MSEDCL Charging Hub - Bharat AC-001 3.3 3.3 1 MSEDCL Govt,MSEDCL,Msedcl,Government / PSU,Maharashtra,Pune,Bharat AC-001 3.3 3.3 1 MSEDCL Govt. Maharashtra Pune Pune 22/11 Kv Amar Paradigm S/Stn,18.566972,73.771417,Bharat DC-001,Bharat DC-001 15 15,1.0,11,"Bureau of Energy Efficiency (BEE), Ministry of Power, Govt. of India",EV_PCS_Data_29277.pdf (Page 699),Operational (Verified Registry),October 2025
PUN-EV-134,MSEDCL Charging Hub - Bharat DC-001 15 15 1 MSEDCL Govt. ,MSEDCL,Msedcl,Government / PSU,Maharashtra,Pune,Bharat DC-001 15 15 1 MSEDCL Govt. Maharashtra Pune Pune 22/11 Kv Ibp Switching S/Stn,18.595556,73.717167,Bharat DC-001,Bharat DC-001 15 15,1.0,2,"Bureau of Energy Efficiency (BEE), Ministry of Power, Govt. of India",EV_PCS_Data_29277.pdf (Page 699),Operational (Verified Registry),October 2025
PUN-EV-135,MSEDCL Charging Hub - Bharat DC-001 15 15 1 MSEDCL Govt. ,MSEDCL,Msedcl,Government / PSU,Maharashtra,Pune,Bharat DC-001 15 15 1 MSEDCL Govt. Maharashtra Pune Pune 22/11 Kv Malawadi S/Stn,18.503194,73.969694,Bharat DC-001,Bharat DC-001 15 15,1.0,11,"Bureau of Energy Efficiency (BEE), Ministry of Power, Govt. of India",EV_PCS_Data_29277.pdf (Page 699),Operational (Verified Registry),October 2025
PUN-EV-136,MSEDCL Charging Hub - Bharat DC-001 15 15 1 MSEDCL Govt. ,MSEDCL,Msedcl,Government / PSU,Maharashtra,Pune,Bharat DC-001 15 15 1 MSEDCL Govt. Maharashtra Pune Pune 22/11 Kv Tuskan Sw/Stn,18.555222,73.940917,Bharat DC-001,Bharat DC-001 15 15,1.0,11,"Bureau of Energy Efficiency (BEE), Ministry of Power, Govt. of India",EV_PCS_Data_29277.pdf (Page 699),Operational (Verified Registry),October 2025
PUN-EV-137,MSEDCL Charging Hub - CCS-II 50 25 1 MSEDCL Govt. Maharas,MSEDCL,Msedcl,Government / PSU,Maharashtra,Pune,CCS-II 50 25 1 MSEDCL Govt. Maharashtra Pune Ganeshkhind Urban Aundh,18.56087,73.81039,Bharat DC-001,Bharat DC-001 15 15,50.0,1,"Bureau of Energy Efficiency (BEE), Ministry of Power, Govt. of India",EV_PCS_Data_29277.pdf (Page 699),Operational (Verified Registry),October 2025
PUN-EV-138,MSEDCL Charging Hub - CCS-II 50 25 1 MSEDCL Govt. Maharas,MSEDCL,Msedcl,Government / PSU,Maharashtra,Pune,CCS-II 50 25 1 MSEDCL Govt. Maharashtra Pune Ganeshkhind Urban Bhosari,18.650569,73.839598,Bharat DC-001,Bharat DC-001 15 15,50.0,1,"Bureau of Energy Efficiency (BEE), Ministry of Power, Govt. of India",EV_PCS_Data_29277.pdf (Page 699),Operational (Verified Registry),October 2025
PUN-EV-139,MSEDCL Charging Hub - CCS-II 50 25 1 MSEDCL Govt. Maharas,MSEDCL,Msedcl,Government / PSU,Maharashtra,Pune,"CCS-II 50 25 1 MSEDCL Govt. Maharashtra Pune Rastapeth Urban Brahma Sun City Near Wadgaonsheri Garden, Pune",18.550275,73.917162,Bharat DC-001,Bharat DC-001 15 15,50.0,1,"Bureau of Energy Efficiency (BEE), Ministry of Power, Govt. of India",EV_PCS_Data_29277.pdf (Page 699),Operational (Verified Registry),October 2025
PUN-EV-140,MSEDCL Charging Hub - Combo (CCS-II+CHAdeMO) 50 25 2 MSED,MSEDCL,Msedcl,Government / PSU,Maharashtra,Pune,"Combo (CCS-II+CHAdeMO) 50 25 2 MSEDCL Govt. Maharashtra Pune Ganeshkhind Urban Kasarwadi, Pune-Nashik Highway",18.620839,73.82205,CCS-2 (DC Fast),CCS-II 50 25,50.0,1,"Bureau of Energy Efficiency (BEE), Ministry of Power, Govt. of India",EV_PCS_Data_29277.pdf (Page 700),Operational (Verified Registry),October 2025
PUN-EV-141,MSEDCL Charging Hub - Combo (CCS-II+CHAdeMO) 50 25 2 MSED,MSEDCL,Msedcl,Government / PSU,Maharashtra,Pune,"Combo (CCS-II+CHAdeMO) 50 25 2 MSEDCL Govt. Maharashtra Pune Rastapeth Urban Kirti Castle Switching Station Wadgaon Shinde Road, Lohagaon, Pune",18.610742,73.937139,Bharat DC-001,Bharat DC-001 15 15,50.0,1,"Bureau of Energy Efficiency (BEE), Ministry of Power, Govt. of India",EV_PCS_Data_29277.pdf (Page 700),Operational (Verified Registry),October 2025
PUN-EV-142,MSEDCL Charging Hub - Combo (CCS-II+CHAdeMO) 50 25 2 MSED,MSEDCL,Msedcl,Government / PSU,Maharashtra,Pune,Combo (CCS-II+CHAdeMO) 50 25 2 MSEDCL Govt. Maharashtra Pune Ganeshkhind Urban Nanawre Vasti,18.55195,73.76559,Bharat DC-001,Bharat DC-001 15 15,50.0,6,"Bureau of Energy Efficiency (BEE), Ministry of Power, Govt. of India",EV_PCS_Data_29277.pdf (Page 700),Operational (Verified Registry),October 2025
PUN-EV-143,MSEDCL Charging Hub - Combo (CCS-II+CHAdeMO) 50 25 2 MSED,MSEDCL,Msedcl,Government / PSU,Maharashtra,Pune,Combo (CCS-II+CHAdeMO) 50 25 2 MSEDCL Govt. Maharashtra Pune Ganeshkhind Urban Pimple Saudagar,18.595385,73.792604,Bharat DC-001,Bharat DC-001 15 15,50.0,1,"Bureau of Energy Efficiency (BEE), Ministry of Power, Govt. of India",EV_PCS_Data_29277.pdf (Page 700),Operational (Verified Registry),October 2025
PUN-EV-144,MSEDCL Charging Hub - Combo (CCS-II+CHAdeMO) 50 25 2 MSED,MSEDCL,Msedcl,Government / PSU,Maharashtra,Pune,"Combo (CCS-II+CHAdeMO) 50 25 2 MSEDCL Govt. Maharashtra Pune Ganeshkhind Urban Punawale, Mumbai-Pune Highway",18.625855,73.737919,Bharat DC-001,Bharat DC-001 15 15,50.0,1,"Bureau of Energy Efficiency (BEE), Ministry of Power, Govt. of India",EV_PCS_Data_29277.pdf (Page 700),Operational (Verified Registry),October 2025
PUN-EV-145,MSEDCL Charging Hub - CCS-II 50 25 1 MSEDCL Govt. Maharas,MSEDCL,Msedcl,Government / PSU,Maharashtra,Pune,"CCS-II 50 25 1 MSEDCL Govt. Maharashtra Pune Ganeshkhind Urban Punawale, Mumbai-Pune Highway",18.644,73.7595,Bharat DC-001,Bharat DC-001 15 15,50.0,1,"Bureau of Energy Efficiency (BEE), Ministry of Power, Govt. of India",EV_PCS_Data_29277.pdf (Page 700),Operational (Verified Registry),October 2025
PUN-EV-146,MSEDCL Charging Hub - CCS-II 50 25 1 MSEDCL Govt. Maharas,MSEDCL,Msedcl,Government / PSU,Maharashtra,Pune,"CCS-II 50 25 1 MSEDCL Govt. Maharashtra Pune Rastapeth Urban Race Course, Pune",18.507254,73.897808,Bharat DC-001,Bharat DC-001 15 15,50.0,1,"Bureau of Energy Efficiency (BEE), Ministry of Power, Govt. of India",EV_PCS_Data_29277.pdf (Page 700),Operational (Verified Registry),October 2025
PUN-EV-147,MSEDCL Charging Hub - Combo (CCS-II+CHAdeMO) 50 25 2 MSED,MSEDCL,Msedcl,Government / PSU,Maharashtra,Pune,"Combo (CCS-II+CHAdeMO) 50 25 2 MSEDCL Govt. Maharashtra Pune Ganeshkhind Urban Spine Road, Shahunagar",18.657901,73.804532,Bharat DC-001,Bharat DC-001 15 15,50.0,1,"Bureau of Energy Efficiency (BEE), Ministry of Power, Govt. of India",EV_PCS_Data_29277.pdf (Page 701),Operational (Verified Registry),October 2025
PUN-EV-148,MSEDCL Charging Hub - CCS-II 50 25 1 MSEDCL Govt. Maharas,MSEDCL,Msedcl,Government / PSU,Maharashtra,Pune,CCS-II 50 25 1 MSEDCL Govt. Maharashtra Pune Rastapeth Urban Zensar Switching Station Msedcl Kharadi Pune,18.548578,73.941677,Bharat DC-001,Bharat DC-001 15 15,50.0,11,"Bureau of Energy Efficiency (BEE), Ministry of Power, Govt. of India",EV_PCS_Data_29277.pdf (Page 701),Operational (Verified Registry),October 2025
PUN-EV-149,Unknown Charging Hub - Bharat DC-001 30 15 1 Nikol Private,Unknown,Unknown,Private,Maharashtra,Pune,"Bharat DC-001 30 15 1 Nikol Private Maharashtra Pune Khed Shivapur Maharashtra Food Mall, Khed-Shivapur Toll Plaza, Gat, Maharashtra 412205",18.3354,73.8497,CCS-2 (DC Fast),CCS-II 60 30,60.0,1,"Bureau of Energy Efficiency (BEE), Ministry of Power, Govt. of India",EV_PCS_Data_29277.pdf (Page 702),Operational (Verified Registry),October 2025
PUN-EV-150,Unknown Charging Hub - CCS-II 60 30 1 Nikol Private Mahara,Unknown,Unknown,Private,Maharashtra,Pune,"CCS-II 60 30 1 Nikol Private Maharashtra Pune Pune N Main Rd, Vaswani Nagar, Ragvilas Society, Koregaon Park, Pune, Maharashtra 411001",18.54,73.8878,CCS-2 (DC Fast),CCS-II 30 30,30.0,1,"Bureau of Energy Efficiency (BEE), Ministry of Power, Govt. of India",EV_PCS_Data_29277.pdf (Page 702),Operational (Verified Registry),October 2025
PUN-EV-151,Unknown Charging Hub - CCS-II 50 25 1 Nikol Private Mahara,Unknown,Unknown,Private,Maharashtra,Pune,"CCS-II 50 25 1 Nikol Private Maharashtra Pune Pune Sinhgad Road, Pandurang Industrial Area, Nanded, Pune, Maharashtra, 411041",18.4581,73.8082,CCS-2 (DC Fast),CCS-II 25 25,25.0,1,"Bureau of Energy Efficiency (BEE), Ministry of Power, Govt. of India",EV_PCS_Data_29277.pdf (Page 702),Operational (Verified Registry),October 2025
PUN-EV-152,Unknown Charging Hub - LEV DC Charge Point (IS-17017-2-6) ,Unknown,Unknown,Private,Maharashtra,Pune,"LEV DC Charge Point (IS-17017-2-6) 7 7 1 OLA Private Maharashtra Pune Pune S.No. 218/A,Mumbai Pune Road,Pune",18.63871,73.79585,LEV DC (Light EV Fast),LEV DC Charge Point (IS-17017-2-6),3.3,6,"Bureau of Energy Efficiency (BEE), Ministry of Power, Govt. of India",EV_PCS_Data_29277.pdf (Page 703),Operational (Verified Registry),October 2025
PUN-EV-153,Unknown Charging Hub - LEV DC Charge Point (IS-17017-2-6) ,Unknown,Unknown,Private,Maharashtra,Pune,"LEV DC Charge Point (IS-17017-2-6) 7 7 1 OLA Private Maharashtra Pune Pune Shankarseth Road,Shankarseth Road,Pune",18.49997,73.86603,LEV DC (Light EV Fast),LEV DC Charge Point (IS-17017-2-6),3.3,1,"Bureau of Energy Efficiency (BEE), Ministry of Power, Govt. of India",EV_PCS_Data_29277.pdf (Page 703),Operational (Verified Registry),October 2025
PUN-EV-154,Jio-bp Charging Hub - CCS-II 60 60 1 Reliance BP Private ,Jio-bp,Reliance,Private,Maharashtra,Pune,"CCS-II 60 60 1 Reliance BP Private Maharashtra Pune Yerawada Building 7, Commerzone It Park, Survet No. 144 & 145, And C.T.S No 2648 And 2649 Samrat Ashoka Path, Off-Airport Road , Yerwada",18.562026,73.884388,CCS-2 (DC Fast),CCS-II 60 60,60.0,4,"Bureau of Energy Efficiency (BEE), Ministry of Power, Govt. of India",EV_PCS_Data_29277.pdf (Page 705),Operational (Verified Registry),October 2025
PUN-EV-155,Jio-bp Charging Hub - CCS-II 60 60 1 Reliance BP Private ,Jio-bp,Reliance,Private,Maharashtra,Pune,"CCS-II 60 60 1 Reliance BP Private Maharashtra Pune Kharadi Building R4, Krc Infrastructure & Projects Pvt Ltd, Sez, Vithal Nagar, Kharadi",18.554779,73.957243,CCS-2 (DC Fast),CCS-II 60 60,60.0,1,"Bureau of Energy Efficiency (BEE), Ministry of Power, Govt. of India",EV_PCS_Data_29277.pdf (Page 705),Operational (Verified Registry),October 2025
PUN-EV-156,Jio-bp Charging Hub - Type-II AC 22 22 1 Reliance BP Priv,Jio-bp,Reliance,Private,Maharashtra,Pune,"Type-II AC 22 22 1 Reliance BP Private Maharashtra Pune Pune >ΖƚĞůŝĞƌŝƚƌŽĆͨEWƵŶĞ͕,ŝŶũĞǁĂĚŝͲ^ĞƌǀŝĐĞĞŶƚƌĞ͕,ŝŶũĂǁĂĚŝ͕WƵŶĞ͕ DĂŚĂƌĂƐŚƚƌĂϰϭϭϬϯϯ",18.597822,73.725535,CCS-2 (DC Fast),CCS-II 60 60,60.0,2,"Bureau of Energy Efficiency (BEE), Ministry of Power, Govt. of India",EV_PCS_Data_29277.pdf (Page 709),Operational (Verified Registry),October 2025
PUN-EV-157,Jio-bp Charging Hub - Type-II AC 22 22 1 Reliance BP Priv,Jio-bp,Reliance,Private,Maharashtra,Pune,"Type-II AC 22 22 1 Reliance BP Private Maharashtra Pune Pune Mg Rd, Chinchwad Gaon, Chinchwad,Pimpri-Chinchwad,",18.628871,73.784165,CCS-2 (DC Fast),CCS-II 60 60,60.0,4,"Bureau of Energy Efficiency (BEE), Ministry of Power, Govt. of India",EV_PCS_Data_29277.pdf (Page 710),Operational (Verified Registry),October 2025
PUN-EV-158,Jio-bp Charging Hub - CCS-II 60 60 1 Reliance BP Private ,Jio-bp,Reliance,Private,Maharashtra,Pune,"CCS-II 60 60 1 Reliance BP Private Maharashtra Pune Pune Platinum Towers, Tukaram Nagar, Kharadi,",18.5481,73.929917,CCS-2 (DC Fast),CCS-II 60 60,60.0,1,"Bureau of Energy Efficiency (BEE), Ministry of Power, Govt. of India",EV_PCS_Data_29277.pdf (Page 711),Operational (Verified Registry),October 2025
PUN-EV-159,Jio-bp Charging Hub - CCS-II 60 60 1 Reliance BP Private ,Jio-bp,Reliance,Private,Maharashtra,Pune,"CCS-II 60 60 1 Reliance BP Private Maharashtra Pune Pune Pune Airport, Multi-Level Car Parking, Next To Pune Airport,",18.57799,73.90738,CCS-2 (DC Fast),CCS-II 60 60,60.0,1,"Bureau of Energy Efficiency (BEE), Ministry of Power, Govt. of India",EV_PCS_Data_29277.pdf (Page 711),Operational (Verified Registry),October 2025
PUN-EV-160,Jio-bp Charging Hub - Type-II AC 7.5 7.5 1 Reliance BP Pr,Jio-bp,Reliance,Private,Maharashtra,Pune,"Type-II AC 7.5 7.5 1 Reliance BP Private Maharashtra Pune Pune Reliance Almonte Mall, Near Rakshaknagar, Kharadi",18.55104,73.93783,Bharat DC-001,Bharat DC-001 30 15,7.5,1,"Bureau of Energy Efficiency (BEE), Ministry of Power, Govt. of India",EV_PCS_Data_29277.pdf (Page 712),Operational (Verified Registry),October 2025
PUN-EV-161,Jio-bp Charging Hub - Type-II AC 7.5 7.5 1 Reliance BP Pr,Jio-bp,Reliance,Private,Maharashtra,Pune,"Type-II AC 7.5 7.5 1 Reliance BP Private Maharashtra Pune Pune Reliance Mall, Erandwane",18.504839,73.833866,CCS-2 (DC Fast),CCS-II 60 60,60.0,8,"Bureau of Energy Efficiency (BEE), Ministry of Power, Govt. of India",EV_PCS_Data_29277.pdf (Page 712),Operational (Verified Registry),October 2025
PUN-EV-162,Jio-bp Charging Hub - Type-II AC 7.5 7.5 1 Reliance BP Pr,Jio-bp,Reliance,Private,Maharashtra,Pune,"Type-II AC 7.5 7.5 1 Reliance BP Private Maharashtra Pune Pune Reliance Mall, Mahadji Shhinde Rd, Next To Westend Mall, Harmony Society, Ward No. 8, Wireless Colony, Aundh",18.563479,73.807177,CCS-2 (DC Fast),CCS-II 60 60,60.0,8,"Bureau of Energy Efficiency (BEE), Ministry of Power, Govt. of India",EV_PCS_Data_29277.pdf (Page 712),Operational (Verified Registry),October 2025
PUN-EV-163,Jio-bp Charging Hub - Type-II AC 22 22 1 Reliance BP Priv,Jio-bp,Reliance,Private,Maharashtra,Pune,"Type-II AC 22 22 1 Reliance BP Private Maharashtra Pune Kondhwa Shop No 3 Manish Park Nibm., Kondhwa, Pune, Maharashtra 411048, Pune, Maharashtra",18.467918,73.891218,CCS-2 (DC Fast),CCS-II 60 60,60.0,1,"Bureau of Energy Efficiency (BEE), Ministry of Power, Govt. of India",EV_PCS_Data_29277.pdf (Page 713),Operational (Verified Registry),October 2025
PUN-EV-164,Jio-bp Charging Hub - CCS-II 60 60 1 Reliance BP Private ,Jio-bp,Reliance,Private,Maharashtra,Pune,"CCS-II 60 60 1 Reliance BP Private Maharashtra Pune Pune The Pavillion Mall, Senapati Bapat Road, Next To Jw Marrriott Hotel, Shivaji Nagar,",18.534436,73.827529,CCS-2 (DC Fast),CCS-II 60 60,60.0,1,"Bureau of Energy Efficiency (BEE), Ministry of Power, Govt. of India",EV_PCS_Data_29277.pdf (Page 713),Operational (Verified Registry),October 2025
PUN-EV-165,Jio-bp Charging Hub - Type-II AC 22 22 1 Reliance BP Priv,Jio-bp,Reliance,Private,Maharashtra,Pune,"Type-II AC 22 22 1 Reliance BP Private Maharashtra Pune Pune Westend Mall, Mahadji Shhinde Rd, Near Parihar Chowk, Harmony Society, Ward No. 8, Wireless Colony, Aundh,",18.561618,73.806918,CCS-2 (DC Fast),CCS-II 60 60,60.0,8,"Bureau of Energy Efficiency (BEE), Ministry of Power, Govt. of India",EV_PCS_Data_29277.pdf (Page 714),Operational (Verified Registry),October 2025
PUN-EV-166,Unknown Charging Hub - Type-II AC 22 22 1 Sharify Private ,Unknown,Unknown,Private,Maharashtra,Pune,"Type-II AC 22 22 1 Sharify Private Maharashtra Pune Pune 37 & 37, Cts No, 1, City Centre, Pune Pune Maharashtra 411001",18.5315,73.876801,Type-2 AC,Type-II AC,7.4,1,"Bureau of Energy Efficiency (BEE), Ministry of Power, Govt. of India",EV_PCS_Data_29277.pdf (Page 714),Operational (Verified Registry),October 2025
PUN-EV-167,Unknown Charging Hub - LEV AC Charge point 3.3 3.3 1 Shari,Unknown,Unknown,Private,Maharashtra,Pune,LEV AC Charge point 3.3 3.3 1 Sharify Private Maharashtra Pune Pune Nagar Bypass Road Kharadi Pune Maharashtra 411014,18.5534,73.937897,Type-2 AC,Type-II AC 22 22,22.0,1,"Bureau of Energy Efficiency (BEE), Ministry of Power, Govt. of India",EV_PCS_Data_29277.pdf (Page 715),Operational (Verified Registry),October 2025
PUN-EV-168,Unknown Charging Hub - Type-II AC 7.4 7.4 1 Sharify Privat,Unknown,Unknown,Private,Maharashtra,Pune,"Type-II AC 7.4 7.4 1 Sharify Private Maharashtra Pune Pune Office 9. Modak Prasad ,Oppo Rastrabhasha Bhavan Narayan Peth Pune Maharashtra 411030",18.5145,73.8489,LEV AC,LEV AC Charge point,7.4,1,"Bureau of Energy Efficiency (BEE), Ministry of Power, Govt. of India",EV_PCS_Data_29277.pdf (Page 715),Operational (Verified Registry),October 2025
PUN-EV-169,Unknown Charging Hub - CCS-II 30 30 1 Sharify Private Maha,Unknown,Unknown,Private,Maharashtra,Pune,"CCS-II 30 30 1 Sharify Private Maharashtra Pune Pune Phase 1, Hinjewadi Rajiv Gandhi Infotech Park Hinjewadi Pune Maharashtra 411057",18.580799,73.739899,LEV AC,LEV AC Charge point,3.3,1,"Bureau of Energy Efficiency (BEE), Ministry of Power, Govt. of India",EV_PCS_Data_29277.pdf (Page 716),Operational (Verified Registry),October 2025
PUN-EV-170,Unknown Charging Hub - Type-II AC 22 22 1 Sharify Private ,Unknown,Unknown,Private,Maharashtra,Pune,"Type-II AC 22 22 1 Sharify Private Maharashtra Pune Pune Plot No. 147, Prathamesh House, Opp. Indrayani Co-Op Bank Shastri Nagar, Pimpri-Chinchwad Pune Maharashtra 411017",18.6134,73.801399,Type-2 AC,Type-II AC,7.4,1,"Bureau of Energy Efficiency (BEE), Ministry of Power, Govt. of India",EV_PCS_Data_29277.pdf (Page 716),Operational (Verified Registry),October 2025
PUN-EV-171,Unknown Charging Hub - LEV AC Charge point 3.3 3.3 1 Shari,Unknown,Unknown,Private,Maharashtra,Pune,LEV AC Charge point 3.3 3.3 1 Sharify Private Maharashtra Pune Pune Shop No 107 Dehugaon Parandwal Chowk Pune Maharashtra 412109,18.7139,73.763199,LEV AC,LEV AC Charge point,3.3,1,"Bureau of Energy Efficiency (BEE), Ministry of Power, Govt. of India",EV_PCS_Data_29277.pdf (Page 716),Operational (Verified Registry),October 2025
PUN-EV-172,Unknown Charging Hub - LEV AC Charge point 3.3 3.3 1 Shari,Unknown,Unknown,Private,Maharashtra,Pune,"LEV AC Charge point 3.3 3.3 1 Sharify Private Maharashtra Pune Pune Shop No. 1, Metro-9, Opp, Park St, Kalewadi Phata, Kavde Nagar, Rahatani Pune Pune Maharashtra 411017",18.5996,73.780899,LEV AC,LEV AC Charge point,3.3,1,"Bureau of Energy Efficiency (BEE), Ministry of Power, Govt. of India",EV_PCS_Data_29277.pdf (Page 716),Operational (Verified Registry),October 2025
PUN-EV-173,Unknown Charging Hub - LEV AC Charge point 3.3 3.3 1 Shari,Unknown,Unknown,Private,Maharashtra,Pune,"LEV AC Charge point 3.3 3.3 1 Sharify Private Maharashtra Pune Pune Shreenath Society, Veerbhadra Nagar Baner Pune Maharashtra 411045",18.561899,73.771797,LEV AC,LEV AC Charge point,3.3,1,"Bureau of Energy Efficiency (BEE), Ministry of Power, Govt. of India",EV_PCS_Data_29277.pdf (Page 716),Operational (Verified Registry),October 2025
PUN-EV-174,Unknown Charging Hub - LEV AC Charge point 3.3 3.3 1 Shari,Unknown,Unknown,Private,Maharashtra,Pune,"LEV AC Charge point 3.3 3.3 1 Sharify Private Maharashtra Pune Pune Synergy Solutions, Shop No 9 , Modak Prasad, 410, Narayan Peth Pune Pune Maharashtra 411005",18.538,73.848503,LEV AC,LEV AC Charge point,3.3,1,"Bureau of Energy Efficiency (BEE), Ministry of Power, Govt. of India",EV_PCS_Data_29277.pdf (Page 716),Operational (Verified Registry),October 2025
PUN-EV-175,Unknown Charging Hub - LEV AC Charge point 3.3 3.3 1 Shari,Unknown,Unknown,Private,Maharashtra,Pune,"LEV AC Charge point 3.3 3.3 1 Sharify Private Maharashtra Pune Talegaon Dabhade Toll Plaza, Old Mumbai - Pune Hwy, Near Somatane Phata, Varsoli, Talegaon Dabhade Talegaon Dabhade Talegaon Dabhade Maharashtra 410506",18.7005,73.693298,CCS-2 (DC Fast),CCS-II 30 30,30.0,1,"Bureau of Energy Efficiency (BEE), Ministry of Power, Govt. of India",EV_PCS_Data_29277.pdf (Page 716),Operational (Verified Registry),October 2025
PUN-EV-176,Unknown Charging Hub - CCS-II 30 30 1 Sharify Private Maha,Unknown,Unknown,Private,Maharashtra,Pune,"CCS-II 30 30 1 Sharify Private Maharashtra Pune Pune Unnati Social Foundation Jarvari Society, Opposite Pk International School Pimple Saudagar Pune Maharashtra 411027",18.594801,73.797501,Type-2 AC,Type-II AC,7.4,1,"Bureau of Energy Efficiency (BEE), Ministry of Power, Govt. of India",EV_PCS_Data_29277.pdf (Page 716),Operational (Verified Registry),October 2025
PUN-EV-177,Unknown Charging Hub - CCS-II 30 30 1 Sharify Private Maha,Unknown,Unknown,Private,Maharashtra,Pune,"CCS-II 30 30 1 Sharify Private Maharashtra Pune Pune Venture It Park, Upper Parking, Macdonald Building Kothrud Depo Pune Maharashtra 411038",18.5082,73.795303,LEV AC,LEV AC Charge point,7.4,1,"Bureau of Energy Efficiency (BEE), Ministry of Power, Govt. of India",EV_PCS_Data_29277.pdf (Page 717),Operational (Verified Registry),October 2025
PUN-EV-178,Tata Power Charging Hub - CCS-II 50 50 1 Tata Power Private M,Tata Power,Tata Power,Private,Maharashtra,Pune,"CCS-II 50 50 1 Tata Power Private Maharashtra Pune Pune Ace Kudale Cycles, Manjri Bk, Manjri Bk, Pune, Maharashtra 412307",18.495772,73.978936,Type-2 AC,Type-II AC,25.0,1,"Bureau of Energy Efficiency (BEE), Ministry of Power, Govt. of India",EV_PCS_Data_29277.pdf (Page 717),Operational (Verified Registry),October 2025
PUN-EV-179,Tata Power Charging Hub - Combo (CCS-II+CHAdeMO) 25 25 2 Tata,Tata Power,Tata Power,Private,Maharashtra,Pune,"Combo (CCS-II+CHAdeMO) 25 25 2 Tata Power Private Maharashtra Pune Pune Ah Group, Hinjewadi Phase I, Aditya Infotech Park ,Sbi Bank ,Phase I , Hinjewadi Pune 411057",18.589877,73.738366,Bharat DC-001,Bharat DC-001 15 15,25.0,1,"Bureau of Energy Efficiency (BEE), Ministry of Power, Govt. of India",EV_PCS_Data_29277.pdf (Page 717),Operational (Verified Registry),October 2025
PUN-EV-180,Tata Power Charging Hub - Type-II AC 7.4 7.4 1 Tata Power Pri,Tata Power,Tata Power,Private,Maharashtra,Pune,"Type-II AC 7.4 7.4 1 Tata Power Private Maharashtra Pune Pune Amanora Mall Big Bazar Parking, Hadapsar, Crescent Rd, Amanora Park Town, Hadapsar, Pune, Maharashtra 411028",18.51874,73.936184,CCS-2 (DC Fast),CCS-II 30 30,30.0,1,"Bureau of Energy Efficiency (BEE), Ministry of Power, Govt. of India",EV_PCS_Data_29277.pdf (Page 718),Operational (Verified Registry),October 2025
PUN-EV-181,Tata Power Charging Hub - Type-II AC 7.4 7.4 1 Tata Power Pri,Tata Power,Tata Power,Private,Maharashtra,Pune,"Type-II AC 7.4 7.4 1 Tata Power Private Maharashtra Pune Pune Amnora Sport Arena, Hadapsar, Amanora Township , Hadpasar , Pune 411028",18.515666,73.946072,CCS-2 (DC Fast),CCS-II 30 30,30.0,1,"Bureau of Energy Efficiency (BEE), Ministry of Power, Govt. of India",EV_PCS_Data_29277.pdf (Page 718),Operational (Verified Registry),October 2025
PUN-EV-182,Tata Power Charging Hub - CCS-II 30 30 1 Tata Power Private M,Tata Power,Tata Power,Private,Maharashtra,Pune,"CCS-II 30 30 1 Tata Power Private Maharashtra Pune Pune Amnora Urban Plaza Parking, Hadapsar, Amanora Township , Hadpasar , Pune 411028",18.518115,73.946535,Bharat DC-001,Bharat DC-001 15 15,7.4,1,"Bureau of Energy Efficiency (BEE), Ministry of Power, Govt. of India",EV_PCS_Data_29277.pdf (Page 718),Operational (Verified Registry),October 2025
PUN-EV-183,Tata Power Charging Hub - Type-II AC 7.4 7.4 1 Tata Power Pri,Tata Power,Tata Power,Private,Maharashtra,Pune,"Type-II AC 7.4 7.4 1 Tata Power Private Maharashtra Pune Pune Bafna, Baner, Survey No 104/3,Mumbai Bangalore Highway,Baner,Pune-411045",18.55273,73.7713,Bharat DC-001,Bharat DC-001 15 15,1.0,1,"Bureau of Energy Efficiency (BEE), Ministry of Power, Govt. of India",EV_PCS_Data_29277.pdf (Page 719),Operational (Verified Registry),October 2025
PUN-EV-184,Tata Power Charging Hub - Bharat DC-001 15 15 1 Tata Power Pr,Tata Power,Tata Power,Private,Maharashtra,Pune,"Bharat DC-001 15 15 1 Tata Power Private Maharashtra Pune Pune Bafna, Tathawade, Gate No. 129/2B/1, Mumbai Bangalore Express Highway,Ashok Nagar, Tathawade, Pune-411033",18.62343,73.74568,Bharat DC-001,Bharat DC-001 15 15,25.0,2,"Bureau of Energy Efficiency (BEE), Ministry of Power, Govt. of India",EV_PCS_Data_29277.pdf (Page 719),Operational (Verified Registry),October 2025
PUN-EV-185,Tata Power Charging Hub - Type-II AC 7.4 7.4 1 Tata Power Pri,Tata Power,Tata Power,Private,Maharashtra,Pune,"Type-II AC 7.4 7.4 1 Tata Power Private Maharashtra Pune Pune Blue Diamond, Koregaon Park, 11, Koregaon Park Rd, Vasani Nagar, Koregaon Park, Pune, Maharashtra 411001",18.538349,73.885628,Type-2 AC,Type-II AC,7.4,1,"Bureau of Energy Efficiency (BEE), Ministry of Power, Govt. of India",EV_PCS_Data_29277.pdf (Page 721),Operational (Verified Registry),October 2025
PUN-EV-186,Tata Power Charging Hub - CCS-II 25 25 1 Tata Power Private M,Tata Power,Tata Power,Private,Maharashtra,Pune,"CCS-II 25 25 1 Tata Power Private Maharashtra Pune Pune Bramha Sky City, Dhanori, Sr.No.25/25A, Bramha Sky City, Dhanori, Pune, Pune, Maharashtra, 411015",18.591392,73.902508,Type-2 AC,Type-II AC,7.4,1,"Bureau of Energy Efficiency (BEE), Ministry of Power, Govt. of India",EV_PCS_Data_29277.pdf (Page 721),Operational (Verified Registry),October 2025
PUN-EV-187,Tata Power Charging Hub - Combo (CCS-II+CHAdeMO) 25 25 2 Tata,Tata Power,Tata Power,Private,Maharashtra,Pune,"Combo (CCS-II+CHAdeMO) 25 25 2 Tata Power Private Maharashtra Pune Pune Burger King, Tathawade, Unit No 1, Survey No 81/7, 81/8, Tathawade Rd, Maharashtra 411033",18.616722,73.747513,CCS-2 (DC Fast),CCS-II 50 50,50.0,1,"Bureau of Energy Efficiency (BEE), Ministry of Power, Govt. of India",EV_PCS_Data_29277.pdf (Page 721),Operational (Verified Registry),October 2025
PUN-EV-188,Tata Power Charging Hub - Type-II AC 7.4 7.4 1 Tata Power Pri,Tata Power,Tata Power,Private,Maharashtra,Pune,"Type-II AC 7.4 7.4 1 Tata Power Private Maharashtra Pune Pune Croma Pune, Aundh, Survey No.127/2B/1A Nanasaheb Gaikwad Information Technology Park Iti Road, Near, Sarjaa Rd, Aundh, Pune,411007",18.55368,73.80696,CHAdeMO,CHAdeMO) 25 25,25.0,1,"Bureau of Energy Efficiency (BEE), Ministry of Power, Govt. of India",EV_PCS_Data_29277.pdf (Page 723),Operational (Verified Registry),October 2025
PUN-EV-189,Tata Power Charging Hub - Bharat AC-001 10 3.3 1 Tata Power P,Tata Power,Tata Power,Private,Maharashtra,Pune,"Bharat AC-001 10 3.3 1 Tata Power Private Maharashtra Pune Pune Datson Electronics, Gorhe, M/S. Datson Electronics Pvt Ltd Gat.No.30. Sinhagad Road , Gorhe Budruk .Tal- Haveli Next To Savali Resort , Off Sinhagad Road . Village Gorhe . Pune - 411025",18.423343,73.754875,Type-2 AC,Type-II AC,30.0,1,"Bureau of Energy Efficiency (BEE), Ministry of Power, Govt. of India",EV_PCS_Data_29277.pdf (Page 724),Operational (Verified Registry),October 2025
PUN-EV-190,Tata Power Charging Hub - CCS-II 60 60 1 Tata Power Private M,Tata Power,Tata Power,Private,Maharashtra,Pune,"CCS-II 60 60 1 Tata Power Private Maharashtra Pune Pune Four Points By Sheraton Hotel, Nagar Road, 5Th Milestone, Nagar Road, Pune - 411014",18.562826,73.922392,Type-2 AC,Type-II AC,25.0,1,"Bureau of Energy Efficiency (BEE), Ministry of Power, Govt. of India",EV_PCS_Data_29277.pdf (Page 726),Operational (Verified Registry),October 2025
PUN-EV-191,Tata Power Charging Hub - Type-II AC 7.4 7.4 1 Tata Power Pri,Tata Power,Tata Power,Private,Maharashtra,Pune,"Type-II AC 7.4 7.4 1 Tata Power Private Maharashtra Pune Pune Ginger Hotel, Wakad, Kala Khadak, Near Indira College, Wakad Naka, Pune - 411057",18.60671,73.75247,Bharat DC-001,Bharat DC-001 15 15,1.0,1,"Bureau of Energy Efficiency (BEE), Ministry of Power, Govt. of India",EV_PCS_Data_29277.pdf (Page 727),Operational (Verified Registry),October 2025
PUN-EV-192,Tata Power Charging Hub - Combo (CCS-II+CHAdeMO) 25 25 2 Tata,Tata Power,Tata Power,Private,Maharashtra,Pune,"Combo (CCS-II+CHAdeMO) 25 25 2 Tata Power Private Maharashtra Pune Pune Ginger Pune, Pimpri, Pimpri Chowk, Opp. Pcmc, Midc, Pimpri Colony, Pune, Maharashtra 411017",18.627161,73.80423,CCS-2 (DC Fast),CCS-II 30 30,30.0,1,"Bureau of Energy Efficiency (BEE), Ministry of Power, Govt. of India",EV_PCS_Data_29277.pdf (Page 727),Operational (Verified Registry),October 2025
PUN-EV-193,Tata Power Charging Hub - Type-II AC 7.4 7.4 1 Tata Power Pri,Tata Power,Tata Power,Private,Maharashtra,Pune,"Type-II AC 7.4 7.4 1 Tata Power Private Maharashtra Pune Pune Iocl - Coco Wrd, Agarkar Nagar, Agarkar Nagar, Pune, Maharashtra 411001",18.526968,73.865512,CCS-2 (DC Fast),CCS-II 30 30,30.0,1,"Bureau of Energy Efficiency (BEE), Ministry of Power, Govt. of India",EV_PCS_Data_29277.pdf (Page 731),Operational (Verified Registry),October 2025
PUN-EV-194,Tata Power Charging Hub - Bharat AC-001 10 3.3 1 Tata Power P,Tata Power,Tata Power,Private,Maharashtra,Pune,"Bharat AC-001 10 3.3 1 Tata Power Private Maharashtra Pune Khalumbre Iocl - Jopadevi Petroleum, Talegaon-Chakan Rd, Talegaon-Chakan Rd, Khalumbre, Maharashtra 410501",18.742876,73.770292,Type-2 AC,Type-II AC,7.4,1,"Bureau of Energy Efficiency (BEE), Ministry of Power, Govt. of India",EV_PCS_Data_29277.pdf (Page 731),Operational (Verified Registry),October 2025
PUN-EV-195,Tata Power Charging Hub - CCS-II 30 30 1 Tata Power Private M,Tata Power,Tata Power,Private,Maharashtra,Pune,"CCS-II 30 30 1 Tata Power Private Maharashtra Pune Pune Iocl - Trishul Service Station, Pimpri-Chinchwad, T-163, Midc Bhosari, Pune, Midc, Bhosari, Pimpri-Chinchwad, Piune-411026",18.620957,73.829984,Type-2 AC,Type-II AC,25.0,1,"Bureau of Energy Efficiency (BEE), Ministry of Power, Govt. of India",EV_PCS_Data_29277.pdf (Page 731),Operational (Verified Registry),October 2025
PUN-EV-196,Tata Power Charging Hub - Type-II AC 7.4 7.4 1 Tata Power Pri,Tata Power,Tata Power,Private,Maharashtra,Pune,"Type-II AC 7.4 7.4 1 Tata Power Private Maharashtra Pune Pune Kapil Malhar Ih Chs, Baner, Kapil Malhar Intelligent Homes Chs Ltd, Baner Road, Baner Pune 411015",18.560647,73.791497,Type-2 AC,Type-II AC,7.4,1,"Bureau of Energy Efficiency (BEE), Ministry of Power, Govt. of India",EV_PCS_Data_29277.pdf (Page 734),Operational (Verified Registry),October 2025
PUN-EV-197,Tata Power Charging Hub - Type-II AC 7.4 7.4 1 Tata Power Pri,Tata Power,Tata Power,Private,Maharashtra,Pune,"Type-II AC 7.4 7.4 1 Tata Power Private Maharashtra Pune Pune Kumar Sienna, Magarpatta Road, Kumar Privie Sienna Survey No. 238 - 241, Sadesatra Nali, Next To Suzlon One Earth, Magarpatta Road, Hadapsar, Pune, Maharashtra - 411028",18.514856,73.933919,Type-2 AC,Type-II AC,7.4,1,"Bureau of Energy Efficiency (BEE), Ministry of Power, Govt. of India",EV_PCS_Data_29277.pdf (Page 735),Operational (Verified Registry),October 2025
PUN-EV-198,Tata Power Charging Hub - Type-II AC 7.4 7.4 1 Tata Power Pri,Tata Power,Tata Power,Private,Maharashtra,Pune,"Type-II AC 7.4 7.4 1 Tata Power Private Maharashtra Pune Pune Life Republic, Hingewadi, Life Republic, Survey No.74, Marunji Marunji-Karsarsai, Road, Hinjawadi, Mulshi, Maharashtra 411057",18.624652,73.716129,CCS-2 (DC Fast),CCS-II 60 60,60.0,1,"Bureau of Energy Efficiency (BEE), Ministry of Power, Govt. of India",EV_PCS_Data_29277.pdf (Page 736),Operational (Verified Registry),October 2025
PUN-EV-199,Tata Power Charging Hub - Type-II AC 7.4 7.4 1 Tata Power Pri,Tata Power,Tata Power,Private,Maharashtra,Pune,"Type-II AC 7.4 7.4 1 Tata Power Private Maharashtra Pune Pune Lodha Belmondo, Opp Mca Cricket Stadium, Lodha Belmondo, Mumbai - Pune Expy, Opposite Mca Cricket Stadium, Maharashtra 412101",18.662078,73.704381,Type-2 AC,Type-II AC,7.4,1,"Bureau of Energy Efficiency (BEE), Ministry of Power, Govt. of India",EV_PCS_Data_29277.pdf (Page 737),Operational (Verified Registry),October 2025
PUN-EV-200,Tata Power Charging Hub - Type-II AC 7.4 7.4 1 Tata Power Pri,Tata Power,Tata Power,Private,Maharashtra,Pune,"Type-II AC 7.4 7.4 1 Tata Power Private Maharashtra Pune Pune Lodha Belmondo,Tower 8,Opp Mca Cricket Stadium, Lodha Belmondo,Tower 8, Mumbai - Pune Expy, Opposite Mca Cricket Stadium, Maharashtra 412101",18.662921,73.709107,Type-2 AC,Type-II AC,7.4,1,"Bureau of Energy Efficiency (BEE), Ministry of Power, Govt. of India",EV_PCS_Data_29277.pdf (Page 737),Operational (Verified Registry),October 2025
PUN-EV-201,Tata Power Charging Hub - Type-II AC 7.4 7.4 1 Tata Power Pri,Tata Power,Tata Power,Private,Maharashtra,Pune,"Type-II AC 7.4 7.4 1 Tata Power Private Maharashtra Pune Pune Lorelle Society, Wakad, Lorelle Society, Shankar Kalat Nagar, Wakad, Pimpri-Chinchwad, Maharashtra 411057",18.600049,73.767042,Bharat AC-001,Bharat AC-001 10,1.0,1,"Bureau of Energy Efficiency (BEE), Ministry of Power, Govt. of India",EV_PCS_Data_29277.pdf (Page 740),Operational (Verified Registry),October 2025
PUN-EV-202,Tata Power Charging Hub - Bharat AC-001 10 3.3 1 Tata Power P,Tata Power,Tata Power,Private,Maharashtra,Pune,"Bharat AC-001 10 3.3 1 Tata Power Private Maharashtra Pune Pune Lorelle Society, Wakad, Shankar Kalat Nagar, Wakad, Pimpri-Chinchwad, Maharashtra 411057",18.600084,73.767415,Type-2 AC,Type-II AC,7.4,1,"Bureau of Energy Efficiency (BEE), Ministry of Power, Govt. of India",EV_PCS_Data_29277.pdf (Page 740),Operational (Verified Registry),October 2025
PUN-EV-203,Tata Power Charging Hub - Combo (CCS-II+CHAdeMO) 25 25 2 Tata,Tata Power,Tata Power,Private,Maharashtra,Pune,"Combo (CCS-II+CHAdeMO) 25 25 2 Tata Power Private Maharashtra Pune Pune Mahati Industries Limited, Shankar Sheth Road, 32/33, Shankar Sheth Road, B/H S T Workshop, Shankar Sheth Road, Pune, Maharashtra-411037",18.499558,73.868564,CHAdeMO,CHAdeMO) 25 25,25.0,1,"Bureau of Energy Efficiency (BEE), Ministry of Power, Govt. of India",EV_PCS_Data_29277.pdf (Page 740),Operational (Verified Registry),October 2025
PUN-EV-204,Tata Power Charging Hub - Combo (CCS-II+CHAdeMO) 25 25 2 Tata,Tata Power,Tata Power,Private,Maharashtra,Pune,"Combo (CCS-II+CHAdeMO) 25 25 2 Tata Power Private Maharashtra Pune Pune Mahati Industries, Shankar Sheth Road, 32/33, Shankar Sheth Road, B/H S T Workshop, Shankar Sheth Road, Pune, Maharashtra-411037",18.478579,73.873776,Type-2 AC,Type-II AC,7.4,1,"Bureau of Energy Efficiency (BEE), Ministry of Power, Govt. of India",EV_PCS_Data_29277.pdf (Page 740),Operational (Verified Registry),October 2025
PUN-EV-205,Tata Power Charging Hub - Type-II AC 7.4 7.4 1 Tata Power Pri,Tata Power,Tata Power,Private,Maharashtra,Pune,"Type-II AC 7.4 7.4 1 Tata Power Private Maharashtra Pune Pune Mauli Petroleum, Wagholi, Gut No 1093, Vill- Wagholi, Taluka - Haveli, Dist - Pune, Maharashtra 412207",18.578997,73.991435,CCS-2 (DC Fast),CCS-II 30 30,30.0,1,"Bureau of Energy Efficiency (BEE), Ministry of Power, Govt. of India",EV_PCS_Data_29277.pdf (Page 740),Operational (Verified Registry),October 2025
PUN-EV-206,Tata Power Charging Hub - Bharat AC-001 10 3.3 1 Tata Power P,Tata Power,Tata Power,Private,Maharashtra,Pune,"Bharat AC-001 10 3.3 1 Tata Power Private Maharashtra Pune Pune Morya Transport Terminus, Midc Bhosari, Plot No Bgp 109 Village Midc Bhosari Taluka Haveli Pune 411026",18.621396,73.838438,CCS-2 (DC Fast),CCS-II 25 25,25.0,1,"Bureau of Energy Efficiency (BEE), Ministry of Power, Govt. of India",EV_PCS_Data_29277.pdf (Page 741),Operational (Verified Registry),October 2025
PUN-EV-207,Tata Power Charging Hub - Type-II AC 7.4 7.4 1 Tata Power Pri,Tata Power,Tata Power,Private,Maharashtra,Pune,"Type-II AC 7.4 7.4 1 Tata Power Private Maharashtra Pune Pune Nyati Estate, Mohammadwadi, Nyati Estate Co-Operative Housing Society Ltd, Mohammadwadi, Pune 411060",18.466154,73.920918,Type-2 AC,Type-II AC,7.4,1,"Bureau of Energy Efficiency (BEE), Ministry of Power, Govt. of India",EV_PCS_Data_29277.pdf (Page 742),Operational (Verified Registry),October 2025
PUN-EV-208,Tata Power Charging Hub - Bharat DC-001 15 15 1 Tata Power Pr,Tata Power,Tata Power,Private,Maharashtra,Pune,"Bharat DC-001 15 15 1 Tata Power Private Maharashtra Pune Pune Panchjanya Automobile, Warje, Sr. No. 130, Audambar Building, Near Vardhaman Bpcl Petrol Pump Warje Pune 411052",18.483009,73.802748,CCS-2 (DC Fast),CCS-II 30 30,30.0,1,"Bureau of Energy Efficiency (BEE), Ministry of Power, Govt. of India",EV_PCS_Data_29277.pdf (Page 743),Operational (Verified Registry),October 2025
PUN-EV-209,"Tata Power Charging Hub - Panchjanya Motors, Chinchwad, No 49",Tata Power,Tata Power,Private,Maharashtra,Pune,"Panchjanya Motors, Chinchwad, No 49, Block D2, Midc Ador Power Station, Chinchwad, Ram Nagar, Chinchwad, Pune,Maharashtra 411039",18.648576,73.798872,CHAdeMO,CHAdeMO) 25 25,25.0,1,"Bureau of Energy Efficiency (BEE), Ministry of Power, Govt. of India",EV_PCS_Data_29277.pdf (Page 744),Operational (Verified Registry),October 2025
PUN-EV-210,Tata Power Charging Hub - Combo (CCS-II+CHAdeMO) 25 25 2 Tata,Tata Power,Tata Power,Private,Maharashtra,Pune,"Combo (CCS-II+CHAdeMO) 25 25 2 Tata Power Private Maharashtra Pune Pune Panchjanya Service Centre Automobile, Warje, Sr. No. 130, Audambar Building, Near Vardhaman Bpcl Petrol Pump Warje Pune 411052",18.481854,73.808463,Type-2 AC,Type-II AC,7.4,1,"Bureau of Energy Efficiency (BEE), Ministry of Power, Govt. of India",EV_PCS_Data_29277.pdf (Page 744),Operational (Verified Registry),October 2025
PUN-EV-211,Tata Power Charging Hub - Type-II AC 7.4 7.4 1 Tata Power Pri,Tata Power,Tata Power,Private,Maharashtra,Pune,"Type-II AC 7.4 7.4 1 Tata Power Private Maharashtra Pune Pune Park Royale Chs, Rahatani, Near Kokane Chawk, Rahatani, Pune 411017",18.59835,73.785777,Type-2 AC,Type-II AC,7.4,1,"Bureau of Energy Efficiency (BEE), Ministry of Power, Govt. of India",EV_PCS_Data_29277.pdf (Page 744),Operational (Verified Registry),October 2025
PUN-EV-212,Tata Power Charging Hub - Type-II AC 7.4 7.4 1 Tata Power Pri,Tata Power,Tata Power,Private,Maharashtra,Pune,"Type-II AC 7.4 7.4 1 Tata Power Private Maharashtra Pune Pune Rudra Motors, Viman Nagar, Sakore Nagar, Viman Nagar, Pune, Maharashtra 411014",18.556641,73.907557,CHAdeMO,CHAdeMO) 25 25,25.0,1,"Bureau of Energy Efficiency (BEE), Ministry of Power, Govt. of India",EV_PCS_Data_29277.pdf (Page 749),Operational (Verified Registry),October 2025
PUN-EV-213,Tata Power Charging Hub - Combo (CCS-II+CHAdeMO) 25 25 2 Tata,Tata Power,Tata Power,Private,Maharashtra,Pune,"Combo (CCS-II+CHAdeMO) 25 25 2 Tata Power Private Maharashtra Pune Pune Rudra Motors, Wagholi, Gat No.1343/A, Near Ubale Nagar Bus Stop, Wagholi-412207",18.57391,73.9589,CHAdeMO,CHAdeMO) 25 25,25.0,1,"Bureau of Energy Efficiency (BEE), Ministry of Power, Govt. of India",EV_PCS_Data_29277.pdf (Page 749),Operational (Verified Registry),October 2025
PUN-EV-214,Tata Power Charging Hub - Type-II AC 7.4 7.4 1 Tata Power Pri,Tata Power,Tata Power,Private,Maharashtra,Pune,"Type-II AC 7.4 7.4 1 Tata Power Private Maharashtra Pune Pune Sai Baba, Theregaon, 5/4, Nakhate Nagar,Kalewadi Main Road,Theregaon,Pune-411033",18.611143,73.783103,Bharat DC-001,Bharat DC-001 15 15,25.0,1,"Bureau of Energy Efficiency (BEE), Ministry of Power, Govt. of India",EV_PCS_Data_29277.pdf (Page 752),Operational (Verified Registry),October 2025
PUN-EV-215,Tata Power Charging Hub - Combo (CCS-II+CHAdeMO) 25 25 2 Tata,Tata Power,Tata Power,Private,Maharashtra,Pune,"Combo (CCS-II+CHAdeMO) 25 25 2 Tata Power Private Maharashtra Pune Pune Sai Bungalow, Sangrun Village, Haveli, Sai Bungalow, Gat No. 515, Jarseshwar Mahadeo Temple Road Sangrun Village, Taluka, Pune, Maharashtra 411023",18.416595,73.687039,Type-2 AC,Type-II AC,7.4,1,"Bureau of Energy Efficiency (BEE), Ministry of Power, Govt. of India",EV_PCS_Data_29277.pdf (Page 752),Operational (Verified Registry),October 2025
PUN-EV-216,Tata Power Charging Hub - Combo (CCS-II+CHAdeMO) 25 25 2 Tata,Tata Power,Tata Power,Private,Maharashtra,Pune,"Combo (CCS-II+CHAdeMO) 25 25 2 Tata Power Private Maharashtra Pune Pune Sayaji Pune, Wakad, 135/136, Mumbai-Banglore Bypass Highway, Wakad, Pune, Maharashtra 411057",18.59908,73.75516,CCS-2 (DC Fast),CCS-II 30 30,30.0,1,"Bureau of Energy Efficiency (BEE), Ministry of Power, Govt. of India",EV_PCS_Data_29277.pdf (Page 752),Operational (Verified Registry),October 2025
PUN-EV-217,Tata Power Charging Hub - Bharat AC-001 10 3.3 1 Tata Power P,Tata Power,Tata Power,Private,Maharashtra,Pune,"Bharat AC-001 10 3.3 1 Tata Power Private Maharashtra Pune Chakan Sridha Motors, Chakan, Gat No. 143/3, Pune-Nashik Highway Waki (Kh), Maharashtra 410501",18.77893,73.87099,Bharat DC-001,Bharat DC-001 15 15,25.0,1,"Bureau of Energy Efficiency (BEE), Ministry of Power, Govt. of India",EV_PCS_Data_29277.pdf (Page 756),Operational (Verified Registry),October 2025
PUN-EV-218,Tata Power Charging Hub - Type-II AC 7.4 7.4 1 Tata Power Pri,Tata Power,Tata Power,Private,Maharashtra,Pune,"Type-II AC 7.4 7.4 1 Tata Power Private Maharashtra Pune Pune Taco, Hingewadi Phase Ii, Sr. No 280 & 281, Hinjawadi Phase Ii, Hinjewadi Rajiv Gandhi Infotech Park, Hinjawadi, Pune, Maharashtra 411057",18.59174,73.70324,Bharat DC-001,Bharat DC-001 15 15,1.0,1,"Bureau of Energy Efficiency (BEE), Ministry of Power, Govt. of India",EV_PCS_Data_29277.pdf (Page 756),Operational (Verified Registry),October 2025
PUN-EV-219,Tata Power Charging Hub - Type-II AC 7.4 7.4 1 Tata Power Pri,Tata Power,Tata Power,Private,Maharashtra,Pune,"Type-II AC 7.4 7.4 1 Tata Power Private Maharashtra Pune Pune Vivanta Hinjewadi, Vivanta Hinjewadi, Xion Complex, Hinjawadi Rd, Hinjawadi, Pune, Maharashtra 411057",18.591405,73.745327,CCS-2 (DC Fast),CCS-II 30 30,30.0,1,"Bureau of Energy Efficiency (BEE), Ministry of Power, Govt. of India",EV_PCS_Data_29277.pdf (Page 761),Operational (Verified Registry),October 2025
PUN-EV-220,UJOY Charging Hub - Bharat DC-001 15 15 1 UJOY Private ,UJOY,Ujoy,Private,Maharashtra,Pune,Bharat DC-001 15 15 1 UJOY Private Maharashtra Pune Pune 461Elphinston Road Nere Guradwara,18.568615,73.844929,LEV AC,LEV AC Charge point,3.3,1,"Bureau of Energy Efficiency (BEE), Ministry of Power, Govt. of India",EV_PCS_Data_29277.pdf (Page 765),Operational (Verified Registry),October 2025
PUN-EV-221,UJOY Charging Hub - LEV AC Charge point 3.3 3.3 1 UJOY ,UJOY,Ujoy,Private,Maharashtra,Pune,LEV AC Charge point 3.3 3.3 1 UJOY Private Maharashtra Mumbai Mumbai Mumbai Katraj Dehu Road Bypass Near Lekha Farm,18.66798,73.72772,LEV AC,LEV AC Charge point,3.3,1,"Bureau of Energy Efficiency (BEE), Ministry of Power, Govt. of India",EV_PCS_Data_29277.pdf (Page 765),Operational (Verified Registry),October 2025
PUN-EV-222,UJOY Charging Hub - LEV AC Charge point 3.3 3.3 1 UJOY ,UJOY,Ujoy,Private,Maharashtra,Pune,LEV AC Charge point 3.3 3.3 1 UJOY Private Maharashtra Pune Pune Yotiba Mungal Kalewadi Kalavadi,18.619496,73.794825,LEV AC,LEV AC Charge point,3.3,1,"Bureau of Energy Efficiency (BEE), Ministry of Power, Govt. of India",EV_PCS_Data_29277.pdf (Page 765),Operational (Verified Registry),October 2025
PUN-EV-223,UJOY Charging Hub - LEV AC Charge point 3.3 3.3 1 UJOY ,UJOY,Ujoy,Private,Maharashtra,Pune,LEV AC Charge point 3.3 3.3 1 UJOY Private Maharashtra Pune Pune Akurdi Road Chikhali,18.676079,73.805257,LEV AC,LEV AC Charge point,3.3,1,"Bureau of Energy Efficiency (BEE), Ministry of Power, Govt. of India",EV_PCS_Data_29277.pdf (Page 765),Operational (Verified Registry),October 2025
PUN-EV-224,UJOY Charging Hub - LEV AC Charge point 3.3 3.3 1 UJOY ,UJOY,Ujoy,Private,Maharashtra,Pune,LEV AC Charge point 3.3 3.3 1 UJOY Private Maharashtra Pune Pune Behind Eon It Park Opposite Gera Park Kharadi Pune 411014,18.554363,73.95406,LEV AC,LEV AC Charge point,3.3,1,"Bureau of Energy Efficiency (BEE), Ministry of Power, Govt. of India",EV_PCS_Data_29277.pdf (Page 765),Operational (Verified Registry),October 2025
PUN-EV-225,UJOY Charging Hub - LEV AC Charge point 3.3 3.3 1 UJOY ,UJOY,Ujoy,Private,Maharashtra,Pune,LEV AC Charge point 3.3 3.3 1 UJOY Private Maharashtra Pune Pune Bjs Clg Javal Bragar Point Sejari Rohid,18.59034,74.00247,LEV AC,LEV AC Charge point,3.3,1,"Bureau of Energy Efficiency (BEE), Ministry of Power, Govt. of India",EV_PCS_Data_29277.pdf (Page 765),Operational (Verified Registry),October 2025
PUN-EV-226,UJOY Charging Hub - LEV AC Charge point 3.3 3.3 1 UJOY ,UJOY,Ujoy,Private,Maharashtra,Pune,LEV AC Charge point 3.3 3.3 1 UJOY Private Maharashtra Pune Pune Ganesh Auto Mobiles Near Swiss County Thergaon,18.614355,73.776526,LEV AC,LEV AC Charge point,3.3,1,"Bureau of Energy Efficiency (BEE), Ministry of Power, Govt. of India",EV_PCS_Data_29277.pdf (Page 765),Operational (Verified Registry),October 2025
PUN-EV-227,UJOY Charging Hub - LEV AC Charge point 3.3 3.3 1 UJOY ,UJOY,Ujoy,Private,Maharashtra,Pune,LEV AC Charge point 3.3 3.3 1 UJOY Private Maharashtra Pune Pune Mankar Chowk Wakad,18.589946,73.772715,LEV AC,LEV AC Charge point,3.3,1,"Bureau of Energy Efficiency (BEE), Ministry of Power, Govt. of India",EV_PCS_Data_29277.pdf (Page 765),Operational (Verified Registry),October 2025
PUN-EV-228,UJOY Charging Hub - LEV AC Charge point 3.3 3.3 1 UJOY ,UJOY,Ujoy,Private,Maharashtra,Pune,LEV AC Charge point 3.3 3.3 1 UJOY Private Maharashtra Pune Pune Market Yard Chowk Chakan,18.768128,73.865817,LEV AC,LEV AC Charge point,3.3,1,"Bureau of Energy Efficiency (BEE), Ministry of Power, Govt. of India",EV_PCS_Data_29277.pdf (Page 765),Operational (Verified Registry),October 2025
PUN-EV-229,UJOY Charging Hub - LEV AC Charge point 3.3 3.3 1 UJOY ,UJOY,Ujoy,Private,Maharashtra,Pune,LEV AC Charge point 3.3 3.3 1 UJOY Private Maharashtra Pune Pune Perne Phata Wagholi,18.641502,74.050901,LEV AC,LEV AC Charge point,3.3,1,"Bureau of Energy Efficiency (BEE), Ministry of Power, Govt. of India",EV_PCS_Data_29277.pdf (Page 765),Operational (Verified Registry),October 2025
PUN-EV-230,UJOY Charging Hub - LEV AC Charge point 3.3 3.3 1 UJOY ,UJOY,Ujoy,Private,Maharashtra,Pune,LEV AC Charge point 3.3 3.3 1 UJOY Private Maharashtra Pune Pune Pune Anandi Road,18.667684,73.889978,LEV AC,LEV AC Charge point,3.3,1,"Bureau of Energy Efficiency (BEE), Ministry of Power, Govt. of India",EV_PCS_Data_29277.pdf (Page 765),Operational (Verified Registry),October 2025
PUN-EV-231,UJOY Charging Hub - LEV AC Charge point 3.3 3.3 1 UJOY ,UJOY,Ujoy,Private,Maharashtra,Pune,"LEV AC Charge point 3.3 3.3 1 UJOY Private Maharashtra Pune Pune 05, Eastern Paradise, Behind Amruta Hotel, Baner",18.565121,73.778295,LEV AC,LEV AC Charge point,3.3,1,"Bureau of Energy Efficiency (BEE), Ministry of Power, Govt. of India",EV_PCS_Data_29277.pdf (Page 766),Operational (Verified Registry),October 2025
PUN-EV-232,UJOY Charging Hub - LEV AC Charge point 3.3 3.3 1 UJOY ,UJOY,Ujoy,Private,Maharashtra,Pune,"LEV AC Charge point 3.3 3.3 1 UJOY Private Maharashtra Pune Pune 1/3/14, Vijay Bunglow Baner Road",18.557258,73.793243,LEV AC,LEV AC Charge point,3.3,1,"Bureau of Energy Efficiency (BEE), Ministry of Power, Govt. of India",EV_PCS_Data_29277.pdf (Page 766),Operational (Verified Registry),October 2025
PUN-EV-233,UJOY Charging Hub - LEV AC Charge point 3.3 3.3 1 UJOY ,UJOY,Ujoy,Private,Maharashtra,Pune,LEV AC Charge point 3.3 3.3 1 UJOY Private Maharashtra Pune Pune 114/4Bhoomkar Wasti Marunji Road,18.604045,73.749434,LEV AC,LEV AC Charge point,3.3,1,"Bureau of Energy Efficiency (BEE), Ministry of Power, Govt. of India",EV_PCS_Data_29277.pdf (Page 766),Operational (Verified Registry),October 2025
PUN-EV-234,UJOY Charging Hub - LEV AC Charge point 3.3 3.3 1 UJOY ,UJOY,Ujoy,Private,Maharashtra,Pune,LEV AC Charge point 3.3 3.3 1 UJOY Private Maharashtra Pune Pune 119/1B Ram Mandir Road Ram Nagar Chinchwad Pune 19,18.651538,73.796445,LEV AC,LEV AC Charge point,3.3,12,"Bureau of Energy Efficiency (BEE), Ministry of Power, Govt. of India",EV_PCS_Data_29277.pdf (Page 766),Operational (Verified Registry),October 2025
PUN-EV-235,UJOY Charging Hub - LEV AC Charge point 3.3 3.3 1 UJOY ,UJOY,Ujoy,Private,Maharashtra,Pune,"LEV AC Charge point 3.3 3.3 1 UJOY Private Maharashtra Pune Pune 123/1, Santosh Nagar, Lane No 3, Katraj",18.446966,73.856319,LEV AC,LEV AC Charge point,3.3,1,"Bureau of Energy Efficiency (BEE), Ministry of Power, Govt. of India",EV_PCS_Data_29277.pdf (Page 766),Operational (Verified Registry),October 2025
PUN-EV-236,UJOY Charging Hub - LEV AC Charge point 3.3 3.3 1 UJOY ,UJOY,Ujoy,Private,Maharashtra,Pune,LEV AC Charge point 3.3 3.3 1 UJOY Private Maharashtra Pune Pune 1247 Shukrwar Peth,18.505261,73.855777,LEV AC,LEV AC Charge point,3.3,1,"Bureau of Energy Efficiency (BEE), Ministry of Power, Govt. of India",EV_PCS_Data_29277.pdf (Page 766),Operational (Verified Registry),October 2025
PUN-EV-237,UJOY Charging Hub - LEV AC Charge point 3.3 3.3 1 UJOY ,UJOY,Ujoy,Private,Maharashtra,Pune,"LEV AC Charge point 3.3 3.3 1 UJOY Private Maharashtra Pune Pune 1380, Shukrwar Peth, Badami Haud Chowk, Near Raja Dinkar Kelkar Museum",18.510906,73.85511,LEV AC,LEV AC Charge point,3.3,1,"Bureau of Energy Efficiency (BEE), Ministry of Power, Govt. of India",EV_PCS_Data_29277.pdf (Page 766),Operational (Verified Registry),October 2025
PUN-EV-238,UJOY Charging Hub - LEV AC Charge point 3.3 3.3 1 UJOY ,UJOY,Ujoy,Private,Maharashtra,Pune,"LEV AC Charge point 3.3 3.3 1 UJOY Private Maharashtra Pune Pune 141/A, Shukrawar Peth, Shinde Ali, Bhaskar Sahaniwas Society, Pune 411002 Opposite Sai Sumanam Society, Besides Mukta Agency",18.510723,73.8564,LEV AC,LEV AC Charge point,3.3,1,"Bureau of Energy Efficiency (BEE), Ministry of Power, Govt. of India",EV_PCS_Data_29277.pdf (Page 766),Operational (Verified Registry),October 2025
PUN-EV-239,UJOY Charging Hub - LEV AC Charge point 3.3 3.3 1 UJOY ,UJOY,Ujoy,Private,Maharashtra,Pune,"LEV AC Charge point 3.3 3.3 1 UJOY Private Maharashtra Pune Pune 1443 Sadashiv Peth, Nr. S. P. College, Off Tilak Road",18.50833,73.850524,LEV AC,LEV AC Charge point,3.3,6,"Bureau of Energy Efficiency (BEE), Ministry of Power, Govt. of India",EV_PCS_Data_29277.pdf (Page 766),Operational (Verified Registry),October 2025
PUN-EV-240,UJOY Charging Hub - LEV AC Charge point 3.3 3.3 1 UJOY ,UJOY,Ujoy,Private,Maharashtra,Pune,LEV AC Charge point 3.3 3.3 1 UJOY Private Maharashtra Pune Pune 151 14 6 Magarpatta Hadapsar,18.505623,73.927854,LEV AC,LEV AC Charge point,3.3,1,"Bureau of Energy Efficiency (BEE), Ministry of Power, Govt. of India",EV_PCS_Data_29277.pdf (Page 766),Operational (Verified Registry),October 2025
PUN-EV-241,UJOY Charging Hub - LEV AC Charge point 3.3 3.3 1 UJOY ,UJOY,Ujoy,Private,Maharashtra,Pune,LEV AC Charge point 3.3 3.3 1 UJOY Private Maharashtra Pune Pune 17/121 / Pan Card Road Baner,18.557833,73.77919,LEV AC,LEV AC Charge point,3.3,1,"Bureau of Energy Efficiency (BEE), Ministry of Power, Govt. of India",EV_PCS_Data_29277.pdf (Page 766),Operational (Verified Registry),October 2025
PUN-EV-242,UJOY Charging Hub - LEV AC Charge point 3.3 3.3 1 UJOY ,UJOY,Ujoy,Private,Maharashtra,Pune,LEV AC Charge point 3.3 3.3 1 UJOY Private Maharashtra Pune Pune 196 Mangalwar Peth Shramik Nagar Near Vajan Kata Pune,18.525281,73.863994,LEV AC,LEV AC Charge point,3.3,2,"Bureau of Energy Efficiency (BEE), Ministry of Power, Govt. of India",EV_PCS_Data_29277.pdf (Page 766),Operational (Verified Registry),October 2025
PUN-EV-243,UJOY Charging Hub - LEV AC Charge point 3.3 3.3 1 UJOY ,UJOY,Ujoy,Private,Maharashtra,Pune,"LEV AC Charge point 3.3 3.3 1 UJOY Private Maharashtra Pune Pune 2/2A , Shonan Soc, Senadutta Peth, Pune 30",18.505274,73.842941,LEV AC,LEV AC Charge point,3.3,1,"Bureau of Energy Efficiency (BEE), Ministry of Power, Govt. of India",EV_PCS_Data_29277.pdf (Page 766),Operational (Verified Registry),October 2025
PUN-EV-244,UJOY Charging Hub - LEV AC Charge point 3.3 3.3 1 UJOY ,UJOY,Ujoy,Private,Maharashtra,Pune,"LEV AC Charge point 3.3 3.3 1 UJOY Private Maharashtra Pune Pune 2009Yashwant ,Beside Vijay Sales ,Tilak Road Sadashivpeth",18.506734,73.851906,LEV AC,LEV AC Charge point,3.3,1,"Bureau of Energy Efficiency (BEE), Ministry of Power, Govt. of India",EV_PCS_Data_29277.pdf (Page 766),Operational (Verified Registry),October 2025
PUN-EV-245,UJOY Charging Hub - LEV AC Charge point 3.3 3.3 1 UJOY ,UJOY,Ujoy,Private,Maharashtra,Pune,"LEV AC Charge point 3.3 3.3 1 UJOY Private Maharashtra Pune Pune 21/6, Lane No. 2, Sundar Nagar, Opp. Yashwant Vihar Bus Stop, Katraj-Kondhwa Road, Katraj",18.449647,73.869429,LEV AC,LEV AC Charge point,3.3,7,"Bureau of Energy Efficiency (BEE), Ministry of Power, Govt. of India",EV_PCS_Data_29277.pdf (Page 766),Operational (Verified Registry),October 2025
PUN-EV-246,UJOY Charging Hub - LEV AC Charge point 3.3 3.3 1 UJOY ,UJOY,Ujoy,Private,Maharashtra,Pune,LEV AC Charge point 3.3 3.3 1 UJOY Private Maharashtra Pune Pune 21/7 Mum - Bangalore High Way Near Pashan Talav,18.533402,73.779822,LEV AC,LEV AC Charge point,3.3,1,"Bureau of Energy Efficiency (BEE), Ministry of Power, Govt. of India",EV_PCS_Data_29277.pdf (Page 766),Operational (Verified Registry),October 2025
PUN-EV-247,UJOY Charging Hub - LEV AC Charge point 3.3 3.3 1 UJOY ,UJOY,Ujoy,Private,Maharashtra,Pune,LEV AC Charge point 3.3 3.3 1 UJOY Private Maharashtra Pune Pune 2157 New Modikhana Infront Of Good Luck Hotel Camp Pune 411001,18.507573,73.877209,LEV AC,LEV AC Charge point,3.3,1,"Bureau of Energy Efficiency (BEE), Ministry of Power, Govt. of India",EV_PCS_Data_29277.pdf (Page 766),Operational (Verified Registry),October 2025
PUN-EV-248,UJOY Charging Hub - LEV AC Charge point 3.3 3.3 1 UJOY ,UJOY,Ujoy,Private,Maharashtra,Pune,"LEV AC Charge point 3.3 3.3 1 UJOY Private Maharashtra Pune Pune 221 Shaniwarpeth, Besides Shaniwarpeth Police Chowki",18.51992,73.85023,LEV AC,LEV AC Charge point,3.3,1,"Bureau of Energy Efficiency (BEE), Ministry of Power, Govt. of India",EV_PCS_Data_29277.pdf (Page 766),Operational (Verified Registry),October 2025
PUN-EV-249,UJOY Charging Hub - LEV AC Charge point 3.3 3.3 1 UJOY ,UJOY,Ujoy,Private,Maharashtra,Pune,"LEV AC Charge point 3.3 3.3 1 UJOY Private Maharashtra Pune Pune 223,Mangalwar Peth",18.527592,73.863826,LEV AC,LEV AC Charge point,3.3,1,"Bureau of Energy Efficiency (BEE), Ministry of Power, Govt. of India",EV_PCS_Data_29277.pdf (Page 766),Operational (Verified Registry),October 2025
PUN-EV-250,UJOY Charging Hub - LEV AC Charge point 3.3 3.3 1 UJOY ,UJOY,Ujoy,Private,Maharashtra,Pune,LEV AC Charge point 3.3 3.3 1 UJOY Private Maharashtra Pune Pune 225 Aundh Gaon,18.564539,73.812371,LEV AC,LEV AC Charge point,3.3,5,"Bureau of Energy Efficiency (BEE), Ministry of Power, Govt. of India",EV_PCS_Data_29277.pdf (Page 766),Operational (Verified Registry),October 2025
PUN-EV-251,UJOY Charging Hub - LEV AC Charge point 3.3 3.3 1 UJOY ,UJOY,Ujoy,Private,Maharashtra,Pune,"LEV AC Charge point 3.3 3.3 1 UJOY Private Maharashtra Pune Pune 240 Madhumalti Bungalow, Pankaj Society, Sahakar Nagar 1",18.480715,73.850711,LEV AC,LEV AC Charge point,3.3,1,"Bureau of Energy Efficiency (BEE), Ministry of Power, Govt. of India",EV_PCS_Data_29277.pdf (Page 766),Operational (Verified Registry),October 2025
PUN-EV-252,UJOY Charging Hub - LEV AC Charge point 3.3 3.3 1 UJOY ,UJOY,Ujoy,Private,Maharashtra,Pune,LEV AC Charge point 3.3 3.3 1 UJOY Private Maharashtra Pune Pune 31 4 New Airport Road Viman Nagar,18.559049,73.906572,LEV AC,LEV AC Charge point,3.3,1,"Bureau of Energy Efficiency (BEE), Ministry of Power, Govt. of India",EV_PCS_Data_29277.pdf (Page 766),Operational (Verified Registry),October 2025
PUN-EV-253,UJOY Charging Hub - LEV AC Charge point 3.3 3.3 1 UJOY ,UJOY,Ujoy,Private,Maharashtra,Pune,LEV AC Charge point 3.3 3.3 1 UJOY Private Maharashtra Pune Pune 32 Karve Road Near Sahyadri Hospital Deccan Pune 411004,18.513129,73.839591,LEV AC,LEV AC Charge point,3.3,2,"Bureau of Energy Efficiency (BEE), Ministry of Power, Govt. of India",EV_PCS_Data_29277.pdf (Page 766),Operational (Verified Registry),October 2025
PUN-EV-254,UJOY Charging Hub - LEV AC Charge point 3.3 3.3 1 UJOY ,UJOY,Ujoy,Private,Maharashtra,Pune,"LEV AC Charge point 3.3 3.3 1 UJOY Private Maharashtra Pune Pune 32/2B, Shivraj Nagar Rahatani",18.602462,73.783482,LEV AC,LEV AC Charge point,3.3,2,"Bureau of Energy Efficiency (BEE), Ministry of Power, Govt. of India",EV_PCS_Data_29277.pdf (Page 766),Operational (Verified Registry),October 2025
PUN-EV-255,UJOY Charging Hub - LEV AC Charge point 3.3 3.3 1 UJOY ,UJOY,Ujoy,Private,Maharashtra,Pune,LEV AC Charge point 3.3 3.3 1 UJOY Private Maharashtra Pune Pune 321 Shankar Seth Road Next To Hdfc Bank Seven Loves Chowk,18.501003,73.8713,LEV AC,LEV AC Charge point,3.3,1,"Bureau of Energy Efficiency (BEE), Ministry of Power, Govt. of India",EV_PCS_Data_29277.pdf (Page 766),Operational (Verified Registry),October 2025
PUN-EV-256,UJOY Charging Hub - 34/4 Narayani Building Behing Eisen,UJOY,Ujoy,Private,Maharashtra,Pune,34/4 Narayani Building Behing Eisen Pharmaceutical Opposite Idbi Bank Erandawane Pune 411004,18.503832,73.829471,LEV AC,LEV AC Charge point,3.3,1,"Bureau of Energy Efficiency (BEE), Ministry of Power, Govt. of India",EV_PCS_Data_29277.pdf (Page 767),Operational (Verified Registry),October 2025
PUN-EV-257,UJOY Charging Hub - LEV AC Charge point 3.3 3.3 1 UJOY ,UJOY,Ujoy,Private,Maharashtra,Pune,LEV AC Charge point 3.3 3.3 1 UJOY Private Maharashtra Pune Pune 358 Nana Peth,18.515233,73.868747,LEV AC,LEV AC Charge point,3.3,1,"Bureau of Energy Efficiency (BEE), Ministry of Power, Govt. of India",EV_PCS_Data_29277.pdf (Page 767),Operational (Verified Registry),October 2025
PUN-EV-258,UJOY Charging Hub - LEV AC Charge point 3.3 3.3 1 UJOY ,UJOY,Ujoy,Private,Maharashtra,Pune,LEV AC Charge point 3.3 3.3 1 UJOY Private Maharashtra Pune Pune 36/285 New B.D Kiladar Garden Sant Tukaram Nager Near Ganga Skies Society,18.617681,73.818832,LEV AC,LEV AC Charge point,3.3,1,"Bureau of Energy Efficiency (BEE), Ministry of Power, Govt. of India",EV_PCS_Data_29277.pdf (Page 767),Operational (Verified Registry),October 2025
PUN-EV-259,UJOY Charging Hub - LEV AC Charge point 3.3 3.3 1 UJOY ,UJOY,Ujoy,Private,Maharashtra,Pune,LEV AC Charge point 3.3 3.3 1 UJOY Private Maharashtra Pune Pune 37 Vallabhnagar Near St Stand Pimpri Pune 18,18.617718,73.817312,LEV AC,LEV AC Charge point,3.3,2,"Bureau of Energy Efficiency (BEE), Ministry of Power, Govt. of India",EV_PCS_Data_29277.pdf (Page 767),Operational (Verified Registry),October 2025
PUN-EV-260,UJOY Charging Hub - LEV AC Charge point 3.3 3.3 1 UJOY ,UJOY,Ujoy,Private,Maharashtra,Pune,LEV AC Charge point 3.3 3.3 1 UJOY Private Maharashtra Pune Pune 381 A/2 Satsang Niwas Opposite Omkar Residency Near Kanya Shala Ramshastri Prabhune Road Shaniwar Peth Pune 411030,18.516969,73.851104,LEV AC,LEV AC Charge point,3.3,1,"Bureau of Energy Efficiency (BEE), Ministry of Power, Govt. of India",EV_PCS_Data_29277.pdf (Page 767),Operational (Verified Registry),October 2025
PUN-EV-261,UJOY Charging Hub - LEV AC Charge point 3.3 3.3 1 UJOY ,UJOY,Ujoy,Private,Maharashtra,Pune,LEV AC Charge point 3.3 3.3 1 UJOY Private Maharashtra Pune Pune 40 322 Vallbhnagar Pimpri Pune 411018,18.618922,73.819112,LEV AC,LEV AC Charge point,3.3,1,"Bureau of Energy Efficiency (BEE), Ministry of Power, Govt. of India",EV_PCS_Data_29277.pdf (Page 767),Operational (Verified Registry),October 2025
PUN-EV-262,UJOY Charging Hub - LEV AC Charge point 3.3 3.3 1 UJOY ,UJOY,Ujoy,Private,Maharashtra,Pune,LEV AC Charge point 3.3 3.3 1 UJOY Private Maharashtra Pune Pune 410 Shaniwar Peth,18.516907,73.852012,LEV AC,LEV AC Charge point,3.3,1,"Bureau of Energy Efficiency (BEE), Ministry of Power, Govt. of India",EV_PCS_Data_29277.pdf (Page 767),Operational (Verified Registry),October 2025
PUN-EV-263,UJOY Charging Hub - LEV AC Charge point 3.3 3.3 1 UJOY ,UJOY,Ujoy,Private,Maharashtra,Pune,"LEV AC Charge point 3.3 3.3 1 UJOY Private Maharashtra Pune Pune 440, Opposite Ladkat Petrol Pump, New Mangalwar Peth, Mangalwar Peth, Kasba Peth, Pune, Maharashtra 411011, India",18.522507,73.866463,LEV AC,LEV AC Charge point,3.3,7,"Bureau of Energy Efficiency (BEE), Ministry of Power, Govt. of India",EV_PCS_Data_29277.pdf (Page 767),Operational (Verified Registry),October 2025
PUN-EV-264,UJOY Charging Hub - LEV AC Charge point 3.3 3.3 1 UJOY ,UJOY,Ujoy,Private,Maharashtra,Pune,LEV AC Charge point 3.3 3.3 1 UJOY Private Maharashtra Pune Pune 4Saikunj Apartment Lane 7 Dahanukar Colony Kothrud Pune,18.495141,73.811047,LEV AC,LEV AC Charge point,3.3,1,"Bureau of Energy Efficiency (BEE), Ministry of Power, Govt. of India",EV_PCS_Data_29277.pdf (Page 767),Operational (Verified Registry),October 2025
PUN-EV-265,UJOY Charging Hub - LEV AC Charge point 3.3 3.3 1 UJOY ,UJOY,Ujoy,Private,Maharashtra,Pune,LEV AC Charge point 3.3 3.3 1 UJOY Private Maharashtra Pune Pune 54 B Hanuman Nagar Senapati Bapat Road Pune 411016,18.527196,73.833211,LEV AC,LEV AC Charge point,3.3,1,"Bureau of Energy Efficiency (BEE), Ministry of Power, Govt. of India",EV_PCS_Data_29277.pdf (Page 767),Operational (Verified Registry),October 2025
PUN-EV-266,UJOY Charging Hub - LEV AC Charge point 3.3 3.3 1 UJOY ,UJOY,Ujoy,Private,Maharashtra,Pune,"LEV AC Charge point 3.3 3.3 1 UJOY Private Maharashtra Pune Pune 586 Market Yard, Pune",18.486008,73.87281,LEV AC,LEV AC Charge point,3.3,1,"Bureau of Energy Efficiency (BEE), Ministry of Power, Govt. of India",EV_PCS_Data_29277.pdf (Page 767),Operational (Verified Registry),October 2025
PUN-EV-267,UJOY Charging Hub - LEV AC Charge point 3.3 3.3 1 UJOY ,UJOY,Ujoy,Private,Maharashtra,Pune,"LEV AC Charge point 3.3 3.3 1 UJOY Private Maharashtra Pune Pune 642/11, A3, Dharamveer Park",18.465509,73.866576,LEV AC,LEV AC Charge point,3.3,7,"Bureau of Energy Efficiency (BEE), Ministry of Power, Govt. of India",EV_PCS_Data_29277.pdf (Page 767),Operational (Verified Registry),October 2025
PUN-EV-268,UJOY Charging Hub - LEV AC Charge point 3.3 3.3 1 UJOY ,UJOY,Ujoy,Private,Maharashtra,Pune,LEV AC Charge point 3.3 3.3 1 UJOY Private Maharashtra Pune Pune 79/2 Om Building Behind Cars Godown Tathawade,18.622104,73.748908,LEV AC,LEV AC Charge point,3.3,1,"Bureau of Energy Efficiency (BEE), Ministry of Power, Govt. of India",EV_PCS_Data_29277.pdf (Page 767),Operational (Verified Registry),October 2025
PUN-EV-269,UJOY Charging Hub - LEV AC Charge point 3.3 3.3 1 UJOY ,UJOY,Ujoy,Private,Maharashtra,Pune,LEV AC Charge point 3.3 3.3 1 UJOY Private Maharashtra Pune Pune 8 Mula Road Khadki Pune,18.550632,73.855558,LEV AC,LEV AC Charge point,3.3,1,"Bureau of Energy Efficiency (BEE), Ministry of Power, Govt. of India",EV_PCS_Data_29277.pdf (Page 767),Operational (Verified Registry),October 2025
PUN-EV-270,UJOY Charging Hub - LEV AC Charge point 3.3 3.3 1 UJOY ,UJOY,Ujoy,Private,Maharashtra,Pune,"LEV AC Charge point 3.3 3.3 1 UJOY Private Maharashtra Pune Pune 8/15, Anand Colony,Near Cummins College,Karvenagar",18.487284,73.819212,LEV AC,LEV AC Charge point,3.3,2,"Bureau of Energy Efficiency (BEE), Ministry of Power, Govt. of India",EV_PCS_Data_29277.pdf (Page 767),Operational (Verified Registry),October 2025
PUN-EV-271,UJOY Charging Hub - LEV AC Charge point 3.3 3.3 1 UJOY ,UJOY,Ujoy,Private,Maharashtra,Pune,"LEV AC Charge point 3.3 3.3 1 UJOY Private Maharashtra Pune Pune 8/2, Solanki Book Depo, Near Dakshinmukhi Maruti, Mandir, Chinchwade Nagar, Chinchwad",18.633107,73.774266,LEV AC,LEV AC Charge point,3.3,1,"Bureau of Energy Efficiency (BEE), Ministry of Power, Govt. of India",EV_PCS_Data_29277.pdf (Page 767),Operational (Verified Registry),October 2025
PUN-EV-272,UJOY Charging Hub - LEV AC Charge point 3.3 3.3 1 UJOY ,UJOY,Ujoy,Private,Maharashtra,Pune,LEV AC Charge point 3.3 3.3 1 UJOY Private Maharashtra Pune Pune 80 New Bazar Khadki,18.565099,73.850323,LEV AC,LEV AC Charge point,3.3,1,"Bureau of Energy Efficiency (BEE), Ministry of Power, Govt. of India",EV_PCS_Data_29277.pdf (Page 767),Operational (Verified Registry),October 2025
PUN-EV-273,UJOY Charging Hub - LEV AC Charge point 3.3 3.3 1 UJOY ,UJOY,Ujoy,Private,Maharashtra,Pune,LEV AC Charge point 3.3 3.3 1 UJOY Private Maharashtra Pune Pune 810 Dattawadi Opp Parvati Water House Sinhagad Road Parvati,18.497695,73.840458,LEV AC,LEV AC Charge point,3.3,1,"Bureau of Energy Efficiency (BEE), Ministry of Power, Govt. of India",EV_PCS_Data_29277.pdf (Page 767),Operational (Verified Registry),October 2025
PUN-EV-274,UJOY Charging Hub - LEV AC Charge point 3.3 3.3 1 UJOY ,UJOY,Ujoy,Private,Maharashtra,Pune,LEV AC Charge point 3.3 3.3 1 UJOY Private Maharashtra Pune Pune 959 Sadashiv Peth,18.51237,73.850042,LEV AC,LEV AC Charge point,3.3,1,"Bureau of Energy Efficiency (BEE), Ministry of Power, Govt. of India",EV_PCS_Data_29277.pdf (Page 767),Operational (Verified Registry),October 2025
PUN-EV-275,UJOY Charging Hub - LEV AC Charge point 3.3 3.3 1 UJOY ,UJOY,Ujoy,Private,Maharashtra,Pune,LEV AC Charge point 3.3 3.3 1 UJOY Private Maharashtra Pune Pune 9922244973@Upi,18.643153,73.749442,LEV AC,LEV AC Charge point,3.3,1,"Bureau of Energy Efficiency (BEE), Ministry of Power, Govt. of India",EV_PCS_Data_29277.pdf (Page 767),Operational (Verified Registry),October 2025
PUN-EV-276,UJOY Charging Hub - LEV AC Charge point 3.3 3.3 1 UJOY ,UJOY,Ujoy,Private,Maharashtra,Pune,LEV AC Charge point 3.3 3.3 1 UJOY Private Maharashtra Pune Pune A S Auto Service Near Nakhate Petrol Pump Rahatni,18.604423,73.78825,LEV AC,LEV AC Charge point,3.3,1,"Bureau of Energy Efficiency (BEE), Ministry of Power, Govt. of India",EV_PCS_Data_29277.pdf (Page 767),Operational (Verified Registry),October 2025
PUN-EV-277,UJOY Charging Hub - LEV AC Charge point 3.3 3.3 1 UJOY ,UJOY,Ujoy,Private,Maharashtra,Pune,"LEV AC Charge point 3.3 3.3 1 UJOY Private Maharashtra Pune Pune A 906, Shanti Elixier Parking, Keshav Nagar, Mundhwa",18.531369,73.944919,LEV AC,LEV AC Charge point,3.3,1,"Bureau of Energy Efficiency (BEE), Ministry of Power, Govt. of India",EV_PCS_Data_29277.pdf (Page 767),Operational (Verified Registry),October 2025
PUN-EV-278,"UJOY Charging Hub - A&M Clothier, Usha Apartment, Plot ",UJOY,Ujoy,Private,Maharashtra,Pune,"A&M Clothier, Usha Apartment, Plot No 40, Behind Diamond Bakery, Near Singh Mobile Shoppee, Fatima, Nagar, Wanwori Pune Maharashtra 411013",18.504731,73.901617,LEV AC,LEV AC Charge point,3.3,5,"Bureau of Energy Efficiency (BEE), Ministry of Power, Govt. of India",EV_PCS_Data_29277.pdf (Page 768),Operational (Verified Registry),October 2025
PUN-EV-279,UJOY Charging Hub - LEV AC Charge point 3.3 3.3 1 UJOY ,UJOY,Ujoy,Private,Maharashtra,Pune,LEV AC Charge point 3.3 3.3 1 UJOY Private Maharashtra Pune Pune A/5 Bhelke Park Bhelke Nagar Kothrud,18.503641,73.810884,LEV AC,LEV AC Charge point,3.3,1,"Bureau of Energy Efficiency (BEE), Ministry of Power, Govt. of India",EV_PCS_Data_29277.pdf (Page 768),Operational (Verified Registry),October 2025
PUN-EV-280,UJOY Charging Hub - LEV AC Charge point 3.3 3.3 1 UJOY ,UJOY,Ujoy,Private,Maharashtra,Pune,"LEV AC Charge point 3.3 3.3 1 UJOY Private Maharashtra Pune Pune A10, Harshal Residency, Ramnagar Road, Warjegaon",18.477493,73.805933,LEV AC,LEV AC Charge point,3.3,1,"Bureau of Energy Efficiency (BEE), Ministry of Power, Govt. of India",EV_PCS_Data_29277.pdf (Page 768),Operational (Verified Registry),October 2025
PUN-EV-281,UJOY Charging Hub - LEV AC Charge point 3.3 3.3 1 UJOY ,UJOY,Ujoy,Private,Maharashtra,Pune,"LEV AC Charge point 3.3 3.3 1 UJOY Private Maharashtra Pune Pune A18 Aman Niwassant Gadge Maharaj Housing Society, Shastri Chowk, Bhosari, Pune-411039",18.625544,73.857597,LEV AC,LEV AC Charge point,3.3,2,"Bureau of Energy Efficiency (BEE), Ministry of Power, Govt. of India",EV_PCS_Data_29277.pdf (Page 768),Operational (Verified Registry),October 2025
PUN-EV-282,UJOY Charging Hub - LEV AC Charge point 3.3 3.3 1 UJOY ,UJOY,Ujoy,Private,Maharashtra,Pune,LEV AC Charge point 3.3 3.3 1 UJOY Private Maharashtra Pune Pune A2 Todkar Residency Bibvewadi,18.463475,73.864655,LEV AC,LEV AC Charge point,3.3,5,"Bureau of Energy Efficiency (BEE), Ministry of Power, Govt. of India",EV_PCS_Data_29277.pdf (Page 768),Operational (Verified Registry),October 2025
PUN-EV-283,UJOY Charging Hub - LEV AC Charge point 3.3 3.3 1 UJOY ,UJOY,Ujoy,Private,Maharashtra,Pune,"LEV AC Charge point 3.3 3.3 1 UJOY Private Maharashtra Pune Pune A-5, Jedhe Path",18.483384,73.863716,LEV AC,LEV AC Charge point,3.3,7,"Bureau of Energy Efficiency (BEE), Ministry of Power, Govt. of India",EV_PCS_Data_29277.pdf (Page 768),Operational (Verified Registry),October 2025
PUN-EV-284,UJOY Charging Hub - LEV AC Charge point 3.3 3.3 1 UJOY ,UJOY,Ujoy,Private,Maharashtra,Pune,LEV AC Charge point 3.3 3.3 1 UJOY Private Maharashtra Pune Pune Aalandi Pune Road Near Global Hospital Diggi,18.615075,73.873402,LEV AC,LEV AC Charge point,3.3,1,"Bureau of Energy Efficiency (BEE), Ministry of Power, Govt. of India",EV_PCS_Data_29277.pdf (Page 768),Operational (Verified Registry),October 2025
PUN-EV-285,UJOY Charging Hub - LEV AC Charge point 3.3 3.3 1 UJOY ,UJOY,Ujoy,Private,Maharashtra,Pune,LEV AC Charge point 3.3 3.3 1 UJOY Private Maharashtra Pune Pune Aambegaon Pathar,18.460617,73.84035,LEV AC,LEV AC Charge point,3.3,1,"Bureau of Energy Efficiency (BEE), Ministry of Power, Govt. of India",EV_PCS_Data_29277.pdf (Page 768),Operational (Verified Registry),October 2025
PUN-EV-286,UJOY Charging Hub - LEV AC Charge point 3.3 3.3 1 UJOY ,UJOY,Ujoy,Private,Maharashtra,Pune,"LEV AC Charge point 3.3 3.3 1 UJOY Private Maharashtra Pune Pune Abc Farm, 62/7+8, Kedari Nagar, Wanawadi, Pune 40 . Near Oxford Elegance Society",18.481856,73.902707,LEV AC,LEV AC Charge point,3.3,1,"Bureau of Energy Efficiency (BEE), Ministry of Power, Govt. of India",EV_PCS_Data_29277.pdf (Page 768),Operational (Verified Registry),October 2025
PUN-EV-287,UJOY Charging Hub - LEV AC Charge point 3.3 3.3 1 UJOY ,UJOY,Ujoy,Private,Maharashtra,Pune,LEV AC Charge point 3.3 3.3 1 UJOY Private Maharashtra Pune Pune Abe Auto Garage Krantiveer Nagar Thergaon,18.614704,73.772976,LEV AC,LEV AC Charge point,3.3,1,"Bureau of Energy Efficiency (BEE), Ministry of Power, Govt. of India",EV_PCS_Data_29277.pdf (Page 768),Operational (Verified Registry),October 2025
PUN-EV-288,UJOY Charging Hub - LEV AC Charge point 3.3 3.3 1 UJOY ,UJOY,Ujoy,Private,Maharashtra,Pune,LEV AC Charge point 3.3 3.3 1 UJOY Private Maharashtra Pune Pune Abhinav College Chowk Tilak Road,18.505137,73.854005,LEV AC,LEV AC Charge point,3.3,1,"Bureau of Energy Efficiency (BEE), Ministry of Power, Govt. of India",EV_PCS_Data_29277.pdf (Page 768),Operational (Verified Registry),October 2025
PUN-EV-289,UJOY Charging Hub - LEV AC Charge point 3.3 3.3 1 UJOY ,UJOY,Ujoy,Private,Maharashtra,Pune,"LEV AC Charge point 3.3 3.3 1 UJOY Private Maharashtra Pune Pune Adarsh Nagar,Kakde Colony, Hinjawadi Village",18.594739,73.738288,LEV AC,LEV AC Charge point,3.3,1,"Bureau of Energy Efficiency (BEE), Ministry of Power, Govt. of India",EV_PCS_Data_29277.pdf (Page 768),Operational (Verified Registry),October 2025
PUN-EV-290,UJOY Charging Hub - LEV AC Charge point 3.3 3.3 1 UJOY ,UJOY,Ujoy,Private,Maharashtra,Pune,LEV AC Charge point 3.3 3.3 1 UJOY Private Maharashtra Pune Pune Adarsh Society Mohan Nagar,18.458662,73.848548,LEV AC,LEV AC Charge point,3.3,1,"Bureau of Energy Efficiency (BEE), Ministry of Power, Govt. of India",EV_PCS_Data_29277.pdf (Page 768),Operational (Verified Registry),October 2025
PUN-EV-291,UJOY Charging Hub - LEV AC Charge point 3.3 3.3 1 UJOY ,UJOY,Ujoy,Private,Maharashtra,Pune,"LEV AC Charge point 3.3 3.3 1 UJOY Private Maharashtra Pune Pune Aditya Birla Hospital Road,Opp Padamji Paper Mill, Thergaon",18.620966,73.771459,LEV AC,LEV AC Charge point,3.3,1,"Bureau of Energy Efficiency (BEE), Ministry of Power, Govt. of India",EV_PCS_Data_29277.pdf (Page 768),Operational (Verified Registry),October 2025
PUN-EV-292,UJOY Charging Hub - LEV AC Charge point 3.3 3.3 1 UJOY ,UJOY,Ujoy,Private,Maharashtra,Pune,LEV AC Charge point 3.3 3.3 1 UJOY Private Maharashtra Pune Pune Aim Auto Hero Electric Bike Showroom Subhagya Building Kuruli Phata Kuruli Tal Khed Dist Pune,18.716883,73.849527,LEV AC,LEV AC Charge point,3.3,1,"Bureau of Energy Efficiency (BEE), Ministry of Power, Govt. of India",EV_PCS_Data_29277.pdf (Page 768),Operational (Verified Registry),October 2025
PUN-EV-293,UJOY Charging Hub - LEV AC Charge point 3.3 3.3 1 UJOY ,UJOY,Ujoy,Private,Maharashtra,Pune,LEV AC Charge point 3.3 3.3 1 UJOY Private Maharashtra Pune Pune Airport Road Vishrantwadi,18.57304,73.88253,LEV AC,LEV AC Charge point,3.3,1,"Bureau of Energy Efficiency (BEE), Ministry of Power, Govt. of India",EV_PCS_Data_29277.pdf (Page 768),Operational (Verified Registry),October 2025
PUN-EV-294,UJOY Charging Hub - LEV AC Charge point 3.3 3.3 1 UJOY ,UJOY,Ujoy,Private,Maharashtra,Pune,LEV AC Charge point 3.3 3.3 1 UJOY Private Maharashtra Pune Pune Ajmera,18.633243,73.813513,LEV AC,LEV AC Charge point,3.3,1,"Bureau of Energy Efficiency (BEE), Ministry of Power, Govt. of India",EV_PCS_Data_29277.pdf (Page 768),Operational (Verified Registry),October 2025
PUN-EV-295,UJOY Charging Hub - LEV AC Charge point 3.3 3.3 1 UJOY ,UJOY,Ujoy,Private,Maharashtra,Pune,LEV AC Charge point 3.3 3.3 1 UJOY Private Maharashtra Pune Pune Akhurdi Chikhali Road Sane Chowk Near Balaji Marketing Services,18.671606,73.800624,LEV AC,LEV AC Charge point,3.3,1,"Bureau of Energy Efficiency (BEE), Ministry of Power, Govt. of India",EV_PCS_Data_29277.pdf (Page 768),Operational (Verified Registry),October 2025
PUN-EV-296,UJOY Charging Hub - LEV AC Charge point 3.3 3.3 1 UJOY ,UJOY,Ujoy,Private,Maharashtra,Pune,LEV AC Charge point 3.3 3.3 1 UJOY Private Maharashtra Pune Pune Akola Pride Lohegaon,18.595004,73.948993,LEV AC,LEV AC Charge point,3.3,1,"Bureau of Energy Efficiency (BEE), Ministry of Power, Govt. of India",EV_PCS_Data_29277.pdf (Page 768),Operational (Verified Registry),October 2025
PUN-EV-297,UJOY Charging Hub - LEV AC Charge point 3.3 3.3 1 UJOY ,UJOY,Ujoy,Private,Maharashtra,Pune,LEV AC Charge point 3.3 3.3 1 UJOY Private Maharashtra Thane Thane Akshay Tower Mahatoba Chowk Near Global Punjab Hotel,18.596055,73.769045,LEV AC,LEV AC Charge point,3.3,1,"Bureau of Energy Efficiency (BEE), Ministry of Power, Govt. of India",EV_PCS_Data_29277.pdf (Page 768),Operational (Verified Registry),October 2025
PUN-EV-298,UJOY Charging Hub - LEV AC Charge point 3.3 3.3 1 UJOY ,UJOY,Ujoy,Private,Maharashtra,Pune,LEV AC Charge point 3.3 3.3 1 UJOY Private Maharashtra Pune Pune Akurdi,18.649501,73.778267,LEV AC,LEV AC Charge point,3.3,1,"Bureau of Energy Efficiency (BEE), Ministry of Power, Govt. of India",EV_PCS_Data_29277.pdf (Page 768),Operational (Verified Registry),October 2025
PUN-EV-299,UJOY Charging Hub - LEV AC Charge point 3.3 3.3 1 UJOY ,UJOY,Ujoy,Private,Maharashtra,Pune,LEV AC Charge point 3.3 3.3 1 UJOY Private Maharashtra Pune Pune Akurdi,18.655811,73.790065,LEV AC,LEV AC Charge point,3.3,1,"Bureau of Energy Efficiency (BEE), Ministry of Power, Govt. of India",EV_PCS_Data_29277.pdf (Page 768),Operational (Verified Registry),October 2025
PUN-EV-300,UJOY Charging Hub - LEV AC Charge point 3.3 3.3 1 UJOY ,UJOY,Ujoy,Private,Maharashtra,Pune,LEV AC Charge point 3.3 3.3 1 UJOY Private Maharashtra Pune Pune Alandi Devachi,18.676153,73.903495,LEV AC,LEV AC Charge point,3.3,1,"Bureau of Energy Efficiency (BEE), Ministry of Power, Govt. of India",EV_PCS_Data_29277.pdf (Page 768),Operational (Verified Registry),October 2025
PUN-EV-301,UJOY Charging Hub - LEV AC Charge point 3.3 3.3 1 UJOY ,UJOY,Ujoy,Private,Maharashtra,Pune,LEV AC Charge point 3.3 3.3 1 UJOY Private Maharashtra Pune Pune Alandi Devachi,18.674993,73.905686,LEV AC,LEV AC Charge point,3.3,1,"Bureau of Energy Efficiency (BEE), Ministry of Power, Govt. of India",EV_PCS_Data_29277.pdf (Page 768),Operational (Verified Registry),October 2025
PUN-EV-302,UJOY Charging Hub - LEV AC Charge point 3.3 3.3 1 UJOY ,UJOY,Ujoy,Private,Maharashtra,Pune,"LEV AC Charge point 3.3 3.3 1 UJOY Private Maharashtra Pune Pune Alandi Dighi Road, Near Polite Panorama",18.621771,73.87704,LEV AC,LEV AC Charge point,3.3,1,"Bureau of Energy Efficiency (BEE), Ministry of Power, Govt. of India",EV_PCS_Data_29277.pdf (Page 768),Operational (Verified Registry),October 2025
PUN-EV-303,UJOY Charging Hub - LEV AC Charge point 3.3 3.3 1 UJOY ,UJOY,Ujoy,Private,Maharashtra,Pune,LEV AC Charge point 3.3 3.3 1 UJOY Private Maharashtra Pune Pune Alandi Fata Chakan,18.732546,73.856804,LEV AC,LEV AC Charge point,3.3,1,"Bureau of Energy Efficiency (BEE), Ministry of Power, Govt. of India",EV_PCS_Data_29277.pdf (Page 768),Operational (Verified Registry),October 2025
PUN-EV-304,UJOY Charging Hub - LEV AC Charge point 3.3 3.3 1 UJOY ,UJOY,Ujoy,Private,Maharashtra,Pune,LEV AC Charge point 3.3 3.3 1 UJOY Private Maharashtra Pune Pune Alandi Fata Pune Nashik Highway Nanekar Wadi Chakan,18.735042,73.856741,LEV AC,LEV AC Charge point,3.3,1,"Bureau of Energy Efficiency (BEE), Ministry of Power, Govt. of India",EV_PCS_Data_29277.pdf (Page 768),Operational (Verified Registry),October 2025
PUN-EV-305,UJOY Charging Hub - LEV AC Charge point 3.3 3.3 1 UJOY ,UJOY,Ujoy,Private,Maharashtra,Pune,LEV AC Charge point 3.3 3.3 1 UJOY Private Maharashtra Pune Pune Alandi Markal Road,18.672143,73.913441,LEV AC,LEV AC Charge point,3.3,1,"Bureau of Energy Efficiency (BEE), Ministry of Power, Govt. of India",EV_PCS_Data_29277.pdf (Page 768),Operational (Verified Registry),October 2025
PUN-EV-306,UJOY Charging Hub - LEV AC Charge point 3.3 3.3 1 UJOY ,UJOY,Ujoy,Private,Maharashtra,Pune,LEV AC Charge point 3.3 3.3 1 UJOY Private Maharashtra Pune Pune Alandi Moshi Road Bharat Mata Chowk Moshi,18.679018,73.851667,LEV AC,LEV AC Charge point,3.3,1,"Bureau of Energy Efficiency (BEE), Ministry of Power, Govt. of India",EV_PCS_Data_29277.pdf (Page 768),Operational (Verified Registry),October 2025
PUN-EV-307,UJOY Charging Hub - LEV AC Charge point 3.3 3.3 1 UJOY ,UJOY,Ujoy,Private,Maharashtra,Pune,LEV AC Charge point 3.3 3.3 1 UJOY Private Maharashtra Pune Pune Alandi Moshi Road Alandi,18.672666,73.888674,LEV AC,LEV AC Charge point,3.3,1,"Bureau of Energy Efficiency (BEE), Ministry of Power, Govt. of India",EV_PCS_Data_29277.pdf (Page 768),Operational (Verified Registry),October 2025
PUN-EV-308,UJOY Charging Hub - LEV AC Charge point 3.3 3.3 1 UJOY ,UJOY,Ujoy,Private,Maharashtra,Pune,LEV AC Charge point 3.3 3.3 1 UJOY Private Maharashtra Pune Pune Alandi Moshi Road Havaldar Wasti,18.676973,73.862108,LEV AC,LEV AC Charge point,3.3,1,"Bureau of Energy Efficiency (BEE), Ministry of Power, Govt. of India",EV_PCS_Data_29277.pdf (Page 768),Operational (Verified Registry),October 2025
PUN-EV-309,UJOY Charging Hub - LEV AC Charge point 3.3 3.3 1 UJOY ,UJOY,Ujoy,Private,Maharashtra,Pune,LEV AC Charge point 3.3 3.3 1 UJOY Private Maharashtra Pune Pune Alandi Rd,18.602272,73.751531,LEV AC,LEV AC Charge point,3.3,1,"Bureau of Energy Efficiency (BEE), Ministry of Power, Govt. of India",EV_PCS_Data_29277.pdf (Page 768),Operational (Verified Registry),October 2025
PUN-EV-310,UJOY Charging Hub - LEV AC Charge point 3.3 3.3 1 UJOY ,UJOY,Ujoy,Private,Maharashtra,Pune,LEV AC Charge point 3.3 3.3 1 UJOY Private Maharashtra Pune Pune Alankapurishree Society,18.511134,73.814597,LEV AC,LEV AC Charge point,3.3,1,"Bureau of Energy Efficiency (BEE), Ministry of Power, Govt. of India",EV_PCS_Data_29277.pdf (Page 768),Operational (Verified Registry),October 2025
PUN-EV-311,UJOY Charging Hub - LEV AC Charge point 3.3 3.3 1 UJOY ,UJOY,Ujoy,Private,Maharashtra,Pune,LEV AC Charge point 3.3 3.3 1 UJOY Private Maharashtra Pune Pune Amar Baug Co Op Housings Society Shop No 12,18.500022,73.943316,LEV AC,LEV AC Charge point,3.3,1,"Bureau of Energy Efficiency (BEE), Ministry of Power, Govt. of India",EV_PCS_Data_29277.pdf (Page 768),Operational (Verified Registry),October 2025
PUN-EV-312,UJOY Charging Hub - LEV AC Charge point 3.3 3.3 1 UJOY ,UJOY,Ujoy,Private,Maharashtra,Pune,"LEV AC Charge point 3.3 3.3 1 UJOY Private Maharashtra Pune Pune Amar Jyoti, Hadapsar",18.502554,73.924995,LEV AC,LEV AC Charge point,3.3,1,"Bureau of Energy Efficiency (BEE), Ministry of Power, Govt. of India",EV_PCS_Data_29277.pdf (Page 768),Operational (Verified Registry),October 2025
PUN-EV-313,UJOY Charging Hub - LEV AC Charge point 3.3 3.3 1 UJOY ,UJOY,Ujoy,Private,Maharashtra,Pune,LEV AC Charge point 3.3 3.3 1 UJOY Private Maharashtra Pune Pune Amardeep Colony 02 Main Road Kalewadi Opp D Mart Pune 17,18.613501,73.78508,LEV AC,LEV AC Charge point,3.3,1,"Bureau of Energy Efficiency (BEE), Ministry of Power, Govt. of India",EV_PCS_Data_29277.pdf (Page 768),Operational (Verified Registry),October 2025
PUN-EV-314,UJOY Charging Hub - LEV AC Charge point 3.3 3.3 1 UJOY ,UJOY,Ujoy,Private,Maharashtra,Pune,LEV AC Charge point 3.3 3.3 1 UJOY Private Maharashtra Pune Pune Ambedkar Colony Yerwada,18.553309,73.874339,LEV AC,LEV AC Charge point,3.3,6,"Bureau of Energy Efficiency (BEE), Ministry of Power, Govt. of India",EV_PCS_Data_29277.pdf (Page 768),Operational (Verified Registry),October 2025
PUN-EV-315,UJOY Charging Hub - LEV AC Charge point 3.3 3.3 1 UJOY ,UJOY,Ujoy,Private,Maharashtra,Pune,LEV AC Charge point 3.3 3.3 1 UJOY Private Maharashtra Pune Pune Ambedkar Society Almdi Rod Yerawada Pune 6,18.5525,73.873629,LEV AC,LEV AC Charge point,3.3,1,"Bureau of Energy Efficiency (BEE), Ministry of Power, Govt. of India",EV_PCS_Data_29277.pdf (Page 768),Operational (Verified Registry),October 2025
PUN-EV-316,UJOY Charging Hub - Ambegaon,UJOY,Ujoy,Private,Maharashtra,Pune,Ambegaon,18.451331,73.832373,LEV AC,LEV AC Charge point,3.3,1,"Bureau of Energy Efficiency (BEE), Ministry of Power, Govt. of India",EV_PCS_Data_29277.pdf (Page 769),Operational (Verified Registry),October 2025
PUN-EV-317,UJOY Charging Hub - LEV AC Charge point 3.3 3.3 1 UJOY ,UJOY,Ujoy,Private,Maharashtra,Pune,LEV AC Charge point 3.3 3.3 1 UJOY Private Maharashtra Pune Pune Ambegaon Bk,18.449816,73.846863,LEV AC,LEV AC Charge point,3.3,1,"Bureau of Energy Efficiency (BEE), Ministry of Power, Govt. of India",EV_PCS_Data_29277.pdf (Page 769),Operational (Verified Registry),October 2025
PUN-EV-318,UJOY Charging Hub - LEV AC Charge point 3.3 3.3 1 UJOY ,UJOY,Ujoy,Private,Maharashtra,Pune,LEV AC Charge point 3.3 3.3 1 UJOY Private Maharashtra Pune Pune Ambegaon Bk,18.450344,73.837859,LEV AC,LEV AC Charge point,3.3,1,"Bureau of Energy Efficiency (BEE), Ministry of Power, Govt. of India",EV_PCS_Data_29277.pdf (Page 769),Operational (Verified Registry),October 2025
PUN-EV-319,UJOY Charging Hub - LEV AC Charge point 3.3 3.3 1 UJOY ,UJOY,Ujoy,Private,Maharashtra,Pune,LEV AC Charge point 3.3 3.3 1 UJOY Private Maharashtra Pune Pune Ambegaon Bk Near Ashok Layland Showroom,18.456848,73.835341,LEV AC,LEV AC Charge point,3.3,1,"Bureau of Energy Efficiency (BEE), Ministry of Power, Govt. of India",EV_PCS_Data_29277.pdf (Page 769),Operational (Verified Registry),October 2025
PUN-EV-320,UJOY Charging Hub - LEV AC Charge point 3.3 3.3 1 UJOY ,UJOY,Ujoy,Private,Maharashtra,Pune,LEV AC Charge point 3.3 3.3 1 UJOY Private Maharashtra Pune Pune Ambethan Chakan Raod,18.770762,73.847144,LEV AC,LEV AC Charge point,3.3,1,"Bureau of Energy Efficiency (BEE), Ministry of Power, Govt. of India",EV_PCS_Data_29277.pdf (Page 769),Operational (Verified Registry),October 2025
PUN-EV-321,UJOY Charging Hub - LEV AC Charge point 3.3 3.3 1 UJOY ,UJOY,Ujoy,Private,Maharashtra,Pune,LEV AC Charge point 3.3 3.3 1 UJOY Private Maharashtra Pune Pune Anand Nagar,18.509486,73.814577,LEV AC,LEV AC Charge point,3.3,1,"Bureau of Energy Efficiency (BEE), Ministry of Power, Govt. of India",EV_PCS_Data_29277.pdf (Page 769),Operational (Verified Registry),October 2025
PUN-EV-322,UJOY Charging Hub - LEV AC Charge point 3.3 3.3 1 UJOY ,UJOY,Ujoy,Private,Maharashtra,Pune,LEV AC Charge point 3.3 3.3 1 UJOY Private Maharashtra Pune Pune Anand Park Wadgaonsheri,18.553886,73.925257,LEV AC,LEV AC Charge point,3.3,1,"Bureau of Energy Efficiency (BEE), Ministry of Power, Govt. of India",EV_PCS_Data_29277.pdf (Page 769),Operational (Verified Registry),October 2025
PUN-EV-323,UJOY Charging Hub - LEV AC Charge point 3.3 3.3 1 UJOY ,UJOY,Ujoy,Private,Maharashtra,Pune,LEV AC Charge point 3.3 3.3 1 UJOY Private Maharashtra Pune Pune Anandi Dehu Road Moshi,18.679112,73.841784,LEV AC,LEV AC Charge point,3.3,1,"Bureau of Energy Efficiency (BEE), Ministry of Power, Govt. of India",EV_PCS_Data_29277.pdf (Page 769),Operational (Verified Registry),October 2025
PUN-EV-324,UJOY Charging Hub - LEV AC Charge point 3.3 3.3 1 UJOY ,UJOY,Ujoy,Private,Maharashtra,Pune,LEV AC Charge point 3.3 3.3 1 UJOY Private Maharashtra Pune Pune Anant Anchit Near Royal Gym,18.46868,73.794495,LEV AC,LEV AC Charge point,3.3,1,"Bureau of Energy Efficiency (BEE), Ministry of Power, Govt. of India",EV_PCS_Data_29277.pdf (Page 769),Operational (Verified Registry),October 2025
PUN-EV-325,UJOY Charging Hub - LEV AC Charge point 3.3 3.3 1 UJOY ,UJOY,Ujoy,Private,Maharashtra,Pune,LEV AC Charge point 3.3 3.3 1 UJOY Private Maharashtra Pune Pune Angarewadi Road Sai Regency Bhukum,18.496175,73.729995,LEV AC,LEV AC Charge point,3.3,1,"Bureau of Energy Efficiency (BEE), Ministry of Power, Govt. of India",EV_PCS_Data_29277.pdf (Page 769),Operational (Verified Registry),October 2025
PUN-EV-326,UJOY Charging Hub - LEV AC Charge point 3.3 3.3 1 UJOY ,UJOY,Ujoy,Private,Maharashtra,Pune,LEV AC Charge point 3.3 3.3 1 UJOY Private Maharashtra Pune Pune Ankur Colony Nakate Vasti Rahatani,18.605448,73.7841,LEV AC,LEV AC Charge point,3.3,1,"Bureau of Energy Efficiency (BEE), Ministry of Power, Govt. of India",EV_PCS_Data_29277.pdf (Page 769),Operational (Verified Registry),October 2025
PUN-EV-327,UJOY Charging Hub - LEV AC Charge point 3.3 3.3 1 UJOY ,UJOY,Ujoy,Private,Maharashtra,Pune,"LEV AC Charge point 3.3 3.3 1 UJOY Private Maharashtra Pune Pune Anw Motors Shop No.5 Next To Hdfc Atm Opp. Indus Business School Bhumkar Nagar, Wakad, Pune",18.603863,73.748786,LEV AC,LEV AC Charge point,3.3,5,"Bureau of Energy Efficiency (BEE), Ministry of Power, Govt. of India",EV_PCS_Data_29277.pdf (Page 769),Operational (Verified Registry),October 2025
PUN-EV-328,UJOY Charging Hub - LEV AC Charge point 3.3 3.3 1 UJOY ,UJOY,Ujoy,Private,Maharashtra,Pune,LEV AC Charge point 3.3 3.3 1 UJOY Private Maharashtra Pune Pune Arun Park Chinchwad,18.622652,73.774712,LEV AC,LEV AC Charge point,3.3,1,"Bureau of Energy Efficiency (BEE), Ministry of Power, Govt. of India",EV_PCS_Data_29277.pdf (Page 769),Operational (Verified Registry),October 2025
PUN-EV-329,UJOY Charging Hub - LEV AC Charge point 3.3 3.3 1 UJOY ,UJOY,Ujoy,Private,Maharashtra,Pune,"LEV AC Charge point 3.3 3.3 1 UJOY Private Maharashtra Pune Pune Aryan Residency, Purna Nagar, Chinchwad",18.661395,73.808001,LEV AC,LEV AC Charge point,3.3,1,"Bureau of Energy Efficiency (BEE), Ministry of Power, Govt. of India",EV_PCS_Data_29277.pdf (Page 769),Operational (Verified Registry),October 2025
PUN-EV-330,UJOY Charging Hub - LEV AC Charge point 3.3 3.3 1 UJOY ,UJOY,Ujoy,Private,Maharashtra,Pune,LEV AC Charge point 3.3 3.3 1 UJOY Private Maharashtra Pune Pune Ashish Garden Dp Road Shamrao Vitthal Bank Kothrud Pune,18.502223,73.802259,LEV AC,LEV AC Charge point,3.3,1,"Bureau of Energy Efficiency (BEE), Ministry of Power, Govt. of India",EV_PCS_Data_29277.pdf (Page 769),Operational (Verified Registry),October 2025
PUN-EV-331,UJOY Charging Hub - LEV AC Charge point 3.3 3.3 1 UJOY ,UJOY,Ujoy,Private,Maharashtra,Pune,LEV AC Charge point 3.3 3.3 1 UJOY Private Maharashtra Pune Pune Ashish Opp Maharaja Lights Hingne Home Colony Karvenagar,18.489742,73.811506,LEV AC,LEV AC Charge point,3.3,1,"Bureau of Energy Efficiency (BEE), Ministry of Power, Govt. of India",EV_PCS_Data_29277.pdf (Page 769),Operational (Verified Registry),October 2025
PUN-EV-332,UJOY Charging Hub - LEV AC Charge point 3.3 3.3 1 UJOY ,UJOY,Ujoy,Private,Maharashtra,Pune,LEV AC Charge point 3.3 3.3 1 UJOY Private Maharashtra Pune Pune Ashtavinayak Motors Rahatni Opposite Amardeep Colony,18.605839,73.782788,LEV AC,LEV AC Charge point,3.3,1,"Bureau of Energy Efficiency (BEE), Ministry of Power, Govt. of India",EV_PCS_Data_29277.pdf (Page 769),Operational (Verified Registry),October 2025
PUN-EV-333,UJOY Charging Hub - LEV AC Charge point 3.3 3.3 1 UJOY ,UJOY,Ujoy,Private,Maharashtra,Pune,LEV AC Charge point 3.3 3.3 1 UJOY Private Maharashtra Pune Pune At Chincholi Post Dehuroad Tal Havelock Dist Pune 101,18.690537,73.750225,LEV AC,LEV AC Charge point,3.3,1,"Bureau of Energy Efficiency (BEE), Ministry of Power, Govt. of India",EV_PCS_Data_29277.pdf (Page 769),Operational (Verified Registry),October 2025
PUN-EV-334,UJOY Charging Hub - LEV AC Charge point 3.3 3.3 1 UJOY ,UJOY,Ujoy,Private,Maharashtra,Pune,LEV AC Charge point 3.3 3.3 1 UJOY Private Maharashtra Pune Pune At Post Chakan Opp Suchitra Hall Pune Nashik Hiway,18.767127,73.865026,LEV AC,LEV AC Charge point,3.3,1,"Bureau of Energy Efficiency (BEE), Ministry of Power, Govt. of India",EV_PCS_Data_29277.pdf (Page 769),Operational (Verified Registry),October 2025
PUN-EV-335,UJOY Charging Hub - LEV AC Charge point 3.3 3.3 1 UJOY ,UJOY,Ujoy,Private,Maharashtra,Pune,LEV AC Charge point 3.3 3.3 1 UJOY Private Maharashtra Pune Pune At Post Dehugaon Vitthalwadi Dehu Alandi Road Nr Zp School,18.711871,73.774472,LEV AC,LEV AC Charge point,3.3,1,"Bureau of Energy Efficiency (BEE), Ministry of Power, Govt. of India",EV_PCS_Data_29277.pdf (Page 769),Operational (Verified Registry),October 2025
PUN-EV-336,UJOY Charging Hub - LEV AC Charge point 3.3 3.3 1 UJOY ,UJOY,Ujoy,Private,Maharashtra,Pune,LEV AC Charge point 3.3 3.3 1 UJOY Private Maharashtra Pune Pune Aunde Gaon,18.564727,73.810649,LEV AC,LEV AC Charge point,3.3,1,"Bureau of Energy Efficiency (BEE), Ministry of Power, Govt. of India",EV_PCS_Data_29277.pdf (Page 770),Operational (Verified Registry),October 2025
PUN-EV-337,UJOY Charging Hub - LEV AC Charge point 3.3 3.3 1 UJOY ,UJOY,Ujoy,Private,Maharashtra,Pune,LEV AC Charge point 3.3 3.3 1 UJOY Private Maharashtra Pune Pune Aundh,18.55384,73.805345,LEV AC,LEV AC Charge point,3.3,1,"Bureau of Energy Efficiency (BEE), Ministry of Power, Govt. of India",EV_PCS_Data_29277.pdf (Page 770),Operational (Verified Registry),October 2025
PUN-EV-338,UJOY Charging Hub - LEV AC Charge point 3.3 3.3 1 UJOY ,UJOY,Ujoy,Private,Maharashtra,Pune,LEV AC Charge point 3.3 3.3 1 UJOY Private Maharashtra Pune Pune Aundh-Ravet Road Near Five Garden Soc Jagtap Dairy Pimple Saudagar,18.59542,73.783431,LEV AC,LEV AC Charge point,3.3,1,"Bureau of Energy Efficiency (BEE), Ministry of Power, Govt. of India",EV_PCS_Data_29277.pdf (Page 770),Operational (Verified Registry),October 2025
PUN-EV-339,UJOY Charging Hub - LEV AC Charge point 3.3 3.3 1 UJOY ,UJOY,Ujoy,Private,Maharashtra,Pune,LEV AC Charge point 3.3 3.3 1 UJOY Private Maharashtra Pune Pune Aura Solis Wanowrie,18.484595,73.908165,LEV AC,LEV AC Charge point,3.3,1,"Bureau of Energy Efficiency (BEE), Ministry of Power, Govt. of India",EV_PCS_Data_29277.pdf (Page 770),Operational (Verified Registry),October 2025
PUN-EV-340,UJOY Charging Hub - LEV AC Charge point 3.3 3.3 1 UJOY ,UJOY,Ujoy,Private,Maharashtra,Pune,LEV AC Charge point 3.3 3.3 1 UJOY Private Maharashtra Pune Pune Awhaiwadi Rd Near Raymonds School Wagholi,18.569884,73.987596,LEV AC,LEV AC Charge point,3.3,1,"Bureau of Energy Efficiency (BEE), Ministry of Power, Govt. of India",EV_PCS_Data_29277.pdf (Page 770),Operational (Verified Registry),October 2025
PUN-EV-341,UJOY Charging Hub - LEV AC Charge point 3.3 3.3 1 UJOY ,UJOY,Ujoy,Private,Maharashtra,Pune,LEV AC Charge point 3.3 3.3 1 UJOY Private Maharashtra Pune Pune Awhalwadi Road,18.573838,73.985231,LEV AC,LEV AC Charge point,3.3,1,"Bureau of Energy Efficiency (BEE), Ministry of Power, Govt. of India",EV_PCS_Data_29277.pdf (Page 770),Operational (Verified Registry),October 2025
PUN-EV-342,UJOY Charging Hub - LEV AC Charge point 3.3 3.3 1 UJOY ,UJOY,Ujoy,Private,Maharashtra,Pune,LEV AC Charge point 3.3 3.3 1 UJOY Private Maharashtra Pune Pune Aye Techno Near Madhuban Banquets Opposite Indian Oil Petrol Pump Hinawadi Wakad Road Hinjawadi Pune 57,18.590805,73.749474,LEV AC,LEV AC Charge point,3.3,1,"Bureau of Energy Efficiency (BEE), Ministry of Power, Govt. of India",EV_PCS_Data_29277.pdf (Page 770),Operational (Verified Registry),October 2025
PUN-EV-343,UJOY Charging Hub - LEV AC Charge point 3.3 3.3 1 UJOY ,UJOY,Ujoy,Private,Maharashtra,Pune,"LEV AC Charge point 3.3 3.3 1 UJOY Private Maharashtra Pune Pune B Wing Hollyhock City Near Sunday Market Lohgaon, 411047",18.60003,73.929707,LEV AC,LEV AC Charge point,3.3,4,"Bureau of Energy Efficiency (BEE), Ministry of Power, Govt. of India",EV_PCS_Data_29277.pdf (Page 770),Operational (Verified Registry),October 2025
PUN-EV-344,UJOY Charging Hub - LEV AC Charge point 3.3 3.3 1 UJOY ,UJOY,Ujoy,Private,Maharashtra,Pune,"LEV AC Charge point 3.3 3.3 1 UJOY Private Maharashtra Pune Pune B15/16, Lane No. 9, Vidyut Nagar, Koregaon Park",18.533853,73.898125,LEV AC,LEV AC Charge point,3.3,1,"Bureau of Energy Efficiency (BEE), Ministry of Power, Govt. of India",EV_PCS_Data_29277.pdf (Page 770),Operational (Verified Registry),October 2025
PUN-EV-345,UJOY Charging Hub - LEV AC Charge point 3.3 3.3 1 UJOY ,UJOY,Ujoy,Private,Maharashtra,Pune,LEV AC Charge point 3.3 3.3 1 UJOY Private Maharashtra Pune Pune B23/37,18.587198,73.816457,LEV AC,LEV AC Charge point,3.3,1,"Bureau of Energy Efficiency (BEE), Ministry of Power, Govt. of India",EV_PCS_Data_29277.pdf (Page 770),Operational (Verified Registry),October 2025
PUN-EV-346,UJOY Charging Hub - LEV AC Charge point 3.3 3.3 1 UJOY ,UJOY,Ujoy,Private,Maharashtra,Pune,"LEV AC Charge point 3.3 3.3 1 UJOY Private Maharashtra Pune Pune B-76/19, Upper Indiranagar, Bibvewadi, Pune, Maharashtra - 411037",18.462545,73.870674,LEV AC,LEV AC Charge point,3.3,1,"Bureau of Energy Efficiency (BEE), Ministry of Power, Govt. of India",EV_PCS_Data_29277.pdf (Page 770),Operational (Verified Registry),October 2025
PUN-EV-347,UJOY Charging Hub - LEV AC Charge point 3.3 3.3 1 UJOY ,UJOY,Ujoy,Private,Maharashtra,Pune,"LEV AC Charge point 3.3 3.3 1 UJOY Private Maharashtra Pune Pune Bakori Rd, Maharashtra 412207",18.5913,74.003574,LEV AC,LEV AC Charge point,3.3,1,"Bureau of Energy Efficiency (BEE), Ministry of Power, Govt. of India",EV_PCS_Data_29277.pdf (Page 770),Operational (Verified Registry),October 2025
PUN-EV-348,UJOY Charging Hub - LEV AC Charge point 3.3 3.3 1 UJOY ,UJOY,Ujoy,Private,Maharashtra,Pune,LEV AC Charge point 3.3 3.3 1 UJOY Private Maharashtra Pune Pune Balaji Nagar,18.467294,73.85938,LEV AC,LEV AC Charge point,3.3,1,"Bureau of Energy Efficiency (BEE), Ministry of Power, Govt. of India",EV_PCS_Data_29277.pdf (Page 770),Operational (Verified Registry),October 2025
PUN-EV-349,UJOY Charging Hub - LEV AC Charge point 3.3 3.3 1 UJOY ,UJOY,Ujoy,Private,Maharashtra,Pune,LEV AC Charge point 3.3 3.3 1 UJOY Private Maharashtra Pune Pune Balaji Sankul Jain Mandir Road Katraj,18.442974,73.853025,LEV AC,LEV AC Charge point,3.3,1,"Bureau of Energy Efficiency (BEE), Ministry of Power, Govt. of India",EV_PCS_Data_29277.pdf (Page 770),Operational (Verified Registry),October 2025
PUN-EV-350,UJOY Charging Hub - LEV AC Charge point 3.3 3.3 1 UJOY ,UJOY,Ujoy,Private,Maharashtra,Pune,LEV AC Charge point 3.3 3.3 1 UJOY Private Maharashtra Pune Pune Balewadi,18.571159,73.780998,LEV AC,LEV AC Charge point,3.3,1,"Bureau of Energy Efficiency (BEE), Ministry of Power, Govt. of India",EV_PCS_Data_29277.pdf (Page 770),Operational (Verified Registry),October 2025
PUN-EV-351,UJOY Charging Hub - LEV AC Charge point 3.3 3.3 1 UJOY ,UJOY,Ujoy,Private,Maharashtra,Pune,LEV AC Charge point 3.3 3.3 1 UJOY Private Maharashtra Pune Pune Balewadi Histreet,18.569585,73.772527,LEV AC,LEV AC Charge point,3.3,1,"Bureau of Energy Efficiency (BEE), Ministry of Power, Govt. of India",EV_PCS_Data_29277.pdf (Page 770),Operational (Verified Registry),October 2025
PUN-EV-352,UJOY Charging Hub - LEV AC Charge point 3.3 3.3 1 UJOY ,UJOY,Ujoy,Private,Maharashtra,Pune,LEV AC Charge point 3.3 3.3 1 UJOY Private Maharashtra Pune Pune Baner,18.567551,73.782178,LEV AC,LEV AC Charge point,3.3,1,"Bureau of Energy Efficiency (BEE), Ministry of Power, Govt. of India",EV_PCS_Data_29277.pdf (Page 770),Operational (Verified Registry),October 2025
PUN-EV-353,UJOY Charging Hub - LEV AC Charge point 3.3 3.3 1 UJOY ,UJOY,Ujoy,Private,Maharashtra,Pune,LEV AC Charge point 3.3 3.3 1 UJOY Private Maharashtra Pune Pune Baner Balewadi Road,18.574215,73.780676,LEV AC,LEV AC Charge point,3.3,1,"Bureau of Energy Efficiency (BEE), Ministry of Power, Govt. of India",EV_PCS_Data_29277.pdf (Page 770),Operational (Verified Registry),October 2025
PUN-EV-354,UJOY Charging Hub - LEV AC Charge point 3.3 3.3 1 UJOY ,UJOY,Ujoy,Private,Maharashtra,Pune,LEV AC Charge point 3.3 3.3 1 UJOY Private Maharashtra Pune Pune Baner Mahalunge Road,18.564964,73.774004,LEV AC,LEV AC Charge point,3.3,1,"Bureau of Energy Efficiency (BEE), Ministry of Power, Govt. of India",EV_PCS_Data_29277.pdf (Page 770),Operational (Verified Registry),October 2025
PUN-EV-355,UJOY Charging Hub - LEV AC Charge point 3.3 3.3 1 UJOY ,UJOY,Ujoy,Private,Maharashtra,Pune,LEV AC Charge point 3.3 3.3 1 UJOY Private Maharashtra Pune Pune Baner Pashan Link Road,18.54757,73.795558,LEV AC,LEV AC Charge point,3.3,1,"Bureau of Energy Efficiency (BEE), Ministry of Power, Govt. of India",EV_PCS_Data_29277.pdf (Page 770),Operational (Verified Registry),October 2025
PUN-EV-356,UJOY Charging Hub - LEV AC Charge point 3.3 3.3 1 UJOY ,UJOY,Ujoy,Private,Maharashtra,Pune,LEV AC Charge point 3.3 3.3 1 UJOY Private Maharashtra Pune Pune Bank Of Baroda Krishna Chowk,18.582701,73.815738,LEV AC,LEV AC Charge point,3.3,1,"Bureau of Energy Efficiency (BEE), Ministry of Power, Govt. of India",EV_PCS_Data_29277.pdf (Page 770),Operational (Verified Registry),October 2025
PUN-EV-357,UJOY Charging Hub - LEV AC Charge point 3.3 3.3 1 UJOY ,UJOY,Ujoy,Private,Maharashtra,Pune,"LEV AC Charge point 3.3 3.3 1 UJOY Private Maharashtra Pune Pune Bapusaheb Gupte Marg, Ganeshwadi, Shivajinagar, Pune, Maharashtra 411004 - Charger-1",18.520831,73.84154,LEV AC,LEV AC Charge point,3.3,1,"Bureau of Energy Efficiency (BEE), Ministry of Power, Govt. of India",EV_PCS_Data_29277.pdf (Page 770),Operational (Verified Registry),October 2025
PUN-EV-358,UJOY Charging Hub - LEV AC Charge point 3.3 3.3 1 UJOY ,UJOY,Ujoy,Private,Maharashtra,Pune,LEV AC Charge point 3.3 3.3 1 UJOY Private Maharashtra Pune Pune Bavdhan,18.513805,73.770142,LEV AC,LEV AC Charge point,3.3,1,"Bureau of Energy Efficiency (BEE), Ministry of Power, Govt. of India",EV_PCS_Data_29277.pdf (Page 770),Operational (Verified Registry),October 2025
PUN-EV-359,UJOY Charging Hub - LEV AC Charge point 3.3 3.3 1 UJOY ,UJOY,Ujoy,Private,Maharashtra,Pune,LEV AC Charge point 3.3 3.3 1 UJOY Private Maharashtra Pune Pune Bavdhan,18.516899,73.772969,LEV AC,LEV AC Charge point,3.3,1,"Bureau of Energy Efficiency (BEE), Ministry of Power, Govt. of India",EV_PCS_Data_29277.pdf (Page 770),Operational (Verified Registry),October 2025
PUN-EV-360,UJOY Charging Hub - LEV AC Charge point 3.3 3.3 1 UJOY ,UJOY,Ujoy,Private,Maharashtra,Pune,LEV AC Charge point 3.3 3.3 1 UJOY Private Maharashtra Pune Pune Bawadhan,18.522608,73.763789,LEV AC,LEV AC Charge point,3.3,1,"Bureau of Energy Efficiency (BEE), Ministry of Power, Govt. of India",EV_PCS_Data_29277.pdf (Page 770),Operational (Verified Registry),October 2025
PUN-EV-361,UJOY Charging Hub - LEV AC Charge point 3.3 3.3 1 UJOY ,UJOY,Ujoy,Private,Maharashtra,Pune,LEV AC Charge point 3.3 3.3 1 UJOY Private Maharashtra Pune Pune Behind India Mobile And Pcmc Washroom Near Saibaba Mandir Sai Chowk Pimpri Pune 17,18.619677,73.80403,LEV AC,LEV AC Charge point,3.3,1,"Bureau of Energy Efficiency (BEE), Ministry of Power, Govt. of India",EV_PCS_Data_29277.pdf (Page 770),Operational (Verified Registry),October 2025
PUN-EV-362,UJOY Charging Hub - LEV AC Charge point 3.3 3.3 1 UJOY ,UJOY,Ujoy,Private,Maharashtra,Pune,"LEV AC Charge point 3.3 3.3 1 UJOY Private Maharashtra Pune Pune Behind Mahalunge Bus Stand, Near Mahadev Mandir",18.577749,73.753943,LEV AC,LEV AC Charge point,3.3,1,"Bureau of Energy Efficiency (BEE), Ministry of Power, Govt. of India",EV_PCS_Data_29277.pdf (Page 770),Operational (Verified Registry),October 2025
PUN-EV-363,"UJOY Charging Hub - Behind Riddhi Siddhi Society, Marat",UJOY,Ujoy,Private,Maharashtra,Pune,"Behind Riddhi Siddhi Society, Maratha Mandir Lane, Next To Little Millenium School,",18.510996,73.775352,LEV AC,LEV AC Charge point,3.3,1,"Bureau of Energy Efficiency (BEE), Ministry of Power, Govt. of India",EV_PCS_Data_29277.pdf (Page 771),Operational (Verified Registry),October 2025
PUN-EV-364,UJOY Charging Hub - LEV AC Charge point 3.3 3.3 1 UJOY ,UJOY,Ujoy,Private,Maharashtra,Pune,"LEV AC Charge point 3.3 3.3 1 UJOY Private Maharashtra Pune Pune Behind Thatbaat Hotel, Near Eon It Park, Kharadi",18.554583,73.954511,LEV AC,LEV AC Charge point,3.3,1,"Bureau of Energy Efficiency (BEE), Ministry of Power, Govt. of India",EV_PCS_Data_29277.pdf (Page 771),Operational (Verified Registry),October 2025
PUN-EV-365,UJOY Charging Hub - LEV AC Charge point 3.3 3.3 1 UJOY ,UJOY,Ujoy,Private,Maharashtra,Pune,"LEV AC Charge point 3.3 3.3 1 UJOY Private Maharashtra Pune Pune Besides Vibgyor School , Phase 1 Hinjewadi",18.596829,73.728392,LEV AC,LEV AC Charge point,3.3,1,"Bureau of Energy Efficiency (BEE), Ministry of Power, Govt. of India",EV_PCS_Data_29277.pdf (Page 771),Operational (Verified Registry),October 2025
PUN-EV-366,UJOY Charging Hub - LEV AC Charge point 3.3 3.3 1 UJOY ,UJOY,Ujoy,Private,Maharashtra,Pune,LEV AC Charge point 3.3 3.3 1 UJOY Private Maharashtra Pune Pune Bharat Automobiles Rahatani Fata,18.60598,73.781705,LEV AC,LEV AC Charge point,3.3,1,"Bureau of Energy Efficiency (BEE), Ministry of Power, Govt. of India",EV_PCS_Data_29277.pdf (Page 771),Operational (Verified Registry),October 2025
PUN-EV-367,UJOY Charging Hub - LEV AC Charge point 3.3 3.3 1 UJOY ,UJOY,Ujoy,Private,Maharashtra,Pune,LEV AC Charge point 3.3 3.3 1 UJOY Private Maharashtra Pune Pune Bharat Mata Chauk Near Alandiroad Moshi,18.680127,73.851903,LEV AC,LEV AC Charge point,3.3,1,"Bureau of Energy Efficiency (BEE), Ministry of Power, Govt. of India",EV_PCS_Data_29277.pdf (Page 771),Operational (Verified Registry),October 2025
PUN-EV-368,UJOY Charging Hub - LEV AC Charge point 3.3 3.3 1 UJOY ,UJOY,Ujoy,Private,Maharashtra,Pune,"LEV AC Charge point 3.3 3.3 1 UJOY Private Maharashtra Pune Pune Bhau Patil Road,Bhopadi Pune",18.572632,73.836364,LEV AC,LEV AC Charge point,3.3,2,"Bureau of Energy Efficiency (BEE), Ministry of Power, Govt. of India",EV_PCS_Data_29277.pdf (Page 771),Operational (Verified Registry),October 2025
PUN-EV-369,UJOY Charging Hub - LEV AC Charge point 3.3 3.3 1 UJOY ,UJOY,Ujoy,Private,Maharashtra,Pune,"LEV AC Charge point 3.3 3.3 1 UJOY Private Maharashtra Pune Pune Bhekrai Nagar, Pune, Maharashtra 412308, India",18.483523,73.950021,LEV AC,LEV AC Charge point,3.3,1,"Bureau of Energy Efficiency (BEE), Ministry of Power, Govt. of India",EV_PCS_Data_29277.pdf (Page 771),Operational (Verified Registry),October 2025
PUN-EV-370,UJOY Charging Hub - LEV AC Charge point 3.3 3.3 1 UJOY ,UJOY,Ujoy,Private,Maharashtra,Pune,LEV AC Charge point 3.3 3.3 1 UJOY Private Maharashtra Pune Pune Bhelke Nagar Near Tvs Shelar Services Center,18.503206,73.811581,LEV AC,LEV AC Charge point,3.3,1,"Bureau of Energy Efficiency (BEE), Ministry of Power, Govt. of India",EV_PCS_Data_29277.pdf (Page 771),Operational (Verified Registry),October 2025
PUN-EV-371,UJOY Charging Hub - LEV AC Charge point 3.3 3.3 1 UJOY ,UJOY,Ujoy,Private,Maharashtra,Pune,LEV AC Charge point 3.3 3.3 1 UJOY Private Maharashtra Pune Pune Bhoi Aali New English School Near Chapekar Chowk Chinchwad Pune,18.627803,73.781671,LEV AC,LEV AC Charge point,3.3,1,"Bureau of Energy Efficiency (BEE), Ministry of Power, Govt. of India",EV_PCS_Data_29277.pdf (Page 771),Operational (Verified Registry),October 2025
PUN-EV-372,UJOY Charging Hub - LEV AC Charge point 3.3 3.3 1 UJOY ,UJOY,Ujoy,Private,Maharashtra,Pune,LEV AC Charge point 3.3 3.3 1 UJOY Private Maharashtra Pune Pune Bhosari,18.651066,73.823509,LEV AC,LEV AC Charge point,3.3,1,"Bureau of Energy Efficiency (BEE), Ministry of Power, Govt. of India",EV_PCS_Data_29277.pdf (Page 771),Operational (Verified Registry),October 2025
PUN-EV-373,UJOY Charging Hub - LEV AC Charge point 3.3 3.3 1 UJOY ,UJOY,Ujoy,Private,Maharashtra,Pune,LEV AC Charge point 3.3 3.3 1 UJOY Private Maharashtra Pune Pune Bhosari,18.626947,73.852461,LEV AC,LEV AC Charge point,3.3,1,"Bureau of Energy Efficiency (BEE), Ministry of Power, Govt. of India",EV_PCS_Data_29277.pdf (Page 771),Operational (Verified Registry),October 2025
PUN-EV-374,UJOY Charging Hub - LEV AC Charge point 3.3 3.3 1 UJOY ,UJOY,Ujoy,Private,Maharashtra,Pune,LEV AC Charge point 3.3 3.3 1 UJOY Private Maharashtra Pune Pune Bhosari Pune,18.620652,73.858901,LEV AC,LEV AC Charge point,3.3,1,"Bureau of Energy Efficiency (BEE), Ministry of Power, Govt. of India",EV_PCS_Data_29277.pdf (Page 771),Operational (Verified Registry),October 2025
PUN-EV-375,UJOY Charging Hub - LEV AC Charge point 3.3 3.3 1 UJOY ,UJOY,Ujoy,Private,Maharashtra,Pune,LEV AC Charge point 3.3 3.3 1 UJOY Private Maharashtra Pune Pune Bhosari Roshan Garden Back Side Mahadev Nagar Chakrapani Road,18.629229,73.852983,LEV AC,LEV AC Charge point,3.3,1,"Bureau of Energy Efficiency (BEE), Ministry of Power, Govt. of India",EV_PCS_Data_29277.pdf (Page 771),Operational (Verified Registry),October 2025
PUN-EV-376,UJOY Charging Hub - LEV AC Charge point 3.3 3.3 1 UJOY ,UJOY,Ujoy,Private,Maharashtra,Pune,"LEV AC Charge point 3.3 3.3 1 UJOY Private Maharashtra Pune Pune Bhukar Chowk, Laxmi Chowk Road Hinjawadi",18.602758,73.745625,LEV AC,LEV AC Charge point,3.3,1,"Bureau of Energy Efficiency (BEE), Ministry of Power, Govt. of India",EV_PCS_Data_29277.pdf (Page 771),Operational (Verified Registry),October 2025
PUN-EV-377,UJOY Charging Hub - LEV AC Charge point 3.3 3.3 1 UJOY ,UJOY,Ujoy,Private,Maharashtra,Pune,LEV AC Charge point 3.3 3.3 1 UJOY Private Maharashtra Pune Pune Bhumkar,18.602461,73.747781,LEV AC,LEV AC Charge point,3.3,1,"Bureau of Energy Efficiency (BEE), Ministry of Power, Govt. of India",EV_PCS_Data_29277.pdf (Page 771),Operational (Verified Registry),October 2025
PUN-EV-378,UJOY Charging Hub - LEV AC Charge point 3.3 3.3 1 UJOY ,UJOY,Ujoy,Private,Maharashtra,Pune,LEV AC Charge point 3.3 3.3 1 UJOY Private Maharashtra Pune Pune Bhumkar Nagar Nhare,18.448818,73.833944,LEV AC,LEV AC Charge point,3.3,1,"Bureau of Energy Efficiency (BEE), Ministry of Power, Govt. of India",EV_PCS_Data_29277.pdf (Page 771),Operational (Verified Registry),October 2025
PUN-EV-379,UJOY Charging Hub - LEV AC Charge point 3.3 3.3 1 UJOY ,UJOY,Ujoy,Private,Maharashtra,Pune,LEV AC Charge point 3.3 3.3 1 UJOY Private Maharashtra Pune Pune Bhumkar Nagar Wakad,18.602154,73.749523,LEV AC,LEV AC Charge point,3.3,1,"Bureau of Energy Efficiency (BEE), Ministry of Power, Govt. of India",EV_PCS_Data_29277.pdf (Page 771),Operational (Verified Registry),October 2025
PUN-EV-380,UJOY Charging Hub - LEV AC Charge point 3.3 3.3 1 UJOY ,UJOY,Ujoy,Private,Maharashtra,Pune,LEV AC Charge point 3.3 3.3 1 UJOY Private Maharashtra Pune Pune Bhumkar Vasti,18.601673,73.750401,LEV AC,LEV AC Charge point,3.3,1,"Bureau of Energy Efficiency (BEE), Ministry of Power, Govt. of India",EV_PCS_Data_29277.pdf (Page 771),Operational (Verified Registry),October 2025
PUN-EV-381,UJOY Charging Hub - LEV AC Charge point 3.3 3.3 1 UJOY ,UJOY,Ujoy,Private,Maharashtra,Pune,LEV AC Charge point 3.3 3.3 1 UJOY Private Maharashtra Pune Pune Bijali Nagar,18.644237,73.771358,LEV AC,LEV AC Charge point,3.3,1,"Bureau of Energy Efficiency (BEE), Ministry of Power, Govt. of India",EV_PCS_Data_29277.pdf (Page 771),Operational (Verified Registry),October 2025
PUN-EV-382,UJOY Charging Hub - LEV AC Charge point 3.3 3.3 1 UJOY ,UJOY,Ujoy,Private,Maharashtra,Pune,LEV AC Charge point 3.3 3.3 1 UJOY Private Maharashtra Pune Pune Bijali Nagar Opp Water Tank Gurudhawara Raod Chinchwad Pune,18.644679,73.76809,LEV AC,LEV AC Charge point,3.3,1,"Bureau of Energy Efficiency (BEE), Ministry of Power, Govt. of India",EV_PCS_Data_29277.pdf (Page 771),Operational (Verified Registry),October 2025
PUN-EV-383,UJOY Charging Hub - LEV AC Charge point 3.3 3.3 1 UJOY ,UJOY,Ujoy,Private,Maharashtra,Pune,LEV AC Charge point 3.3 3.3 1 UJOY Private Maharashtra Pune Pune Bijli Nagar,18.645078,73.767803,LEV AC,LEV AC Charge point,3.3,1,"Bureau of Energy Efficiency (BEE), Ministry of Power, Govt. of India",EV_PCS_Data_29277.pdf (Page 771),Operational (Verified Registry),October 2025
PUN-EV-384,UJOY Charging Hub - LEV AC Charge point 3.3 3.3 1 UJOY ,UJOY,Ujoy,Private,Maharashtra,Pune,LEV AC Charge point 3.3 3.3 1 UJOY Private Maharashtra Pune Pune Birla Hospital Road Thergaon,18.619473,73.769733,LEV AC,LEV AC Charge point,3.3,1,"Bureau of Energy Efficiency (BEE), Ministry of Power, Govt. of India",EV_PCS_Data_29277.pdf (Page 771),Operational (Verified Registry),October 2025
PUN-EV-385,UJOY Charging Hub - LEV AC Charge point 3.3 3.3 1 UJOY ,UJOY,Ujoy,Private,Maharashtra,Pune,LEV AC Charge point 3.3 3.3 1 UJOY Private Maharashtra Pune Pune Bj'S College Wagoli,18.592683,74.002136,LEV AC,LEV AC Charge point,3.3,6,"Bureau of Energy Efficiency (BEE), Ministry of Power, Govt. of India",EV_PCS_Data_29277.pdf (Page 771),Operational (Verified Registry),October 2025
PUN-EV-386,UJOY Charging Hub - LEV AC Charge point 3.3 3.3 1 UJOY ,UJOY,Ujoy,Private,Maharashtra,Pune,LEV AC Charge point 3.3 3.3 1 UJOY Private Maharashtra Pune Pune Bldg No 6C6 Aundh,18.565556,73.813242,LEV AC,LEV AC Charge point,3.3,1,"Bureau of Energy Efficiency (BEE), Ministry of Power, Govt. of India",EV_PCS_Data_29277.pdf (Page 771),Operational (Verified Registry),October 2025
PUN-EV-387,UJOY Charging Hub - LEV AC Charge point 3.3 3.3 1 UJOY ,UJOY,Ujoy,Private,Maharashtra,Pune,"LEV AC Charge point 3.3 3.3 1 UJOY Private Maharashtra Pune Pune Boat Club Road,Dattanagar,Thergaon,Pune",18.624388,73.773177,LEV AC,LEV AC Charge point,3.3,1,"Bureau of Energy Efficiency (BEE), Ministry of Power, Govt. of India",EV_PCS_Data_29277.pdf (Page 771),Operational (Verified Registry),October 2025
PUN-EV-388,UJOY Charging Hub - LEV AC Charge point 3.3 3.3 1 UJOY ,UJOY,Ujoy,Private,Maharashtra,Pune,LEV AC Charge point 3.3 3.3 1 UJOY Private Maharashtra Pune Pune Bokori Road Wagoli,18.590001,74.000897,LEV AC,LEV AC Charge point,3.3,1,"Bureau of Energy Efficiency (BEE), Ministry of Power, Govt. of India",EV_PCS_Data_29277.pdf (Page 771),Operational (Verified Registry),October 2025
PUN-EV-389,UJOY Charging Hub - LEV AC Charge point 3.3 3.3 1 UJOY ,UJOY,Ujoy,Private,Maharashtra,Pune,LEV AC Charge point 3.3 3.3 1 UJOY Private Maharashtra Pune Pune Bombay Pune Highway Beldare Oetrol Pump Near D Mart,18.451838,73.844772,LEV AC,LEV AC Charge point,3.3,1,"Bureau of Energy Efficiency (BEE), Ministry of Power, Govt. of India",EV_PCS_Data_29277.pdf (Page 771),Operational (Verified Registry),October 2025
PUN-EV-390,UJOY Charging Hub - LEV AC Charge point 3.3 3.3 1 UJOY ,UJOY,Ujoy,Private,Maharashtra,Pune,LEV AC Charge point 3.3 3.3 1 UJOY Private Maharashtra Pune Pune Bopdi Chowk,18.571544,73.838011,LEV AC,LEV AC Charge point,3.3,1,"Bureau of Energy Efficiency (BEE), Ministry of Power, Govt. of India",EV_PCS_Data_29277.pdf (Page 771),Operational (Verified Registry),October 2025
PUN-EV-391,UJOY Charging Hub - LEV AC Charge point 3.3 3.3 1 UJOY ,UJOY,Ujoy,Private,Maharashtra,Pune,LEV AC Charge point 3.3 3.3 1 UJOY Private Maharashtra Pune Pune Bopodi,18.570761,73.832974,LEV AC,LEV AC Charge point,3.3,1,"Bureau of Energy Efficiency (BEE), Ministry of Power, Govt. of India",EV_PCS_Data_29277.pdf (Page 771),Operational (Verified Registry),October 2025
PUN-EV-392,UJOY Charging Hub - LEV AC Charge point 3.3 3.3 1 UJOY ,UJOY,Ujoy,Private,Maharashtra,Pune,LEV AC Charge point 3.3 3.3 1 UJOY Private Maharashtra Pune Pune Bopodi,18.573578,73.834955,LEV AC,LEV AC Charge point,3.3,1,"Bureau of Energy Efficiency (BEE), Ministry of Power, Govt. of India",EV_PCS_Data_29277.pdf (Page 771),Operational (Verified Registry),October 2025
PUN-EV-393,UJOY Charging Hub - LEV AC Charge point 3.3 3.3 1 UJOY ,UJOY,Ujoy,Private,Maharashtra,Pune,LEV AC Charge point 3.3 3.3 1 UJOY Private Maharashtra Pune Pune Borate Vasti Old Old Jakat Naka,18.662929,73.848293,LEV AC,LEV AC Charge point,3.3,1,"Bureau of Energy Efficiency (BEE), Ministry of Power, Govt. of India",EV_PCS_Data_29277.pdf (Page 771),Operational (Verified Registry),October 2025
PUN-EV-394,UJOY Charging Hub - LEV AC Charge point 3.3 3.3 1 UJOY ,UJOY,Ujoy,Private,Maharashtra,Pune,LEV AC Charge point 3.3 3.3 1 UJOY Private Maharashtra Pune Pune Brooklyn Co Op Housing Society Ltd. S No 129 C Charholi Bk 105,18.621892,73.916571,LEV AC,LEV AC Charge point,3.3,1,"Bureau of Energy Efficiency (BEE), Ministry of Power, Govt. of India",EV_PCS_Data_29277.pdf (Page 771),Operational (Verified Registry),October 2025
PUN-EV-395,UJOY Charging Hub - LEV AC Charge point 3.3 3.3 1 UJOY ,UJOY,Ujoy,Private,Maharashtra,Pune,LEV AC Charge point 3.3 3.3 1 UJOY Private Maharashtra Pune Pune Brt Road Alandi Moshi Road Moshi,18.678475,73.857744,LEV AC,LEV AC Charge point,3.3,1,"Bureau of Energy Efficiency (BEE), Ministry of Power, Govt. of India",EV_PCS_Data_29277.pdf (Page 771),Operational (Verified Registry),October 2025
PUN-EV-396,UJOY Charging Hub - LEV AC Charge point 3.3 3.3 1 UJOY ,UJOY,Ujoy,Private,Maharashtra,Pune,LEV AC Charge point 3.3 3.3 1 UJOY Private Maharashtra Pune Pune Brt Road Near Union Atm Adarsh Nagar Kalewadi Pune 17,18.617439,73.787117,LEV AC,LEV AC Charge point,3.3,1,"Bureau of Energy Efficiency (BEE), Ministry of Power, Govt. of India",EV_PCS_Data_29277.pdf (Page 771),Operational (Verified Registry),October 2025
PUN-EV-397,UJOY Charging Hub - LEV AC Charge point 3.3 3.3 1 UJOY ,UJOY,Ujoy,Private,Maharashtra,Pune,LEV AC Charge point 3.3 3.3 1 UJOY Private Maharashtra Pune Pune Brt Road Vijaynager Kalewadi,18.621777,73.790707,LEV AC,LEV AC Charge point,3.3,1,"Bureau of Energy Efficiency (BEE), Ministry of Power, Govt. of India",EV_PCS_Data_29277.pdf (Page 771),Operational (Verified Registry),October 2025
PUN-EV-398,UJOY Charging Hub - LEV AC Charge point 3.3 3.3 1 UJOY ,UJOY,Ujoy,Private,Maharashtra,Pune,"LEV AC Charge point 3.3 3.3 1 UJOY Private Maharashtra Pune Pune Bsecars, Ramnath Plaza, Old Mumbai - Pune Hwy, Opp. Bajaj Auto, Nr. Hp Petrol Pump, Akurdi, Pune, Maharashtra 411035",18.655485,73.780502,LEV AC,LEV AC Charge point,3.3,1,"Bureau of Energy Efficiency (BEE), Ministry of Power, Govt. of India",EV_PCS_Data_29277.pdf (Page 771),Operational (Verified Registry),October 2025
PUN-EV-399,"UJOY Charging Hub - Building H, Podium Parking , Naksha",UJOY,Ujoy,Private,Maharashtra,Pune,"Building H, Podium Parking , Nakshatra Phase I, Purna Nagar, Chinchwad",18.662598,73.808897,LEV AC,LEV AC Charge point,3.3,1,"Bureau of Energy Efficiency (BEE), Ministry of Power, Govt. of India",EV_PCS_Data_29277.pdf (Page 772),Operational (Verified Registry),October 2025
PUN-EV-400,UJOY Charging Hub - LEV AC Charge point 3.3 3.3 1 UJOY ,UJOY,Ujoy,Private,Maharashtra,Pune,LEV AC Charge point 3.3 3.3 1 UJOY Private Maharashtra Pune Pune Building No 5 Shop No 1 Chandralok Appartments,18.529259,73.831719,LEV AC,LEV AC Charge point,3.3,11,"Bureau of Energy Efficiency (BEE), Ministry of Power, Govt. of India",EV_PCS_Data_29277.pdf (Page 772),Operational (Verified Registry),October 2025
PUN-EV-401,UJOY Charging Hub - LEV AC Charge point 3.3 3.3 1 UJOY ,UJOY,Ujoy,Private,Maharashtra,Pune,"LEV AC Charge point 3.3 3.3 1 UJOY Private Maharashtra Pune Pune Building No. K-11, Sakalnagar, Baner Road",18.546888,73.819203,LEV AC,LEV AC Charge point,3.3,11,"Bureau of Energy Efficiency (BEE), Ministry of Power, Govt. of India",EV_PCS_Data_29277.pdf (Page 772),Operational (Verified Registry),October 2025
PUN-EV-402,UJOY Charging Hub - LEV AC Charge point 3.3 3.3 1 UJOY ,UJOY,Ujoy,Private,Maharashtra,Pune,LEV AC Charge point 3.3 3.3 1 UJOY Private Maharashtra Pune Pune By Sure Group India Jai Ganesh Vision Shop No 1 A Wing Akurdi,18.646653,73.784602,LEV AC,LEV AC Charge point,3.3,1,"Bureau of Energy Efficiency (BEE), Ministry of Power, Govt. of India",EV_PCS_Data_29277.pdf (Page 772),Operational (Verified Registry),October 2025
PUN-EV-403,UJOY Charging Hub - LEV AC Charge point 3.3 3.3 1 UJOY ,UJOY,Ujoy,Private,Maharashtra,Pune,"LEV AC Charge point 3.3 3.3 1 UJOY Private Maharashtra Pune Pune C/O Shri Ji Puja Sahitya, Shop No.1 Opp-Mathura Nagar Housing Society Gate, Sangharsh Chowk, Chandan Nagar. Opp- Hi Fi Fashions",18.56026,73.931125,LEV AC,LEV AC Charge point,3.3,1,"Bureau of Energy Efficiency (BEE), Ministry of Power, Govt. of India",EV_PCS_Data_29277.pdf (Page 772),Operational (Verified Registry),October 2025
PUN-EV-404,UJOY Charging Hub - LEV AC Charge point 3.3 3.3 1 UJOY ,UJOY,Ujoy,Private,Maharashtra,Pune,LEV AC Charge point 3.3 3.3 1 UJOY Private Maharashtra Pune Pune C1/8 Ramnagar Ghavane Wasti,18.618686,73.848347,LEV AC,LEV AC Charge point,3.3,8,"Bureau of Energy Efficiency (BEE), Ministry of Power, Govt. of India",EV_PCS_Data_29277.pdf (Page 772),Operational (Verified Registry),October 2025
PUN-EV-405,UJOY Charging Hub - LEV AC Charge point 3.3 3.3 1 UJOY ,UJOY,Ujoy,Private,Maharashtra,Pune,"LEV AC Charge point 3.3 3.3 1 UJOY Private Maharashtra Pune Pune C-11/Shop No 8, Sarvodaya Society,N.I.B.M Road, Kondhwa",18.477266,73.893906,LEV AC,LEV AC Charge point,3.3,4,"Bureau of Energy Efficiency (BEE), Ministry of Power, Govt. of India",EV_PCS_Data_29277.pdf (Page 772),Operational (Verified Registry),October 2025
PUN-EV-406,UJOY Charging Hub - LEV AC Charge point 3.3 3.3 1 UJOY ,UJOY,Ujoy,Private,Maharashtra,Pune,"LEV AC Charge point 3.3 3.3 1 UJOY Private Maharashtra Pune Pune C8 Bldg, Ramnagar Housing Society",18.618455,73.844592,LEV AC,LEV AC Charge point,3.3,1,"Bureau of Energy Efficiency (BEE), Ministry of Power, Govt. of India",EV_PCS_Data_29277.pdf (Page 772),Operational (Verified Registry),October 2025
PUN-EV-407,UJOY Charging Hub - LEV AC Charge point 3.3 3.3 1 UJOY ,UJOY,Ujoy,Private,Maharashtra,Pune,LEV AC Charge point 3.3 3.3 1 UJOY Private Maharashtra Pune Pune Chakan,18.769124,73.866917,LEV AC,LEV AC Charge point,3.3,1,"Bureau of Energy Efficiency (BEE), Ministry of Power, Govt. of India",EV_PCS_Data_29277.pdf (Page 772),Operational (Verified Registry),October 2025
PUN-EV-408,UJOY Charging Hub - LEV AC Charge point 3.3 3.3 1 UJOY ,UJOY,Ujoy,Private,Maharashtra,Pune,LEV AC Charge point 3.3 3.3 1 UJOY Private Maharashtra Pune Pune Chakan,18.750653,73.806065,LEV AC,LEV AC Charge point,3.3,1,"Bureau of Energy Efficiency (BEE), Ministry of Power, Govt. of India",EV_PCS_Data_29277.pdf (Page 772),Operational (Verified Registry),October 2025
PUN-EV-409,UJOY Charging Hub - LEV AC Charge point 3.3 3.3 1 UJOY ,UJOY,Ujoy,Private,Maharashtra,Pune,LEV AC Charge point 3.3 3.3 1 UJOY Private Maharashtra Pune Pune Chakan Pune Nashik Highway Near Hp Petrol Pump Ambethan Chouk,18.76102,73.85932,LEV AC,LEV AC Charge point,3.3,1,"Bureau of Energy Efficiency (BEE), Ministry of Power, Govt. of India",EV_PCS_Data_29277.pdf (Page 772),Operational (Verified Registry),October 2025
PUN-EV-410,UJOY Charging Hub - LEV AC Charge point 3.3 3.3 1 UJOY ,UJOY,Ujoy,Private,Maharashtra,Pune,LEV AC Charge point 3.3 3.3 1 UJOY Private Maharashtra Pune Pune Chakan Shikrapur Road Chakan,18.751879,73.863238,LEV AC,LEV AC Charge point,3.3,1,"Bureau of Energy Efficiency (BEE), Ministry of Power, Govt. of India",EV_PCS_Data_29277.pdf (Page 772),Operational (Verified Registry),October 2025
PUN-EV-411,UJOY Charging Hub - LEV AC Charge point 3.3 3.3 1 UJOY ,UJOY,Ujoy,Private,Maharashtra,Pune,LEV AC Charge point 3.3 3.3 1 UJOY Private Maharashtra Pune Pune Chakan Tal Khed Dis Pune Srinath Automotive,18.768802,73.866912,LEV AC,LEV AC Charge point,3.3,1,"Bureau of Energy Efficiency (BEE), Ministry of Power, Govt. of India",EV_PCS_Data_29277.pdf (Page 772),Operational (Verified Registry),October 2025
PUN-EV-412,UJOY Charging Hub - LEV AC Charge point 3.3 3.3 1 UJOY ,UJOY,Ujoy,Private,Maharashtra,Pune,LEV AC Charge point 3.3 3.3 1 UJOY Private Maharashtra Pune Pune Chakanker Mala Baner Balewadi Road,18.565863,73.782588,LEV AC,LEV AC Charge point,3.3,1,"Bureau of Energy Efficiency (BEE), Ministry of Power, Govt. of India",EV_PCS_Data_29277.pdf (Page 772),Operational (Verified Registry),October 2025
PUN-EV-413,UJOY Charging Hub - LEV AC Charge point 3.3 3.3 1 UJOY ,UJOY,Ujoy,Private,Maharashtra,Pune,LEV AC Charge point 3.3 3.3 1 UJOY Private Maharashtra Pune Pune Chakhan Talagave Road,18.755756,73.857153,LEV AC,LEV AC Charge point,3.3,1,"Bureau of Energy Efficiency (BEE), Ministry of Power, Govt. of India",EV_PCS_Data_29277.pdf (Page 772),Operational (Verified Registry),October 2025
PUN-EV-414,UJOY Charging Hub - LEV AC Charge point 3.3 3.3 1 UJOY ,UJOY,Ujoy,Private,Maharashtra,Pune,LEV AC Charge point 3.3 3.3 1 UJOY Private Maharashtra Pune Pune Chandan Building Shop No 6 Pimple Saudagar Road Nanekar Park Near Mantra Gym Dhanashri Hotel Pune 17,18.60583,73.801081,LEV AC,LEV AC Charge point,3.3,1,"Bureau of Energy Efficiency (BEE), Ministry of Power, Govt. of India",EV_PCS_Data_29277.pdf (Page 772),Operational (Verified Registry),October 2025
PUN-EV-415,UJOY Charging Hub - LEV AC Charge point 3.3 3.3 1 UJOY ,UJOY,Ujoy,Private,Maharashtra,Pune,LEV AC Charge point 3.3 3.3 1 UJOY Private Maharashtra Pune Pune Chandan Nagar,18.562379,73.930868,LEV AC,LEV AC Charge point,3.3,1,"Bureau of Energy Efficiency (BEE), Ministry of Power, Govt. of India",EV_PCS_Data_29277.pdf (Page 772),Operational (Verified Registry),October 2025
PUN-EV-416,UJOY Charging Hub - LEV AC Charge point 3.3 3.3 1 UJOY ,UJOY,Ujoy,Private,Maharashtra,Pune,LEV AC Charge point 3.3 3.3 1 UJOY Private Maharashtra Pune Pune Chandan Nagar Nagar Road,18.562718,73.930868,LEV AC,LEV AC Charge point,3.3,1,"Bureau of Energy Efficiency (BEE), Ministry of Power, Govt. of India",EV_PCS_Data_29277.pdf (Page 772),Operational (Verified Registry),October 2025
PUN-EV-417,UJOY Charging Hub - LEV AC Charge point 3.3 3.3 1 UJOY ,UJOY,Ujoy,Private,Maharashtra,Pune,LEV AC Charge point 3.3 3.3 1 UJOY Private Maharashtra Pune Pune Chandrakant Colony Jyotiba Nagar Pune 17,18.612965,73.791496,LEV AC,LEV AC Charge point,3.3,1,"Bureau of Energy Efficiency (BEE), Ministry of Power, Govt. of India",EV_PCS_Data_29277.pdf (Page 772),Operational (Verified Registry),October 2025
PUN-EV-418,UJOY Charging Hub - LEV AC Charge point 3.3 3.3 1 UJOY ,UJOY,Ujoy,Private,Maharashtra,Pune,LEV AC Charge point 3.3 3.3 1 UJOY Private Maharashtra Pune Pune Chapekar Chowk,18.629185,73.782077,LEV AC,LEV AC Charge point,3.3,1,"Bureau of Energy Efficiency (BEE), Ministry of Power, Govt. of India",EV_PCS_Data_29277.pdf (Page 772),Operational (Verified Registry),October 2025
PUN-EV-419,UJOY Charging Hub - LEV AC Charge point 3.3 3.3 1 UJOY ,UJOY,Ujoy,Private,Maharashtra,Pune,LEV AC Charge point 3.3 3.3 1 UJOY Private Maharashtra Pune Pune Charholi Bk,18.6367,73.874622,LEV AC,LEV AC Charge point,3.3,1,"Bureau of Energy Efficiency (BEE), Ministry of Power, Govt. of India",EV_PCS_Data_29277.pdf (Page 772),Operational (Verified Registry),October 2025
PUN-EV-420,UJOY Charging Hub - LEV AC Charge point 3.3 3.3 1 UJOY ,UJOY,Ujoy,Private,Maharashtra,Pune,LEV AC Charge point 3.3 3.3 1 UJOY Private Maharashtra Pune Pune Charoli Bk,18.6238,73.918299,LEV AC,LEV AC Charge point,3.3,1,"Bureau of Energy Efficiency (BEE), Ministry of Power, Govt. of India",EV_PCS_Data_29277.pdf (Page 772),Operational (Verified Registry),October 2025
PUN-EV-421,UJOY Charging Hub - LEV AC Charge point 3.3 3.3 1 UJOY ,UJOY,Ujoy,Private,Maharashtra,Pune,LEV AC Charge point 3.3 3.3 1 UJOY Private Maharashtra Pune Pune Chatrapati Chowk Wakad,18.595817,73.773238,LEV AC,LEV AC Charge point,3.3,1,"Bureau of Energy Efficiency (BEE), Ministry of Power, Govt. of India",EV_PCS_Data_29277.pdf (Page 772),Operational (Verified Registry),October 2025
PUN-EV-422,UJOY Charging Hub - LEV AC Charge point 3.3 3.3 1 UJOY ,UJOY,Ujoy,Private,Maharashtra,Pune,LEV AC Charge point 3.3 3.3 1 UJOY Private Maharashtra Pune Pune Cherry Blossom Shop No 2 Ambegaon Dhabadi,18.459914,73.829836,LEV AC,LEV AC Charge point,3.3,1,"Bureau of Energy Efficiency (BEE), Ministry of Power, Govt. of India",EV_PCS_Data_29277.pdf (Page 772),Operational (Verified Registry),October 2025
PUN-EV-423,UJOY Charging Hub - LEV AC Charge point 3.3 3.3 1 UJOY ,UJOY,Ujoy,Private,Maharashtra,Pune,LEV AC Charge point 3.3 3.3 1 UJOY Private Maharashtra Pune Pune Chichinchwad,18.623657,73.776241,LEV AC,LEV AC Charge point,3.3,1,"Bureau of Energy Efficiency (BEE), Ministry of Power, Govt. of India",EV_PCS_Data_29277.pdf (Page 772),Operational (Verified Registry),October 2025
PUN-EV-424,UJOY Charging Hub - LEV AC Charge point 3.3 3.3 1 UJOY ,UJOY,Ujoy,Private,Maharashtra,Pune,LEV AC Charge point 3.3 3.3 1 UJOY Private Maharashtra Pune Pune Chikali Road Sani Chauk,18.672147,73.800477,LEV AC,LEV AC Charge point,3.3,1,"Bureau of Energy Efficiency (BEE), Ministry of Power, Govt. of India",EV_PCS_Data_29277.pdf (Page 772),Operational (Verified Registry),October 2025
PUN-EV-425,UJOY Charging Hub - LEV AC Charge point 3.3 3.3 1 UJOY ,UJOY,Ujoy,Private,Maharashtra,Pune,LEV AC Charge point 3.3 3.3 1 UJOY Private Maharashtra Pune Pune Chikhali,18.681306,73.807549,LEV AC,LEV AC Charge point,3.3,1,"Bureau of Energy Efficiency (BEE), Ministry of Power, Govt. of India",EV_PCS_Data_29277.pdf (Page 772),Operational (Verified Registry),October 2025
PUN-EV-426,UJOY Charging Hub - LEV AC Charge point 3.3 3.3 1 UJOY ,UJOY,Ujoy,Private,Maharashtra,Pune,LEV AC Charge point 3.3 3.3 1 UJOY Private Maharashtra Pune Pune Chikhki,18.674496,73.804111,LEV AC,LEV AC Charge point,3.3,1,"Bureau of Energy Efficiency (BEE), Ministry of Power, Govt. of India",EV_PCS_Data_29277.pdf (Page 772),Operational (Verified Registry),October 2025
PUN-EV-427,UJOY Charging Hub - LEV AC Charge point 3.3 3.3 1 UJOY ,UJOY,Ujoy,Private,Maharashtra,Pune,LEV AC Charge point 3.3 3.3 1 UJOY Private Maharashtra Pune Pune Chikhli,18.681399,73.826712,LEV AC,LEV AC Charge point,3.3,1,"Bureau of Energy Efficiency (BEE), Ministry of Power, Govt. of India",EV_PCS_Data_29277.pdf (Page 772),Operational (Verified Registry),October 2025
PUN-EV-428,UJOY Charging Hub - LEV AC Charge point 3.3 3.3 1 UJOY ,UJOY,Ujoy,Private,Maharashtra,Pune,LEV AC Charge point 3.3 3.3 1 UJOY Private Maharashtra Pune Pune Chikhli,18.671176,73.799489,LEV AC,LEV AC Charge point,3.3,1,"Bureau of Energy Efficiency (BEE), Ministry of Power, Govt. of India",EV_PCS_Data_29277.pdf (Page 772),Operational (Verified Registry),October 2025
PUN-EV-429,UJOY Charging Hub - LEV AC Charge point 3.3 3.3 1 UJOY ,UJOY,Ujoy,Private,Maharashtra,Pune,LEV AC Charge point 3.3 3.3 1 UJOY Private Maharashtra Pune Pune Chimani Fata Chakan,18.6954,73.847126,LEV AC,LEV AC Charge point,3.3,1,"Bureau of Energy Efficiency (BEE), Ministry of Power, Govt. of India",EV_PCS_Data_29277.pdf (Page 772),Operational (Verified Registry),October 2025
PUN-EV-430,UJOY Charging Hub - LEV AC Charge point 3.3 3.3 1 UJOY ,UJOY,Ujoy,Private,Maharashtra,Pune,LEV AC Charge point 3.3 3.3 1 UJOY Private Maharashtra Pune Pune Chimbali Batwalwasti,18.686096,73.858352,LEV AC,LEV AC Charge point,3.3,1,"Bureau of Energy Efficiency (BEE), Ministry of Power, Govt. of India",EV_PCS_Data_29277.pdf (Page 772),Operational (Verified Registry),October 2025
PUN-EV-431,UJOY Charging Hub - LEV AC Charge point 3.3 3.3 1 UJOY ,UJOY,Ujoy,Private,Maharashtra,Pune,LEV AC Charge point 3.3 3.3 1 UJOY Private Maharashtra Pune Pune Chimbali Phata Kurli,18.698125,73.847397,LEV AC,LEV AC Charge point,3.3,1,"Bureau of Energy Efficiency (BEE), Ministry of Power, Govt. of India",EV_PCS_Data_29277.pdf (Page 772),Operational (Verified Registry),October 2025
PUN-EV-432,UJOY Charging Hub - LEV AC Charge point 3.3 3.3 1 UJOY ,UJOY,Ujoy,Private,Maharashtra,Pune,LEV AC Charge point 3.3 3.3 1 UJOY Private Maharashtra Thane Thane Chinchecha Mala Mhetre Wasti,18.676533,73.793495,LEV AC,LEV AC Charge point,3.3,1,"Bureau of Energy Efficiency (BEE), Ministry of Power, Govt. of India",EV_PCS_Data_29277.pdf (Page 772),Operational (Verified Registry),October 2025
PUN-EV-433,UJOY Charging Hub - Chinchwad,UJOY,Ujoy,Private,Maharashtra,Pune,Chinchwad,18.631544,73.772429,LEV AC,LEV AC Charge point,3.3,1,"Bureau of Energy Efficiency (BEE), Ministry of Power, Govt. of India",EV_PCS_Data_29277.pdf (Page 773),Operational (Verified Registry),October 2025
PUN-EV-434,UJOY Charging Hub - LEV AC Charge point 3.3 3.3 1 UJOY ,UJOY,Ujoy,Private,Maharashtra,Pune,LEV AC Charge point 3.3 3.3 1 UJOY Private Maharashtra Pune Pune Chinchwad,18.629295,73.786606,LEV AC,LEV AC Charge point,3.3,1,"Bureau of Energy Efficiency (BEE), Ministry of Power, Govt. of India",EV_PCS_Data_29277.pdf (Page 773),Operational (Verified Registry),October 2025
PUN-EV-435,UJOY Charging Hub - LEV AC Charge point 3.3 3.3 1 UJOY ,UJOY,Ujoy,Private,Maharashtra,Pune,LEV AC Charge point 3.3 3.3 1 UJOY Private Maharashtra Pune Pune Chinchwad Midc,18.649545,73.788994,LEV AC,LEV AC Charge point,3.3,1,"Bureau of Energy Efficiency (BEE), Ministry of Power, Govt. of India",EV_PCS_Data_29277.pdf (Page 773),Operational (Verified Registry),October 2025
PUN-EV-436,UJOY Charging Hub - LEV AC Charge point 3.3 3.3 1 UJOY ,UJOY,Ujoy,Private,Maharashtra,Pune,LEV AC Charge point 3.3 3.3 1 UJOY Private Maharashtra Pune Pune Chinchwd,18.624884,73.777064,LEV AC,LEV AC Charge point,3.3,1,"Bureau of Energy Efficiency (BEE), Ministry of Power, Govt. of India",EV_PCS_Data_29277.pdf (Page 773),Operational (Verified Registry),October 2025
PUN-EV-437,UJOY Charging Hub - LEV AC Charge point 3.3 3.3 1 UJOY ,UJOY,Ujoy,Private,Maharashtra,Pune,LEV AC Charge point 3.3 3.3 1 UJOY Private Maharashtra Pune Pune Chinwad,18.625114,73.78087,LEV AC,LEV AC Charge point,3.3,1,"Bureau of Energy Efficiency (BEE), Ministry of Power, Govt. of India",EV_PCS_Data_29277.pdf (Page 773),Operational (Verified Registry),October 2025
PUN-EV-438,UJOY Charging Hub - LEV AC Charge point 3.3 3.3 1 UJOY ,UJOY,Ujoy,Private,Maharashtra,Pune,LEV AC Charge point 3.3 3.3 1 UJOY Private Maharashtra Pune Pune Chirst Collage Opp Church Vadgaonsheri Pune,18.554869,73.915452,LEV AC,LEV AC Charge point,3.3,1,"Bureau of Energy Efficiency (BEE), Ministry of Power, Govt. of India",EV_PCS_Data_29277.pdf (Page 773),Operational (Verified Registry),October 2025
PUN-EV-439,UJOY Charging Hub - LEV AC Charge point 3.3 3.3 1 UJOY ,UJOY,Ujoy,Private,Maharashtra,Pune,LEV AC Charge point 3.3 3.3 1 UJOY Private Maharashtra Pune Pune Clubhouse Solitaire Residency,18.600412,73.792191,LEV AC,LEV AC Charge point,3.3,1,"Bureau of Energy Efficiency (BEE), Ministry of Power, Govt. of India",EV_PCS_Data_29277.pdf (Page 773),Operational (Verified Registry),October 2025
PUN-EV-440,UJOY Charging Hub - LEV AC Charge point 3.3 3.3 1 UJOY ,UJOY,Ujoy,Private,Maharashtra,Pune,"LEV AC Charge point 3.3 3.3 1 UJOY Private Maharashtra Pune Pune Cmi Best Mart Jagtap Patil Estate Shop No.1Sadguru Jangli Maharaj Road Opp Aditya Complex Near Dynosor Garden, Pimple Gurav",18.593604,73.815459,LEV AC,LEV AC Charge point,3.3,8,"Bureau of Energy Efficiency (BEE), Ministry of Power, Govt. of India",EV_PCS_Data_29277.pdf (Page 773),Operational (Verified Registry),October 2025
PUN-EV-441,UJOY Charging Hub - LEV AC Charge point 3.3 3.3 1 UJOY ,UJOY,Ujoy,Private,Maharashtra,Pune,LEV AC Charge point 3.3 3.3 1 UJOY Private Maharashtra Pune Pune Col No 8 Laxshminarayan Nagar Wafhmukhwadi,18.645031,73.877244,LEV AC,LEV AC Charge point,3.3,1,"Bureau of Energy Efficiency (BEE), Ministry of Power, Govt. of India",EV_PCS_Data_29277.pdf (Page 773),Operational (Verified Registry),October 2025
PUN-EV-442,UJOY Charging Hub - LEV AC Charge point 3.3 3.3 1 UJOY ,UJOY,Ujoy,Private,Maharashtra,Pune,LEV AC Charge point 3.3 3.3 1 UJOY Private Maharashtra Pune Pune Common Parking,18.600371,73.808868,LEV AC,LEV AC Charge point,3.3,1,"Bureau of Energy Efficiency (BEE), Ministry of Power, Govt. of India",EV_PCS_Data_29277.pdf (Page 773),Operational (Verified Registry),October 2025
PUN-EV-443,UJOY Charging Hub - LEV AC Charge point 3.3 3.3 1 UJOY ,UJOY,Ujoy,Private,Maharashtra,Pune,"LEV AC Charge point 3.3 3.3 1 UJOY Private Maharashtra Pune Pune Covered Parking No. 1, Jayant Apartment, Bijalinagar, Giriraj Society Road, Chinchwad, Pune 411033",18.64188,73.774498,LEV AC,LEV AC Charge point,3.3,1,"Bureau of Energy Efficiency (BEE), Ministry of Power, Govt. of India",EV_PCS_Data_29277.pdf (Page 773),Operational (Verified Registry),October 2025
PUN-EV-444,UJOY Charging Hub - LEV AC Charge point 3.3 3.3 1 UJOY ,UJOY,Ujoy,Private,Maharashtra,Pune,LEV AC Charge point 3.3 3.3 1 UJOY Private Maharashtra Pune Pune Crazy Cheesy Cafe Sinhagad Road,18.470856,73.820756,LEV AC,LEV AC Charge point,3.3,1,"Bureau of Energy Efficiency (BEE), Ministry of Power, Govt. of India",EV_PCS_Data_29277.pdf (Page 773),Operational (Verified Registry),October 2025
PUN-EV-445,UJOY Charging Hub - LEV AC Charge point 3.3 3.3 1 UJOY ,UJOY,Ujoy,Private,Maharashtra,Pune,LEV AC Charge point 3.3 3.3 1 UJOY Private Maharashtra Pune Pune Cummins Collage Road,18.487366,73.822331,LEV AC,LEV AC Charge point,3.3,1,"Bureau of Energy Efficiency (BEE), Ministry of Power, Govt. of India",EV_PCS_Data_29277.pdf (Page 773),Operational (Verified Registry),October 2025
PUN-EV-446,UJOY Charging Hub - LEV AC Charge point 3.3 3.3 1 UJOY ,UJOY,Ujoy,Private,Maharashtra,Pune,"LEV AC Charge point 3.3 3.3 1 UJOY Private Maharashtra Pune Pune Cv Harshavardhan Pg, Near Magarpatta South Gate, Near Magarpatta City, Pune, 411028",18.507832,73.927302,LEV AC,LEV AC Charge point,3.3,1,"Bureau of Energy Efficiency (BEE), Ministry of Power, Govt. of India",EV_PCS_Data_29277.pdf (Page 773),Operational (Verified Registry),October 2025
PUN-EV-447,UJOY Charging Hub - LEV AC Charge point 3.3 3.3 1 UJOY ,UJOY,Ujoy,Private,Maharashtra,Pune,"LEV AC Charge point 3.3 3.3 1 UJOY Private Maharashtra Pune Pune D 176, Basement 1, Sargam, Nanded City",18.46021,73.793798,LEV AC,LEV AC Charge point,3.3,1,"Bureau of Energy Efficiency (BEE), Ministry of Power, Govt. of India",EV_PCS_Data_29277.pdf (Page 773),Operational (Verified Registry),October 2025
PUN-EV-448,UJOY Charging Hub - LEV AC Charge point 3.3 3.3 1 UJOY ,UJOY,Ujoy,Private,Maharashtra,Pune,"LEV AC Charge point 3.3 3.3 1 UJOY Private Maharashtra Pune Pune D Building, Swaraj Complex, Opp Dutta Mandir , Wadgaonsheri",18.546391,73.921617,LEV AC,LEV AC Charge point,3.3,1,"Bureau of Energy Efficiency (BEE), Ministry of Power, Govt. of India",EV_PCS_Data_29277.pdf (Page 773),Operational (Verified Registry),October 2025
PUN-EV-449,UJOY Charging Hub - LEV AC Charge point 3.3 3.3 1 UJOY ,UJOY,Ujoy,Private,Maharashtra,Pune,LEV AC Charge point 3.3 3.3 1 UJOY Private Maharashtra Pune Pune D V Chambers Opp Bajaj Auto Ltd Mumbai Pune Road Akurdi Pune 411035,18.655721,73.780268,LEV AC,LEV AC Charge point,3.3,1,"Bureau of Energy Efficiency (BEE), Ministry of Power, Govt. of India",EV_PCS_Data_29277.pdf (Page 773),Operational (Verified Registry),October 2025
PUN-EV-450,UJOY Charging Hub - LEV AC Charge point 3.3 3.3 1 UJOY ,UJOY,Ujoy,Private,Maharashtra,Pune,LEV AC Charge point 3.3 3.3 1 UJOY Private Maharashtra Pune Pune D Y Patil,18.621105,73.817794,LEV AC,LEV AC Charge point,3.3,1,"Bureau of Energy Efficiency (BEE), Ministry of Power, Govt. of India",EV_PCS_Data_29277.pdf (Page 773),Operational (Verified Registry),October 2025
PUN-EV-451,UJOY Charging Hub - LEV AC Charge point 3.3 3.3 1 UJOY ,UJOY,Ujoy,Private,Maharashtra,Pune,LEV AC Charge point 3.3 3.3 1 UJOY Private Maharashtra Pune Pune D2 Block Chinchwad Midc,18.648879,73.803634,LEV AC,LEV AC Charge point,3.3,7,"Bureau of Energy Efficiency (BEE), Ministry of Power, Govt. of India",EV_PCS_Data_29277.pdf (Page 773),Operational (Verified Registry),October 2025
PUN-EV-452,UJOY Charging Hub - LEV AC Charge point 3.3 3.3 1 UJOY ,UJOY,Ujoy,Private,Maharashtra,Pune,LEV AC Charge point 3.3 3.3 1 UJOY Private Maharashtra Pune Pune Dadaji Vasti Vagholi Dhanori Road Wagholi,18.592138,73.944367,LEV AC,LEV AC Charge point,3.3,1,"Bureau of Energy Efficiency (BEE), Ministry of Power, Govt. of India",EV_PCS_Data_29277.pdf (Page 773),Operational (Verified Registry),October 2025
PUN-EV-453,UJOY Charging Hub - LEV AC Charge point 3.3 3.3 1 UJOY ,UJOY,Ujoy,Private,Maharashtra,Pune,LEV AC Charge point 3.3 3.3 1 UJOY Private Maharashtra Pune Pune Damodar Kate Chouk Near Vishvshanti Colony Pimple Saudagar Pune 17,18.598676,73.797972,LEV AC,LEV AC Charge point,3.3,1,"Bureau of Energy Efficiency (BEE), Ministry of Power, Govt. of India",EV_PCS_Data_29277.pdf (Page 773),Operational (Verified Registry),October 2025
PUN-EV-454,UJOY Charging Hub - LEV AC Charge point 3.3 3.3 1 UJOY ,UJOY,Ujoy,Private,Maharashtra,Pune,LEV AC Charge point 3.3 3.3 1 UJOY Private Maharashtra Pune Pune Dangat Patil Nagar Shivane,18.469488,73.788438,LEV AC,LEV AC Charge point,3.3,1,"Bureau of Energy Efficiency (BEE), Ministry of Power, Govt. of India",EV_PCS_Data_29277.pdf (Page 773),Operational (Verified Registry),October 2025
PUN-EV-455,UJOY Charging Hub - LEV AC Charge point 3.3 3.3 1 UJOY ,UJOY,Ujoy,Private,Maharashtra,Pune,LEV AC Charge point 3.3 3.3 1 UJOY Private Maharashtra Pune Pune Dange Chowk Hingewadi Road,18.610787,73.759789,LEV AC,LEV AC Charge point,3.3,1,"Bureau of Energy Efficiency (BEE), Ministry of Power, Govt. of India",EV_PCS_Data_29277.pdf (Page 773),Operational (Verified Registry),October 2025
PUN-EV-456,UJOY Charging Hub - LEV AC Charge point 3.3 3.3 1 UJOY ,UJOY,Ujoy,Private,Maharashtra,Pune,LEV AC Charge point 3.3 3.3 1 UJOY Private Maharashtra Pune Pune Dange Chowk Jk Tyres,18.616651,73.765848,LEV AC,LEV AC Charge point,3.3,1,"Bureau of Energy Efficiency (BEE), Ministry of Power, Govt. of India",EV_PCS_Data_29277.pdf (Page 773),Operational (Verified Registry),October 2025
PUN-EV-457,UJOY Charging Hub - LEV AC Charge point 3.3 3.3 1 UJOY ,UJOY,Ujoy,Private,Maharashtra,Pune,LEV AC Charge point 3.3 3.3 1 UJOY Private Maharashtra Pune Pune Dange Chowk Thergaon Fata Aditya Birla Hospital Marg Near Hotel Roce Wood,18.617107,73.7674,LEV AC,LEV AC Charge point,3.3,1,"Bureau of Energy Efficiency (BEE), Ministry of Power, Govt. of India",EV_PCS_Data_29277.pdf (Page 773),Operational (Verified Registry),October 2025
PUN-EV-458,UJOY Charging Hub - LEV AC Charge point 3.3 3.3 1 UJOY ,UJOY,Ujoy,Private,Maharashtra,Pune,"LEV AC Charge point 3.3 3.3 1 UJOY Private Maharashtra Pune Pune Dange Chowk, Pune",18.609413,73.764458,LEV AC,LEV AC Charge point,3.3,1,"Bureau of Energy Efficiency (BEE), Ministry of Power, Govt. of India",EV_PCS_Data_29277.pdf (Page 773),Operational (Verified Registry),October 2025
PUN-EV-459,UJOY Charging Hub - LEV AC Charge point 3.3 3.3 1 UJOY ,UJOY,Ujoy,Private,Maharashtra,Pune,LEV AC Charge point 3.3 3.3 1 UJOY Private Maharashtra Pune Pune Dankawadi Vandrya Colony Pune,18.463705,73.848426,LEV AC,LEV AC Charge point,3.3,1,"Bureau of Energy Efficiency (BEE), Ministry of Power, Govt. of India",EV_PCS_Data_29277.pdf (Page 773),Operational (Verified Registry),October 2025
PUN-EV-460,UJOY Charging Hub - LEV AC Charge point 3.3 3.3 1 UJOY ,UJOY,Ujoy,Private,Maharashtra,Pune,LEV AC Charge point 3.3 3.3 1 UJOY Private Maharashtra Pune Pune Dapodi,18.579749,73.830222,LEV AC,LEV AC Charge point,3.3,1,"Bureau of Energy Efficiency (BEE), Ministry of Power, Govt. of India",EV_PCS_Data_29277.pdf (Page 773),Operational (Verified Registry),October 2025
PUN-EV-461,UJOY Charging Hub - LEV AC Charge point 3.3 3.3 1 UJOY ,UJOY,Ujoy,Private,Maharashtra,Pune,LEV AC Charge point 3.3 3.3 1 UJOY Private Maharashtra Pune Pune Dapodi,18.58209,73.828734,LEV AC,LEV AC Charge point,3.3,7,"Bureau of Energy Efficiency (BEE), Ministry of Power, Govt. of India",EV_PCS_Data_29277.pdf (Page 773),Operational (Verified Registry),October 2025
PUN-EV-462,UJOY Charging Hub - LEV AC Charge point 3.3 3.3 1 UJOY ,UJOY,Ujoy,Private,Maharashtra,Pune,"LEV AC Charge point 3.3 3.3 1 UJOY Private Maharashtra Pune Pune Datta Mandir Rd, Shankar Kalat Nagar, Wakad, Pimpri-Chinchwad, Maharashtra 411057-Charger-1",18.593885,73.763182,LEV AC,LEV AC Charge point,3.3,1,"Bureau of Energy Efficiency (BEE), Ministry of Power, Govt. of India",EV_PCS_Data_29277.pdf (Page 773),Operational (Verified Registry),October 2025
PUN-EV-463,"UJOY Charging Hub - Datta Mandir Rd, Shankar Kalat Naga",UJOY,Ujoy,Private,Maharashtra,Pune,"Datta Mandir Rd, Shankar Kalat Nagar, Wakad, Pimpri-Chinchwad, Maharashtra 411057-Charger-2",18.602621,73.764345,LEV AC,LEV AC Charge point,3.3,1,"Bureau of Energy Efficiency (BEE), Ministry of Power, Govt. of India",EV_PCS_Data_29277.pdf (Page 774),Operational (Verified Registry),October 2025
PUN-EV-464,UJOY Charging Hub - LEV AC Charge point 3.3 3.3 1 UJOY ,UJOY,Ujoy,Private,Maharashtra,Pune,LEV AC Charge point 3.3 3.3 1 UJOY Private Maharashtra Pune Pune Datta Mandir Road,18.595401,73.761772,LEV AC,LEV AC Charge point,3.3,1,"Bureau of Energy Efficiency (BEE), Ministry of Power, Govt. of India",EV_PCS_Data_29277.pdf (Page 774),Operational (Verified Registry),October 2025
PUN-EV-465,UJOY Charging Hub - LEV AC Charge point 3.3 3.3 1 UJOY ,UJOY,Ujoy,Private,Maharashtra,Pune,"LEV AC Charge point 3.3 3.3 1 UJOY Private Maharashtra Pune Pune Datta Nagar ,Ambegaon Bk",18.449249,73.848911,LEV AC,LEV AC Charge point,3.3,1,"Bureau of Energy Efficiency (BEE), Ministry of Power, Govt. of India",EV_PCS_Data_29277.pdf (Page 774),Operational (Verified Registry),October 2025
PUN-EV-466,UJOY Charging Hub - LEV AC Charge point 3.3 3.3 1 UJOY ,UJOY,Ujoy,Private,Maharashtra,Pune,LEV AC Charge point 3.3 3.3 1 UJOY Private Maharashtra Pune Pune Datta Nagar Bharti Vidyapith Road Opp Wai Arban Bank,18.452505,73.851126,LEV AC,LEV AC Charge point,3.3,1,"Bureau of Energy Efficiency (BEE), Ministry of Power, Govt. of India",EV_PCS_Data_29277.pdf (Page 774),Operational (Verified Registry),October 2025
PUN-EV-467,UJOY Charging Hub - LEV AC Charge point 3.3 3.3 1 UJOY ,UJOY,Ujoy,Private,Maharashtra,Pune,LEV AC Charge point 3.3 3.3 1 UJOY Private Maharashtra Nagpur Nagpur Datta Nagar Dhighi,18.623308,73.874313,LEV AC,LEV AC Charge point,3.3,1,"Bureau of Energy Efficiency (BEE), Ministry of Power, Govt. of India",EV_PCS_Data_29277.pdf (Page 774),Operational (Verified Registry),October 2025
PUN-EV-468,UJOY Charging Hub - LEV AC Charge point 3.3 3.3 1 UJOY ,UJOY,Ujoy,Private,Maharashtra,Pune,LEV AC Charge point 3.3 3.3 1 UJOY Private Maharashtra Pune Pune Datta Nagar Perne Phata,18.642695,74.051792,LEV AC,LEV AC Charge point,3.3,1,"Bureau of Energy Efficiency (BEE), Ministry of Power, Govt. of India",EV_PCS_Data_29277.pdf (Page 774),Operational (Verified Registry),October 2025
PUN-EV-469,UJOY Charging Hub - LEV AC Charge point 3.3 3.3 1 UJOY ,UJOY,Ujoy,Private,Maharashtra,Pune,LEV AC Charge point 3.3 3.3 1 UJOY Private Maharashtra Pune Pune Dattanagar Chowk Aambegaon,18.450014,73.849234,LEV AC,LEV AC Charge point,3.3,1,"Bureau of Energy Efficiency (BEE), Ministry of Power, Govt. of India",EV_PCS_Data_29277.pdf (Page 774),Operational (Verified Registry),October 2025
PUN-EV-470,UJOY Charging Hub - LEV AC Charge point 3.3 3.3 1 UJOY ,UJOY,Ujoy,Private,Maharashtra,Pune,LEV AC Charge point 3.3 3.3 1 UJOY Private Maharashtra Pune Pune Dattawadi Golabal Hoaspital,18.501007,73.84088,LEV AC,LEV AC Charge point,3.3,1,"Bureau of Energy Efficiency (BEE), Ministry of Power, Govt. of India",EV_PCS_Data_29277.pdf (Page 774),Operational (Verified Registry),October 2025
PUN-EV-471,UJOY Charging Hub - LEV AC Charge point 3.3 3.3 1 UJOY ,UJOY,Ujoy,Private,Maharashtra,Pune,LEV AC Charge point 3.3 3.3 1 UJOY Private Maharashtra Pune Pune Dattnagar Birla Hospital Thergaon Pune 33,18.623402,73.77498,LEV AC,LEV AC Charge point,3.3,1,"Bureau of Energy Efficiency (BEE), Ministry of Power, Govt. of India",EV_PCS_Data_29277.pdf (Page 774),Operational (Verified Registry),October 2025
PUN-EV-472,UJOY Charging Hub - LEV AC Charge point 3.3 3.3 1 UJOY ,UJOY,Ujoy,Private,Maharashtra,Pune,LEV AC Charge point 3.3 3.3 1 UJOY Private Maharashtra Pune Pune Dattnagar Ambegon Road,18.449172,73.847048,LEV AC,LEV AC Charge point,3.3,1,"Bureau of Energy Efficiency (BEE), Ministry of Power, Govt. of India",EV_PCS_Data_29277.pdf (Page 774),Operational (Verified Registry),October 2025
PUN-EV-473,UJOY Charging Hub - LEV AC Charge point 3.3 3.3 1 UJOY ,UJOY,Ujoy,Private,Maharashtra,Pune,LEV AC Charge point 3.3 3.3 1 UJOY Private Maharashtra Pune Pune Dayal Heights,18.601679,73.781576,LEV AC,LEV AC Charge point,3.3,5,"Bureau of Energy Efficiency (BEE), Ministry of Power, Govt. of India",EV_PCS_Data_29277.pdf (Page 774),Operational (Verified Registry),October 2025
PUN-EV-474,UJOY Charging Hub - LEV AC Charge point 3.3 3.3 1 UJOY ,UJOY,Ujoy,Private,Maharashtra,Pune,LEV AC Charge point 3.3 3.3 1 UJOY Private Maharashtra Pune Pune Deepashri Apt Lane No 5 Behind Sagar Sweet Dahanukar Colony Kothrud Pune,18.495049,73.811796,LEV AC,LEV AC Charge point,3.3,1,"Bureau of Energy Efficiency (BEE), Ministry of Power, Govt. of India",EV_PCS_Data_29277.pdf (Page 774),Operational (Verified Registry),October 2025
PUN-EV-475,UJOY Charging Hub - LEV AC Charge point 3.3 3.3 1 UJOY ,UJOY,Ujoy,Private,Maharashtra,Pune,LEV AC Charge point 3.3 3.3 1 UJOY Private Maharashtra Pune Pune Defence Society R N D Anandi Pune Road Vishrantwadi,18.583148,73.875347,LEV AC,LEV AC Charge point,3.3,1,"Bureau of Energy Efficiency (BEE), Ministry of Power, Govt. of India",EV_PCS_Data_29277.pdf (Page 774),Operational (Verified Registry),October 2025
PUN-EV-476,UJOY Charging Hub - LEV AC Charge point 3.3 3.3 1 UJOY ,UJOY,Ujoy,Private,Maharashtra,Pune,LEV AC Charge point 3.3 3.3 1 UJOY Private Maharashtra Pune Pune Dehu Fata Alandi,18.672127,73.892256,LEV AC,LEV AC Charge point,3.3,1,"Bureau of Energy Efficiency (BEE), Ministry of Power, Govt. of India",EV_PCS_Data_29277.pdf (Page 774),Operational (Verified Registry),October 2025
PUN-EV-477,UJOY Charging Hub - LEV AC Charge point 3.3 3.3 1 UJOY ,UJOY,Ujoy,Private,Maharashtra,Pune,LEV AC Charge point 3.3 3.3 1 UJOY Private Maharashtra Pune Pune Dehu Fata Alandi Devachi,18.673159,73.893228,LEV AC,LEV AC Charge point,3.3,1,"Bureau of Energy Efficiency (BEE), Ministry of Power, Govt. of India",EV_PCS_Data_29277.pdf (Page 774),Operational (Verified Registry),October 2025
PUN-EV-478,UJOY Charging Hub - LEV AC Charge point 3.3 3.3 1 UJOY ,UJOY,Ujoy,Private,Maharashtra,Pune,LEV AC Charge point 3.3 3.3 1 UJOY Private Maharashtra Pune Pune Dehuroad Opp Cantt. Hospital Old Mumbai Pune Road 412101,18.6823,73.730295,LEV AC,LEV AC Charge point,3.3,1,"Bureau of Energy Efficiency (BEE), Ministry of Power, Govt. of India",EV_PCS_Data_29277.pdf (Page 774),Operational (Verified Registry),October 2025
PUN-EV-479,UJOY Charging Hub - LEV AC Charge point 3.3 3.3 1 UJOY ,UJOY,Ujoy,Private,Maharashtra,Pune,LEV AC Charge point 3.3 3.3 1 UJOY Private Maharashtra Pune Pune Devkar Paradise Shop No 8,18.625731,73.780473,LEV AC,LEV AC Charge point,3.3,5,"Bureau of Energy Efficiency (BEE), Ministry of Power, Govt. of India",EV_PCS_Data_29277.pdf (Page 774),Operational (Verified Registry),October 2025
PUN-EV-480,UJOY Charging Hub - LEV AC Charge point 3.3 3.3 1 UJOY ,UJOY,Ujoy,Private,Maharashtra,Pune,LEV AC Charge point 3.3 3.3 1 UJOY Private Maharashtra Pune Pune Dhankawadi,18.462864,73.85673,LEV AC,LEV AC Charge point,3.3,1,"Bureau of Energy Efficiency (BEE), Ministry of Power, Govt. of India",EV_PCS_Data_29277.pdf (Page 774),Operational (Verified Registry),October 2025
PUN-EV-481,UJOY Charging Hub - LEV AC Charge point 3.3 3.3 1 UJOY ,UJOY,Ujoy,Private,Maharashtra,Pune,LEV AC Charge point 3.3 3.3 1 UJOY Private Maharashtra Pune Pune Dhankawdi,18.46935,73.858455,LEV AC,LEV AC Charge point,3.3,1,"Bureau of Energy Efficiency (BEE), Ministry of Power, Govt. of India",EV_PCS_Data_29277.pdf (Page 774),Operational (Verified Registry),October 2025
PUN-EV-482,UJOY Charging Hub - LEV AC Charge point 3.3 3.3 1 UJOY ,UJOY,Ujoy,Private,Maharashtra,Pune,LEV AC Charge point 3.3 3.3 1 UJOY Private Maharashtra Pune Pune Dhanori,18.586185,73.88561,LEV AC,LEV AC Charge point,3.3,1,"Bureau of Energy Efficiency (BEE), Ministry of Power, Govt. of India",EV_PCS_Data_29277.pdf (Page 774),Operational (Verified Registry),October 2025
PUN-EV-483,UJOY Charging Hub - LEV AC Charge point 3.3 3.3 1 UJOY ,UJOY,Ujoy,Private,Maharashtra,Pune,LEV AC Charge point 3.3 3.3 1 UJOY Private Maharashtra Pune Pune Dhanori Jakat Naka Kalvad Road,18.595283,73.90754,LEV AC,LEV AC Charge point,3.3,1,"Bureau of Energy Efficiency (BEE), Ministry of Power, Govt. of India",EV_PCS_Data_29277.pdf (Page 774),Operational (Verified Registry),October 2025
PUN-EV-484,UJOY Charging Hub - LEV AC Charge point 3.3 3.3 1 UJOY ,UJOY,Ujoy,Private,Maharashtra,Pune,LEV AC Charge point 3.3 3.3 1 UJOY Private Maharashtra Pune Pune Dhanori Porwal Road Near By Agutya Hotel,18.598577,73.909073,LEV AC,LEV AC Charge point,3.3,1,"Bureau of Energy Efficiency (BEE), Ministry of Power, Govt. of India",EV_PCS_Data_29277.pdf (Page 774),Operational (Verified Registry),October 2025
PUN-EV-485,UJOY Charging Hub - LEV AC Charge point 3.3 3.3 1 UJOY ,UJOY,Ujoy,Private,Maharashtra,Pune,LEV AC Charge point 3.3 3.3 1 UJOY Private Maharashtra Pune Pune Dhanori Road Vishrantwadi,18.576201,73.88014,LEV AC,LEV AC Charge point,3.3,1,"Bureau of Energy Efficiency (BEE), Ministry of Power, Govt. of India",EV_PCS_Data_29277.pdf (Page 774),Operational (Verified Registry),October 2025
PUN-EV-486,UJOY Charging Hub - LEV AC Charge point 3.3 3.3 1 UJOY ,UJOY,Ujoy,Private,Maharashtra,Pune,LEV AC Charge point 3.3 3.3 1 UJOY Private Maharashtra Pune Pune Dharmendra Nagar .Mausi,18.67619,73.854713,LEV AC,LEV AC Charge point,3.3,1,"Bureau of Energy Efficiency (BEE), Ministry of Power, Govt. of India",EV_PCS_Data_29277.pdf (Page 774),Operational (Verified Registry),October 2025
PUN-EV-487,UJOY Charging Hub - LEV AC Charge point 3.3 3.3 1 UJOY ,UJOY,Ujoy,Private,Maharashtra,Pune,LEV AC Charge point 3.3 3.3 1 UJOY Private Maharashtra Pune Pune Dhayri,18.44704,73.808579,LEV AC,LEV AC Charge point,3.3,1,"Bureau of Energy Efficiency (BEE), Ministry of Power, Govt. of India",EV_PCS_Data_29277.pdf (Page 774),Operational (Verified Registry),October 2025
PUN-EV-488,UJOY Charging Hub - LEV AC Charge point 3.3 3.3 1 UJOY ,UJOY,Ujoy,Private,Maharashtra,Pune,LEV AC Charge point 3.3 3.3 1 UJOY Private Maharashtra Pune Pune Dhayri,18.448613,73.810471,LEV AC,LEV AC Charge point,3.3,1,"Bureau of Energy Efficiency (BEE), Ministry of Power, Govt. of India",EV_PCS_Data_29277.pdf (Page 774),Operational (Verified Registry),October 2025
PUN-EV-489,UJOY Charging Hub - LEV AC Charge point 3.3 3.3 1 UJOY ,UJOY,Ujoy,Private,Maharashtra,Pune,LEV AC Charge point 3.3 3.3 1 UJOY Private Maharashtra Pune Pune Dighi Datta Nagar Near Tanish Icon Dighi Pune 411015,18.621447,73.87457,LEV AC,LEV AC Charge point,3.3,1,"Bureau of Energy Efficiency (BEE), Ministry of Power, Govt. of India",EV_PCS_Data_29277.pdf (Page 774),Operational (Verified Registry),October 2025
PUN-EV-490,UJOY Charging Hub - LEV AC Charge point 3.3 3.3 1 UJOY ,UJOY,Ujoy,Private,Maharashtra,Pune,LEV AC Charge point 3.3 3.3 1 UJOY Private Maharashtra Pune Pune Dighi Near Jakat Naka,18.613776,73.872824,LEV AC,LEV AC Charge point,3.3,1,"Bureau of Energy Efficiency (BEE), Ministry of Power, Govt. of India",EV_PCS_Data_29277.pdf (Page 774),Operational (Verified Registry),October 2025
PUN-EV-491,UJOY Charging Hub - LEV AC Charge point 3.3 3.3 1 UJOY ,UJOY,Ujoy,Private,Maharashtra,Pune,"LEV AC Charge point 3.3 3.3 1 UJOY Private Maharashtra Pune Pune Dighi Road , Sandvik Colony,Bhosari.",18.619383,73.857236,LEV AC,LEV AC Charge point,3.3,1,"Bureau of Energy Efficiency (BEE), Ministry of Power, Govt. of India",EV_PCS_Data_29277.pdf (Page 774),Operational (Verified Registry),October 2025
PUN-EV-492,UJOY Charging Hub - LEV AC Charge point 3.3 3.3 1 UJOY ,UJOY,Ujoy,Private,Maharashtra,Pune,LEV AC Charge point 3.3 3.3 1 UJOY Private Maharashtra Pune Pune Dwarka Datta Sadan Modak Wasti Jambhulker Wadi Road,18.436245,73.845607,LEV AC,LEV AC Charge point,3.3,1,"Bureau of Energy Efficiency (BEE), Ministry of Power, Govt. of India",EV_PCS_Data_29277.pdf (Page 774),Operational (Verified Registry),October 2025
PUN-EV-493,UJOY Charging Hub - LEV AC Charge point 3.3 3.3 1 UJOY ,UJOY,Ujoy,Private,Maharashtra,Pune,LEV AC Charge point 3.3 3.3 1 UJOY Private Maharashtra Pune Pune Dwarka Road Mahalunge Ingale.,18.759398,73.809886,LEV AC,LEV AC Charge point,3.3,1,"Bureau of Energy Efficiency (BEE), Ministry of Power, Govt. of India",EV_PCS_Data_29277.pdf (Page 774),Operational (Verified Registry),October 2025
PUN-EV-494,UJOY Charging Hub - LEV AC Charge point 3.3 3.3 1 UJOY ,UJOY,Ujoy,Private,Maharashtra,Pune,LEV AC Charge point 3.3 3.3 1 UJOY Private Maharashtra Pune Pune Dwarkadheesh Residency Co Op Housing Society Pimple Saudagar Shivar Chowk Pune 27,18.595211,73.789915,LEV AC,LEV AC Charge point,3.3,12,"Bureau of Energy Efficiency (BEE), Ministry of Power, Govt. of India",EV_PCS_Data_29277.pdf (Page 774),Operational (Verified Registry),October 2025
PUN-EV-495,UJOY Charging Hub - LEV AC Charge point 3.3 3.3 1 UJOY ,UJOY,Ujoy,Private,Maharashtra,Pune,"LEV AC Charge point 3.3 3.3 1 UJOY Private Maharashtra Pune Pune Easy Power Warehouse, Sr. No. 32, House No. 1111, Opposite To Avdhut Residency, Ambegaon Bk Pune",18.455648,73.846504,LEV AC,LEV AC Charge point,3.3,6,"Bureau of Energy Efficiency (BEE), Ministry of Power, Govt. of India",EV_PCS_Data_29277.pdf (Page 774),Operational (Verified Registry),October 2025
PUN-EV-496,UJOY Charging Hub - LEV AC Charge point 3.3 3.3 1 UJOY ,UJOY,Ujoy,Private,Maharashtra,Pune,LEV AC Charge point 3.3 3.3 1 UJOY Private Maharashtra Pune Pune Eclectica Home,18.595457,73.798867,LEV AC,LEV AC Charge point,3.3,1,"Bureau of Energy Efficiency (BEE), Ministry of Power, Govt. of India",EV_PCS_Data_29277.pdf (Page 774),Operational (Verified Registry),October 2025
PUN-EV-497,UJOY Charging Hub - Eclectica Homes,UJOY,Ujoy,Private,Maharashtra,Pune,Eclectica Homes,18.595054,73.79899,LEV AC,LEV AC Charge point,3.3,3,"Bureau of Energy Efficiency (BEE), Ministry of Power, Govt. of India",EV_PCS_Data_29277.pdf (Page 775),Operational (Verified Registry),October 2025
PUN-EV-498,UJOY Charging Hub - LEV AC Charge point 3.3 3.3 1 UJOY ,UJOY,Ujoy,Private,Maharashtra,Pune,LEV AC Charge point 3.3 3.3 1 UJOY Private Maharashtra Pune Pune Ecoshopy Varale Shop Number 3,18.748392,73.690685,LEV AC,LEV AC Charge point,3.3,3,"Bureau of Energy Efficiency (BEE), Ministry of Power, Govt. of India",EV_PCS_Data_29277.pdf (Page 775),Operational (Verified Registry),October 2025
PUN-EV-499,UJOY Charging Hub - LEV AC Charge point 3.3 3.3 1 UJOY ,UJOY,Ujoy,Private,Maharashtra,Pune,"LEV AC Charge point 3.3 3.3 1 UJOY Private Maharashtra Pune Pune Ecoshopy, Varale Shop Number 3",18.748053,73.690693,LEV AC,LEV AC Charge point,3.3,1,"Bureau of Energy Efficiency (BEE), Ministry of Power, Govt. of India",EV_PCS_Data_29277.pdf (Page 775),Operational (Verified Registry),October 2025
PUN-EV-500,UJOY Charging Hub - LEV AC Charge point 3.3 3.3 1 UJOY ,UJOY,Ujoy,Private,Maharashtra,Pune,LEV AC Charge point 3.3 3.3 1 UJOY Private Maharashtra Pune Pune Elite Abodeh Lohegaon,18.616516,73.910697,LEV AC,LEV AC Charge point,3.3,1,"Bureau of Energy Efficiency (BEE), Ministry of Power, Govt. of India",EV_PCS_Data_29277.pdf (Page 775),Operational (Verified Registry),October 2025
PUN-EV-501,UJOY Charging Hub - LEV AC Charge point 3.3 3.3 1 UJOY ,UJOY,Ujoy,Private,Maharashtra,Pune,LEV AC Charge point 3.3 3.3 1 UJOY Private Maharashtra Pune Pune English Near Vitthal Rukmai Mandir Pimple Neelam,18.571166,73.791526,LEV AC,LEV AC Charge point,3.3,1,"Bureau of Energy Efficiency (BEE), Ministry of Power, Govt. of India",EV_PCS_Data_29277.pdf (Page 775),Operational (Verified Registry),October 2025
PUN-EV-502,UJOY Charging Hub - LEV AC Charge point 3.3 3.3 1 UJOY ,UJOY,Ujoy,Private,Maharashtra,Pune,LEV AC Charge point 3.3 3.3 1 UJOY Private Maharashtra Pune Pune Erandwane,18.499269,73.831296,LEV AC,LEV AC Charge point,3.3,1,"Bureau of Energy Efficiency (BEE), Ministry of Power, Govt. of India",EV_PCS_Data_29277.pdf (Page 775),Operational (Verified Registry),October 2025
PUN-EV-503,UJOY Charging Hub - LEV AC Charge point 3.3 3.3 1 UJOY ,UJOY,Ujoy,Private,Maharashtra,Pune,LEV AC Charge point 3.3 3.3 1 UJOY Private Maharashtra Pune Pune F Swiss County Thergaon,18.616121,73.779686,LEV AC,LEV AC Charge point,3.3,3,"Bureau of Energy Efficiency (BEE), Ministry of Power, Govt. of India",EV_PCS_Data_29277.pdf (Page 775),Operational (Verified Registry),October 2025
PUN-EV-504,UJOY Charging Hub - LEV AC Charge point 3.3 3.3 1 UJOY ,UJOY,Ujoy,Private,Maharashtra,Pune,LEV AC Charge point 3.3 3.3 1 UJOY Private Maharashtra Pune Pune Famous Chowk Nandraj Sankul,18.579222,73.812312,LEV AC,LEV AC Charge point,3.3,1,"Bureau of Energy Efficiency (BEE), Ministry of Power, Govt. of India",EV_PCS_Data_29277.pdf (Page 775),Operational (Verified Registry),October 2025
PUN-EV-505,UJOY Charging Hub - LEV AC Charge point 3.3 3.3 1 UJOY ,UJOY,Ujoy,Private,Maharashtra,Pune,LEV AC Charge point 3.3 3.3 1 UJOY Private Maharashtra Pune Pune Flat No 4 Bhatnagar Apartment Opposite Panda Kids School Near Abc Farms,18.481202,73.900447,LEV AC,LEV AC Charge point,3.3,8,"Bureau of Energy Efficiency (BEE), Ministry of Power, Govt. of India",EV_PCS_Data_29277.pdf (Page 775),Operational (Verified Registry),October 2025
PUN-EV-506,UJOY Charging Hub - LEV AC Charge point 3.3 3.3 1 UJOY ,UJOY,Ujoy,Private,Maharashtra,Pune,LEV AC Charge point 3.3 3.3 1 UJOY Private Maharashtra Pune Pune Frahatani Gavthan 411017,18.604327,73.796266,LEV AC,LEV AC Charge point,3.3,1,"Bureau of Energy Efficiency (BEE), Ministry of Power, Govt. of India",EV_PCS_Data_29277.pdf (Page 775),Operational (Verified Registry),October 2025
PUN-EV-507,UJOY Charging Hub - LEV AC Charge point 3.3 3.3 1 UJOY ,UJOY,Ujoy,Private,Maharashtra,Pune,LEV AC Charge point 3.3 3.3 1 UJOY Private Maharashtra Pune Pune Fursungi,18.479719,73.960291,LEV AC,LEV AC Charge point,3.3,1,"Bureau of Energy Efficiency (BEE), Ministry of Power, Govt. of India",EV_PCS_Data_29277.pdf (Page 775),Operational (Verified Registry),October 2025
PUN-EV-508,UJOY Charging Hub - LEV AC Charge point 3.3 3.3 1 UJOY ,UJOY,Ujoy,Private,Maharashtra,Pune,LEV AC Charge point 3.3 3.3 1 UJOY Private Maharashtra Pune Pune Fursungi Road Near Harpale Vasti,18.47933,73.960115,LEV AC,LEV AC Charge point,3.3,1,"Bureau of Energy Efficiency (BEE), Ministry of Power, Govt. of India",EV_PCS_Data_29277.pdf (Page 775),Operational (Verified Registry),October 2025
PUN-EV-509,UJOY Charging Hub - LEV AC Charge point 3.3 3.3 1 UJOY ,UJOY,Ujoy,Private,Maharashtra,Pune,LEV AC Charge point 3.3 3.3 1 UJOY Private Maharashtra Pune Pune Fursungi Road Near Harpale Vasti,18.480002,73.960898,LEV AC,LEV AC Charge point,3.3,2,"Bureau of Energy Efficiency (BEE), Ministry of Power, Govt. of India",EV_PCS_Data_29277.pdf (Page 775),Operational (Verified Registry),October 2025
PUN-EV-510,UJOY Charging Hub - LEV AC Charge point 3.3 3.3 1 UJOY ,UJOY,Ujoy,Private,Maharashtra,Pune,LEV AC Charge point 3.3 3.3 1 UJOY Private Maharashtra Pune Pune G2 Swiss County Thergaon,18.616651,73.779038,LEV AC,LEV AC Charge point,3.3,1,"Bureau of Energy Efficiency (BEE), Ministry of Power, Govt. of India",EV_PCS_Data_29277.pdf (Page 775),Operational (Verified Registry),October 2025
PUN-EV-511,UJOY Charging Hub - LEV AC Charge point 3.3 3.3 1 UJOY ,UJOY,Ujoy,Private,Maharashtra,Pune,LEV AC Charge point 3.3 3.3 1 UJOY Private Maharashtra Pune Pune G6 Paresh Industrial Estate Shankar Sheth Road Near Dhobighat Pune,18.502154,73.874675,LEV AC,LEV AC Charge point,3.3,1,"Bureau of Energy Efficiency (BEE), Ministry of Power, Govt. of India",EV_PCS_Data_29277.pdf (Page 775),Operational (Verified Registry),October 2025
PUN-EV-512,UJOY Charging Hub - LEV AC Charge point 3.3 3.3 1 UJOY ,UJOY,Ujoy,Private,Maharashtra,Pune,"LEV AC Charge point 3.3 3.3 1 UJOY Private Maharashtra Pune Pune Gahunje, Near Lodha Belmondo, Near Symbiosis",18.667185,73.705194,LEV AC,LEV AC Charge point,3.3,1,"Bureau of Energy Efficiency (BEE), Ministry of Power, Govt. of India",EV_PCS_Data_29277.pdf (Page 775),Operational (Verified Registry),October 2025
PUN-EV-513,UJOY Charging Hub - LEV AC Charge point 3.3 3.3 1 UJOY ,UJOY,Ujoy,Private,Maharashtra,Pune,LEV AC Charge point 3.3 3.3 1 UJOY Private Maharashtra Pune Pune Gajanana Nagar,18.603912,73.781537,LEV AC,LEV AC Charge point,3.3,10,"Bureau of Energy Efficiency (BEE), Ministry of Power, Govt. of India",EV_PCS_Data_29277.pdf (Page 775),Operational (Verified Registry),October 2025
PUN-EV-514,UJOY Charging Hub - LEV AC Charge point 3.3 3.3 1 UJOY ,UJOY,Ujoy,Private,Maharashtra,Pune,LEV AC Charge point 3.3 3.3 1 UJOY Private Maharashtra Pune Pune Galli No 5 Swarne Deep Apartment,18.468264,73.830496,LEV AC,LEV AC Charge point,3.3,1,"Bureau of Energy Efficiency (BEE), Ministry of Power, Govt. of India",EV_PCS_Data_29277.pdf (Page 775),Operational (Verified Registry),October 2025
PUN-EV-515,UJOY Charging Hub - LEV AC Charge point 3.3 3.3 1 UJOY ,UJOY,Ujoy,Private,Maharashtra,Pune,LEV AC Charge point 3.3 3.3 1 UJOY Private Maharashtra Pune Pune Gandharv Excellence Phase 1,18.675982,73.839473,LEV AC,LEV AC Charge point,3.3,1,"Bureau of Energy Efficiency (BEE), Ministry of Power, Govt. of India",EV_PCS_Data_29277.pdf (Page 775),Operational (Verified Registry),October 2025
PUN-EV-516,UJOY Charging Hub - LEV AC Charge point 3.3 3.3 1 UJOY ,UJOY,Ujoy,Private,Maharashtra,Pune,LEV AC Charge point 3.3 3.3 1 UJOY Private Maharashtra Pune Pune Gandhi Nagar Nehrunagar Rode Pimpri,18.62884,73.807845,LEV AC,LEV AC Charge point,3.3,5,"Bureau of Energy Efficiency (BEE), Ministry of Power, Govt. of India",EV_PCS_Data_29277.pdf (Page 775),Operational (Verified Registry),October 2025
PUN-EV-517,UJOY Charging Hub - LEV AC Charge point 3.3 3.3 1 UJOY ,UJOY,Ujoy,Private,Maharashtra,Pune,LEV AC Charge point 3.3 3.3 1 UJOY Private Maharashtra Pune Pune Ganesh Mla Sihagad Rood,18.496155,73.838414,LEV AC,LEV AC Charge point,3.3,1,"Bureau of Energy Efficiency (BEE), Ministry of Power, Govt. of India",EV_PCS_Data_29277.pdf (Page 775),Operational (Verified Registry),October 2025
PUN-EV-518,UJOY Charging Hub - LEV AC Charge point 3.3 3.3 1 UJOY ,UJOY,Ujoy,Private,Maharashtra,Pune,"LEV AC Charge point 3.3 3.3 1 UJOY Private Maharashtra Pune Pune Ganesh Puri Society, Warje Malwadi",18.476307,73.798584,LEV AC,LEV AC Charge point,3.3,6,"Bureau of Energy Efficiency (BEE), Ministry of Power, Govt. of India",EV_PCS_Data_29277.pdf (Page 775),Operational (Verified Registry),October 2025
PUN-EV-519,UJOY Charging Hub - LEV AC Charge point 3.3 3.3 1 UJOY ,UJOY,Ujoy,Private,Maharashtra,Pune,LEV AC Charge point 3.3 3.3 1 UJOY Private Maharashtra Pune Pune Ganga Nagar Akurdi Station Road,18.645819,73.78118,LEV AC,LEV AC Charge point,3.3,1,"Bureau of Energy Efficiency (BEE), Ministry of Power, Govt. of India",EV_PCS_Data_29277.pdf (Page 775),Operational (Verified Registry),October 2025
PUN-EV-520,UJOY Charging Hub - LEV AC Charge point 3.3 3.3 1 UJOY ,UJOY,Ujoy,Private,Maharashtra,Pune,LEV AC Charge point 3.3 3.3 1 UJOY Private Maharashtra Pune Pune Gangotri Apartment Sukh Sagar Nagar Near Ambamata Mandir,18.455979,73.867581,LEV AC,LEV AC Charge point,3.3,1,"Bureau of Energy Efficiency (BEE), Ministry of Power, Govt. of India",EV_PCS_Data_29277.pdf (Page 775),Operational (Verified Registry),October 2025
PUN-EV-521,UJOY Charging Hub - LEV AC Charge point 3.3 3.3 1 UJOY ,UJOY,Ujoy,Private,Maharashtra,Pune,LEV AC Charge point 3.3 3.3 1 UJOY Private Maharashtra Pune Pune Garware College,18.511924,73.837667,LEV AC,LEV AC Charge point,3.3,1,"Bureau of Energy Efficiency (BEE), Ministry of Power, Govt. of India",EV_PCS_Data_29277.pdf (Page 775),Operational (Verified Registry),October 2025
PUN-EV-522,UJOY Charging Hub - LEV AC Charge point 3.3 3.3 1 UJOY ,UJOY,Ujoy,Private,Maharashtra,Pune,LEV AC Charge point 3.3 3.3 1 UJOY Private Maharashtra Pune Pune Garware College,18.512369,73.837628,LEV AC,LEV AC Charge point,3.3,1,"Bureau of Energy Efficiency (BEE), Ministry of Power, Govt. of India",EV_PCS_Data_29277.pdf (Page 775),Operational (Verified Registry),October 2025
PUN-EV-523,UJOY Charging Hub - LEV AC Charge point 3.3 3.3 1 UJOY ,UJOY,Ujoy,Private,Maharashtra,Pune,"LEV AC Charge point 3.3 3.3 1 UJOY Private Maharashtra Pune Pune Gat 1604, Dehu Alandi Road",18.688485,73.804577,LEV AC,LEV AC Charge point,3.3,2,"Bureau of Energy Efficiency (BEE), Ministry of Power, Govt. of India",EV_PCS_Data_29277.pdf (Page 775),Operational (Verified Registry),October 2025
PUN-EV-524,UJOY Charging Hub - LEV AC Charge point 3.3 3.3 1 UJOY ,UJOY,Ujoy,Private,Maharashtra,Pune,LEV AC Charge point 3.3 3.3 1 UJOY Private Maharashtra Pune Pune Gat No 1245 1 Shree Venkateshwara Plaza Near New Pune Hotel Ganlaxmi Colony Chikhali Pune,18.676806,73.805206,LEV AC,LEV AC Charge point,3.3,1,"Bureau of Energy Efficiency (BEE), Ministry of Power, Govt. of India",EV_PCS_Data_29277.pdf (Page 775),Operational (Verified Registry),October 2025
PUN-EV-525,UJOY Charging Hub - Gat No 154 Shivarkar Chouk Trivenin,UJOY,Ujoy,Private,Maharashtra,Pune,Gat No 154 Shivarkar Chouk Triveninagar Talvade,18.670576,73.788787,LEV AC,LEV AC Charge point,3.3,1,"Bureau of Energy Efficiency (BEE), Ministry of Power, Govt. of India",EV_PCS_Data_29277.pdf (Page 776),Operational (Verified Registry),October 2025
PUN-EV-526,UJOY Charging Hub - LEV AC Charge point 3.3 3.3 1 UJOY ,UJOY,Ujoy,Private,Maharashtra,Pune,LEV AC Charge point 3.3 3.3 1 UJOY Private Maharashtra Pune Pune Gat No 164 Opp Huma Bakery,18.674279,73.787519,LEV AC,LEV AC Charge point,3.3,1,"Bureau of Energy Efficiency (BEE), Ministry of Power, Govt. of India",EV_PCS_Data_29277.pdf (Page 776),Operational (Verified Registry),October 2025
PUN-EV-527,UJOY Charging Hub - LEV AC Charge point 3.3 3.3 1 UJOY ,UJOY,Ujoy,Private,Maharashtra,Pune,LEV AC Charge point 3.3 3.3 1 UJOY Private Maharashtra Pune Pune Gat No 190 Bhukum Bhugaon Mulashi,18.497971,73.733915,LEV AC,LEV AC Charge point,3.3,1,"Bureau of Energy Efficiency (BEE), Ministry of Power, Govt. of India",EV_PCS_Data_29277.pdf (Page 776),Operational (Verified Registry),October 2025
PUN-EV-528,UJOY Charging Hub - LEV AC Charge point 3.3 3.3 1 UJOY ,UJOY,Ujoy,Private,Maharashtra,Pune,LEV AC Charge point 3.3 3.3 1 UJOY Private Maharashtra Pune Pune Gat No 278 Siddheshwar Nagar Dehu Alandi Road Borhadewadi Moshi Nr Vaishali Sweets Pune,18.68099,73.843178,LEV AC,LEV AC Charge point,3.3,1,"Bureau of Energy Efficiency (BEE), Ministry of Power, Govt. of India",EV_PCS_Data_29277.pdf (Page 776),Operational (Verified Registry),October 2025
PUN-EV-529,UJOY Charging Hub - LEV AC Charge point 3.3 3.3 1 UJOY ,UJOY,Ujoy,Private,Maharashtra,Pune,LEV AC Charge point 3.3 3.3 1 UJOY Private Maharashtra Pune Pune Gat No 680 Pune Nashik Highway Chakan,18.771405,73.867347,LEV AC,LEV AC Charge point,3.3,1,"Bureau of Energy Efficiency (BEE), Ministry of Power, Govt. of India",EV_PCS_Data_29277.pdf (Page 776),Operational (Verified Registry),October 2025
PUN-EV-530,UJOY Charging Hub - LEV AC Charge point 3.3 3.3 1 UJOY ,UJOY,Ujoy,Private,Maharashtra,Pune,"LEV AC Charge point 3.3 3.3 1 UJOY Private Maharashtra Pune Pune Gat No. 164, Mahalunge Ingale, Off Chakan Talegaon Road, Tal.Khed,",18.758336,73.815939,LEV AC,LEV AC Charge point,3.3,1,"Bureau of Energy Efficiency (BEE), Ministry of Power, Govt. of India",EV_PCS_Data_29277.pdf (Page 776),Operational (Verified Registry),October 2025
PUN-EV-531,UJOY Charging Hub - LEV AC Charge point 3.3 3.3 1 UJOY ,UJOY,Ujoy,Private,Maharashtra,Pune,LEV AC Charge point 3.3 3.3 1 UJOY Private Maharashtra Pune Pune Gate No 5 Near Indian Oil Petrol Pump Shop No 568 69 70,18.486988,73.866935,LEV AC,LEV AC Charge point,3.3,1,"Bureau of Energy Efficiency (BEE), Ministry of Power, Govt. of India",EV_PCS_Data_29277.pdf (Page 776),Operational (Verified Registry),October 2025
PUN-EV-532,UJOY Charging Hub - LEV AC Charge point 3.3 3.3 1 UJOY ,UJOY,Ujoy,Private,Maharashtra,Pune,LEV AC Charge point 3.3 3.3 1 UJOY Private Maharashtra Pune Pune Gate No 65 In Front Of Hotel Vanvihar Talwade Gaon,18.694546,73.791778,LEV AC,LEV AC Charge point,3.3,1,"Bureau of Energy Efficiency (BEE), Ministry of Power, Govt. of India",EV_PCS_Data_29277.pdf (Page 776),Operational (Verified Registry),October 2025
PUN-EV-533,UJOY Charging Hub - LEV AC Charge point 3.3 3.3 1 UJOY ,UJOY,Ujoy,Private,Maharashtra,Pune,LEV AC Charge point 3.3 3.3 1 UJOY Private Maharashtra Pune Pune Gatt No. 677 Kudalwadi Chikhali Road Near Bhairavanath Temple Kudalwadi Chikhali Bk. Chikhlee Mulshi Pune Maharashtra 412114,18.672488,73.818207,LEV AC,LEV AC Charge point,3.3,3,"Bureau of Energy Efficiency (BEE), Ministry of Power, Govt. of India",EV_PCS_Data_29277.pdf (Page 776),Operational (Verified Registry),October 2025
PUN-EV-534,UJOY Charging Hub - LEV AC Charge point 3.3 3.3 1 UJOY ,UJOY,Ujoy,Private,Maharashtra,Pune,LEV AC Charge point 3.3 3.3 1 UJOY Private Maharashtra Pune Pune Gaurishankar Housing Society Bungalow No 3,18.474411,73.855741,LEV AC,LEV AC Charge point,3.3,1,"Bureau of Energy Efficiency (BEE), Ministry of Power, Govt. of India",EV_PCS_Data_29277.pdf (Page 776),Operational (Verified Registry),October 2025
PUN-EV-535,UJOY Charging Hub - LEV AC Charge point 3.3 3.3 1 UJOY ,UJOY,Ujoy,Private,Maharashtra,Pune,LEV AC Charge point 3.3 3.3 1 UJOY Private Maharashtra Pune Pune Gavte Vasti Near Vishnhartha Hospital Manjari Road Pune,18.525477,73.970778,LEV AC,LEV AC Charge point,3.3,1,"Bureau of Energy Efficiency (BEE), Ministry of Power, Govt. of India",EV_PCS_Data_29277.pdf (Page 776),Operational (Verified Registry),October 2025
PUN-EV-536,UJOY Charging Hub - LEV AC Charge point 3.3 3.3 1 UJOY ,UJOY,Ujoy,Private,Maharashtra,Pune,"LEV AC Charge point 3.3 3.3 1 UJOY Private Maharashtra Pune Pune Gayatrree Legacy , Dehu-Alandi Brts Road, Chikhali, Pimpri-Chinchwad,",18.681391,73.83176,LEV AC,LEV AC Charge point,3.3,1,"Bureau of Energy Efficiency (BEE), Ministry of Power, Govt. of India",EV_PCS_Data_29277.pdf (Page 776),Operational (Verified Registry),October 2025
PUN-EV-537,UJOY Charging Hub - LEV AC Charge point 3.3 3.3 1 UJOY ,UJOY,Ujoy,Private,Maharashtra,Pune,"LEV AC Charge point 3.3 3.3 1 UJOY Private Maharashtra Pune Pune Gayatrree Legacy, Dehu-Alandi Brts Road, Chikhali, Pimpri-Chinchwad,",18.681011,73.831915,LEV AC,LEV AC Charge point,3.3,1,"Bureau of Energy Efficiency (BEE), Ministry of Power, Govt. of India",EV_PCS_Data_29277.pdf (Page 776),Operational (Verified Registry),October 2025
PUN-EV-538,UJOY Charging Hub - LEV AC Charge point 3.3 3.3 1 UJOY ,UJOY,Ujoy,Private,Maharashtra,Pune,LEV AC Charge point 3.3 3.3 1 UJOY Private Maharashtra Pune Pune Gharware,18.51261,73.838127,LEV AC,LEV AC Charge point,3.3,1,"Bureau of Energy Efficiency (BEE), Ministry of Power, Govt. of India",EV_PCS_Data_29277.pdf (Page 776),Operational (Verified Registry),October 2025
PUN-EV-539,UJOY Charging Hub - LEV AC Charge point 3.3 3.3 1 UJOY ,UJOY,Ujoy,Private,Maharashtra,Pune,LEV AC Charge point 3.3 3.3 1 UJOY Private Maharashtra Pune Pune Ghule Nagar Near Vishnu Puram Garden Vadgaon Bk,18.463019,73.825113,LEV AC,LEV AC Charge point,3.3,2,"Bureau of Energy Efficiency (BEE), Ministry of Power, Govt. of India",EV_PCS_Data_29277.pdf (Page 776),Operational (Verified Registry),October 2025
PUN-EV-540,UJOY Charging Hub - LEV AC Charge point 3.3 3.3 1 UJOY ,UJOY,Ujoy,Private,Maharashtra,Pune,LEV AC Charge point 3.3 3.3 1 UJOY Private Maharashtra Pune Pune Ghule Park Korde Baug Nanded Gaon Sinhagad Road,18.456043,73.788134,LEV AC,LEV AC Charge point,3.3,1,"Bureau of Energy Efficiency (BEE), Ministry of Power, Govt. of India",EV_PCS_Data_29277.pdf (Page 776),Operational (Verified Registry),October 2025
PUN-EV-541,UJOY Charging Hub - LEV AC Charge point 3.3 3.3 1 UJOY ,UJOY,Ujoy,Private,Maharashtra,Pune,LEV AC Charge point 3.3 3.3 1 UJOY Private Maharashtra Pune Pune Girish Building Wakad Road Vishal Nagar Pimple Nilakh Pune 27,18.588581,73.780731,LEV AC,LEV AC Charge point,3.3,1,"Bureau of Energy Efficiency (BEE), Ministry of Power, Govt. of India",EV_PCS_Data_29277.pdf (Page 776),Operational (Verified Registry),October 2025
PUN-EV-542,UJOY Charging Hub - LEV AC Charge point 3.3 3.3 1 UJOY ,UJOY,Ujoy,Private,Maharashtra,Pune,LEV AC Charge point 3.3 3.3 1 UJOY Private Maharashtra Pune Pune Godambe Corner Rahatani Tapkir Mala Link Road Near Sterling Blooms Society,18.605187,73.791154,LEV AC,LEV AC Charge point,3.3,1,"Bureau of Energy Efficiency (BEE), Ministry of Power, Govt. of India",EV_PCS_Data_29277.pdf (Page 776),Operational (Verified Registry),October 2025
PUN-EV-543,UJOY Charging Hub - LEV AC Charge point 3.3 3.3 1 UJOY ,UJOY,Ujoy,Private,Maharashtra,Pune,LEV AC Charge point 3.3 3.3 1 UJOY Private Maharashtra Pune Pune Godown Chauk Maruti Marcket Khadi Machine Road Moshi Near Santkrupa Travel,18.649467,73.859758,LEV AC,LEV AC Charge point,3.3,1,"Bureau of Energy Efficiency (BEE), Ministry of Power, Govt. of India",EV_PCS_Data_29277.pdf (Page 776),Operational (Verified Registry),October 2025
PUN-EV-544,UJOY Charging Hub - LEV AC Charge point 3.3 3.3 1 UJOY ,UJOY,Ujoy,Private,Maharashtra,Pune,LEV AC Charge point 3.3 3.3 1 UJOY Private Maharashtra Pune Pune Goglwadi,18.3845,73.856149,LEV AC,LEV AC Charge point,3.3,1,"Bureau of Energy Efficiency (BEE), Ministry of Power, Govt. of India",EV_PCS_Data_29277.pdf (Page 776),Operational (Verified Registry),October 2025
PUN-EV-545,UJOY Charging Hub - LEV AC Charge point 3.3 3.3 1 UJOY ,UJOY,Ujoy,Private,Maharashtra,Pune,LEV AC Charge point 3.3 3.3 1 UJOY Private Maharashtra Pune Pune Gopalpatti Manjri Railway Gate,18.512658,73.969556,LEV AC,LEV AC Charge point,3.3,1,"Bureau of Energy Efficiency (BEE), Ministry of Power, Govt. of India",EV_PCS_Data_29277.pdf (Page 776),Operational (Verified Registry),October 2025
PUN-EV-546,UJOY Charging Hub - LEV AC Charge point 3.3 3.3 1 UJOY ,UJOY,Ujoy,Private,Maharashtra,Pune,LEV AC Charge point 3.3 3.3 1 UJOY Private Maharashtra Thane Thane Govind Garden Sadguru Washing Centre,18.59717,73.802377,LEV AC,LEV AC Charge point,3.3,1,"Bureau of Energy Efficiency (BEE), Ministry of Power, Govt. of India",EV_PCS_Data_29277.pdf (Page 776),Operational (Verified Registry),October 2025
PUN-EV-547,UJOY Charging Hub - LEV AC Charge point 3.3 3.3 1 UJOY ,UJOY,Ujoy,Private,Maharashtra,Pune,LEV AC Charge point 3.3 3.3 1 UJOY Private Maharashtra Pune Pune Ground Floor Sr No 31 1 The Dr Auto Shelar Mala Katraj,18.444585,73.864409,LEV AC,LEV AC Charge point,3.3,1,"Bureau of Energy Efficiency (BEE), Ministry of Power, Govt. of India",EV_PCS_Data_29277.pdf (Page 776),Operational (Verified Registry),October 2025
PUN-EV-548,UJOY Charging Hub - LEV AC Charge point 3.3 3.3 1 UJOY ,UJOY,Ujoy,Private,Maharashtra,Pune,"LEV AC Charge point 3.3 3.3 1 UJOY Private Maharashtra Pune Pune Gulabkunj Apartment Parking, 377/A Shaniwar Peth Pune 411030.",18.517714,73.852806,LEV AC,LEV AC Charge point,3.3,1,"Bureau of Energy Efficiency (BEE), Ministry of Power, Govt. of India",EV_PCS_Data_29277.pdf (Page 777),Operational (Verified Registry),October 2025
PUN-EV-549,UJOY Charging Hub - LEV AC Charge point 3.3 3.3 1 UJOY ,UJOY,Ujoy,Private,Maharashtra,Pune,LEV AC Charge point 3.3 3.3 1 UJOY Private Maharashtra Pune Pune Gulmohar City Near Majestic City In Front Of Gajanan Supermarket Bakori Fata Wagholi,18.590397,73.994602,LEV AC,LEV AC Charge point,3.3,1,"Bureau of Energy Efficiency (BEE), Ministry of Power, Govt. of India",EV_PCS_Data_29277.pdf (Page 777),Operational (Verified Registry),October 2025
PUN-EV-550,UJOY Charging Hub - LEV AC Charge point 3.3 3.3 1 UJOY ,UJOY,Ujoy,Private,Maharashtra,Pune,LEV AC Charge point 3.3 3.3 1 UJOY Private Maharashtra Pune Pune Gurudatt Nagar Near Bank Of Maharashtra,18.589222,73.820047,LEV AC,LEV AC Charge point,3.3,1,"Bureau of Energy Efficiency (BEE), Ministry of Power, Govt. of India",EV_PCS_Data_29277.pdf (Page 777),Operational (Verified Registry),October 2025
PUN-EV-551,UJOY Charging Hub - LEV AC Charge point 3.3 3.3 1 UJOY ,UJOY,Ujoy,Private,Maharashtra,Pune,LEV AC Charge point 3.3 3.3 1 UJOY Private Maharashtra Pune Pune Gurudwara Chowk Akurdi Station Pune,18.645449,73.766678,LEV AC,LEV AC Charge point,3.3,1,"Bureau of Energy Efficiency (BEE), Ministry of Power, Govt. of India",EV_PCS_Data_29277.pdf (Page 777),Operational (Verified Registry),October 2025
PUN-EV-552,UJOY Charging Hub - LEV AC Charge point 3.3 3.3 1 UJOY ,UJOY,Ujoy,Private,Maharashtra,Pune,LEV AC Charge point 3.3 3.3 1 UJOY Private Maharashtra Pune Pune Gurudwara Road Mamili Chauk,18.642457,73.764148,LEV AC,LEV AC Charge point,3.3,1,"Bureau of Energy Efficiency (BEE), Ministry of Power, Govt. of India",EV_PCS_Data_29277.pdf (Page 777),Operational (Verified Registry),October 2025
PUN-EV-553,UJOY Charging Hub - LEV AC Charge point 3.3 3.3 1 UJOY ,UJOY,Ujoy,Private,Maharashtra,Pune,LEV AC Charge point 3.3 3.3 1 UJOY Private Maharashtra Pune Pune Gurukrupa Flour Mill Near Viman Building Dhanori Pune 411015,18.589872,73.891971,LEV AC,LEV AC Charge point,3.3,1,"Bureau of Energy Efficiency (BEE), Ministry of Power, Govt. of India",EV_PCS_Data_29277.pdf (Page 777),Operational (Verified Registry),October 2025
PUN-EV-554,UJOY Charging Hub - LEV AC Charge point 3.3 3.3 1 UJOY ,UJOY,Ujoy,Private,Maharashtra,Pune,"LEV AC Charge point 3.3 3.3 1 UJOY Private Maharashtra Pune Pune H-36, Kundan Kushal Nagar, Bopodi",18.571772,73.843319,LEV AC,LEV AC Charge point,3.3,1,"Bureau of Energy Efficiency (BEE), Ministry of Power, Govt. of India",EV_PCS_Data_29277.pdf (Page 777),Operational (Verified Registry),October 2025
PUN-EV-555,UJOY Charging Hub - LEV AC Charge point 3.3 3.3 1 UJOY ,UJOY,Ujoy,Private,Maharashtra,Pune,LEV AC Charge point 3.3 3.3 1 UJOY Private Maharashtra Pune Pune Hadapsar Malwadi Sadesatra Nali Road,18.506169,73.939727,LEV AC,LEV AC Charge point,3.3,1,"Bureau of Energy Efficiency (BEE), Ministry of Power, Govt. of India",EV_PCS_Data_29277.pdf (Page 777),Operational (Verified Registry),October 2025
PUN-EV-556,UJOY Charging Hub - LEV AC Charge point 3.3 3.3 1 UJOY ,UJOY,Ujoy,Private,Maharashtra,Pune,LEV AC Charge point 3.3 3.3 1 UJOY Private Maharashtra Pune Pune Havaldar Mala Santosh Nagar Tingre Nagar,18.576526,73.884853,LEV AC,LEV AC Charge point,3.3,1,"Bureau of Energy Efficiency (BEE), Ministry of Power, Govt. of India",EV_PCS_Data_29277.pdf (Page 777),Operational (Verified Registry),October 2025
PUN-EV-557,UJOY Charging Hub - LEV AC Charge point 3.3 3.3 1 UJOY ,UJOY,Ujoy,Private,Maharashtra,Pune,"LEV AC Charge point 3.3 3.3 1 UJOY Private Maharashtra Pune Pune Hi Face Society, Behind Nexa Car Show Room, Govind Garden Chowk, Pimple Saudager",18.59677,73.800515,LEV AC,LEV AC Charge point,3.3,1,"Bureau of Energy Efficiency (BEE), Ministry of Power, Govt. of India",EV_PCS_Data_29277.pdf (Page 777),Operational (Verified Registry),October 2025
PUN-EV-558,UJOY Charging Hub - LEV AC Charge point 3.3 3.3 1 UJOY ,UJOY,Ujoy,Private,Maharashtra,Pune,LEV AC Charge point 3.3 3.3 1 UJOY Private Maharashtra Pune Pune Hinjawadi,18.603801,73.729898,LEV AC,LEV AC Charge point,3.3,1,"Bureau of Energy Efficiency (BEE), Ministry of Power, Govt. of India",EV_PCS_Data_29277.pdf (Page 777),Operational (Verified Registry),October 2025
PUN-EV-559,UJOY Charging Hub - LEV AC Charge point 3.3 3.3 1 UJOY ,UJOY,Ujoy,Private,Maharashtra,Pune,LEV AC Charge point 3.3 3.3 1 UJOY Private Maharashtra Pune Pune Hinjawadi Phase 2 Wipro Circle Near Bharat Petrol Pump 411057,18.594574,73.723596,LEV AC,LEV AC Charge point,3.3,1,"Bureau of Energy Efficiency (BEE), Ministry of Power, Govt. of India",EV_PCS_Data_29277.pdf (Page 777),Operational (Verified Registry),October 2025
PUN-EV-560,UJOY Charging Hub - LEV AC Charge point 3.3 3.3 1 UJOY ,UJOY,Ujoy,Private,Maharashtra,Pune,"LEV AC Charge point 3.3 3.3 1 UJOY Private Maharashtra Pune Pune Hinjawadi Road, Wakad",18.599418,73.743155,LEV AC,LEV AC Charge point,3.3,8,"Bureau of Energy Efficiency (BEE), Ministry of Power, Govt. of India",EV_PCS_Data_29277.pdf (Page 777),Operational (Verified Registry),October 2025
PUN-EV-561,UJOY Charging Hub - LEV AC Charge point 3.3 3.3 1 UJOY ,UJOY,Ujoy,Private,Maharashtra,Pune,LEV AC Charge point 3.3 3.3 1 UJOY Private Maharashtra Pune Pune Hinjawdi,18.619504,73.699186,LEV AC,LEV AC Charge point,3.3,1,"Bureau of Energy Efficiency (BEE), Ministry of Power, Govt. of India",EV_PCS_Data_29277.pdf (Page 777),Operational (Verified Registry),October 2025
PUN-EV-562,UJOY Charging Hub - LEV AC Charge point 3.3 3.3 1 UJOY ,UJOY,Ujoy,Private,Maharashtra,Pune,LEV AC Charge point 3.3 3.3 1 UJOY Private Maharashtra Pune Pune Hinjewadi,18.59628,73.728349,LEV AC,LEV AC Charge point,3.3,1,"Bureau of Energy Efficiency (BEE), Ministry of Power, Govt. of India",EV_PCS_Data_29277.pdf (Page 777),Operational (Verified Registry),October 2025
PUN-EV-563,UJOY Charging Hub - LEV AC Charge point 3.3 3.3 1 UJOY ,UJOY,Ujoy,Private,Maharashtra,Pune,LEV AC Charge point 3.3 3.3 1 UJOY Private Maharashtra Pune Pune Hinjewadi,18.596748,73.74122,LEV AC,LEV AC Charge point,3.3,1,"Bureau of Energy Efficiency (BEE), Ministry of Power, Govt. of India",EV_PCS_Data_29277.pdf (Page 777),Operational (Verified Registry),October 2025
PUN-EV-564,UJOY Charging Hub - LEV AC Charge point 3.3 3.3 1 UJOY ,UJOY,Ujoy,Private,Maharashtra,Pune,LEV AC Charge point 3.3 3.3 1 UJOY Private Maharashtra Pune Pune Hinjewadi Road Wakad Bhujbal Wasti,18.591782,73.753972,LEV AC,LEV AC Charge point,3.3,1,"Bureau of Energy Efficiency (BEE), Ministry of Power, Govt. of India",EV_PCS_Data_29277.pdf (Page 777),Operational (Verified Registry),October 2025
PUN-EV-565,UJOY Charging Hub - LEV AC Charge point 3.3 3.3 1 UJOY ,UJOY,Ujoy,Private,Maharashtra,Pune,LEV AC Charge point 3.3 3.3 1 UJOY Private Maharashtra Pune Pune Hirabag Chowk,18.503898,73.855576,LEV AC,LEV AC Charge point,3.3,1,"Bureau of Energy Efficiency (BEE), Ministry of Power, Govt. of India",EV_PCS_Data_29277.pdf (Page 777),Operational (Verified Registry),October 2025
PUN-EV-566,UJOY Charging Hub - LEV AC Charge point 3.3 3.3 1 UJOY ,UJOY,Ujoy,Private,Maharashtra,Pune,LEV AC Charge point 3.3 3.3 1 UJOY Private Maharashtra Pune Pune Hirkani Building Opposite Kalika Dairy,18.506644,73.925888,LEV AC,LEV AC Charge point,3.3,1,"Bureau of Energy Efficiency (BEE), Ministry of Power, Govt. of India",EV_PCS_Data_29277.pdf (Page 777),Operational (Verified Registry),October 2025
PUN-EV-567,UJOY Charging Hub - LEV AC Charge point 3.3 3.3 1 UJOY ,UJOY,Ujoy,Private,Maharashtra,Pune,"LEV AC Charge point 3.3 3.3 1 UJOY Private Maharashtra Pune Pune Hollyhock City, Near Sunday Market",18.600889,73.929794,LEV AC,LEV AC Charge point,3.3,1,"Bureau of Energy Efficiency (BEE), Ministry of Power, Govt. of India",EV_PCS_Data_29277.pdf (Page 777),Operational (Verified Registry),October 2025
PUN-EV-568,UJOY Charging Hub - LEV AC Charge point 3.3 3.3 1 UJOY ,UJOY,Ujoy,Private,Maharashtra,Pune,"LEV AC Charge point 3.3 3.3 1 UJOY Private Maharashtra Pune Pune Hotel Saranga, S Block, Midc Bhosari, Bhosari",18.632153,73.836106,LEV AC,LEV AC Charge point,3.3,1,"Bureau of Energy Efficiency (BEE), Ministry of Power, Govt. of India",EV_PCS_Data_29277.pdf (Page 777),Operational (Verified Registry),October 2025
PUN-EV-569,UJOY Charging Hub - LEV AC Charge point 3.3 3.3 1 UJOY ,UJOY,Ujoy,Private,Maharashtra,Pune,LEV AC Charge point 3.3 3.3 1 UJOY Private Maharashtra Pune Pune Hotel Shilpa Next To Forbes Marshall Company Old Bombay Poona Highway Kasarwadi,18.601875,73.826055,LEV AC,LEV AC Charge point,3.3,1,"Bureau of Energy Efficiency (BEE), Ministry of Power, Govt. of India",EV_PCS_Data_29277.pdf (Page 777),Operational (Verified Registry),October 2025
PUN-EV-570,"UJOY Charging Hub - House 30, Near Onkar Engineering Co",UJOY,Ujoy,Private,Maharashtra,Pune,"House 30, Near Onkar Engineering Company, Jogeshwari Misal, Pune Mumbai Highway, Somatane Toll Plaza, Pune 410506",18.696131,73.699547,LEV AC,LEV AC Charge point,3.3,1,"Bureau of Energy Efficiency (BEE), Ministry of Power, Govt. of India",EV_PCS_Data_29277.pdf (Page 778),Operational (Verified Registry),October 2025
PUN-EV-571,UJOY Charging Hub - LEV AC Charge point 3.3 3.3 1 UJOY ,UJOY,Ujoy,Private,Maharashtra,Pune,"LEV AC Charge point 3.3 3.3 1 UJOY Private Maharashtra Pune Pune Hqr8+Gfh, Wakad Road, Shedge Wasti, Wakad, Opp. Ganesh Mandir And Jai Ganesh Traders, Pune, Maharashtra 411057",18.591472,73.766105,LEV AC,LEV AC Charge point,3.3,1,"Bureau of Energy Efficiency (BEE), Ministry of Power, Govt. of India",EV_PCS_Data_29277.pdf (Page 778),Operational (Verified Registry),October 2025
PUN-EV-572,UJOY Charging Hub - LEV AC Charge point 3.3 3.3 1 UJOY ,UJOY,Ujoy,Private,Maharashtra,Pune,"LEV AC Charge point 3.3 3.3 1 UJOY Private Maharashtra Pune Pune I Build,Sai Enclave Kalewadi",18.622729,73.796447,LEV AC,LEV AC Charge point,3.3,1,"Bureau of Energy Efficiency (BEE), Ministry of Power, Govt. of India",EV_PCS_Data_29277.pdf (Page 778),Operational (Verified Registry),October 2025
PUN-EV-573,UJOY Charging Hub - LEV AC Charge point 3.3 3.3 1 UJOY ,UJOY,Ujoy,Private,Maharashtra,Pune,"LEV AC Charge point 3.3 3.3 1 UJOY Private Maharashtra Pune Pune Icon Imperio, Ivy Estate Road",18.58402,73.999619,LEV AC,LEV AC Charge point,3.3,1,"Bureau of Energy Efficiency (BEE), Ministry of Power, Govt. of India",EV_PCS_Data_29277.pdf (Page 778),Operational (Verified Registry),October 2025
PUN-EV-574,UJOY Charging Hub - LEV AC Charge point 3.3 3.3 1 UJOY ,UJOY,Ujoy,Private,Maharashtra,Pune,"LEV AC Charge point 3.3 3.3 1 UJOY Private Maharashtra Pune Pune Immanuel Homes, Plot Nos. 146 (+) 147, Survey No. 234/A, Lane No. 2/B, Sanjay Park, Airport Road",18.571011,73.901858,LEV AC,LEV AC Charge point,3.3,5,"Bureau of Energy Efficiency (BEE), Ministry of Power, Govt. of India",EV_PCS_Data_29277.pdf (Page 778),Operational (Verified Registry),October 2025
PUN-EV-575,UJOY Charging Hub - LEV AC Charge point 3.3 3.3 1 UJOY ,UJOY,Ujoy,Private,Maharashtra,Pune,LEV AC Charge point 3.3 3.3 1 UJOY Private Maharashtra Pune Pune Indrani Nagr,18.6329,73.843065,LEV AC,LEV AC Charge point,3.3,4,"Bureau of Energy Efficiency (BEE), Ministry of Power, Govt. of India",EV_PCS_Data_29277.pdf (Page 778),Operational (Verified Registry),October 2025
PUN-EV-576,UJOY Charging Hub - LEV AC Charge point 3.3 3.3 1 UJOY ,UJOY,Ujoy,Private,Maharashtra,Pune,LEV AC Charge point 3.3 3.3 1 UJOY Private Maharashtra Pune Pune Indrayani Bld Near Hdfc Bank Mk Chowk New Sangvi,18.582809,73.811762,LEV AC,LEV AC Charge point,3.3,1,"Bureau of Energy Efficiency (BEE), Ministry of Power, Govt. of India",EV_PCS_Data_29277.pdf (Page 778),Operational (Verified Registry),October 2025
PUN-EV-577,UJOY Charging Hub - LEV AC Charge point 3.3 3.3 1 UJOY ,UJOY,Ujoy,Private,Maharashtra,Pune,LEV AC Charge point 3.3 3.3 1 UJOY Private Maharashtra Pune Pune Indrayani Chok,18.632932,73.8377,LEV AC,LEV AC Charge point,3.3,1,"Bureau of Energy Efficiency (BEE), Ministry of Power, Govt. of India",EV_PCS_Data_29277.pdf (Page 778),Operational (Verified Registry),October 2025
PUN-EV-578,UJOY Charging Hub - LEV AC Charge point 3.3 3.3 1 UJOY ,UJOY,Ujoy,Private,Maharashtra,Pune,LEV AC Charge point 3.3 3.3 1 UJOY Private Maharashtra Pune Pune Indrayani Complex Near Union Bank Warje Chowk,18.481013,73.803294,LEV AC,LEV AC Charge point,3.3,1,"Bureau of Energy Efficiency (BEE), Ministry of Power, Govt. of India",EV_PCS_Data_29277.pdf (Page 778),Operational (Verified Registry),October 2025
PUN-EV-579,UJOY Charging Hub - LEV AC Charge point 3.3 3.3 1 UJOY ,UJOY,Ujoy,Private,Maharashtra,Pune,LEV AC Charge point 3.3 3.3 1 UJOY Private Maharashtra Pune Pune Infront Of Magnetic Furniture,18.530567,73.932513,LEV AC,LEV AC Charge point,3.3,2,"Bureau of Energy Efficiency (BEE), Ministry of Power, Govt. of India",EV_PCS_Data_29277.pdf (Page 778),Operational (Verified Registry),October 2025
PUN-EV-580,UJOY Charging Hub - LEV AC Charge point 3.3 3.3 1 UJOY ,UJOY,Ujoy,Private,Maharashtra,Pune,LEV AC Charge point 3.3 3.3 1 UJOY Private Maharashtra Pune Pune Ingawale Patil Estate Shop No 1 2 Paud Road Bhugaon,18.500488,73.756121,LEV AC,LEV AC Charge point,3.3,1,"Bureau of Energy Efficiency (BEE), Ministry of Power, Govt. of India",EV_PCS_Data_29277.pdf (Page 778),Operational (Verified Registry),October 2025
PUN-EV-581,UJOY Charging Hub - LEV AC Charge point 3.3 3.3 1 UJOY ,UJOY,Ujoy,Private,Maharashtra,Pune,"LEV AC Charge point 3.3 3.3 1 UJOY Private Maharashtra Pune Pune Ionia Building, Sus Hinjewadi Road, Chande",18.556493,73.710558,LEV AC,LEV AC Charge point,3.3,1,"Bureau of Energy Efficiency (BEE), Ministry of Power, Govt. of India",EV_PCS_Data_29277.pdf (Page 778),Operational (Verified Registry),October 2025
PUN-EV-582,UJOY Charging Hub - LEV AC Charge point 3.3 3.3 1 UJOY ,UJOY,Ujoy,Private,Maharashtra,Pune,LEV AC Charge point 3.3 3.3 1 UJOY Private Maharashtra Pune Pune Isha Emerald Society,18.480029,73.8739,LEV AC,LEV AC Charge point,3.3,1,"Bureau of Energy Efficiency (BEE), Ministry of Power, Govt. of India",EV_PCS_Data_29277.pdf (Page 778),Operational (Verified Registry),October 2025
PUN-EV-583,UJOY Charging Hub - LEV AC Charge point 3.3 3.3 1 UJOY ,UJOY,Ujoy,Private,Maharashtra,Pune,LEV AC Charge point 3.3 3.3 1 UJOY Private Maharashtra Pune Pune J 1260 Tropica Near Sameer Lawns Ravet,18.648536,73.73159,LEV AC,LEV AC Charge point,3.3,1,"Bureau of Energy Efficiency (BEE), Ministry of Power, Govt. of India",EV_PCS_Data_29277.pdf (Page 778),Operational (Verified Registry),October 2025
PUN-EV-584,UJOY Charging Hub - LEV AC Charge point 3.3 3.3 1 UJOY ,UJOY,Ujoy,Private,Maharashtra,Pune,"LEV AC Charge point 3.3 3.3 1 UJOY Private Maharashtra Pune Pune Jadhav Chowk, Opp Sinhagad Road Regional Ward Office Vadgaon Bk",18.470439,73.825727,LEV AC,LEV AC Charge point,3.3,1,"Bureau of Energy Efficiency (BEE), Ministry of Power, Govt. of India",EV_PCS_Data_29277.pdf (Page 778),Operational (Verified Registry),October 2025
PUN-EV-585,UJOY Charging Hub - LEV AC Charge point 3.3 3.3 1 UJOY ,UJOY,Ujoy,Private,Maharashtra,Pune,LEV AC Charge point 3.3 3.3 1 UJOY Private Maharashtra Pune Pune Jadhav Nagar Vadgaon Bk,18.471468,73.827139,LEV AC,LEV AC Charge point,3.3,1,"Bureau of Energy Efficiency (BEE), Ministry of Power, Govt. of India",EV_PCS_Data_29277.pdf (Page 778),Operational (Verified Registry),October 2025
PUN-EV-586,UJOY Charging Hub - LEV AC Charge point 3.3 3.3 1 UJOY ,UJOY,Ujoy,Private,Maharashtra,Pune,LEV AC Charge point 3.3 3.3 1 UJOY Private Maharashtra Pune Pune Jadhav Vasti Ravet Pune 29,18.649643,73.755098,LEV AC,LEV AC Charge point,3.3,1,"Bureau of Energy Efficiency (BEE), Ministry of Power, Govt. of India",EV_PCS_Data_29277.pdf (Page 778),Operational (Verified Registry),October 2025
PUN-EV-587,UJOY Charging Hub - LEV AC Charge point 3.3 3.3 1 UJOY ,UJOY,Ujoy,Private,Maharashtra,Pune,LEV AC Charge point 3.3 3.3 1 UJOY Private Maharashtra Pune Pune Jagtap Dairy Behain Sai Baba Temple,18.593382,73.78522,LEV AC,LEV AC Charge point,3.3,1,"Bureau of Energy Efficiency (BEE), Ministry of Power, Govt. of India",EV_PCS_Data_29277.pdf (Page 778),Operational (Verified Registry),October 2025
PUN-EV-588,UJOY Charging Hub - LEV AC Charge point 3.3 3.3 1 UJOY ,UJOY,Ujoy,Private,Maharashtra,Pune,LEV AC Charge point 3.3 3.3 1 UJOY Private Maharashtra Pune Pune Jai Ganesh Samrajya G Wing U G Office No 19 Spine Road Bhosari Pune 411039 Maharashtra India,18.646853,73.84869,LEV AC,LEV AC Charge point,3.3,4,"Bureau of Energy Efficiency (BEE), Ministry of Power, Govt. of India",EV_PCS_Data_29277.pdf (Page 778),Operational (Verified Registry),October 2025
PUN-EV-589,UJOY Charging Hub - LEV AC Charge point 3.3 3.3 1 UJOY ,UJOY,Ujoy,Private,Maharashtra,Pune,LEV AC Charge point 3.3 3.3 1 UJOY Private Maharashtra Pune Pune Jai Mala Nagar Lane No.4 Old Sangavi.Rane Nivas,18.572479,73.825462,LEV AC,LEV AC Charge point,3.3,1,"Bureau of Energy Efficiency (BEE), Ministry of Power, Govt. of India",EV_PCS_Data_29277.pdf (Page 778),Operational (Verified Registry),October 2025
PUN-EV-590,UJOY Charging Hub - LEV AC Charge point 3.3 3.3 1 UJOY ,UJOY,Ujoy,Private,Maharashtra,Pune,LEV AC Charge point 3.3 3.3 1 UJOY Private Maharashtra Pune Pune Jain Mandir Road Near Dughad Farm House Katraj,18.444911,73.853775,LEV AC,LEV AC Charge point,3.3,1,"Bureau of Energy Efficiency (BEE), Ministry of Power, Govt. of India",EV_PCS_Data_29277.pdf (Page 778),Operational (Verified Registry),October 2025
PUN-EV-591,UJOY Charging Hub - LEV AC Charge point 3.3 3.3 1 UJOY ,UJOY,Ujoy,Private,Maharashtra,Pune,LEV AC Charge point 3.3 3.3 1 UJOY Private Maharashtra Pune Pune Jain Mandir Road Opp Malai Devlopers Katraj,18.44231,73.85304,LEV AC,LEV AC Charge point,3.3,5,"Bureau of Energy Efficiency (BEE), Ministry of Power, Govt. of India",EV_PCS_Data_29277.pdf (Page 778),Operational (Verified Registry),October 2025
PUN-EV-592,UJOY Charging Hub - LEV AC Charge point 3.3 3.3 1 UJOY ,UJOY,Ujoy,Private,Maharashtra,Pune,LEV AC Charge point 3.3 3.3 1 UJOY Private Maharashtra Pune Pune Jain Mandir Road Santosh Nagar Katraj,18.447542,73.853832,LEV AC,LEV AC Charge point,3.3,1,"Bureau of Energy Efficiency (BEE), Ministry of Power, Govt. of India",EV_PCS_Data_29277.pdf (Page 778),Operational (Verified Registry),October 2025
PUN-EV-593,UJOY Charging Hub - LEV AC Charge point 3.3 3.3 1 UJOY ,UJOY,Ujoy,Private,Maharashtra,Pune,"LEV AC Charge point 3.3 3.3 1 UJOY Private Maharashtra Pune Pune Jawalkar Nagar, Pimple Gurav , Sudarshan Chowk,Near 8 To 80 Garden.",18.60007,73.812849,LEV AC,LEV AC Charge point,3.3,2,"Bureau of Energy Efficiency (BEE), Ministry of Power, Govt. of India",EV_PCS_Data_29277.pdf (Page 778),Operational (Verified Registry),October 2025
PUN-EV-594,UJOY Charging Hub - LEV AC Charge point 3.3 3.3 1 UJOY ,UJOY,Ujoy,Private,Maharashtra,Pune,"LEV AC Charge point 3.3 3.3 1 UJOY Private Maharashtra Pune Pune Jay Residency, Near Jambulkar Garden, Tatya Tope Housing Society, Wanowrie, Pune 411040",18.498044,73.902234,LEV AC,LEV AC Charge point,3.3,3,"Bureau of Energy Efficiency (BEE), Ministry of Power, Govt. of India",EV_PCS_Data_29277.pdf (Page 778),Operational (Verified Registry),October 2025
PUN-EV-595,UJOY Charging Hub - LEV AC Charge point 3.3 3.3 1 UJOY ,UJOY,Ujoy,Private,Maharashtra,Pune,LEV AC Charge point 3.3 3.3 1 UJOY Private Maharashtra Pune Pune Jj Nagar Opp Someshwar Misal Epic Soc Kesnand Wagholi Road Wagholi 412207,18.58032,73.989543,LEV AC,LEV AC Charge point,3.3,1,"Bureau of Energy Efficiency (BEE), Ministry of Power, Govt. of India",EV_PCS_Data_29277.pdf (Page 778),Operational (Verified Registry),October 2025
PUN-EV-596,UJOY Charging Hub - LEV AC Charge point 3.3 3.3 1 UJOY ,UJOY,Ujoy,Private,Maharashtra,Pune,LEV AC Charge point 3.3 3.3 1 UJOY Private Maharashtra Pune Pune Jotiba Nagar Talawde,18.686357,73.788912,LEV AC,LEV AC Charge point,3.3,1,"Bureau of Energy Efficiency (BEE), Ministry of Power, Govt. of India",EV_PCS_Data_29277.pdf (Page 778),Operational (Verified Registry),October 2025
PUN-EV-597,UJOY Charging Hub - LEV AC Charge point 3.3 3.3 1 UJOY ,UJOY,Ujoy,Private,Maharashtra,Pune,LEV AC Charge point 3.3 3.3 1 UJOY Private Maharashtra Pune Pune Joy E Bike Dhavde Vasti Bhosari,18.632072,73.849861,LEV AC,LEV AC Charge point,3.3,1,"Bureau of Energy Efficiency (BEE), Ministry of Power, Govt. of India",EV_PCS_Data_29277.pdf (Page 778),Operational (Verified Registry),October 2025
PUN-EV-598,UJOY Charging Hub - Jqv4+792 Brt Link Road Pumping Stat,UJOY,Ujoy,Private,Maharashtra,Pune,"Jqv4+792 Brt Link Road Pumping Station, Bus Stop, Survey No. 218, Ravet, Pimpri-Chinchwad, Maharashtra,412101",18.642881,73.748386,LEV AC,LEV AC Charge point,3.3,1,"Bureau of Energy Efficiency (BEE), Ministry of Power, Govt. of India",EV_PCS_Data_29277.pdf (Page 779),Operational (Verified Registry),October 2025
PUN-EV-599,UJOY Charging Hub - LEV AC Charge point 3.3 3.3 1 UJOY ,UJOY,Ujoy,Private,Maharashtra,Pune,"LEV AC Charge point 3.3 3.3 1 UJOY Private Maharashtra Pune Pune Jspm College Rd, Wagholi, Kesnand, Maharashtra 412207",18.590282,74.00302,LEV AC,LEV AC Charge point,3.3,1,"Bureau of Energy Efficiency (BEE), Ministry of Power, Govt. of India",EV_PCS_Data_29277.pdf (Page 779),Operational (Verified Registry),October 2025
PUN-EV-600,UJOY Charging Hub - LEV AC Charge point 3.3 3.3 1 UJOY ,UJOY,Ujoy,Private,Maharashtra,Pune,LEV AC Charge point 3.3 3.3 1 UJOY Private Maharashtra Pune Pune Jspm College Wagholi,18.58683,74.004074,LEV AC,LEV AC Charge point,3.3,1,"Bureau of Energy Efficiency (BEE), Ministry of Power, Govt. of India",EV_PCS_Data_29277.pdf (Page 779),Operational (Verified Registry),October 2025
PUN-EV-601,UJOY Charging Hub - LEV AC Charge point 3.3 3.3 1 UJOY ,UJOY,Ujoy,Private,Maharashtra,Pune,LEV AC Charge point 3.3 3.3 1 UJOY Private Maharashtra Pune Pune Kadak Anandi Pune Road Near Rnd Colony,18.577824,73.87629,LEV AC,LEV AC Charge point,3.3,1,"Bureau of Energy Efficiency (BEE), Ministry of Power, Govt. of India",EV_PCS_Data_29277.pdf (Page 779),Operational (Verified Registry),October 2025
PUN-EV-602,UJOY Charging Hub - LEV AC Charge point 3.3 3.3 1 UJOY ,UJOY,Ujoy,Private,Maharashtra,Pune,"LEV AC Charge point 3.3 3.3 1 UJOY Private Maharashtra Pune Pune Kalate Vasti, Wakad",18.595151,73.769904,LEV AC,LEV AC Charge point,3.3,1,"Bureau of Energy Efficiency (BEE), Ministry of Power, Govt. of India",EV_PCS_Data_29277.pdf (Page 779),Operational (Verified Registry),October 2025
PUN-EV-603,UJOY Charging Hub - LEV AC Charge point 3.3 3.3 1 UJOY ,UJOY,Ujoy,Private,Maharashtra,Pune,LEV AC Charge point 3.3 3.3 1 UJOY Private Maharashtra Pune Pune Kalewadi,18.613207,73.7845,LEV AC,LEV AC Charge point,3.3,1,"Bureau of Energy Efficiency (BEE), Ministry of Power, Govt. of India",EV_PCS_Data_29277.pdf (Page 779),Operational (Verified Registry),October 2025
PUN-EV-604,UJOY Charging Hub - LEV AC Charge point 3.3 3.3 1 UJOY ,UJOY,Ujoy,Private,Maharashtra,Pune,LEV AC Charge point 3.3 3.3 1 UJOY Private Maharashtra Pune Pune Kalewadi,18.61789,73.791048,LEV AC,LEV AC Charge point,3.3,1,"Bureau of Energy Efficiency (BEE), Ministry of Power, Govt. of India",EV_PCS_Data_29277.pdf (Page 779),Operational (Verified Registry),October 2025
PUN-EV-605,UJOY Charging Hub - LEV AC Charge point 3.3 3.3 1 UJOY ,UJOY,Ujoy,Private,Maharashtra,Pune,LEV AC Charge point 3.3 3.3 1 UJOY Private Maharashtra Pune Pune Kalewadi,18.619489,73.788952,LEV AC,LEV AC Charge point,3.3,1,"Bureau of Energy Efficiency (BEE), Ministry of Power, Govt. of India",EV_PCS_Data_29277.pdf (Page 779),Operational (Verified Registry),October 2025
PUN-EV-606,UJOY Charging Hub - LEV AC Charge point 3.3 3.3 1 UJOY ,UJOY,Ujoy,Private,Maharashtra,Pune,LEV AC Charge point 3.3 3.3 1 UJOY Private Maharashtra Pune Pune Kalewadi Madhe Nagar Krishna Garden,18.616048,73.792941,LEV AC,LEV AC Charge point,3.3,8,"Bureau of Energy Efficiency (BEE), Ministry of Power, Govt. of India",EV_PCS_Data_29277.pdf (Page 779),Operational (Verified Registry),October 2025
PUN-EV-607,UJOY Charging Hub - LEV AC Charge point 3.3 3.3 1 UJOY ,UJOY,Ujoy,Private,Maharashtra,Pune,LEV AC Charge point 3.3 3.3 1 UJOY Private Maharashtra Pune Pune Kalewadi Phata,18.606056,73.77395,LEV AC,LEV AC Charge point,3.3,1,"Bureau of Energy Efficiency (BEE), Ministry of Power, Govt. of India",EV_PCS_Data_29277.pdf (Page 779),Operational (Verified Registry),October 2025
PUN-EV-608,UJOY Charging Hub - LEV AC Charge point 3.3 3.3 1 UJOY ,UJOY,Ujoy,Private,Maharashtra,Pune,LEV AC Charge point 3.3 3.3 1 UJOY Private Maharashtra Pune Pune Kalewadi Rahatni Link Road Opposite Verdhaman Heights Near Chatrapati Chowk,18.607693,73.786039,LEV AC,LEV AC Charge point,3.3,1,"Bureau of Energy Efficiency (BEE), Ministry of Power, Govt. of India",EV_PCS_Data_29277.pdf (Page 779),Operational (Verified Registry),October 2025
PUN-EV-609,UJOY Charging Hub - LEV AC Charge point 3.3 3.3 1 UJOY ,UJOY,Ujoy,Private,Maharashtra,Pune,LEV AC Charge point 3.3 3.3 1 UJOY Private Maharashtra Pune Pune Kalewadi Road Opp Rohan Wines,18.618865,73.793063,LEV AC,LEV AC Charge point,3.3,1,"Bureau of Energy Efficiency (BEE), Ministry of Power, Govt. of India",EV_PCS_Data_29277.pdf (Page 779),Operational (Verified Registry),October 2025
PUN-EV-610,UJOY Charging Hub - LEV AC Charge point 3.3 3.3 1 UJOY ,UJOY,Ujoy,Private,Maharashtra,Pune,LEV AC Charge point 3.3 3.3 1 UJOY Private Maharashtra Pune Pune Kalpataru Harmony Co Op Houseing Society Ltd,18.59183,73.771843,LEV AC,LEV AC Charge point,3.3,1,"Bureau of Energy Efficiency (BEE), Ministry of Power, Govt. of India",EV_PCS_Data_29277.pdf (Page 779),Operational (Verified Registry),October 2025
PUN-EV-611,UJOY Charging Hub - LEV AC Charge point 3.3 3.3 1 UJOY ,UJOY,Ujoy,Private,Maharashtra,Pune,LEV AC Charge point 3.3 3.3 1 UJOY Private Maharashtra Pune Pune Kalpataru Road Near Srushti Hotel Pimple Gurav,18.599022,73.817813,LEV AC,LEV AC Charge point,3.3,1,"Bureau of Energy Efficiency (BEE), Ministry of Power, Govt. of India",EV_PCS_Data_29277.pdf (Page 779),Operational (Verified Registry),October 2025
PUN-EV-612,UJOY Charging Hub - LEV AC Charge point 3.3 3.3 1 UJOY ,UJOY,Ujoy,Private,Maharashtra,Pune,LEV AC Charge point 3.3 3.3 1 UJOY Private Maharashtra Pune Pune Kalvad Road Dhanori Jakat Naka,18.591329,73.906839,LEV AC,LEV AC Charge point,3.3,1,"Bureau of Energy Efficiency (BEE), Ministry of Power, Govt. of India",EV_PCS_Data_29277.pdf (Page 779),Operational (Verified Registry),October 2025
PUN-EV-613,UJOY Charging Hub - LEV AC Charge point 3.3 3.3 1 UJOY ,UJOY,Ujoy,Private,Maharashtra,Pune,LEV AC Charge point 3.3 3.3 1 UJOY Private Maharashtra Pune Pune Kalvad Road Jakat Naka Dhanori,18.59446,73.907263,LEV AC,LEV AC Charge point,3.3,1,"Bureau of Energy Efficiency (BEE), Ministry of Power, Govt. of India",EV_PCS_Data_29277.pdf (Page 779),Operational (Verified Registry),October 2025
PUN-EV-614,UJOY Charging Hub - LEV AC Charge point 3.3 3.3 1 UJOY ,UJOY,Ujoy,Private,Maharashtra,Pune,LEV AC Charge point 3.3 3.3 1 UJOY Private Maharashtra Pune Pune Kalwad Datta Mandir Opp Air Port Pin 411032,18.586252,73.904954,LEV AC,LEV AC Charge point,3.3,1,"Bureau of Energy Efficiency (BEE), Ministry of Power, Govt. of India",EV_PCS_Data_29277.pdf (Page 779),Operational (Verified Registry),October 2025
PUN-EV-615,UJOY Charging Hub - LEV AC Charge point 3.3 3.3 1 UJOY ,UJOY,Ujoy,Private,Maharashtra,Pune,LEV AC Charge point 3.3 3.3 1 UJOY Private Maharashtra Pune Pune Kamal Automobile Near Morwadi Court Pune,18.635119,73.804005,LEV AC,LEV AC Charge point,3.3,1,"Bureau of Energy Efficiency (BEE), Ministry of Power, Govt. of India",EV_PCS_Data_29277.pdf (Page 779),Operational (Verified Registry),October 2025
PUN-EV-616,UJOY Charging Hub - LEV AC Charge point 3.3 3.3 1 UJOY ,UJOY,Ujoy,Private,Maharashtra,Pune,LEV AC Charge point 3.3 3.3 1 UJOY Private Maharashtra Pune Pune Kamal Kunj Bld Kollehwadi Khadakwasla,18.444528,73.784894,LEV AC,LEV AC Charge point,3.3,4,"Bureau of Energy Efficiency (BEE), Ministry of Power, Govt. of India",EV_PCS_Data_29277.pdf (Page 779),Operational (Verified Registry),October 2025
PUN-EV-617,UJOY Charging Hub - LEV AC Charge point 3.3 3.3 1 UJOY ,UJOY,Ujoy,Private,Maharashtra,Pune,LEV AC Charge point 3.3 3.3 1 UJOY Private Maharashtra Pune Pune Karve Nagar,18.48757,73.826279,LEV AC,LEV AC Charge point,3.3,1,"Bureau of Energy Efficiency (BEE), Ministry of Power, Govt. of India",EV_PCS_Data_29277.pdf (Page 779),Operational (Verified Registry),October 2025
PUN-EV-618,UJOY Charging Hub - LEV AC Charge point 3.3 3.3 1 UJOY ,UJOY,Ujoy,Private,Maharashtra,Pune,LEV AC Charge point 3.3 3.3 1 UJOY Private Maharashtra Pune Pune Karve Nagar,18.487771,73.81334,LEV AC,LEV AC Charge point,3.3,1,"Bureau of Energy Efficiency (BEE), Ministry of Power, Govt. of India",EV_PCS_Data_29277.pdf (Page 779),Operational (Verified Registry),October 2025
PUN-EV-619,UJOY Charging Hub - LEV AC Charge point 3.3 3.3 1 UJOY ,UJOY,Ujoy,Private,Maharashtra,Pune,LEV AC Charge point 3.3 3.3 1 UJOY Private Maharashtra Pune Pune Karve Nagar,18.490688,73.816786,LEV AC,LEV AC Charge point,3.3,1,"Bureau of Energy Efficiency (BEE), Ministry of Power, Govt. of India",EV_PCS_Data_29277.pdf (Page 779),Operational (Verified Registry),October 2025
PUN-EV-620,UJOY Charging Hub - LEV AC Charge point 3.3 3.3 1 UJOY ,UJOY,Ujoy,Private,Maharashtra,Pune,LEV AC Charge point 3.3 3.3 1 UJOY Private Maharashtra Pune Pune Karve Nagar,18.492987,73.815355,LEV AC,LEV AC Charge point,3.3,1,"Bureau of Energy Efficiency (BEE), Ministry of Power, Govt. of India",EV_PCS_Data_29277.pdf (Page 779),Operational (Verified Registry),October 2025
PUN-EV-621,UJOY Charging Hub - LEV AC Charge point 3.3 3.3 1 UJOY ,UJOY,Ujoy,Private,Maharashtra,Pune,LEV AC Charge point 3.3 3.3 1 UJOY Private Maharashtra Pune Pune Karve Nagar,18.496106,73.822219,LEV AC,LEV AC Charge point,3.3,1,"Bureau of Energy Efficiency (BEE), Ministry of Power, Govt. of India",EV_PCS_Data_29277.pdf (Page 779),Operational (Verified Registry),October 2025
PUN-EV-622,UJOY Charging Hub - LEV AC Charge point 3.3 3.3 1 UJOY ,UJOY,Ujoy,Private,Maharashtra,Pune,LEV AC Charge point 3.3 3.3 1 UJOY Private Maharashtra Pune Pune Karvenagar,18.491132,73.815494,LEV AC,LEV AC Charge point,3.3,1,"Bureau of Energy Efficiency (BEE), Ministry of Power, Govt. of India",EV_PCS_Data_29277.pdf (Page 779),Operational (Verified Registry),October 2025
PUN-EV-623,UJOY Charging Hub - LEV AC Charge point 3.3 3.3 1 UJOY ,UJOY,Ujoy,Private,Maharashtra,Pune,LEV AC Charge point 3.3 3.3 1 UJOY Private Maharashtra Pune Pune Karvengar,18.488621,73.813681,LEV AC,LEV AC Charge point,3.3,1,"Bureau of Energy Efficiency (BEE), Ministry of Power, Govt. of India",EV_PCS_Data_29277.pdf (Page 779),Operational (Verified Registry),October 2025
PUN-EV-624,UJOY Charging Hub - LEV AC Charge point 3.3 3.3 1 UJOY ,UJOY,Ujoy,Private,Maharashtra,Pune,"LEV AC Charge point 3.3 3.3 1 UJOY Private Maharashtra Pune Pune Kasarsai , Hinjewadi Road",18.626399,73.68144,LEV AC,LEV AC Charge point,3.3,1,"Bureau of Energy Efficiency (BEE), Ministry of Power, Govt. of India",EV_PCS_Data_29277.pdf (Page 779),Operational (Verified Registry),October 2025
PUN-EV-625,UJOY Charging Hub - LEV AC Charge point 3.3 3.3 1 UJOY ,UJOY,Ujoy,Private,Maharashtra,Pune,LEV AC Charge point 3.3 3.3 1 UJOY Private Maharashtra Pune Pune Kasarwadi,18.594912,73.829929,LEV AC,LEV AC Charge point,3.3,1,"Bureau of Energy Efficiency (BEE), Ministry of Power, Govt. of India",EV_PCS_Data_29277.pdf (Page 779),Operational (Verified Registry),October 2025
PUN-EV-626,UJOY Charging Hub - LEV AC Charge point 3.3 3.3 1 UJOY ,UJOY,Ujoy,Private,Maharashtra,Pune,LEV AC Charge point 3.3 3.3 1 UJOY Private Maharashtra Pune Pune Kasba Peth,18.521995,73.859801,LEV AC,LEV AC Charge point,3.3,1,"Bureau of Energy Efficiency (BEE), Ministry of Power, Govt. of India",EV_PCS_Data_29277.pdf (Page 779),Operational (Verified Registry),October 2025
PUN-EV-627,UJOY Charging Hub - LEV AC Charge point 3.3 3.3 1 UJOY ,UJOY,Ujoy,Private,Maharashtra,Pune,LEV AC Charge point 3.3 3.3 1 UJOY Private Maharashtra Pune Pune Kashid Park Kranti Nagar Pimple Gurav,18.603072,73.814985,LEV AC,LEV AC Charge point,3.3,1,"Bureau of Energy Efficiency (BEE), Ministry of Power, Govt. of India",EV_PCS_Data_29277.pdf (Page 779),Operational (Verified Registry),October 2025
PUN-EV-628,UJOY Charging Hub - LEV AC Charge point 3.3 3.3 1 UJOY ,UJOY,Ujoy,Private,Maharashtra,Pune,LEV AC Charge point 3.3 3.3 1 UJOY Private Maharashtra Pune Pune Kashid Park Pimple Gurav Pin - 411061,18.60301,73.815464,LEV AC,LEV AC Charge point,3.3,1,"Bureau of Energy Efficiency (BEE), Ministry of Power, Govt. of India",EV_PCS_Data_29277.pdf (Page 779),Operational (Verified Registry),October 2025
PUN-EV-629,"UJOY Charging Hub - Kaspate Vasti, Wakad",UJOY,Ujoy,Private,Maharashtra,Pune,"Kaspate Vasti, Wakad",18.595864,73.771269,LEV AC,LEV AC Charge point,3.3,1,"Bureau of Energy Efficiency (BEE), Ministry of Power, Govt. of India",EV_PCS_Data_29277.pdf (Page 780),Operational (Verified Registry),October 2025
PUN-EV-630,UJOY Charging Hub - LEV AC Charge point 3.3 3.3 1 UJOY ,UJOY,Ujoy,Private,Maharashtra,Pune,LEV AC Charge point 3.3 3.3 1 UJOY Private Maharashtra Pune Pune Kaspate Wasti,18.595701,73.771689,LEV AC,LEV AC Charge point,3.3,1,"Bureau of Energy Efficiency (BEE), Ministry of Power, Govt. of India",EV_PCS_Data_29277.pdf (Page 780),Operational (Verified Registry),October 2025
PUN-EV-631,UJOY Charging Hub - LEV AC Charge point 3.3 3.3 1 UJOY ,UJOY,Ujoy,Private,Maharashtra,Pune,"LEV AC Charge point 3.3 3.3 1 UJOY Private Maharashtra Pune Pune Kaspate Wasti,Wakad",18.598558,73.776737,LEV AC,LEV AC Charge point,3.3,1,"Bureau of Energy Efficiency (BEE), Ministry of Power, Govt. of India",EV_PCS_Data_29277.pdf (Page 780),Operational (Verified Registry),October 2025
PUN-EV-632,UJOY Charging Hub - LEV AC Charge point 3.3 3.3 1 UJOY ,UJOY,Ujoy,Private,Maharashtra,Pune,"LEV AC Charge point 3.3 3.3 1 UJOY Private Maharashtra Pune Pune Kaspate Wasti,Wakad",18.599047,73.77678,LEV AC,LEV AC Charge point,3.3,1,"Bureau of Energy Efficiency (BEE), Ministry of Power, Govt. of India",EV_PCS_Data_29277.pdf (Page 780),Operational (Verified Registry),October 2025
PUN-EV-633,UJOY Charging Hub - LEV AC Charge point 3.3 3.3 1 UJOY ,UJOY,Ujoy,Private,Maharashtra,Pune,LEV AC Charge point 3.3 3.3 1 UJOY Private Maharashtra Pune Pune Kaspati Wasti Road Shake Chowk Opp Paradaso Society,18.594737,73.764981,LEV AC,LEV AC Charge point,3.3,1,"Bureau of Energy Efficiency (BEE), Ministry of Power, Govt. of India",EV_PCS_Data_29277.pdf (Page 780),Operational (Verified Registry),October 2025
PUN-EV-634,UJOY Charging Hub - LEV AC Charge point 3.3 3.3 1 UJOY ,UJOY,Ujoy,Private,Maharashtra,Pune,LEV AC Charge point 3.3 3.3 1 UJOY Private Maharashtra Pune Pune Kaspeti Vasti Near Chhatrapati Chowk Pune 57,18.59716,73.777334,LEV AC,LEV AC Charge point,3.3,1,"Bureau of Energy Efficiency (BEE), Ministry of Power, Govt. of India",EV_PCS_Data_29277.pdf (Page 780),Operational (Verified Registry),October 2025
PUN-EV-635,UJOY Charging Hub - LEV AC Charge point 3.3 3.3 1 UJOY ,UJOY,Ujoy,Private,Maharashtra,Pune,"LEV AC Charge point 3.3 3.3 1 UJOY Private Maharashtra Pune Pune Kaspte Wasti Rd, Vishnu Dev Nagar Wakad",18.597511,73.776722,LEV AC,LEV AC Charge point,3.3,1,"Bureau of Energy Efficiency (BEE), Ministry of Power, Govt. of India",EV_PCS_Data_29277.pdf (Page 780),Operational (Verified Registry),October 2025
PUN-EV-636,UJOY Charging Hub - LEV AC Charge point 3.3 3.3 1 UJOY ,UJOY,Ujoy,Private,Maharashtra,Pune,LEV AC Charge point 3.3 3.3 1 UJOY Private Maharashtra Pune Pune Kasture Chowk,18.510901,73.861739,LEV AC,LEV AC Charge point,3.3,10,"Bureau of Energy Efficiency (BEE), Ministry of Power, Govt. of India",EV_PCS_Data_29277.pdf (Page 780),Operational (Verified Registry),October 2025
PUN-EV-637,UJOY Charging Hub - LEV AC Charge point 3.3 3.3 1 UJOY ,UJOY,Ujoy,Private,Maharashtra,Pune,LEV AC Charge point 3.3 3.3 1 UJOY Private Maharashtra Pune Pune Kata Purom Road Opp 10 Elight Society,18.585378,73.819247,LEV AC,LEV AC Charge point,3.3,10,"Bureau of Energy Efficiency (BEE), Ministry of Power, Govt. of India",EV_PCS_Data_29277.pdf (Page 780),Operational (Verified Registry),October 2025
PUN-EV-638,UJOY Charging Hub - LEV AC Charge point 3.3 3.3 1 UJOY ,UJOY,Ujoy,Private,Maharashtra,Pune,LEV AC Charge point 3.3 3.3 1 UJOY Private Maharashtra Pune Pune Kate Pumom Road Near 10 Elight Society,18.585695,73.819008,LEV AC,LEV AC Charge point,3.3,1,"Bureau of Energy Efficiency (BEE), Ministry of Power, Govt. of India",EV_PCS_Data_29277.pdf (Page 780),Operational (Verified Registry),October 2025
PUN-EV-639,UJOY Charging Hub - LEV AC Charge point 3.3 3.3 1 UJOY ,UJOY,Ujoy,Private,Maharashtra,Pune,LEV AC Charge point 3.3 3.3 1 UJOY Private Maharashtra Pune Pune Katraj,18.447642,73.861713,LEV AC,LEV AC Charge point,3.3,1,"Bureau of Energy Efficiency (BEE), Ministry of Power, Govt. of India",EV_PCS_Data_29277.pdf (Page 780),Operational (Verified Registry),October 2025
PUN-EV-640,UJOY Charging Hub - LEV AC Charge point 3.3 3.3 1 UJOY ,UJOY,Ujoy,Private,Maharashtra,Pune,LEV AC Charge point 3.3 3.3 1 UJOY Private Maharashtra Pune Pune Katraj - Kondhwa Road Bypass Highway Near Indian Oil Petrol Pump,18.448658,73.868146,LEV AC,LEV AC Charge point,3.3,1,"Bureau of Energy Efficiency (BEE), Ministry of Power, Govt. of India",EV_PCS_Data_29277.pdf (Page 780),Operational (Verified Registry),October 2025
PUN-EV-641,UJOY Charging Hub - LEV AC Charge point 3.3 3.3 1 UJOY ,UJOY,Ujoy,Private,Maharashtra,Pune,LEV AC Charge point 3.3 3.3 1 UJOY Private Maharashtra Pune Pune Katraj Kondawa Road Gokul Nagar Chowk,18.45043,73.873589,LEV AC,LEV AC Charge point,3.3,1,"Bureau of Energy Efficiency (BEE), Ministry of Power, Govt. of India",EV_PCS_Data_29277.pdf (Page 780),Operational (Verified Registry),October 2025
PUN-EV-642,UJOY Charging Hub - LEV AC Charge point 3.3 3.3 1 UJOY ,UJOY,Ujoy,Private,Maharashtra,Pune,LEV AC Charge point 3.3 3.3 1 UJOY Private Maharashtra Pune Pune Kawade Nagar Hdfc Bank Lane Near Mayur Nigari,18.586308,73.812244,LEV AC,LEV AC Charge point,3.3,1,"Bureau of Energy Efficiency (BEE), Ministry of Power, Govt. of India",EV_PCS_Data_29277.pdf (Page 780),Operational (Verified Registry),October 2025
PUN-EV-643,UJOY Charging Hub - LEV AC Charge point 3.3 3.3 1 UJOY ,UJOY,Ujoy,Private,Maharashtra,Pune,LEV AC Charge point 3.3 3.3 1 UJOY Private Maharashtra Pune Pune Kesnand Road Wagholi,18.579625,73.989417,LEV AC,LEV AC Charge point,3.3,1,"Bureau of Energy Efficiency (BEE), Ministry of Power, Govt. of India",EV_PCS_Data_29277.pdf (Page 780),Operational (Verified Registry),October 2025
PUN-EV-644,UJOY Charging Hub - LEV AC Charge point 3.3 3.3 1 UJOY ,UJOY,Ujoy,Private,Maharashtra,Pune,LEV AC Charge point 3.3 3.3 1 UJOY Private Maharashtra Pune Pune Khadki,18.568193,73.852068,LEV AC,LEV AC Charge point,3.3,1,"Bureau of Energy Efficiency (BEE), Ministry of Power, Govt. of India",EV_PCS_Data_29277.pdf (Page 780),Operational (Verified Registry),October 2025
PUN-EV-645,UJOY Charging Hub - LEV AC Charge point 3.3 3.3 1 UJOY ,UJOY,Ujoy,Private,Maharashtra,Pune,LEV AC Charge point 3.3 3.3 1 UJOY Private Maharashtra Pune Pune Khandoba Mala Akurdi,18.655019,73.789509,LEV AC,LEV AC Charge point,3.3,1,"Bureau of Energy Efficiency (BEE), Ministry of Power, Govt. of India",EV_PCS_Data_29277.pdf (Page 780),Operational (Verified Registry),October 2025
PUN-EV-646,UJOY Charging Hub - LEV AC Charge point 3.3 3.3 1 UJOY ,UJOY,Ujoy,Private,Maharashtra,Pune,LEV AC Charge point 3.3 3.3 1 UJOY Private Maharashtra Pune Pune Kharadhi Bypass Opp Balaji Hospital,18.563813,73.940471,LEV AC,LEV AC Charge point,3.3,1,"Bureau of Energy Efficiency (BEE), Ministry of Power, Govt. of India",EV_PCS_Data_29277.pdf (Page 780),Operational (Verified Registry),October 2025
PUN-EV-647,UJOY Charging Hub - LEV AC Charge point 3.3 3.3 1 UJOY ,UJOY,Ujoy,Private,Maharashtra,Pune,LEV AC Charge point 3.3 3.3 1 UJOY Private Maharashtra Pune Pune Kharadi Bypass Near Balaji Hospital Shree Park,18.563033,73.940622,LEV AC,LEV AC Charge point,3.3,1,"Bureau of Energy Efficiency (BEE), Ministry of Power, Govt. of India",EV_PCS_Data_29277.pdf (Page 780),Operational (Verified Registry),October 2025
PUN-EV-648,UJOY Charging Hub - LEV AC Charge point 3.3 3.3 1 UJOY ,UJOY,Ujoy,Private,Maharashtra,Pune,LEV AC Charge point 3.3 3.3 1 UJOY Private Maharashtra Pune Pune Kirtana Baug Mundhwa Pune 36,18.529957,73.932685,LEV AC,LEV AC Charge point,3.3,1,"Bureau of Energy Efficiency (BEE), Ministry of Power, Govt. of India",EV_PCS_Data_29277.pdf (Page 780),Operational (Verified Registry),October 2025
PUN-EV-649,UJOY Charging Hub - LEV AC Charge point 3.3 3.3 1 UJOY ,UJOY,Ujoy,Private,Maharashtra,Pune,LEV AC Charge point 3.3 3.3 1 UJOY Private Maharashtra Pune Pune Kiwale,18.662251,73.735275,LEV AC,LEV AC Charge point,3.3,1,"Bureau of Energy Efficiency (BEE), Ministry of Power, Govt. of India",EV_PCS_Data_29277.pdf (Page 780),Operational (Verified Registry),October 2025
PUN-EV-650,UJOY Charging Hub - LEV AC Charge point 3.3 3.3 1 UJOY ,UJOY,Ujoy,Private,Maharashtra,Pune,LEV AC Charge point 3.3 3.3 1 UJOY Private Maharashtra Pune Pune Kiwale,18.662847,73.736396,LEV AC,LEV AC Charge point,3.3,1,"Bureau of Energy Efficiency (BEE), Ministry of Power, Govt. of India",EV_PCS_Data_29277.pdf (Page 780),Operational (Verified Registry),October 2025
PUN-EV-651,UJOY Charging Hub - LEV AC Charge point 3.3 3.3 1 UJOY ,UJOY,Ujoy,Private,Maharashtra,Pune,LEV AC Charge point 3.3 3.3 1 UJOY Private Maharashtra Pune Pune Kiwale,18.662914,73.730209,LEV AC,LEV AC Charge point,3.3,1,"Bureau of Energy Efficiency (BEE), Ministry of Power, Govt. of India",EV_PCS_Data_29277.pdf (Page 780),Operational (Verified Registry),October 2025
PUN-EV-652,UJOY Charging Hub - LEV AC Charge point 3.3 3.3 1 UJOY ,UJOY,Ujoy,Private,Maharashtra,Pune,LEV AC Charge point 3.3 3.3 1 UJOY Private Maharashtra Pune Pune Kk Market,18.469011,73.859777,LEV AC,LEV AC Charge point,3.3,1,"Bureau of Energy Efficiency (BEE), Ministry of Power, Govt. of India",EV_PCS_Data_29277.pdf (Page 780),Operational (Verified Registry),October 2025
PUN-EV-653,UJOY Charging Hub - LEV AC Charge point 3.3 3.3 1 UJOY ,UJOY,Ujoy,Private,Maharashtra,Pune,LEV AC Charge point 3.3 3.3 1 UJOY Private Maharashtra Pune Pune Kokne Chowk,18.600543,73.788865,LEV AC,LEV AC Charge point,3.3,4,"Bureau of Energy Efficiency (BEE), Ministry of Power, Govt. of India",EV_PCS_Data_29277.pdf (Page 780),Operational (Verified Registry),October 2025
PUN-EV-654,UJOY Charging Hub - LEV AC Charge point 3.3 3.3 1 UJOY ,UJOY,Ujoy,Private,Maharashtra,Pune,LEV AC Charge point 3.3 3.3 1 UJOY Private Maharashtra Pune Pune Kokne Chowk Shivraj Nagar 4,18.598777,73.783615,LEV AC,LEV AC Charge point,3.3,4,"Bureau of Energy Efficiency (BEE), Ministry of Power, Govt. of India",EV_PCS_Data_29277.pdf (Page 780),Operational (Verified Registry),October 2025
PUN-EV-655,UJOY Charging Hub - LEV AC Charge point 3.3 3.3 1 UJOY ,UJOY,Ujoy,Private,Maharashtra,Pune,LEV AC Charge point 3.3 3.3 1 UJOY Private Maharashtra Pune Pune Kondanpur Phata,18.351313,73.851842,LEV AC,LEV AC Charge point,3.3,1,"Bureau of Energy Efficiency (BEE), Ministry of Power, Govt. of India",EV_PCS_Data_29277.pdf (Page 780),Operational (Verified Registry),October 2025
PUN-EV-656,UJOY Charging Hub - LEV AC Charge point 3.3 3.3 1 UJOY ,UJOY,Ujoy,Private,Maharashtra,Pune,LEV AC Charge point 3.3 3.3 1 UJOY Private Maharashtra Pune Pune Kondwa,18.476269,73.908251,LEV AC,LEV AC Charge point,3.3,1,"Bureau of Energy Efficiency (BEE), Ministry of Power, Govt. of India",EV_PCS_Data_29277.pdf (Page 780),Operational (Verified Registry),October 2025
PUN-EV-657,UJOY Charging Hub - LEV AC Charge point 3.3 3.3 1 UJOY ,UJOY,Ujoy,Private,Maharashtra,Pune,LEV AC Charge point 3.3 3.3 1 UJOY Private Maharashtra Pune Pune Kondwa,18.476796,73.91022,LEV AC,LEV AC Charge point,3.3,1,"Bureau of Energy Efficiency (BEE), Ministry of Power, Govt. of India",EV_PCS_Data_29277.pdf (Page 780),Operational (Verified Registry),October 2025
PUN-EV-658,UJOY Charging Hub - LEV AC Charge point 3.3 3.3 1 UJOY ,UJOY,Ujoy,Private,Maharashtra,Pune,LEV AC Charge point 3.3 3.3 1 UJOY Private Maharashtra Pune Pune Kothrud,18.500993,73.813643,LEV AC,LEV AC Charge point,3.3,1,"Bureau of Energy Efficiency (BEE), Ministry of Power, Govt. of India",EV_PCS_Data_29277.pdf (Page 780),Operational (Verified Registry),October 2025
PUN-EV-659,UJOY Charging Hub - LEV AC Charge point 3.3 3.3 1 UJOY ,UJOY,Ujoy,Private,Maharashtra,Pune,LEV AC Charge point 3.3 3.3 1 UJOY Private Maharashtra Pune Pune Kothrud,18.505816,73.792681,LEV AC,LEV AC Charge point,3.3,1,"Bureau of Energy Efficiency (BEE), Ministry of Power, Govt. of India",EV_PCS_Data_29277.pdf (Page 780),Operational (Verified Registry),October 2025
PUN-EV-660,UJOY Charging Hub - LEV AC Charge point 3.3 3.3 1 UJOY ,UJOY,Ujoy,Private,Maharashtra,Pune,"LEV AC Charge point 3.3 3.3 1 UJOY Private Maharashtra Pune Pune Koytewasti Chowk, Punawale",18.63074,73.737475,LEV AC,LEV AC Charge point,3.3,1,"Bureau of Energy Efficiency (BEE), Ministry of Power, Govt. of India",EV_PCS_Data_29277.pdf (Page 780),Operational (Verified Registry),October 2025
PUN-EV-661,UJOY Charging Hub - LEV AC Charge point 3.3 3.3 1 UJOY ,UJOY,Ujoy,Private,Maharashtra,Pune,"LEV AC Charge point 3.3 3.3 1 UJOY Private Maharashtra Pune Pune Krishna Leela Apt, Nda Pashan Rd, Bavdhan",18.517277,73.780725,LEV AC,LEV AC Charge point,3.3,1,"Bureau of Energy Efficiency (BEE), Ministry of Power, Govt. of India",EV_PCS_Data_29277.pdf (Page 780),Operational (Verified Registry),October 2025
PUN-EV-662,UJOY Charging Hub - LEV AC Charge point 3.3 3.3 1 UJOY ,UJOY,Ujoy,Private,Maharashtra,Pune,LEV AC Charge point 3.3 3.3 1 UJOY Private Maharashtra Pune Pune Krishna Nagri Rahatani,18.603777,73.784945,LEV AC,LEV AC Charge point,3.3,1,"Bureau of Energy Efficiency (BEE), Ministry of Power, Govt. of India",EV_PCS_Data_29277.pdf (Page 780),Operational (Verified Registry),October 2025
PUN-EV-663,UJOY Charging Hub - LEV AC Charge point 3.3 3.3 1 UJOY ,UJOY,Ujoy,Private,Maharashtra,Pune,LEV AC Charge point 3.3 3.3 1 UJOY Private Maharashtra Pune Pune Krushna Kunj Society Shop No 1 Opp To Gref Center Gate Gokulnagar Dhanori,18.589497,73.888417,LEV AC,LEV AC Charge point,3.3,1,"Bureau of Energy Efficiency (BEE), Ministry of Power, Govt. of India",EV_PCS_Data_29277.pdf (Page 780),Operational (Verified Registry),October 2025
PUN-EV-664,UJOY Charging Hub - LEV AC Charge point 3.3 3.3 1 UJOY ,UJOY,Ujoy,Private,Maharashtra,Pune,LEV AC Charge point 3.3 3.3 1 UJOY Private Maharashtra Pune Pune Ksb Chowk Pune,18.655446,73.816695,LEV AC,LEV AC Charge point,3.3,1,"Bureau of Energy Efficiency (BEE), Ministry of Power, Govt. of India",EV_PCS_Data_29277.pdf (Page 780),Operational (Verified Registry),October 2025
PUN-EV-665,UJOY Charging Hub - LEV AC Charge point 3.3 3.3 1 UJOY ,UJOY,Ujoy,Private,Maharashtra,Pune,LEV AC Charge point 3.3 3.3 1 UJOY Private Maharashtra Pune Pune Kumar Parisar Shop No E 23 New Dp Road Kothrud,18.497088,73.802225,LEV AC,LEV AC Charge point,3.3,1,"Bureau of Energy Efficiency (BEE), Ministry of Power, Govt. of India",EV_PCS_Data_29277.pdf (Page 780),Operational (Verified Registry),October 2025
PUN-EV-666,UJOY Charging Hub - LEV AC Charge point 3.3 3.3 1 UJOY ,UJOY,Ujoy,Private,Maharashtra,Pune,"LEV AC Charge point 3.3 3.3 1 UJOY Private Maharashtra Pune Pune Kumar Surabhi, Opp Sai Baba Mandir, Pune Satara Road",18.49416,73.857844,LEV AC,LEV AC Charge point,3.3,1,"Bureau of Energy Efficiency (BEE), Ministry of Power, Govt. of India",EV_PCS_Data_29277.pdf (Page 780),Operational (Verified Registry),October 2025
PUN-EV-667,"UJOY Charging Hub - Kunal Garden, Link Road, Chichwad,P",UJOY,Ujoy,Private,Maharashtra,Pune,"Kunal Garden, Link Road, Chichwad,Pune 33",18.630336,73.792245,LEV AC,LEV AC Charge point,3.3,1,"Bureau of Energy Efficiency (BEE), Ministry of Power, Govt. of India",EV_PCS_Data_29277.pdf (Page 781),Operational (Verified Registry),October 2025
PUN-EV-668,UJOY Charging Hub - LEV AC Charge point 3.3 3.3 1 UJOY ,UJOY,Ujoy,Private,Maharashtra,Pune,LEV AC Charge point 3.3 3.3 1 UJOY Private Maharashtra Pune Pune Kunal Icon Road Near Kunjir Dairy Pimple Saudagar,18.593181,73.796648,LEV AC,LEV AC Charge point,3.3,1,"Bureau of Energy Efficiency (BEE), Ministry of Power, Govt. of India",EV_PCS_Data_29277.pdf (Page 781),Operational (Verified Registry),October 2025
PUN-EV-669,UJOY Charging Hub - LEV AC Charge point 3.3 3.3 1 UJOY ,UJOY,Ujoy,Private,Maharashtra,Pune,LEV AC Charge point 3.3 3.3 1 UJOY Private Maharashtra Pune Pune Kunal Icon Road Near Nkgsb Bank Pimple Saudagar Pune 411027,18.591885,73.801351,LEV AC,LEV AC Charge point,3.3,1,"Bureau of Energy Efficiency (BEE), Ministry of Power, Govt. of India",EV_PCS_Data_29277.pdf (Page 781),Operational (Verified Registry),October 2025
PUN-EV-670,UJOY Charging Hub - LEV AC Charge point 3.3 3.3 1 UJOY ,UJOY,Ujoy,Private,Maharashtra,Pune,LEV AC Charge point 3.3 3.3 1 UJOY Private Maharashtra Pune Pune Kunal Icon Road Pimpri Saudagar Pune 27,18.591309,73.79587,LEV AC,LEV AC Charge point,3.3,1,"Bureau of Energy Efficiency (BEE), Ministry of Power, Govt. of India",EV_PCS_Data_29277.pdf (Page 781),Operational (Verified Registry),October 2025
PUN-EV-671,UJOY Charging Hub - LEV AC Charge point 3.3 3.3 1 UJOY ,UJOY,Ujoy,Private,Maharashtra,Pune,LEV AC Charge point 3.3 3.3 1 UJOY Private Maharashtra Pune Pune Kundan Hotel Kalewadi Phata,18.604186,73.776083,LEV AC,LEV AC Charge point,3.3,1,"Bureau of Energy Efficiency (BEE), Ministry of Power, Govt. of India",EV_PCS_Data_29277.pdf (Page 781),Operational (Verified Registry),October 2025
PUN-EV-672,UJOY Charging Hub - LEV AC Charge point 3.3 3.3 1 UJOY ,UJOY,Ujoy,Private,Maharashtra,Pune,LEV AC Charge point 3.3 3.3 1 UJOY Private Maharashtra Kolhapur Kolhapur Kundhan Khushal Society G Building,18.554916,73.839199,LEV AC,LEV AC Charge point,3.3,1,"Bureau of Energy Efficiency (BEE), Ministry of Power, Govt. of India",EV_PCS_Data_29277.pdf (Page 781),Operational (Verified Registry),October 2025
PUN-EV-673,UJOY Charging Hub - LEV AC Charge point 3.3 3.3 1 UJOY ,UJOY,Ujoy,Private,Maharashtra,Pune,LEV AC Charge point 3.3 3.3 1 UJOY Private Maharashtra Pune Pune Kunir Chowk Kunal Icon Road Pimple Saudagar Pune 411027,18.591467,73.797399,LEV AC,LEV AC Charge point,3.3,1,"Bureau of Energy Efficiency (BEE), Ministry of Power, Govt. of India",EV_PCS_Data_29277.pdf (Page 781),Operational (Verified Registry),October 2025
PUN-EV-674,UJOY Charging Hub - LEV AC Charge point 3.3 3.3 1 UJOY ,UJOY,Ujoy,Private,Maharashtra,Pune,"LEV AC Charge point 3.3 3.3 1 UJOY Private Maharashtra Pune Pune Kuruli Phata, Near Hp Petrol Pump, Pune-Nashik Highway, Kuruli, Chakan. Khed.",18.713053,73.848585,LEV AC,LEV AC Charge point,3.3,1,"Bureau of Energy Efficiency (BEE), Ministry of Power, Govt. of India",EV_PCS_Data_29277.pdf (Page 781),Operational (Verified Registry),October 2025
PUN-EV-675,UJOY Charging Hub - LEV AC Charge point 3.3 3.3 1 UJOY ,UJOY,Ujoy,Private,Maharashtra,Pune,LEV AC Charge point 3.3 3.3 1 UJOY Private Maharashtra Pune Pune L M D Chowk Near Maratha Mandir Bavdhan,18.511191,73.777505,LEV AC,LEV AC Charge point,3.3,1,"Bureau of Energy Efficiency (BEE), Ministry of Power, Govt. of India",EV_PCS_Data_29277.pdf (Page 781),Operational (Verified Registry),October 2025
PUN-EV-676,UJOY Charging Hub - LEV AC Charge point 3.3 3.3 1 UJOY ,UJOY,Ujoy,Private,Maharashtra,Pune,LEV AC Charge point 3.3 3.3 1 UJOY Private Maharashtra Pune Pune Lake Villa Bungalow Plot No 15 Siddhetek Hsg Soc Sutarwadi Pashan,18.536783,73.782984,LEV AC,LEV AC Charge point,3.3,1,"Bureau of Energy Efficiency (BEE), Ministry of Power, Govt. of India",EV_PCS_Data_29277.pdf (Page 781),Operational (Verified Registry),October 2025
PUN-EV-677,UJOY Charging Hub - LEV AC Charge point 3.3 3.3 1 UJOY ,UJOY,Ujoy,Private,Maharashtra,Pune,LEV AC Charge point 3.3 3.3 1 UJOY Private Maharashtra Pune Pune Landgewasti Bhosari,18.629922,73.851425,LEV AC,LEV AC Charge point,3.3,1,"Bureau of Energy Efficiency (BEE), Ministry of Power, Govt. of India",EV_PCS_Data_29277.pdf (Page 781),Operational (Verified Registry),October 2025
PUN-EV-678,UJOY Charging Hub - LEV AC Charge point 3.3 3.3 1 UJOY ,UJOY,Ujoy,Private,Maharashtra,Pune,LEV AC Charge point 3.3 3.3 1 UJOY Private Maharashtra Pune Pune Lane No 04 Munjaba Wasti Dhanori Pune 15,18.591947,73.895997,LEV AC,LEV AC Charge point,3.3,10,"Bureau of Energy Efficiency (BEE), Ministry of Power, Govt. of India",EV_PCS_Data_29277.pdf (Page 781),Operational (Verified Registry),October 2025
PUN-EV-679,UJOY Charging Hub - LEV AC Charge point 3.3 3.3 1 UJOY ,UJOY,Ujoy,Private,Maharashtra,Pune,LEV AC Charge point 3.3 3.3 1 UJOY Private Maharashtra Pune Pune Lane No 10 Shreenath Sundar Ban Near Pardeshi Mala,18.458232,73.975558,LEV AC,LEV AC Charge point,3.3,1,"Bureau of Energy Efficiency (BEE), Ministry of Power, Govt. of India",EV_PCS_Data_29277.pdf (Page 781),Operational (Verified Registry),October 2025
PUN-EV-680,UJOY Charging Hub - LEV AC Charge point 3.3 3.3 1 UJOY ,UJOY,Ujoy,Private,Maharashtra,Pune,LEV AC Charge point 3.3 3.3 1 UJOY Private Maharashtra Pune Pune Laxman Nagar,18.611622,73.768646,LEV AC,LEV AC Charge point,3.3,1,"Bureau of Energy Efficiency (BEE), Ministry of Power, Govt. of India",EV_PCS_Data_29277.pdf (Page 781),Operational (Verified Registry),October 2025
PUN-EV-681,UJOY Charging Hub - LEV AC Charge point 3.3 3.3 1 UJOY ,UJOY,Ujoy,Private,Maharashtra,Pune,LEV AC Charge point 3.3 3.3 1 UJOY Private Maharashtra Pune Pune Laxmi Nagar Near Tanaji Shitole Garden Mona App Old Sangvi,18.573164,73.82367,LEV AC,LEV AC Charge point,3.3,1,"Bureau of Energy Efficiency (BEE), Ministry of Power, Govt. of India",EV_PCS_Data_29277.pdf (Page 781),Operational (Verified Registry),October 2025
PUN-EV-682,UJOY Charging Hub - LEV AC Charge point 3.3 3.3 1 UJOY ,UJOY,Ujoy,Private,Maharashtra,Pune,LEV AC Charge point 3.3 3.3 1 UJOY Private Maharashtra Thane Thane Laxmi Nagar Walhekar Wadi Shop No1,18.633806,73.763579,LEV AC,LEV AC Charge point,3.3,1,"Bureau of Energy Efficiency (BEE), Ministry of Power, Govt. of India",EV_PCS_Data_29277.pdf (Page 781),Operational (Verified Registry),October 2025
PUN-EV-683,UJOY Charging Hub - LEV AC Charge point 3.3 3.3 1 UJOY ,UJOY,Ujoy,Private,Maharashtra,Pune,LEV AC Charge point 3.3 3.3 1 UJOY Private Maharashtra Pune Pune Laxmi.Chocke,18.600362,73.734384,LEV AC,LEV AC Charge point,3.3,1,"Bureau of Energy Efficiency (BEE), Ministry of Power, Govt. of India",EV_PCS_Data_29277.pdf (Page 781),Operational (Verified Registry),October 2025
PUN-EV-684,UJOY Charging Hub - LEV AC Charge point 3.3 3.3 1 UJOY ,UJOY,Ujoy,Private,Maharashtra,Pune,LEV AC Charge point 3.3 3.3 1 UJOY Private Maharashtra Pune Pune Lca 15 Sector No 25 Nigdi Pradhikaran Pune 411044,18.658397,73.76893,LEV AC,LEV AC Charge point,3.3,1,"Bureau of Energy Efficiency (BEE), Ministry of Power, Govt. of India",EV_PCS_Data_29277.pdf (Page 781),Operational (Verified Registry),October 2025
PUN-EV-685,UJOY Charging Hub - LEV AC Charge point 3.3 3.3 1 UJOY ,UJOY,Ujoy,Private,Maharashtra,Pune,LEV AC Charge point 3.3 3.3 1 UJOY Private Maharashtra Pune Pune Lohegaon Dhanori Road,18.597524,73.916336,LEV AC,LEV AC Charge point,3.3,1,"Bureau of Energy Efficiency (BEE), Ministry of Power, Govt. of India",EV_PCS_Data_29277.pdf (Page 781),Operational (Verified Registry),October 2025
PUN-EV-686,UJOY Charging Hub - LEV AC Charge point 3.3 3.3 1 UJOY ,UJOY,Ujoy,Private,Maharashtra,Pune,LEV AC Charge point 3.3 3.3 1 UJOY Private Maharashtra Pune Pune Lonikand Near Tagore Fata,18.62136,74.026719,LEV AC,LEV AC Charge point,3.3,1,"Bureau of Energy Efficiency (BEE), Ministry of Power, Govt. of India",EV_PCS_Data_29277.pdf (Page 781),Operational (Verified Registry),October 2025
PUN-EV-687,UJOY Charging Hub - LEV AC Charge point 3.3 3.3 1 UJOY ,UJOY,Ujoy,Private,Maharashtra,Pune,LEV AC Charge point 3.3 3.3 1 UJOY Private Maharashtra Pune Pune Lotus Business School Road Near The Home Decor Koyate Wasti Punawale Pune,18.632223,73.738994,LEV AC,LEV AC Charge point,3.3,1,"Bureau of Energy Efficiency (BEE), Ministry of Power, Govt. of India",EV_PCS_Data_29277.pdf (Page 781),Operational (Verified Registry),October 2025
PUN-EV-688,UJOY Charging Hub - LEV AC Charge point 3.3 3.3 1 UJOY ,UJOY,Ujoy,Private,Maharashtra,Pune,LEV AC Charge point 3.3 3.3 1 UJOY Private Maharashtra Pune Pune Lulaanagar,18.483644,73.882181,LEV AC,LEV AC Charge point,3.3,1,"Bureau of Energy Efficiency (BEE), Ministry of Power, Govt. of India",EV_PCS_Data_29277.pdf (Page 781),Operational (Verified Registry),October 2025
PUN-EV-689,UJOY Charging Hub - LEV AC Charge point 3.3 3.3 1 UJOY ,UJOY,Ujoy,Private,Maharashtra,Pune,LEV AC Charge point 3.3 3.3 1 UJOY Private Maharashtra Pune Pune Maan,18.573674,73.696204,LEV AC,LEV AC Charge point,3.3,1,"Bureau of Energy Efficiency (BEE), Ministry of Power, Govt. of India",EV_PCS_Data_29277.pdf (Page 781),Operational (Verified Registry),October 2025
PUN-EV-690,UJOY Charging Hub - LEV AC Charge point 3.3 3.3 1 UJOY ,UJOY,Ujoy,Private,Maharashtra,Pune,LEV AC Charge point 3.3 3.3 1 UJOY Private Maharashtra Pune Pune Magarppta Men Get Bharat Petrol Pampe,18.515269,73.932686,LEV AC,LEV AC Charge point,3.3,1,"Bureau of Energy Efficiency (BEE), Ministry of Power, Govt. of India",EV_PCS_Data_29277.pdf (Page 781),Operational (Verified Registry),October 2025
PUN-EV-691,UJOY Charging Hub - LEV AC Charge point 3.3 3.3 1 UJOY ,UJOY,Ujoy,Private,Maharashtra,Pune,LEV AC Charge point 3.3 3.3 1 UJOY Private Maharashtra Pune Pune Magnolia Society,18.548797,73.794541,LEV AC,LEV AC Charge point,3.3,10,"Bureau of Energy Efficiency (BEE), Ministry of Power, Govt. of India",EV_PCS_Data_29277.pdf (Page 781),Operational (Verified Registry),October 2025
PUN-EV-692,UJOY Charging Hub - LEV AC Charge point 3.3 3.3 1 UJOY ,UJOY,Ujoy,Private,Maharashtra,Pune,LEV AC Charge point 3.3 3.3 1 UJOY Private Maharashtra Pune Pune Maharaja Complex Kothrud Pune 411038,18.507684,73.798558,LEV AC,LEV AC Charge point,3.3,3,"Bureau of Energy Efficiency (BEE), Ministry of Power, Govt. of India",EV_PCS_Data_29277.pdf (Page 782),Operational (Verified Registry),October 2025
PUN-EV-693,UJOY Charging Hub - LEV AC Charge point 3.3 3.3 1 UJOY ,UJOY,Ujoy,Private,Maharashtra,Pune,LEV AC Charge point 3.3 3.3 1 UJOY Private Maharashtra Pune Pune Maharana Chauwk Jadhav Wasti Opp Sai Galaxy Kalas Vishrantwadi,18.577185,73.875497,LEV AC,LEV AC Charge point,3.3,1,"Bureau of Energy Efficiency (BEE), Ministry of Power, Govt. of India",EV_PCS_Data_29277.pdf (Page 782),Operational (Verified Registry),October 2025
PUN-EV-694,UJOY Charging Hub - LEV AC Charge point 3.3 3.3 1 UJOY ,UJOY,Ujoy,Private,Maharashtra,Pune,LEV AC Charge point 3.3 3.3 1 UJOY Private Maharashtra Pune Pune Maharashtra Colony Brt Road,18.601046,73.814244,LEV AC,LEV AC Charge point,3.3,1,"Bureau of Energy Efficiency (BEE), Ministry of Power, Govt. of India",EV_PCS_Data_29277.pdf (Page 782),Operational (Verified Registry),October 2025
PUN-EV-695,UJOY Charging Hub - LEV AC Charge point 3.3 3.3 1 UJOY ,UJOY,Ujoy,Private,Maharashtra,Pune,LEV AC Charge point 3.3 3.3 1 UJOY Private Maharashtra Pune Pune Mahatma Phule Chowk Chakan,18.762685,73.862249,LEV AC,LEV AC Charge point,3.3,1,"Bureau of Energy Efficiency (BEE), Ministry of Power, Govt. of India",EV_PCS_Data_29277.pdf (Page 782),Operational (Verified Registry),October 2025
PUN-EV-696,UJOY Charging Hub - LEV AC Charge point 3.3 3.3 1 UJOY ,UJOY,Ujoy,Private,Maharashtra,Pune,LEV AC Charge point 3.3 3.3 1 UJOY Private Maharashtra Pune Pune Main Road Akurdi Near Bhalrao Hospital Datir Patil Estate,18.649851,73.777443,LEV AC,LEV AC Charge point,3.3,2,"Bureau of Energy Efficiency (BEE), Ministry of Power, Govt. of India",EV_PCS_Data_29277.pdf (Page 782),Operational (Verified Registry),October 2025
PUN-EV-697,UJOY Charging Hub - LEV AC Charge point 3.3 3.3 1 UJOY ,UJOY,Ujoy,Private,Maharashtra,Pune,LEV AC Charge point 3.3 3.3 1 UJOY Private Maharashtra Pune Pune Main Road Pachpir Chowk Near By Khushi 2 Hotel Kalewadi,18.617527,73.790671,LEV AC,LEV AC Charge point,3.3,1,"Bureau of Energy Efficiency (BEE), Ministry of Power, Govt. of India",EV_PCS_Data_29277.pdf (Page 782),Operational (Verified Registry),October 2025
PUN-EV-698,UJOY Charging Hub - LEV AC Charge point 3.3 3.3 1 UJOY ,UJOY,Ujoy,Private,Maharashtra,Pune,LEV AC Charge point 3.3 3.3 1 UJOY Private Maharashtra Pune Pune Majri Khurda,18.536468,73.990141,LEV AC,LEV AC Charge point,3.3,1,"Bureau of Energy Efficiency (BEE), Ministry of Power, Govt. of India",EV_PCS_Data_29277.pdf (Page 782),Operational (Verified Registry),October 2025
PUN-EV-699,UJOY Charging Hub - LEV AC Charge point 3.3 3.3 1 UJOY ,UJOY,Ujoy,Private,Maharashtra,Pune,LEV AC Charge point 3.3 3.3 1 UJOY Private Maharashtra Pune Pune Mamta Automobil And Bike Point Marunji Road Hinjewadi,18.610777,73.718927,LEV AC,LEV AC Charge point,3.3,1,"Bureau of Energy Efficiency (BEE), Ministry of Power, Govt. of India",EV_PCS_Data_29277.pdf (Page 782),Operational (Verified Registry),October 2025
PUN-EV-700,UJOY Charging Hub - LEV AC Charge point 3.3 3.3 1 UJOY ,UJOY,Ujoy,Private,Maharashtra,Pune,LEV AC Charge point 3.3 3.3 1 UJOY Private Maharashtra Pune Pune Man,18.574907,73.707471,LEV AC,LEV AC Charge point,3.3,1,"Bureau of Energy Efficiency (BEE), Ministry of Power, Govt. of India",EV_PCS_Data_29277.pdf (Page 782),Operational (Verified Registry),October 2025
PUN-EV-701,UJOY Charging Hub - LEV AC Charge point 3.3 3.3 1 UJOY ,UJOY,Ujoy,Private,Maharashtra,Pune,LEV AC Charge point 3.3 3.3 1 UJOY Private Maharashtra Pune Pune Man,18.578142,73.716004,LEV AC,LEV AC Charge point,3.3,1,"Bureau of Energy Efficiency (BEE), Ministry of Power, Govt. of India",EV_PCS_Data_29277.pdf (Page 782),Operational (Verified Registry),October 2025
PUN-EV-702,UJOY Charging Hub - LEV AC Charge point 3.3 3.3 1 UJOY ,UJOY,Ujoy,Private,Maharashtra,Pune,LEV AC Charge point 3.3 3.3 1 UJOY Private Maharashtra Pune Pune Manaji Nagar .Narhe Pune,18.453659,73.822053,LEV AC,LEV AC Charge point,3.3,1,"Bureau of Energy Efficiency (BEE), Ministry of Power, Govt. of India",EV_PCS_Data_29277.pdf (Page 782),Operational (Verified Registry),October 2025
PUN-EV-703,UJOY Charging Hub - LEV AC Charge point 3.3 3.3 1 UJOY ,UJOY,Ujoy,Private,Maharashtra,Pune,LEV AC Charge point 3.3 3.3 1 UJOY Private Maharashtra Pune Pune Manaji Nagar Nhare,18.453419,73.826632,LEV AC,LEV AC Charge point,3.3,1,"Bureau of Energy Efficiency (BEE), Ministry of Power, Govt. of India",EV_PCS_Data_29277.pdf (Page 782),Operational (Verified Registry),October 2025
PUN-EV-704,UJOY Charging Hub - LEV AC Charge point 3.3 3.3 1 UJOY ,UJOY,Ujoy,Private,Maharashtra,Pune,"LEV AC Charge point 3.3 3.3 1 UJOY Private Maharashtra Pune Pune Mangal Bhairav, Nanded City",18.45774,73.791749,LEV AC,LEV AC Charge point,3.3,2,"Bureau of Energy Efficiency (BEE), Ministry of Power, Govt. of India",EV_PCS_Data_29277.pdf (Page 782),Operational (Verified Registry),October 2025
PUN-EV-705,UJOY Charging Hub - LEV AC Charge point 3.3 3.3 1 UJOY ,UJOY,Ujoy,Private,Maharashtra,Pune,LEV AC Charge point 3.3 3.3 1 UJOY Private Maharashtra Pune Pune Mangal Upawan Bungalow No2 Udyognagar,18.642615,73.786373,LEV AC,LEV AC Charge point,3.3,11,"Bureau of Energy Efficiency (BEE), Ministry of Power, Govt. of India",EV_PCS_Data_29277.pdf (Page 782),Operational (Verified Registry),October 2025
PUN-EV-706,UJOY Charging Hub - LEV AC Charge point 3.3 3.3 1 UJOY ,UJOY,Ujoy,Private,Maharashtra,Pune,LEV AC Charge point 3.3 3.3 1 UJOY Private Maharashtra Pune Pune Mangalwar Peth,18.523931,73.862777,LEV AC,LEV AC Charge point,3.3,1,"Bureau of Energy Efficiency (BEE), Ministry of Power, Govt. of India",EV_PCS_Data_29277.pdf (Page 782),Operational (Verified Registry),October 2025
PUN-EV-707,UJOY Charging Hub - LEV AC Charge point 3.3 3.3 1 UJOY ,UJOY,Ujoy,Private,Maharashtra,Pune,LEV AC Charge point 3.3 3.3 1 UJOY Private Maharashtra Pune Pune Manjari Road,18.502962,73.952851,LEV AC,LEV AC Charge point,3.3,1,"Bureau of Energy Efficiency (BEE), Ministry of Power, Govt. of India",EV_PCS_Data_29277.pdf (Page 782),Operational (Verified Registry),October 2025
PUN-EV-708,UJOY Charging Hub - LEV AC Charge point 3.3 3.3 1 UJOY ,UJOY,Ujoy,Private,Maharashtra,Pune,LEV AC Charge point 3.3 3.3 1 UJOY Private Maharashtra Pune Navi Mumbai Manjri Khurd Near Indian Oil Petrol,18.538185,73.989841,LEV AC,LEV AC Charge point,3.3,1,"Bureau of Energy Efficiency (BEE), Ministry of Power, Govt. of India",EV_PCS_Data_29277.pdf (Page 782),Operational (Verified Registry),October 2025
PUN-EV-709,UJOY Charging Hub - LEV AC Charge point 3.3 3.3 1 UJOY ,UJOY,Ujoy,Private,Maharashtra,Pune,LEV AC Charge point 3.3 3.3 1 UJOY Private Maharashtra Pune Pune Manjri Khurd Shiv Nagar,18.527614,73.99208,LEV AC,LEV AC Charge point,3.3,1,"Bureau of Energy Efficiency (BEE), Ministry of Power, Govt. of India",EV_PCS_Data_29277.pdf (Page 782),Operational (Verified Registry),October 2025
PUN-EV-710,UJOY Charging Hub - LEV AC Charge point 3.3 3.3 1 UJOY ,UJOY,Ujoy,Private,Maharashtra,Pune,LEV AC Charge point 3.3 3.3 1 UJOY Private Maharashtra Pune Pune Manjri Road Near Nalavde Hospital Mahadev Nagar Hadapsar,18.50754,73.955275,LEV AC,LEV AC Charge point,3.3,1,"Bureau of Energy Efficiency (BEE), Ministry of Power, Govt. of India",EV_PCS_Data_29277.pdf (Page 782),Operational (Verified Registry),October 2025
PUN-EV-711,UJOY Charging Hub - LEV AC Charge point 3.3 3.3 1 UJOY ,UJOY,Ujoy,Private,Maharashtra,Pune,LEV AC Charge point 3.3 3.3 1 UJOY Private Maharashtra Pune Pune Manjri Zed Corner Keshvanagar Manjri Road Pune,18.525794,73.955099,LEV AC,LEV AC Charge point,3.3,1,"Bureau of Energy Efficiency (BEE), Ministry of Power, Govt. of India",EV_PCS_Data_29277.pdf (Page 782),Operational (Verified Registry),October 2025
PUN-EV-712,UJOY Charging Hub - LEV AC Charge point 3.3 3.3 1 UJOY ,UJOY,Ujoy,Private,Maharashtra,Pune,"LEV AC Charge point 3.3 3.3 1 UJOY Private Maharashtra Pune Pune Manohar Residency Phase 1, Chandni Chowk, Warje Service Rd, Near Ved Vihar Society, Kothrud, Pune 411038",18.505754,73.790959,LEV AC,LEV AC Charge point,3.3,1,"Bureau of Energy Efficiency (BEE), Ministry of Power, Govt. of India",EV_PCS_Data_29277.pdf (Page 782),Operational (Verified Registry),October 2025
PUN-EV-713,UJOY Charging Hub - LEV AC Charge point 3.3 3.3 1 UJOY ,UJOY,Ujoy,Private,Maharashtra,Pune,LEV AC Charge point 3.3 3.3 1 UJOY Private Maharashtra Pune Pune Manoj Auto Care Dudulgaon Datta Nagar Dev Anand Road Moshi,18.678036,73.871866,LEV AC,LEV AC Charge point,3.3,1,"Bureau of Energy Efficiency (BEE), Ministry of Power, Govt. of India",EV_PCS_Data_29277.pdf (Page 782),Operational (Verified Registry),October 2025
PUN-EV-714,UJOY Charging Hub - LEV AC Charge point 3.3 3.3 1 UJOY ,UJOY,Ujoy,Private,Maharashtra,Pune,LEV AC Charge point 3.3 3.3 1 UJOY Private Maharashtra Pune Pune Markal Road Charholi Khurd,18.671535,73.91494,LEV AC,LEV AC Charge point,3.3,1,"Bureau of Energy Efficiency (BEE), Ministry of Power, Govt. of India",EV_PCS_Data_29277.pdf (Page 782),Operational (Verified Registry),October 2025
PUN-EV-715,UJOY Charging Hub - LEV AC Charge point 3.3 3.3 1 UJOY ,UJOY,Ujoy,Private,Maharashtra,Pune,LEV AC Charge point 3.3 3.3 1 UJOY Private Maharashtra Pune Pune Marunji,18.603043,73.732853,LEV AC,LEV AC Charge point,3.3,1,"Bureau of Energy Efficiency (BEE), Ministry of Power, Govt. of India",EV_PCS_Data_29277.pdf (Page 782),Operational (Verified Registry),October 2025
PUN-EV-716,UJOY Charging Hub - LEV AC Charge point 3.3 3.3 1 UJOY ,UJOY,Ujoy,Private,Maharashtra,Pune,LEV AC Charge point 3.3 3.3 1 UJOY Private Maharashtra Pune Pune Marunji,18.609706,73.72054,LEV AC,LEV AC Charge point,3.3,1,"Bureau of Energy Efficiency (BEE), Ministry of Power, Govt. of India",EV_PCS_Data_29277.pdf (Page 782),Operational (Verified Registry),October 2025
PUN-EV-717,UJOY Charging Hub - LEV AC Charge point 3.3 3.3 1 UJOY ,UJOY,Ujoy,Private,Maharashtra,Pune,LEV AC Charge point 3.3 3.3 1 UJOY Private Maharashtra Pune Pune Marunji Hinjewadi Chandkhed Road Opp Hdfc Atm Near By Alard College,18.608315,73.72157,LEV AC,LEV AC Charge point,3.3,1,"Bureau of Energy Efficiency (BEE), Ministry of Power, Govt. of India",EV_PCS_Data_29277.pdf (Page 782),Operational (Verified Registry),October 2025
PUN-EV-718,UJOY Charging Hub - LEV AC Charge point 3.3 3.3 1 UJOY ,UJOY,Ujoy,Private,Maharashtra,Pune,LEV AC Charge point 3.3 3.3 1 UJOY Private Maharashtra Pune Pune Marunji Near Grampanchayat Office,18.611265,73.712183,LEV AC,LEV AC Charge point,3.3,1,"Bureau of Energy Efficiency (BEE), Ministry of Power, Govt. of India",EV_PCS_Data_29277.pdf (Page 782),Operational (Verified Registry),October 2025
PUN-EV-719,UJOY Charging Hub - LEV AC Charge point 3.3 3.3 1 UJOY ,UJOY,Ujoy,Private,Maharashtra,Pune,LEV AC Charge point 3.3 3.3 1 UJOY Private Maharashtra Pune Pune Marunji Road Buchade Wasti Opp Hdfc Atm,18.60861,73.721163,LEV AC,LEV AC Charge point,3.3,1,"Bureau of Energy Efficiency (BEE), Ministry of Power, Govt. of India",EV_PCS_Data_29277.pdf (Page 782),Operational (Verified Registry),October 2025
PUN-EV-720,UJOY Charging Hub - LEV AC Charge point 3.3 3.3 1 UJOY ,UJOY,Ujoy,Private,Maharashtra,Pune,LEV AC Charge point 3.3 3.3 1 UJOY Private Maharashtra Pune Pune Marunji Road Near Canel Datta Wadi,18.622579,73.688369,LEV AC,LEV AC Charge point,3.3,1,"Bureau of Energy Efficiency (BEE), Ministry of Power, Govt. of India",EV_PCS_Data_29277.pdf (Page 782),Operational (Verified Registry),October 2025
PUN-EV-721,UJOY Charging Hub - LEV AC Charge point 3.3 3.3 1 UJOY ,UJOY,Ujoy,Private,Maharashtra,Pune,LEV AC Charge point 3.3 3.3 1 UJOY Private Maharashtra Pune Pune Marunji Village,18.611927,73.712798,LEV AC,LEV AC Charge point,3.3,1,"Bureau of Energy Efficiency (BEE), Ministry of Power, Govt. of India",EV_PCS_Data_29277.pdf (Page 782),Operational (Verified Registry),October 2025
PUN-EV-722,UJOY Charging Hub - LEV AC Charge point 3.3 3.3 1 UJOY ,UJOY,Ujoy,Private,Maharashtra,Pune,LEV AC Charge point 3.3 3.3 1 UJOY Private Maharashtra Pune Pune Maskhe Wasti. Alandi Road . Vishrantwadi,18.586286,73.875416,LEV AC,LEV AC Charge point,3.3,1,"Bureau of Energy Efficiency (BEE), Ministry of Power, Govt. of India",EV_PCS_Data_29277.pdf (Page 782),Operational (Verified Registry),October 2025
PUN-EV-723,UJOY Charging Hub - LEV AC Charge point 3.3 3.3 1 UJOY ,UJOY,Ujoy,Private,Maharashtra,Pune,LEV AC Charge point 3.3 3.3 1 UJOY Private Maharashtra Pune Pune Matoshree Nivas,18.58634,73.886006,LEV AC,LEV AC Charge point,3.3,1,"Bureau of Energy Efficiency (BEE), Ministry of Power, Govt. of India",EV_PCS_Data_29277.pdf (Page 782),Operational (Verified Registry),October 2025
PUN-EV-724,UJOY Charging Hub - LEV AC Charge point 3.3 3.3 1 UJOY ,UJOY,Ujoy,Private,Maharashtra,Pune,LEV AC Charge point 3.3 3.3 1 UJOY Private Maharashtra Pune Pune Mauli Complex Bhumakar Wasti Near Selfie Point Nhare,18.4508,73.830391,LEV AC,LEV AC Charge point,3.3,1,"Bureau of Energy Efficiency (BEE), Ministry of Power, Govt. of India",EV_PCS_Data_29277.pdf (Page 782),Operational (Verified Registry),October 2025
PUN-EV-725,UJOY Charging Hub - LEV AC Charge point 3.3 3.3 1 UJOY ,UJOY,Ujoy,Private,Maharashtra,Pune,LEV AC Charge point 3.3 3.3 1 UJOY Private Maharashtra Pune Pune Mauli Vihar Opp Hp Petrol Pump Kale Colony Alandi,18.667561,73.889524,LEV AC,LEV AC Charge point,3.3,1,"Bureau of Energy Efficiency (BEE), Ministry of Power, Govt. of India",EV_PCS_Data_29277.pdf (Page 782),Operational (Verified Registry),October 2025
PUN-EV-726,UJOY Charging Hub - LEV AC Charge point 3.3 3.3 1 UJOY ,UJOY,Ujoy,Private,Maharashtra,Pune,LEV AC Charge point 3.3 3.3 1 UJOY Private Maharashtra Pune Pune Mayuri Palice Alandi Road,18.625161,73.861151,LEV AC,LEV AC Charge point,3.3,1,"Bureau of Energy Efficiency (BEE), Ministry of Power, Govt. of India",EV_PCS_Data_29277.pdf (Page 782),Operational (Verified Registry),October 2025
PUN-EV-727,UJOY Charging Hub - LEV AC Charge point 3.3 3.3 1 UJOY ,UJOY,Ujoy,Private,Maharashtra,Pune,LEV AC Charge point 3.3 3.3 1 UJOY Private Maharashtra Pune Pune Medicopoint Sno 272 2 Sathe Wasti Lohgoan,18.59774,73.92497,LEV AC,LEV AC Charge point,3.3,1,"Bureau of Energy Efficiency (BEE), Ministry of Power, Govt. of India",EV_PCS_Data_29277.pdf (Page 782),Operational (Verified Registry),October 2025
PUN-EV-728,UJOY Charging Hub - Mhada Towers,UJOY,Ujoy,Private,Maharashtra,Pune,Mhada Towers,18.606081,73.801686,LEV AC,LEV AC Charge point,3.3,1,"Bureau of Energy Efficiency (BEE), Ministry of Power, Govt. of India",EV_PCS_Data_29277.pdf (Page 783),Operational (Verified Registry),October 2025
PUN-EV-729,UJOY Charging Hub - LEV AC Charge point 3.3 3.3 1 UJOY ,UJOY,Ujoy,Private,Maharashtra,Pune,"LEV AC Charge point 3.3 3.3 1 UJOY Private Maharashtra Pune Pune Miami D2-1001, Wadgaon Khurda, Sinhagad Road",18.460731,73.807229,LEV AC,LEV AC Charge point,3.3,1,"Bureau of Energy Efficiency (BEE), Ministry of Power, Govt. of India",EV_PCS_Data_29277.pdf (Page 783),Operational (Verified Registry),October 2025
PUN-EV-730,UJOY Charging Hub - LEV AC Charge point 3.3 3.3 1 UJOY ,UJOY,Ujoy,Private,Maharashtra,Pune,LEV AC Charge point 3.3 3.3 1 UJOY Private Maharashtra Pune Pune Mihir Residency Vikas Mitra Mandal Chowk Karvenagar Pune 9923892002,18.489496,73.81609,LEV AC,LEV AC Charge point,3.3,1,"Bureau of Energy Efficiency (BEE), Ministry of Power, Govt. of India",EV_PCS_Data_29277.pdf (Page 783),Operational (Verified Registry),October 2025
PUN-EV-731,UJOY Charging Hub - LEV AC Charge point 3.3 3.3 1 UJOY ,UJOY,Ujoy,Private,Maharashtra,Pune,LEV AC Charge point 3.3 3.3 1 UJOY Private Maharashtra Pune Pune Mirasham Apartment Sr No 56 Malwadi Pune,18.543839,73.927065,LEV AC,LEV AC Charge point,3.3,1,"Bureau of Energy Efficiency (BEE), Ministry of Power, Govt. of India",EV_PCS_Data_29277.pdf (Page 783),Operational (Verified Registry),October 2025
PUN-EV-732,UJOY Charging Hub - LEV AC Charge point 3.3 3.3 1 UJOY ,UJOY,Ujoy,Private,Maharashtra,Pune,LEV AC Charge point 3.3 3.3 1 UJOY Private Maharashtra Pune Pune Mit College Road Ram Bag Colniny Rajgad Society,18.512284,73.815532,LEV AC,LEV AC Charge point,3.3,1,"Bureau of Energy Efficiency (BEE), Ministry of Power, Govt. of India",EV_PCS_Data_29277.pdf (Page 783),Operational (Verified Registry),October 2025
PUN-EV-733,UJOY Charging Hub - LEV AC Charge point 3.3 3.3 1 UJOY ,UJOY,Ujoy,Private,Maharashtra,Pune,LEV AC Charge point 3.3 3.3 1 UJOY Private Maharashtra Pune Pune Mitra Plot 89 Sector 20 Krushna Nagar Chinchwad,18.664932,73.794345,LEV AC,LEV AC Charge point,3.3,1,"Bureau of Energy Efficiency (BEE), Ministry of Power, Govt. of India",EV_PCS_Data_29277.pdf (Page 783),Operational (Verified Registry),October 2025
PUN-EV-734,UJOY Charging Hub - LEV AC Charge point 3.3 3.3 1 UJOY ,UJOY,Ujoy,Private,Maharashtra,Pune,"LEV AC Charge point 3.3 3.3 1 UJOY Private Maharashtra Pune Pune Mohan Nagar, Baner",18.558317,73.766382,LEV AC,LEV AC Charge point,3.3,1,"Bureau of Energy Efficiency (BEE), Ministry of Power, Govt. of India",EV_PCS_Data_29277.pdf (Page 783),Operational (Verified Registry),October 2025
PUN-EV-735,UJOY Charging Hub - LEV AC Charge point 3.3 3.3 1 UJOY ,UJOY,Ujoy,Private,Maharashtra,Pune,LEV AC Charge point 3.3 3.3 1 UJOY Private Maharashtra Pune Pune Mohannagr,18.645707,73.801306,LEV AC,LEV AC Charge point,3.3,1,"Bureau of Energy Efficiency (BEE), Ministry of Power, Govt. of India",EV_PCS_Data_29277.pdf (Page 783),Operational (Verified Registry),October 2025
PUN-EV-736,UJOY Charging Hub - LEV AC Charge point 3.3 3.3 1 UJOY ,UJOY,Ujoy,Private,Maharashtra,Pune,LEV AC Charge point 3.3 3.3 1 UJOY Private Maharashtra Pune Pune Mohhamad Wadi Hadapsar Near Chaya Hospital,18.468449,73.920358,LEV AC,LEV AC Charge point,3.3,1,"Bureau of Energy Efficiency (BEE), Ministry of Power, Govt. of India",EV_PCS_Data_29277.pdf (Page 783),Operational (Verified Registry),October 2025
PUN-EV-737,UJOY Charging Hub - LEV AC Charge point 3.3 3.3 1 UJOY ,UJOY,Ujoy,Private,Maharashtra,Pune,LEV AC Charge point 3.3 3.3 1 UJOY Private Maharashtra Pune Pune Morwadi Court Near Kishor Pump Opposite Hotel Navratna,18.63954,73.803279,LEV AC,LEV AC Charge point,3.3,1,"Bureau of Energy Efficiency (BEE), Ministry of Power, Govt. of India",EV_PCS_Data_29277.pdf (Page 783),Operational (Verified Registry),October 2025
PUN-EV-738,UJOY Charging Hub - LEV AC Charge point 3.3 3.3 1 UJOY ,UJOY,Ujoy,Private,Maharashtra,Pune,LEV AC Charge point 3.3 3.3 1 UJOY Private Maharashtra Pune Pune Morya Colany No 1 Adarsh Nagar Moshe,18.657581,73.850023,LEV AC,LEV AC Charge point,3.3,1,"Bureau of Energy Efficiency (BEE), Ministry of Power, Govt. of India",EV_PCS_Data_29277.pdf (Page 783),Operational (Verified Registry),October 2025
PUN-EV-739,UJOY Charging Hub - LEV AC Charge point 3.3 3.3 1 UJOY ,UJOY,Ujoy,Private,Maharashtra,Pune,LEV AC Charge point 3.3 3.3 1 UJOY Private Maharashtra Pune Pune Moshi,18.66346,73.839742,LEV AC,LEV AC Charge point,3.3,1,"Bureau of Energy Efficiency (BEE), Ministry of Power, Govt. of India",EV_PCS_Data_29277.pdf (Page 783),Operational (Verified Registry),October 2025
PUN-EV-740,UJOY Charging Hub - LEV AC Charge point 3.3 3.3 1 UJOY ,UJOY,Ujoy,Private,Maharashtra,Pune,LEV AC Charge point 3.3 3.3 1 UJOY Private Maharashtra Pune Pune Moshi Alandi Road Dudulgaon,18.671795,73.88492,LEV AC,LEV AC Charge point,3.3,1,"Bureau of Energy Efficiency (BEE), Ministry of Power, Govt. of India",EV_PCS_Data_29277.pdf (Page 783),Operational (Verified Registry),October 2025
PUN-EV-741,UJOY Charging Hub - LEV AC Charge point 3.3 3.3 1 UJOY ,UJOY,Ujoy,Private,Maharashtra,Pune,LEV AC Charge point 3.3 3.3 1 UJOY Private Maharashtra Pune Pune Mrutyunjay Society Rd,18.504928,73.816509,LEV AC,LEV AC Charge point,3.3,1,"Bureau of Energy Efficiency (BEE), Ministry of Power, Govt. of India",EV_PCS_Data_29277.pdf (Page 783),Operational (Verified Registry),October 2025
PUN-EV-742,UJOY Charging Hub - LEV AC Charge point 3.3 3.3 1 UJOY ,UJOY,Ujoy,Private,Maharashtra,Pune,LEV AC Charge point 3.3 3.3 1 UJOY Private Maharashtra Pune Pune Much More Soc Tingre Nagar Road 14 Choudhary Nagar Dhanori,18.583681,73.89695,LEV AC,LEV AC Charge point,3.3,1,"Bureau of Energy Efficiency (BEE), Ministry of Power, Govt. of India",EV_PCS_Data_29277.pdf (Page 783),Operational (Verified Registry),October 2025
PUN-EV-743,UJOY Charging Hub - LEV AC Charge point 3.3 3.3 1 UJOY ,UJOY,Ujoy,Private,Maharashtra,Pune,LEV AC Charge point 3.3 3.3 1 UJOY Private Maharashtra Pune Pune Much More Society Tingre Nagar Road No14 Choudhary Nagar Dhanori,18.583998,73.896875,LEV AC,LEV AC Charge point,3.3,1,"Bureau of Energy Efficiency (BEE), Ministry of Power, Govt. of India",EV_PCS_Data_29277.pdf (Page 783),Operational (Verified Registry),October 2025
PUN-EV-744,UJOY Charging Hub - LEV AC Charge point 3.3 3.3 1 UJOY ,UJOY,Ujoy,Private,Maharashtra,Pune,LEV AC Charge point 3.3 3.3 1 UJOY Private Maharashtra Pune Pune Mudwa,18.554413,73.928661,LEV AC,LEV AC Charge point,3.3,1,"Bureau of Energy Efficiency (BEE), Ministry of Power, Govt. of India",EV_PCS_Data_29277.pdf (Page 783),Operational (Verified Registry),October 2025
PUN-EV-745,UJOY Charging Hub - LEV AC Charge point 3.3 3.3 1 UJOY ,UJOY,Ujoy,Private,Maharashtra,Pune,LEV AC Charge point 3.3 3.3 1 UJOY Private Maharashtra Pune Pune Mukai Chowk Kiwale Ravet,18.662533,73.730602,LEV AC,LEV AC Charge point,3.3,1,"Bureau of Energy Efficiency (BEE), Ministry of Power, Govt. of India",EV_PCS_Data_29277.pdf (Page 783),Operational (Verified Registry),October 2025
PUN-EV-746,UJOY Charging Hub - LEV AC Charge point 3.3 3.3 1 UJOY ,UJOY,Ujoy,Private,Maharashtra,Pune,LEV AC Charge point 3.3 3.3 1 UJOY Private Maharashtra Pune Pune Mukund Nagar,18.496422,73.863927,LEV AC,LEV AC Charge point,3.3,1,"Bureau of Energy Efficiency (BEE), Ministry of Power, Govt. of India",EV_PCS_Data_29277.pdf (Page 783),Operational (Verified Registry),October 2025
PUN-EV-747,UJOY Charging Hub - LEV AC Charge point 3.3 3.3 1 UJOY ,UJOY,Ujoy,Private,Maharashtra,Pune,LEV AC Charge point 3.3 3.3 1 UJOY Private Maharashtra Pune Pune Mukund Nagar 2/27Near Ranka Hospital Pune,18.494481,73.862005,LEV AC,LEV AC Charge point,3.3,1,"Bureau of Energy Efficiency (BEE), Ministry of Power, Govt. of India",EV_PCS_Data_29277.pdf (Page 783),Operational (Verified Registry),October 2025
PUN-EV-748,UJOY Charging Hub - LEV AC Charge point 3.3 3.3 1 UJOY ,UJOY,Ujoy,Private,Maharashtra,Pune,"LEV AC Charge point 3.3 3.3 1 UJOY Private Maharashtra Pune Pune Mumbai Pune Highway,Akurdi",18.65317,73.782311,LEV AC,LEV AC Charge point,3.3,1,"Bureau of Energy Efficiency (BEE), Ministry of Power, Govt. of India",EV_PCS_Data_29277.pdf (Page 783),Operational (Verified Registry),October 2025
PUN-EV-749,UJOY Charging Hub - LEV AC Charge point 3.3 3.3 1 UJOY ,UJOY,Ujoy,Private,Maharashtra,Pune,LEV AC Charge point 3.3 3.3 1 UJOY Private Maharashtra Pune Pune Mumbai Pune Bypass Next To Jaguar Motors Showroom Shankar Kalat Nagar Wakad Pune 57,18.601901,73.755783,LEV AC,LEV AC Charge point,3.3,1,"Bureau of Energy Efficiency (BEE), Ministry of Power, Govt. of India",EV_PCS_Data_29277.pdf (Page 783),Operational (Verified Registry),October 2025
PUN-EV-750,UJOY Charging Hub - LEV AC Charge point 3.3 3.3 1 UJOY ,UJOY,Ujoy,Private,Maharashtra,Pune,LEV AC Charge point 3.3 3.3 1 UJOY Private Maharashtra Pune Pune Mundhwa,18.53244,73.936453,LEV AC,LEV AC Charge point,3.3,1,"Bureau of Energy Efficiency (BEE), Ministry of Power, Govt. of India",EV_PCS_Data_29277.pdf (Page 783),Operational (Verified Registry),October 2025
PUN-EV-751,UJOY Charging Hub - LEV AC Charge point 3.3 3.3 1 UJOY ,UJOY,Ujoy,Private,Maharashtra,Pune,LEV AC Charge point 3.3 3.3 1 UJOY Private Maharashtra Pune Pune Mundwa,18.531397,73.928783,LEV AC,LEV AC Charge point,3.3,1,"Bureau of Energy Efficiency (BEE), Ministry of Power, Govt. of India",EV_PCS_Data_29277.pdf (Page 783),Operational (Verified Registry),October 2025
PUN-EV-752,UJOY Charging Hub - LEV AC Charge point 3.3 3.3 1 UJOY ,UJOY,Ujoy,Private,Maharashtra,Pune,"LEV AC Charge point 3.3 3.3 1 UJOY Private Maharashtra Pune Pune Munjoba Vasahat, Chinchwadenagar, Chinchwad, Pune",18.634481,73.771568,LEV AC,LEV AC Charge point,3.3,1,"Bureau of Energy Efficiency (BEE), Ministry of Power, Govt. of India",EV_PCS_Data_29277.pdf (Page 783),Operational (Verified Registry),October 2025
PUN-EV-753,UJOY Charging Hub - LEV AC Charge point 3.3 3.3 1 UJOY ,UJOY,Ujoy,Private,Maharashtra,Pune,LEV AC Charge point 3.3 3.3 1 UJOY Private Maharashtra Pune Pune Mutkewadi Chakan,18.748788,73.860098,LEV AC,LEV AC Charge point,3.3,1,"Bureau of Energy Efficiency (BEE), Ministry of Power, Govt. of India",EV_PCS_Data_29277.pdf (Page 783),Operational (Verified Registry),October 2025
PUN-EV-754,UJOY Charging Hub - LEV AC Charge point 3.3 3.3 1 UJOY ,UJOY,Ujoy,Private,Maharashtra,Pune,LEV AC Charge point 3.3 3.3 1 UJOY Private Maharashtra Pune Pune Nagar Road,18.556902,73.907331,LEV AC,LEV AC Charge point,3.3,1,"Bureau of Energy Efficiency (BEE), Ministry of Power, Govt. of India",EV_PCS_Data_29277.pdf (Page 783),Operational (Verified Registry),October 2025
PUN-EV-755,UJOY Charging Hub - LEV AC Charge point 3.3 3.3 1 UJOY ,UJOY,Ujoy,Private,Maharashtra,Pune,LEV AC Charge point 3.3 3.3 1 UJOY Private Maharashtra Nagpur Nagpur Nagpur,18.653826,73.774185,LEV AC,LEV AC Charge point,3.3,1,"Bureau of Energy Efficiency (BEE), Ministry of Power, Govt. of India",EV_PCS_Data_29277.pdf (Page 784),Operational (Verified Registry),October 2025
PUN-EV-756,UJOY Charging Hub - LEV AC Charge point 3.3 3.3 1 UJOY ,UJOY,Ujoy,Private,Maharashtra,Pune,LEV AC Charge point 3.3 3.3 1 UJOY Private Maharashtra Pune Pune Nana Peth,18.515024,73.868143,LEV AC,LEV AC Charge point,3.3,1,"Bureau of Energy Efficiency (BEE), Ministry of Power, Govt. of India",EV_PCS_Data_29277.pdf (Page 784),Operational (Verified Registry),October 2025
PUN-EV-757,UJOY Charging Hub - LEV AC Charge point 3.3 3.3 1 UJOY ,UJOY,Ujoy,Private,Maharashtra,Pune,LEV AC Charge point 3.3 3.3 1 UJOY Private Maharashtra Pune Pune Nana Peth,18.515544,73.868377,LEV AC,LEV AC Charge point,3.3,11,"Bureau of Energy Efficiency (BEE), Ministry of Power, Govt. of India",EV_PCS_Data_29277.pdf (Page 784),Operational (Verified Registry),October 2025
PUN-EV-758,UJOY Charging Hub - LEV AC Charge point 3.3 3.3 1 UJOY ,UJOY,Ujoy,Private,Maharashtra,Pune,LEV AC Charge point 3.3 3.3 1 UJOY Private Maharashtra Pune Pune Nandan Van Colony B 11 Chbhosari Road,18.625696,73.853943,LEV AC,LEV AC Charge point,3.3,1,"Bureau of Energy Efficiency (BEE), Ministry of Power, Govt. of India",EV_PCS_Data_29277.pdf (Page 784),Operational (Verified Registry),October 2025
PUN-EV-759,UJOY Charging Hub - LEV AC Charge point 3.3 3.3 1 UJOY ,UJOY,Ujoy,Private,Maharashtra,Pune,LEV AC Charge point 3.3 3.3 1 UJOY Private Maharashtra Pune Pune Nanded Fata Sinhgad Road Nanded Pune 41,18.454506,73.795971,LEV AC,LEV AC Charge point,3.3,1,"Bureau of Energy Efficiency (BEE), Ministry of Power, Govt. of India",EV_PCS_Data_29277.pdf (Page 784),Operational (Verified Registry),October 2025
PUN-EV-760,UJOY Charging Hub - LEV AC Charge point 3.3 3.3 1 UJOY ,UJOY,Ujoy,Private,Maharashtra,Pune,LEV AC Charge point 3.3 3.3 1 UJOY Private Maharashtra Pune Pune Nanded Phata,18.455855,73.792582,LEV AC,LEV AC Charge point,3.3,1,"Bureau of Energy Efficiency (BEE), Ministry of Power, Govt. of India",EV_PCS_Data_29277.pdf (Page 784),Operational (Verified Registry),October 2025
PUN-EV-761,UJOY Charging Hub - LEV AC Charge point 3.3 3.3 1 UJOY ,UJOY,Ujoy,Private,Maharashtra,Pune,"LEV AC Charge point 3.3 3.3 1 UJOY Private Maharashtra Pune Pune Narhe Road, Dhayari",18.457203,73.818494,LEV AC,LEV AC Charge point,3.3,1,"Bureau of Energy Efficiency (BEE), Ministry of Power, Govt. of India",EV_PCS_Data_29277.pdf (Page 784),Operational (Verified Registry),October 2025
PUN-EV-762,UJOY Charging Hub - LEV AC Charge point 3.3 3.3 1 UJOY ,UJOY,Ujoy,Private,Maharashtra,Pune,LEV AC Charge point 3.3 3.3 1 UJOY Private Maharashtra Pune Pune Nashik Phata,18.609081,73.822676,LEV AC,LEV AC Charge point,3.3,1,"Bureau of Energy Efficiency (BEE), Ministry of Power, Govt. of India",EV_PCS_Data_29277.pdf (Page 784),Operational (Verified Registry),October 2025
PUN-EV-763,UJOY Charging Hub - LEV AC Charge point 3.3 3.3 1 UJOY ,UJOY,Ujoy,Private,Maharashtra,Pune,LEV AC Charge point 3.3 3.3 1 UJOY Private Maharashtra Pune Pune Nashik Pune Highway,18.700459,73.847886,LEV AC,LEV AC Charge point,3.3,1,"Bureau of Energy Efficiency (BEE), Ministry of Power, Govt. of India",EV_PCS_Data_29277.pdf (Page 784),Operational (Verified Registry),October 2025
PUN-EV-764,UJOY Charging Hub - LEV AC Charge point 3.3 3.3 1 UJOY ,UJOY,Ujoy,Private,Maharashtra,Pune,LEV AC Charge point 3.3 3.3 1 UJOY Private Maharashtra Pune Pune Nashik Pune Highway Chakan,18.7686,73.86658,LEV AC,LEV AC Charge point,3.3,1,"Bureau of Energy Efficiency (BEE), Ministry of Power, Govt. of India",EV_PCS_Data_29277.pdf (Page 784),Operational (Verified Registry),October 2025
PUN-EV-765,UJOY Charging Hub - LEV AC Charge point 3.3 3.3 1 UJOY ,UJOY,Ujoy,Private,Maharashtra,Pune,LEV AC Charge point 3.3 3.3 1 UJOY Private Maharashtra Pune Pune Navi Peth,18.510221,73.845922,LEV AC,LEV AC Charge point,3.3,1,"Bureau of Energy Efficiency (BEE), Ministry of Power, Govt. of India",EV_PCS_Data_29277.pdf (Page 784),Operational (Verified Registry),October 2025
PUN-EV-766,UJOY Charging Hub - LEV AC Charge point 3.3 3.3 1 UJOY ,UJOY,Ujoy,Private,Maharashtra,Pune,LEV AC Charge point 3.3 3.3 1 UJOY Private Maharashtra Pune Pune Navi Peth,18.510491,73.84331,LEV AC,LEV AC Charge point,3.3,1,"Bureau of Energy Efficiency (BEE), Ministry of Power, Govt. of India",EV_PCS_Data_29277.pdf (Page 784),Operational (Verified Registry),October 2025
PUN-EV-767,UJOY Charging Hub - LEV AC Charge point 3.3 3.3 1 UJOY ,UJOY,Ujoy,Private,Maharashtra,Pune,LEV AC Charge point 3.3 3.3 1 UJOY Private Maharashtra Pune Pune Nda Road Kurje Gao,18.426128,73.73798,LEV AC,LEV AC Charge point,3.3,1,"Bureau of Energy Efficiency (BEE), Ministry of Power, Govt. of India",EV_PCS_Data_29277.pdf (Page 784),Operational (Verified Registry),October 2025
PUN-EV-768,UJOY Charging Hub - LEV AC Charge point 3.3 3.3 1 UJOY ,UJOY,Ujoy,Private,Maharashtra,Pune,LEV AC Charge point 3.3 3.3 1 UJOY Private Maharashtra Pune Pune Nda Rod,18.466888,73.780464,LEV AC,LEV AC Charge point,3.3,1,"Bureau of Energy Efficiency (BEE), Ministry of Power, Govt. of India",EV_PCS_Data_29277.pdf (Page 784),Operational (Verified Registry),October 2025
PUN-EV-769,UJOY Charging Hub - LEV AC Charge point 3.3 3.3 1 UJOY ,UJOY,Ujoy,Private,Maharashtra,Pune,LEV AC Charge point 3.3 3.3 1 UJOY Private Maharashtra Pune Pune Near Amanora Mall,18.51575,73.937789,LEV AC,LEV AC Charge point,3.3,1,"Bureau of Energy Efficiency (BEE), Ministry of Power, Govt. of India",EV_PCS_Data_29277.pdf (Page 784),Operational (Verified Registry),October 2025
PUN-EV-770,UJOY Charging Hub - LEV AC Charge point 3.3 3.3 1 UJOY ,UJOY,Ujoy,Private,Maharashtra,Pune,LEV AC Charge point 3.3 3.3 1 UJOY Private Maharashtra Pune Pune Near Bj'S College Bokari Road Wagoli,18.590863,74.000932,LEV AC,LEV AC Charge point,3.3,1,"Bureau of Energy Efficiency (BEE), Ministry of Power, Govt. of India",EV_PCS_Data_29277.pdf (Page 784),Operational (Verified Registry),October 2025
PUN-EV-771,UJOY Charging Hub - LEV AC Charge point 3.3 3.3 1 UJOY ,UJOY,Ujoy,Private,Maharashtra,Pune,LEV AC Charge point 3.3 3.3 1 UJOY Private Maharashtra Mumbai Mumbai Near Chandannagar Water Tank,18.561265,73.928144,LEV AC,LEV AC Charge point,3.3,1,"Bureau of Energy Efficiency (BEE), Ministry of Power, Govt. of India",EV_PCS_Data_29277.pdf (Page 784),Operational (Verified Registry),October 2025
PUN-EV-772,UJOY Charging Hub - LEV AC Charge point 3.3 3.3 1 UJOY ,UJOY,Ujoy,Private,Maharashtra,Pune,LEV AC Charge point 3.3 3.3 1 UJOY Private Maharashtra Pune Pune Near Dr Waghmare Clinic Nanded Fata Road Nanded City,18.454985,73.789814,LEV AC,LEV AC Charge point,3.3,1,"Bureau of Energy Efficiency (BEE), Ministry of Power, Govt. of India",EV_PCS_Data_29277.pdf (Page 784),Operational (Verified Registry),October 2025
PUN-EV-773,UJOY Charging Hub - LEV AC Charge point 3.3 3.3 1 UJOY ,UJOY,Ujoy,Private,Maharashtra,Pune,LEV AC Charge point 3.3 3.3 1 UJOY Private Maharashtra Pune Pune Near Gagangiri Magal Karyalaya Road No 8 Next To Kailas Super Market,18.584856,73.884841,LEV AC,LEV AC Charge point,3.3,1,"Bureau of Energy Efficiency (BEE), Ministry of Power, Govt. of India",EV_PCS_Data_29277.pdf (Page 784),Operational (Verified Registry),October 2025
PUN-EV-774,UJOY Charging Hub - LEV AC Charge point 3.3 3.3 1 UJOY ,UJOY,Ujoy,Private,Maharashtra,Pune,LEV AC Charge point 3.3 3.3 1 UJOY Private Maharashtra Pune Pune Near Global Punjab Hotel Near Omkar Driving School Near Pristine Grandeur Society Wakad Pune,18.595076,73.766435,LEV AC,LEV AC Charge point,3.3,1,"Bureau of Energy Efficiency (BEE), Ministry of Power, Govt. of India",EV_PCS_Data_29277.pdf (Page 784),Operational (Verified Registry),October 2025
PUN-EV-775,UJOY Charging Hub - LEV AC Charge point 3.3 3.3 1 UJOY ,UJOY,Ujoy,Private,Maharashtra,Pune,LEV AC Charge point 3.3 3.3 1 UJOY Private Maharashtra Pune Pune Near Goadmabe Chowk Shivraj Nagar,18.60063,73.782587,LEV AC,LEV AC Charge point,3.3,1,"Bureau of Energy Efficiency (BEE), Ministry of Power, Govt. of India",EV_PCS_Data_29277.pdf (Page 784),Operational (Verified Registry),October 2025
PUN-EV-776,UJOY Charging Hub - LEV AC Charge point 3.3 3.3 1 UJOY ,UJOY,Ujoy,Private,Maharashtra,Pune,"LEV AC Charge point 3.3 3.3 1 UJOY Private Maharashtra Pune Pune Near Govind Garden Hotel ,Next To Goodrich Auto, Pimplesaudaher",18.59598,73.805481,LEV AC,LEV AC Charge point,3.3,1,"Bureau of Energy Efficiency (BEE), Ministry of Power, Govt. of India",EV_PCS_Data_29277.pdf (Page 784),Operational (Verified Registry),October 2025
PUN-EV-777,UJOY Charging Hub - LEV AC Charge point 3.3 3.3 1 UJOY ,UJOY,Ujoy,Private,Maharashtra,Pune,LEV AC Charge point 3.3 3.3 1 UJOY Private Maharashtra Pune Pune Near Janai Hights Pune Nashik Road Bhosari,18.621372,73.850625,LEV AC,LEV AC Charge point,3.3,1,"Bureau of Energy Efficiency (BEE), Ministry of Power, Govt. of India",EV_PCS_Data_29277.pdf (Page 784),Operational (Verified Registry),October 2025
PUN-EV-778,UJOY Charging Hub - LEV AC Charge point 3.3 3.3 1 UJOY ,UJOY,Ujoy,Private,Maharashtra,Pune,LEV AC Charge point 3.3 3.3 1 UJOY Private Maharashtra Pune Pune Near Janhvi Hotel Bhugao,18.501895,73.748927,LEV AC,LEV AC Charge point,3.3,1,"Bureau of Energy Efficiency (BEE), Ministry of Power, Govt. of India",EV_PCS_Data_29277.pdf (Page 784),Operational (Verified Registry),October 2025
PUN-EV-779,UJOY Charging Hub - LEV AC Charge point 3.3 3.3 1 UJOY ,UJOY,Ujoy,Private,Maharashtra,Pune,LEV AC Charge point 3.3 3.3 1 UJOY Private Maharashtra Pune Pune Near Jubitor Hospital Kalamkar Chowk Baner,18.565063,73.786628,LEV AC,LEV AC Charge point,3.3,1,"Bureau of Energy Efficiency (BEE), Ministry of Power, Govt. of India",EV_PCS_Data_29277.pdf (Page 784),Operational (Verified Registry),October 2025
PUN-EV-780,UJOY Charging Hub - LEV AC Charge point 3.3 3.3 1 UJOY ,UJOY,Ujoy,Private,Maharashtra,Pune,LEV AC Charge point 3.3 3.3 1 UJOY Private Maharashtra Pune Pune Near Ksb Pumps Mumbai Pune Road Pimpri Pune 411018,18.62475,73.806739,LEV AC,LEV AC Charge point,3.3,1,"Bureau of Energy Efficiency (BEE), Ministry of Power, Govt. of India",EV_PCS_Data_29277.pdf (Page 784),Operational (Verified Registry),October 2025
PUN-EV-781,UJOY Charging Hub - LEV AC Charge point 3.3 3.3 1 UJOY ,UJOY,Ujoy,Private,Maharashtra,Pune,LEV AC Charge point 3.3 3.3 1 UJOY Private Maharashtra Pune Pune Near Laxmi Hall River Road Pimpri Pune 17,18.62446,73.797941,LEV AC,LEV AC Charge point,3.3,1,"Bureau of Energy Efficiency (BEE), Ministry of Power, Govt. of India",EV_PCS_Data_29277.pdf (Page 784),Operational (Verified Registry),October 2025
PUN-EV-782,UJOY Charging Hub - LEV AC Charge point 3.3 3.3 1 UJOY ,UJOY,Ujoy,Private,Maharashtra,Pune,LEV AC Charge point 3.3 3.3 1 UJOY Private Maharashtra Pune Pune Near Magarpata Sauth Ghet Dalvee Vasti 28 Pune,18.507739,73.928975,LEV AC,LEV AC Charge point,3.3,1,"Bureau of Energy Efficiency (BEE), Ministry of Power, Govt. of India",EV_PCS_Data_29277.pdf (Page 784),Operational (Verified Registry),October 2025
PUN-EV-783,UJOY Charging Hub - LEV AC Charge point 3.3 3.3 1 UJOY ,UJOY,Ujoy,Private,Maharashtra,Pune,LEV AC Charge point 3.3 3.3 1 UJOY Private Maharashtra Pune Pune Near Mahindar Service Center,18.555188,73.742808,LEV AC,LEV AC Charge point,3.3,1,"Bureau of Energy Efficiency (BEE), Ministry of Power, Govt. of India",EV_PCS_Data_29277.pdf (Page 784),Operational (Verified Registry),October 2025
PUN-EV-784,UJOY Charging Hub - LEV AC Charge point 3.3 3.3 1 UJOY ,UJOY,Ujoy,Private,Maharashtra,Pune,LEV AC Charge point 3.3 3.3 1 UJOY Private Maharashtra Pune Pune Near No 3 4 Gavde Built Con Amonora Road,18.511123,73.937025,LEV AC,LEV AC Charge point,3.3,1,"Bureau of Energy Efficiency (BEE), Ministry of Power, Govt. of India",EV_PCS_Data_29277.pdf (Page 785),Operational (Verified Registry),October 2025
PUN-EV-785,UJOY Charging Hub - LEV AC Charge point 3.3 3.3 1 UJOY ,UJOY,Ujoy,Private,Maharashtra,Pune,LEV AC Charge point 3.3 3.3 1 UJOY Private Maharashtra Pune Pune Near Royal Mirage New Wakad-Hinjewadi Link Road Hinjewadi,18.594664,73.747466,LEV AC,LEV AC Charge point,3.3,1,"Bureau of Energy Efficiency (BEE), Ministry of Power, Govt. of India",EV_PCS_Data_29277.pdf (Page 785),Operational (Verified Registry),October 2025
PUN-EV-786,UJOY Charging Hub - LEV AC Charge point 3.3 3.3 1 UJOY ,UJOY,Ujoy,Private,Maharashtra,Pune,LEV AC Charge point 3.3 3.3 1 UJOY Private Maharashtra Pune Pune Near Royal Mirage Society New Wakad-Hinjewadi Link Road Hinjewadi,18.595185,73.747419,LEV AC,LEV AC Charge point,3.3,1,"Bureau of Energy Efficiency (BEE), Ministry of Power, Govt. of India",EV_PCS_Data_29277.pdf (Page 785),Operational (Verified Registry),October 2025
PUN-EV-787,UJOY Charging Hub - LEV AC Charge point 3.3 3.3 1 UJOY ,UJOY,Ujoy,Private,Maharashtra,Pune,LEV AC Charge point 3.3 3.3 1 UJOY Private Maharashtra Pune Pune Near Sadhuram Garden Moshi,18.653055,73.849879,LEV AC,LEV AC Charge point,3.3,1,"Bureau of Energy Efficiency (BEE), Ministry of Power, Govt. of India",EV_PCS_Data_29277.pdf (Page 785),Operational (Verified Registry),October 2025
PUN-EV-788,UJOY Charging Hub - LEV AC Charge point 3.3 3.3 1 UJOY ,UJOY,Ujoy,Private,Maharashtra,Pune,LEV AC Charge point 3.3 3.3 1 UJOY Private Maharashtra Pune Pune Near Samaj Mandir College Road Vadgaon Bk,18.466691,73.824154,LEV AC,LEV AC Charge point,3.3,1,"Bureau of Energy Efficiency (BEE), Ministry of Power, Govt. of India",EV_PCS_Data_29277.pdf (Page 785),Operational (Verified Registry),October 2025
PUN-EV-789,UJOY Charging Hub - LEV AC Charge point 3.3 3.3 1 UJOY ,UJOY,Ujoy,Private,Maharashtra,Pune,LEV AC Charge point 3.3 3.3 1 UJOY Private Maharashtra Pune Pune Near Sankalp Ganesh Mandir Patil Wadewale Lane Near Lottery Mandi Balaji Nagar,18.465195,73.859167,LEV AC,LEV AC Charge point,3.3,1,"Bureau of Energy Efficiency (BEE), Ministry of Power, Govt. of India",EV_PCS_Data_29277.pdf (Page 785),Operational (Verified Registry),October 2025
PUN-EV-790,UJOY Charging Hub - LEV AC Charge point 3.3 3.3 1 UJOY ,UJOY,Ujoy,Private,Maharashtra,Pune,LEV AC Charge point 3.3 3.3 1 UJOY Private Maharashtra Pune Pune Near Shell Petrol Pump Sus Gaon,18.551715,73.760943,LEV AC,LEV AC Charge point,3.3,1,"Bureau of Energy Efficiency (BEE), Ministry of Power, Govt. of India",EV_PCS_Data_29277.pdf (Page 785),Operational (Verified Registry),October 2025
PUN-EV-791,UJOY Charging Hub - LEV AC Charge point 3.3 3.3 1 UJOY ,UJOY,Ujoy,Private,Maharashtra,Pune,LEV AC Charge point 3.3 3.3 1 UJOY Private Maharashtra Pune Pune Near Shewalwadi Bus Depot Shewalewadi,18.495891,73.972378,LEV AC,LEV AC Charge point,3.3,1,"Bureau of Energy Efficiency (BEE), Ministry of Power, Govt. of India",EV_PCS_Data_29277.pdf (Page 785),Operational (Verified Registry),October 2025
PUN-EV-792,UJOY Charging Hub - LEV AC Charge point 3.3 3.3 1 UJOY ,UJOY,Ujoy,Private,Maharashtra,Pune,LEV AC Charge point 3.3 3.3 1 UJOY Private Maharashtra Pune Pune Near Shreya Garden Mangal Karyalay Chakan Talegaon Road,18.755594,73.855086,LEV AC,LEV AC Charge point,3.3,1,"Bureau of Energy Efficiency (BEE), Ministry of Power, Govt. of India",EV_PCS_Data_29277.pdf (Page 785),Operational (Verified Registry),October 2025
PUN-EV-793,UJOY Charging Hub - LEV AC Charge point 3.3 3.3 1 UJOY ,UJOY,Ujoy,Private,Maharashtra,Pune,LEV AC Charge point 3.3 3.3 1 UJOY Private Maharashtra Pune Pune Near Skf Company Behind Maratha Darbar Opp Busstop Chinchwad,18.633498,73.781641,LEV AC,LEV AC Charge point,3.3,1,"Bureau of Energy Efficiency (BEE), Ministry of Power, Govt. of India",EV_PCS_Data_29277.pdf (Page 785),Operational (Verified Registry),October 2025
PUN-EV-794,UJOY Charging Hub - LEV AC Charge point 3.3 3.3 1 UJOY ,UJOY,Ujoy,Private,Maharashtra,Pune,LEV AC Charge point 3.3 3.3 1 UJOY Private Maharashtra Pune Pune Near Tambe School,18.603046,73.78369,LEV AC,LEV AC Charge point,3.3,1,"Bureau of Energy Efficiency (BEE), Ministry of Power, Govt. of India",EV_PCS_Data_29277.pdf (Page 785),Operational (Verified Registry),October 2025
PUN-EV-795,UJOY Charging Hub - LEV AC Charge point 3.3 3.3 1 UJOY ,UJOY,Ujoy,Private,Maharashtra,Pune,LEV AC Charge point 3.3 3.3 1 UJOY Private Maharashtra Pune Pune Near Tapovan Mandir Pimpri Gao Pune 17,18.614773,73.800689,LEV AC,LEV AC Charge point,3.3,1,"Bureau of Energy Efficiency (BEE), Ministry of Power, Govt. of India",EV_PCS_Data_29277.pdf (Page 785),Operational (Verified Registry),October 2025
PUN-EV-796,UJOY Charging Hub - LEV AC Charge point 3.3 3.3 1 UJOY ,UJOY,Ujoy,Private,Maharashtra,Pune,LEV AC Charge point 3.3 3.3 1 UJOY Private Maharashtra Pune Pune Near Yara Di Haweli Scoda Showroom Baner,18.561034,73.768449,LEV AC,LEV AC Charge point,3.3,1,"Bureau of Energy Efficiency (BEE), Ministry of Power, Govt. of India",EV_PCS_Data_29277.pdf (Page 785),Operational (Verified Registry),October 2025
PUN-EV-797,UJOY Charging Hub - LEV AC Charge point 3.3 3.3 1 UJOY ,UJOY,Ujoy,Private,Maharashtra,Pune,LEV AC Charge point 3.3 3.3 1 UJOY Private Maharashtra Pune Pune Nenar Talwade Chowk Talawadegaon,18.695538,73.791579,LEV AC,LEV AC Charge point,3.3,1,"Bureau of Energy Efficiency (BEE), Ministry of Power, Govt. of India",EV_PCS_Data_29277.pdf (Page 785),Operational (Verified Registry),October 2025
PUN-EV-798,UJOY Charging Hub - LEV AC Charge point 3.3 3.3 1 UJOY ,UJOY,Ujoy,Private,Maharashtra,Pune,LEV AC Charge point 3.3 3.3 1 UJOY Private Maharashtra Pune Pune Neo City Samor Bakori Road 412207,18.591864,74.00522,LEV AC,LEV AC Charge point,3.3,1,"Bureau of Energy Efficiency (BEE), Ministry of Power, Govt. of India",EV_PCS_Data_29277.pdf (Page 785),Operational (Verified Registry),October 2025
PUN-EV-799,UJOY Charging Hub - LEV AC Charge point 3.3 3.3 1 UJOY ,UJOY,Ujoy,Private,Maharashtra,Pune,"LEV AC Charge point 3.3 3.3 1 UJOY Private Maharashtra Pune Pune Nere,Datta Wadi Chowk, Near By Datta Mandir, Marunji Road , Pune - 411057",18.621247,73.691909,LEV AC,LEV AC Charge point,3.3,1,"Bureau of Energy Efficiency (BEE), Ministry of Power, Govt. of India",EV_PCS_Data_29277.pdf (Page 785),Operational (Verified Registry),October 2025
PUN-EV-800,UJOY Charging Hub - LEV AC Charge point 3.3 3.3 1 UJOY ,UJOY,Ujoy,Private,Maharashtra,Pune,LEV AC Charge point 3.3 3.3 1 UJOY Private Maharashtra Pune Pune New Airport Road Viman Nagar Pune 411014,18.559824,73.906746,LEV AC,LEV AC Charge point,3.3,1,"Bureau of Energy Efficiency (BEE), Ministry of Power, Govt. of India",EV_PCS_Data_29277.pdf (Page 785),Operational (Verified Registry),October 2025
PUN-EV-801,UJOY Charging Hub - LEV AC Charge point 3.3 3.3 1 UJOY ,UJOY,Ujoy,Private,Maharashtra,Pune,LEV AC Charge point 3.3 3.3 1 UJOY Private Maharashtra Pune Pune New Dp Road Ashish Garden Kothrud,18.502065,73.802831,LEV AC,LEV AC Charge point,3.3,1,"Bureau of Energy Efficiency (BEE), Ministry of Power, Govt. of India",EV_PCS_Data_29277.pdf (Page 785),Operational (Verified Registry),October 2025
PUN-EV-802,UJOY Charging Hub - LEV AC Charge point 3.3 3.3 1 UJOY ,UJOY,Ujoy,Private,Maharashtra,Pune,LEV AC Charge point 3.3 3.3 1 UJOY Private Maharashtra Pune Pune New Dp Road Ingawale Nagar Pimple Nilakh,18.575283,73.789487,LEV AC,LEV AC Charge point,3.3,1,"Bureau of Energy Efficiency (BEE), Ministry of Power, Govt. of India",EV_PCS_Data_29277.pdf (Page 785),Operational (Verified Registry),October 2025
PUN-EV-803,UJOY Charging Hub - LEV AC Charge point 3.3 3.3 1 UJOY ,UJOY,Ujoy,Private,Maharashtra,Pune,LEV AC Charge point 3.3 3.3 1 UJOY Private Maharashtra Pune Pune New Dp Road Opp Midory Tower Vishal Nager Pimple Nilakh,18.579392,73.786097,LEV AC,LEV AC Charge point,3.3,1,"Bureau of Energy Efficiency (BEE), Ministry of Power, Govt. of India",EV_PCS_Data_29277.pdf (Page 785),Operational (Verified Registry),October 2025
PUN-EV-804,UJOY Charging Hub - LEV AC Charge point 3.3 3.3 1 UJOY ,UJOY,Ujoy,Private,Maharashtra,Pune,LEV AC Charge point 3.3 3.3 1 UJOY Private Maharashtra Pune Pune New Dp Road Pimple Nilakh,18.575623,73.789626,LEV AC,LEV AC Charge point,3.3,1,"Bureau of Energy Efficiency (BEE), Ministry of Power, Govt. of India",EV_PCS_Data_29277.pdf (Page 785),Operational (Verified Registry),October 2025
PUN-EV-805,UJOY Charging Hub - LEV AC Charge point 3.3 3.3 1 UJOY ,UJOY,Ujoy,Private,Maharashtra,Pune,LEV AC Charge point 3.3 3.3 1 UJOY Private Maharashtra Pune Pune New Dp Road Tambe Corner Ramnagar Rahatani,18.603441,73.793731,LEV AC,LEV AC Charge point,3.3,1,"Bureau of Energy Efficiency (BEE), Ministry of Power, Govt. of India",EV_PCS_Data_29277.pdf (Page 785),Operational (Verified Registry),October 2025
PUN-EV-806,UJOY Charging Hub - LEV AC Charge point 3.3 3.3 1 UJOY ,UJOY,Ujoy,Private,Maharashtra,Pune,LEV AC Charge point 3.3 3.3 1 UJOY Private Maharashtra Pune Pune New Jagdamb Juice Bar Near Bhoir Lawnce Vijaynagar Kalewadi,18.622336,73.791246,LEV AC,LEV AC Charge point,3.3,1,"Bureau of Energy Efficiency (BEE), Ministry of Power, Govt. of India",EV_PCS_Data_29277.pdf (Page 785),Operational (Verified Registry),October 2025
PUN-EV-807,UJOY Charging Hub - LEV AC Charge point 3.3 3.3 1 UJOY ,UJOY,Ujoy,Private,Maharashtra,Pune,LEV AC Charge point 3.3 3.3 1 UJOY Private Maharashtra Nagpur Nagpur New Sai Auto Garage Near Nayara Petrol Pump,18.606533,73.79131,LEV AC,LEV AC Charge point,3.3,1,"Bureau of Energy Efficiency (BEE), Ministry of Power, Govt. of India",EV_PCS_Data_29277.pdf (Page 786),Operational (Verified Registry),October 2025
PUN-EV-808,UJOY Charging Hub - LEV AC Charge point 3.3 3.3 1 UJOY ,UJOY,Ujoy,Private,Maharashtra,Pune,LEV AC Charge point 3.3 3.3 1 UJOY Private Maharashtra Pune Pune New Sangavi Aney'S Mart,18.578503,73.81767,LEV AC,LEV AC Charge point,3.3,1,"Bureau of Energy Efficiency (BEE), Ministry of Power, Govt. of India",EV_PCS_Data_29277.pdf (Page 786),Operational (Verified Registry),October 2025
PUN-EV-809,UJOY Charging Hub - LEV AC Charge point 3.3 3.3 1 UJOY ,UJOY,Ujoy,Private,Maharashtra,Pune,LEV AC Charge point 3.3 3.3 1 UJOY Private Maharashtra Pune Pune New Sangvi Near Mahalaxami Temple,18.580567,73.812405,LEV AC,LEV AC Charge point,3.3,1,"Bureau of Energy Efficiency (BEE), Ministry of Power, Govt. of India",EV_PCS_Data_29277.pdf (Page 786),Operational (Verified Registry),October 2025
PUN-EV-810,UJOY Charging Hub - LEV AC Charge point 3.3 3.3 1 UJOY ,UJOY,Ujoy,Private,Maharashtra,Pune,LEV AC Charge point 3.3 3.3 1 UJOY Private Maharashtra Pune Pune Newalewasti,18.673826,73.809687,LEV AC,LEV AC Charge point,3.3,9,"Bureau of Energy Efficiency (BEE), Ministry of Power, Govt. of India",EV_PCS_Data_29277.pdf (Page 786),Operational (Verified Registry),October 2025
PUN-EV-811,UJOY Charging Hub - LEV AC Charge point 3.3 3.3 1 UJOY ,UJOY,Ujoy,Private,Maharashtra,Pune,"LEV AC Charge point 3.3 3.3 1 UJOY Private Maharashtra Pune Pune Next To Hotel Green 9, Wagholi Kesnand Road",18.578883,73.992479,LEV AC,LEV AC Charge point,3.3,1,"Bureau of Energy Efficiency (BEE), Ministry of Power, Govt. of India",EV_PCS_Data_29277.pdf (Page 786),Operational (Verified Registry),October 2025
PUN-EV-812,UJOY Charging Hub - LEV AC Charge point 3.3 3.3 1 UJOY ,UJOY,Ujoy,Private,Maharashtra,Pune,LEV AC Charge point 3.3 3.3 1 UJOY Private Maharashtra Pune Pune Next To Hp Petrol Pump Nr Japtap Dairy Chowk,18.597075,73.782556,LEV AC,LEV AC Charge point,3.3,1,"Bureau of Energy Efficiency (BEE), Ministry of Power, Govt. of India",EV_PCS_Data_29277.pdf (Page 786),Operational (Verified Registry),October 2025
PUN-EV-813,UJOY Charging Hub - LEV AC Charge point 3.3 3.3 1 UJOY ,UJOY,Ujoy,Private,Maharashtra,Pune,LEV AC Charge point 3.3 3.3 1 UJOY Private Maharashtra Pune Pune Next To Jade Residency Panmala Wagholi,18.579351,73.97339,LEV AC,LEV AC Charge point,3.3,6,"Bureau of Energy Efficiency (BEE), Ministry of Power, Govt. of India",EV_PCS_Data_29277.pdf (Page 786),Operational (Verified Registry),October 2025
PUN-EV-814,UJOY Charging Hub - LEV AC Charge point 3.3 3.3 1 UJOY ,UJOY,Ujoy,Private,Maharashtra,Pune,LEV AC Charge point 3.3 3.3 1 UJOY Private Maharashtra Pune Pune Nhare,18.446737,73.832205,LEV AC,LEV AC Charge point,3.3,1,"Bureau of Energy Efficiency (BEE), Ministry of Power, Govt. of India",EV_PCS_Data_29277.pdf (Page 786),Operational (Verified Registry),October 2025
PUN-EV-815,UJOY Charging Hub - LEV AC Charge point 3.3 3.3 1 UJOY ,UJOY,Ujoy,Private,Maharashtra,Pune,LEV AC Charge point 3.3 3.3 1 UJOY Private Maharashtra Pune Pune Nhare Dhayri Road Ingale Nagar Opp Dominos Pizza,18.446614,73.827044,LEV AC,LEV AC Charge point,3.3,1,"Bureau of Energy Efficiency (BEE), Ministry of Power, Govt. of India",EV_PCS_Data_29277.pdf (Page 786),Operational (Verified Registry),October 2025
PUN-EV-816,UJOY Charging Hub - LEV AC Charge point 3.3 3.3 1 UJOY ,UJOY,Ujoy,Private,Maharashtra,Pune,"LEV AC Charge point 3.3 3.3 1 UJOY Private Maharashtra Pune Pune Nhare Gaon Bhairavnath,Mandir Near",18.448843,73.829176,LEV AC,LEV AC Charge point,3.3,1,"Bureau of Energy Efficiency (BEE), Ministry of Power, Govt. of India",EV_PCS_Data_29277.pdf (Page 786),Operational (Verified Registry),October 2025
PUN-EV-817,UJOY Charging Hub - LEV AC Charge point 3.3 3.3 1 UJOY ,UJOY,Ujoy,Private,Maharashtra,Pune,LEV AC Charge point 3.3 3.3 1 UJOY Private Maharashtra Pune Pune Nhare Rd Navale Hospital Back Gate Opp Icici Bank,18.455899,73.819899,LEV AC,LEV AC Charge point,3.3,1,"Bureau of Energy Efficiency (BEE), Ministry of Power, Govt. of India",EV_PCS_Data_29277.pdf (Page 786),Operational (Verified Registry),October 2025
PUN-EV-818,UJOY Charging Hub - LEV AC Charge point 3.3 3.3 1 UJOY ,UJOY,Ujoy,Private,Maharashtra,Pune,LEV AC Charge point 3.3 3.3 1 UJOY Private Maharashtra Pune Pune Nigdi,18.66671,73.775196,LEV AC,LEV AC Charge point,3.3,1,"Bureau of Energy Efficiency (BEE), Ministry of Power, Govt. of India",EV_PCS_Data_29277.pdf (Page 786),Operational (Verified Registry),October 2025
PUN-EV-819,UJOY Charging Hub - LEV AC Charge point 3.3 3.3 1 UJOY ,UJOY,Ujoy,Private,Maharashtra,Pune,LEV AC Charge point 3.3 3.3 1 UJOY Private Maharashtra Pune Pune Nirmal Township Appo Tanishq Hotel Kale Borate Nagar Kale Padal Hadapsar Pune,18.488751,73.939062,LEV AC,LEV AC Charge point,3.3,1,"Bureau of Energy Efficiency (BEE), Ministry of Power, Govt. of India",EV_PCS_Data_29277.pdf (Page 786),Operational (Verified Registry),October 2025
PUN-EV-820,UJOY Charging Hub - LEV AC Charge point 3.3 3.3 1 UJOY ,UJOY,Ujoy,Private,Maharashtra,Pune,LEV AC Charge point 3.3 3.3 1 UJOY Private Maharashtra Pune Pune Nisarg Pooja Co Op Housing Society Ltd Mankar Chouk Wakad Pune 57,18.591096,73.774123,LEV AC,LEV AC Charge point,3.3,1,"Bureau of Energy Efficiency (BEE), Ministry of Power, Govt. of India",EV_PCS_Data_29277.pdf (Page 786),Operational (Verified Registry),October 2025
PUN-EV-821,UJOY Charging Hub - LEV AC Charge point 3.3 3.3 1 UJOY ,UJOY,Ujoy,Private,Maharashtra,Pune,LEV AC Charge point 3.3 3.3 1 UJOY Private Maharashtra Pune Pune O Wing Upper Parking,18.442097,73.883791,LEV AC,LEV AC Charge point,3.3,1,"Bureau of Energy Efficiency (BEE), Ministry of Power, Govt. of India",EV_PCS_Data_29277.pdf (Page 786),Operational (Verified Registry),October 2025
PUN-EV-822,UJOY Charging Hub - LEV AC Charge point 3.3 3.3 1 UJOY ,UJOY,Ujoy,Private,Maharashtra,Pune,LEV AC Charge point 3.3 3.3 1 UJOY Private Maharashtra Pune Pune Off Forces Motors Old Mumbai Pune Road Akurdi,18.651636,73.78349,LEV AC,LEV AC Charge point,3.3,1,"Bureau of Energy Efficiency (BEE), Ministry of Power, Govt. of India",EV_PCS_Data_29277.pdf (Page 786),Operational (Verified Registry),October 2025
PUN-EV-823,UJOY Charging Hub - LEV AC Charge point 3.3 3.3 1 UJOY ,UJOY,Ujoy,Private,Maharashtra,Pune,"LEV AC Charge point 3.3 3.3 1 UJOY Private Maharashtra Pune Pune Old Mumbai Pune Highway, Near Casino Hotel, Prakash Colony, Akurdi, Pune - 35",18.656237,73.779877,LEV AC,LEV AC Charge point,3.3,1,"Bureau of Energy Efficiency (BEE), Ministry of Power, Govt. of India",EV_PCS_Data_29277.pdf (Page 786),Operational (Verified Registry),October 2025
PUN-EV-824,UJOY Charging Hub - LEV AC Charge point 3.3 3.3 1 UJOY ,UJOY,Ujoy,Private,Maharashtra,Pune,LEV AC Charge point 3.3 3.3 1 UJOY Private Maharashtra Pune Pune Old Mundwa Road Near Vishal Shruti Pune,18.544445,73.930836,LEV AC,LEV AC Charge point,3.3,1,"Bureau of Energy Efficiency (BEE), Ministry of Power, Govt. of India",EV_PCS_Data_29277.pdf (Page 786),Operational (Verified Registry),October 2025
PUN-EV-825,UJOY Charging Hub - LEV AC Charge point 3.3 3.3 1 UJOY ,UJOY,Ujoy,Private,Maharashtra,Pune,LEV AC Charge point 3.3 3.3 1 UJOY Private Maharashtra Pune Pune Old Mundwa Road Sai Chowk,18.540147,73.931825,LEV AC,LEV AC Charge point,3.3,1,"Bureau of Energy Efficiency (BEE), Ministry of Power, Govt. of India",EV_PCS_Data_29277.pdf (Page 786),Operational (Verified Registry),October 2025
PUN-EV-826,UJOY Charging Hub - LEV AC Charge point 3.3 3.3 1 UJOY ,UJOY,Ujoy,Private,Maharashtra,Pune,LEV AC Charge point 3.3 3.3 1 UJOY Private Maharashtra Pune Pune Om Palace Sathe Vasti Lohegaon Pune,18.601086,73.916077,LEV AC,LEV AC Charge point,3.3,1,"Bureau of Energy Efficiency (BEE), Ministry of Power, Govt. of India",EV_PCS_Data_29277.pdf (Page 786),Operational (Verified Registry),October 2025
PUN-EV-827,UJOY Charging Hub - LEV AC Charge point 3.3 3.3 1 UJOY ,UJOY,Ujoy,Private,Maharashtra,Pune,LEV AC Charge point 3.3 3.3 1 UJOY Private Maharashtra Pune Pune Om Shram Shfalya Builfing Dhankawadi Road Near Rk Biryai,18.457922,73.850334,LEV AC,LEV AC Charge point,3.3,1,"Bureau of Energy Efficiency (BEE), Ministry of Power, Govt. of India",EV_PCS_Data_29277.pdf (Page 786),Operational (Verified Registry),October 2025
PUN-EV-828,UJOY Charging Hub - LEV AC Charge point 3.3 3.3 1 UJOY ,UJOY,Ujoy,Private,Maharashtra,Pune,"LEV AC Charge point 3.3 3.3 1 UJOY Private Maharashtra Pune Pune Omkar Nivas, Sr. No. 85/2A/62, Suvarna Yog Colone Beside Nilgiri Nest, On 45 Main Street Nashik Phata, Near Kalpataru Estate, Phase 1",18.600215,73.814009,LEV AC,LEV AC Charge point,3.3,1,"Bureau of Energy Efficiency (BEE), Ministry of Power, Govt. of India",EV_PCS_Data_29277.pdf (Page 786),Operational (Verified Registry),October 2025
PUN-EV-829,UJOY Charging Hub - LEV AC Charge point 3.3 3.3 1 UJOY ,UJOY,Ujoy,Private,Maharashtra,Pune,"LEV AC Charge point 3.3 3.3 1 UJOY Private Maharashtra Pune Pune Onellanest Phase 1, Sus",18.556838,73.745977,LEV AC,LEV AC Charge point,3.3,1,"Bureau of Energy Efficiency (BEE), Ministry of Power, Govt. of India",EV_PCS_Data_29277.pdf (Page 786),Operational (Verified Registry),October 2025
PUN-EV-830,UJOY Charging Hub - LEV AC Charge point 3.3 3.3 1 UJOY ,UJOY,Ujoy,Private,Maharashtra,Pune,LEV AC Charge point 3.3 3.3 1 UJOY Private Maharashtra Pune Pune Opp Cric Cafe Near Abhiruchi Paranjpe,18.45095,73.819715,LEV AC,LEV AC Charge point,3.3,1,"Bureau of Energy Efficiency (BEE), Ministry of Power, Govt. of India",EV_PCS_Data_29277.pdf (Page 786),Operational (Verified Registry),October 2025
PUN-EV-831,UJOY Charging Hub - LEV AC Charge point 3.3 3.3 1 UJOY ,UJOY,Ujoy,Private,Maharashtra,Pune,LEV AC Charge point 3.3 3.3 1 UJOY Private Maharashtra Pune Pune Opp Dhanwantari Medical Mundawa Manjari Rd,18.532071,73.938067,LEV AC,LEV AC Charge point,3.3,1,"Bureau of Energy Efficiency (BEE), Ministry of Power, Govt. of India",EV_PCS_Data_29277.pdf (Page 786),Operational (Verified Registry),October 2025
PUN-EV-832,UJOY Charging Hub - LEV AC Charge point 3.3 3.3 1 UJOY ,UJOY,Ujoy,Private,Maharashtra,Pune,LEV AC Charge point 3.3 3.3 1 UJOY Private Maharashtra Pune Pune Opp Hdfc Bank Midc Road Hinjewadi,18.594365,73.729204,LEV AC,LEV AC Charge point,3.3,1,"Bureau of Energy Efficiency (BEE), Ministry of Power, Govt. of India",EV_PCS_Data_29277.pdf (Page 786),Operational (Verified Registry),October 2025
PUN-EV-833,UJOY Charging Hub - LEV AC Charge point 3.3 3.3 1 UJOY ,UJOY,Ujoy,Private,Maharashtra,Pune,LEV AC Charge point 3.3 3.3 1 UJOY Private Maharashtra Pune Pune Opp Kk Market,18.468743,73.860797,LEV AC,LEV AC Charge point,3.3,1,"Bureau of Energy Efficiency (BEE), Ministry of Power, Govt. of India",EV_PCS_Data_29277.pdf (Page 786),Operational (Verified Registry),October 2025
PUN-EV-834,UJOY Charging Hub - Opp Padmjii Paper'Mill Thergaon,UJOY,Ujoy,Private,Maharashtra,Pune,Opp Padmjii Paper'Mill Thergaon,18.620542,73.771352,LEV AC,LEV AC Charge point,3.3,1,"Bureau of Energy Efficiency (BEE), Ministry of Power, Govt. of India",EV_PCS_Data_29277.pdf (Page 787),Operational (Verified Registry),October 2025
PUN-EV-835,UJOY Charging Hub - LEV AC Charge point 3.3 3.3 1 UJOY ,UJOY,Ujoy,Private,Maharashtra,Pune,"LEV AC Charge point 3.3 3.3 1 UJOY Private Maharashtra Pune Pune Opp Rajmudra Petrol Pump,Marunji",18.611443,73.718203,LEV AC,LEV AC Charge point,3.3,3,"Bureau of Energy Efficiency (BEE), Ministry of Power, Govt. of India",EV_PCS_Data_29277.pdf (Page 787),Operational (Verified Registry),October 2025
PUN-EV-836,UJOY Charging Hub - LEV AC Charge point 3.3 3.3 1 UJOY ,UJOY,Ujoy,Private,Maharashtra,Pune,LEV AC Charge point 3.3 3.3 1 UJOY Private Maharashtra Pune Pune Opp Stella Maris School Datta Nagar Lane No 3 Wadgaon Sheri,18.546788,73.923431,LEV AC,LEV AC Charge point,3.3,1,"Bureau of Energy Efficiency (BEE), Ministry of Power, Govt. of India",EV_PCS_Data_29277.pdf (Page 787),Operational (Verified Registry),October 2025
PUN-EV-837,UJOY Charging Hub - LEV AC Charge point 3.3 3.3 1 UJOY ,UJOY,Ujoy,Private,Maharashtra,Pune,LEV AC Charge point 3.3 3.3 1 UJOY Private Maharashtra Pune Pune Opp Suvidha Dnyanganaga Housing Society Jadhav Nagar Wadgaon Budruk Pune,18.470395,73.826829,LEV AC,LEV AC Charge point,3.3,1,"Bureau of Energy Efficiency (BEE), Ministry of Power, Govt. of India",EV_PCS_Data_29277.pdf (Page 787),Operational (Verified Registry),October 2025
PUN-EV-838,UJOY Charging Hub - LEV AC Charge point 3.3 3.3 1 UJOY ,UJOY,Ujoy,Private,Maharashtra,Pune,LEV AC Charge point 3.3 3.3 1 UJOY Private Maharashtra Pune Pune Opp To Motherson Company Near Life Republic Society Marunji,18.613784,73.711423,LEV AC,LEV AC Charge point,3.3,1,"Bureau of Energy Efficiency (BEE), Ministry of Power, Govt. of India",EV_PCS_Data_29277.pdf (Page 787),Operational (Verified Registry),October 2025
PUN-EV-839,UJOY Charging Hub - LEV AC Charge point 3.3 3.3 1 UJOY ,UJOY,Ujoy,Private,Maharashtra,Pune,"LEV AC Charge point 3.3 3.3 1 UJOY Private Maharashtra Pune Pune Opp. Siddhi Lawns, Near Hp Petrol Pump, Paud Road Bhugaon Pune",18.500627,73.755187,LEV AC,LEV AC Charge point,3.3,1,"Bureau of Energy Efficiency (BEE), Ministry of Power, Govt. of India",EV_PCS_Data_29277.pdf (Page 787),Operational (Verified Registry),October 2025
PUN-EV-840,UJOY Charging Hub - LEV AC Charge point 3.3 3.3 1 UJOY ,UJOY,Ujoy,Private,Maharashtra,Pune,LEV AC Charge point 3.3 3.3 1 UJOY Private Maharashtra Pune Pune Opposite Aher Garden,18.634284,73.764505,LEV AC,LEV AC Charge point,3.3,1,"Bureau of Energy Efficiency (BEE), Ministry of Power, Govt. of India",EV_PCS_Data_29277.pdf (Page 787),Operational (Verified Registry),October 2025
PUN-EV-841,UJOY Charging Hub - LEV AC Charge point 3.3 3.3 1 UJOY ,UJOY,Ujoy,Private,Maharashtra,Pune,"LEV AC Charge point 3.3 3.3 1 UJOY Private Maharashtra Pune Pune Opposite Corporator Nana Kate Office,Near Rahatani Chowk,Pimplesaudagar,Pune412027",18.602366,73.797028,LEV AC,LEV AC Charge point,3.3,1,"Bureau of Energy Efficiency (BEE), Ministry of Power, Govt. of India",EV_PCS_Data_29277.pdf (Page 787),Operational (Verified Registry),October 2025
PUN-EV-842,UJOY Charging Hub - LEV AC Charge point 3.3 3.3 1 UJOY ,UJOY,Ujoy,Private,Maharashtra,Pune,LEV AC Charge point 3.3 3.3 1 UJOY Private Maharashtra Pune Pune Opposite Jadhavar School Op Ram Mandir Pari Chwok Road Nhare,18.452003,73.820594,LEV AC,LEV AC Charge point,3.3,1,"Bureau of Energy Efficiency (BEE), Ministry of Power, Govt. of India",EV_PCS_Data_29277.pdf (Page 787),Operational (Verified Registry),October 2025
PUN-EV-843,UJOY Charging Hub - LEV AC Charge point 3.3 3.3 1 UJOY ,UJOY,Ujoy,Private,Maharashtra,Pune,LEV AC Charge point 3.3 3.3 1 UJOY Private Maharashtra Pune Pune Opposite Vespa Showroom Nagar Road Sai Satyam Park Wagholi,18.574993,73.961478,LEV AC,LEV AC Charge point,3.3,1,"Bureau of Energy Efficiency (BEE), Ministry of Power, Govt. of India",EV_PCS_Data_29277.pdf (Page 787),Operational (Verified Registry),October 2025
PUN-EV-844,UJOY Charging Hub - LEV AC Charge point 3.3 3.3 1 UJOY ,UJOY,Ujoy,Private,Maharashtra,Pune,LEV AC Charge point 3.3 3.3 1 UJOY Private Maharashtra Pune Pune P M Hills Flat No 4 Ramtekadi Road Near Srpf Group No 1 Main Gate,18.502468,73.91259,LEV AC,LEV AC Charge point,3.3,1,"Bureau of Energy Efficiency (BEE), Ministry of Power, Govt. of India",EV_PCS_Data_29277.pdf (Page 787),Operational (Verified Registry),October 2025
PUN-EV-845,UJOY Charging Hub - LEV AC Charge point 3.3 3.3 1 UJOY ,UJOY,Ujoy,Private,Maharashtra,Pune,LEV AC Charge point 3.3 3.3 1 UJOY Private Maharashtra Pune Pune P.K. Chowk Pimpale Saudagar,18.596614,73.798028,LEV AC,LEV AC Charge point,3.3,1,"Bureau of Energy Efficiency (BEE), Ministry of Power, Govt. of India",EV_PCS_Data_29277.pdf (Page 787),Operational (Verified Registry),October 2025
PUN-EV-846,UJOY Charging Hub - LEV AC Charge point 3.3 3.3 1 UJOY ,UJOY,Ujoy,Private,Maharashtra,Pune,"LEV AC Charge point 3.3 3.3 1 UJOY Private Maharashtra Pune Pune Pan Card Club Road, Datta Mandir Chowk, Baner",18.561165,73.786529,LEV AC,LEV AC Charge point,3.3,1,"Bureau of Energy Efficiency (BEE), Ministry of Power, Govt. of India",EV_PCS_Data_29277.pdf (Page 787),Operational (Verified Registry),October 2025
PUN-EV-847,UJOY Charging Hub - LEV AC Charge point 3.3 3.3 1 UJOY ,UJOY,Ujoy,Private,Maharashtra,Pune,LEV AC Charge point 3.3 3.3 1 UJOY Private Maharashtra Pune Pune Pandhare Wasti,18.633324,73.739401,LEV AC,LEV AC Charge point,3.3,1,"Bureau of Energy Efficiency (BEE), Ministry of Power, Govt. of India",EV_PCS_Data_29277.pdf (Page 787),Operational (Verified Registry),October 2025
PUN-EV-848,UJOY Charging Hub - LEV AC Charge point 3.3 3.3 1 UJOY ,UJOY,Ujoy,Private,Maharashtra,Pune,LEV AC Charge point 3.3 3.3 1 UJOY Private Maharashtra Pune Pune Parashar Society Down Town Rd Chaudhari Wasti Kharadi,18.56049,73.942578,LEV AC,LEV AC Charge point,3.3,1,"Bureau of Energy Efficiency (BEE), Ministry of Power, Govt. of India",EV_PCS_Data_29277.pdf (Page 787),Operational (Verified Registry),October 2025
PUN-EV-849,UJOY Charging Hub - LEV AC Charge point 3.3 3.3 1 UJOY ,UJOY,Ujoy,Private,Maharashtra,Pune,LEV AC Charge point 3.3 3.3 1 UJOY Private Maharashtra Pune Pune Park Royal Society Near Kokne Chowk Pimple Saudagar,18.598903,73.785264,LEV AC,LEV AC Charge point,3.3,1,"Bureau of Energy Efficiency (BEE), Ministry of Power, Govt. of India",EV_PCS_Data_29277.pdf (Page 787),Operational (Verified Registry),October 2025
PUN-EV-850,UJOY Charging Hub - LEV AC Charge point 3.3 3.3 1 UJOY ,UJOY,Ujoy,Private,Maharashtra,Pune,"LEV AC Charge point 3.3 3.3 1 UJOY Private Maharashtra Pune Pune Parking No. E-184, Podium(G) Level, Infront Of D Building Entrance",18.460886,73.793549,LEV AC,LEV AC Charge point,3.3,1,"Bureau of Energy Efficiency (BEE), Ministry of Power, Govt. of India",EV_PCS_Data_29277.pdf (Page 787),Operational (Verified Registry),October 2025
PUN-EV-851,UJOY Charging Hub - LEV AC Charge point 3.3 3.3 1 UJOY ,UJOY,Ujoy,Private,Maharashtra,Pune,LEV AC Charge point 3.3 3.3 1 UJOY Private Maharashtra Pune Pune Parshwanath Industrial Premises Telco Road Near Hdfc Bank Bhosari Pune,18.628928,73.832852,LEV AC,LEV AC Charge point,3.3,1,"Bureau of Energy Efficiency (BEE), Ministry of Power, Govt. of India",EV_PCS_Data_29277.pdf (Page 787),Operational (Verified Registry),October 2025
PUN-EV-852,UJOY Charging Hub - LEV AC Charge point 3.3 3.3 1 UJOY ,UJOY,Ujoy,Private,Maharashtra,Pune,LEV AC Charge point 3.3 3.3 1 UJOY Private Maharashtra Pune Pune Parvati,18.493499,73.850239,LEV AC,LEV AC Charge point,3.3,1,"Bureau of Energy Efficiency (BEE), Ministry of Power, Govt. of India",EV_PCS_Data_29277.pdf (Page 787),Operational (Verified Registry),October 2025
PUN-EV-853,UJOY Charging Hub - LEV AC Charge point 3.3 3.3 1 UJOY ,UJOY,Ujoy,Private,Maharashtra,Pune,LEV AC Charge point 3.3 3.3 1 UJOY Private Maharashtra Pune Pune Pashan,18.537976,73.796312,LEV AC,LEV AC Charge point,3.3,1,"Bureau of Energy Efficiency (BEE), Ministry of Power, Govt. of India",EV_PCS_Data_29277.pdf (Page 787),Operational (Verified Registry),October 2025
PUN-EV-854,UJOY Charging Hub - LEV AC Charge point 3.3 3.3 1 UJOY ,UJOY,Ujoy,Private,Maharashtra,Pune,LEV AC Charge point 3.3 3.3 1 UJOY Private Maharashtra Pune Pune Pashan,18.543242,73.776871,LEV AC,LEV AC Charge point,3.3,1,"Bureau of Energy Efficiency (BEE), Ministry of Power, Govt. of India",EV_PCS_Data_29277.pdf (Page 787),Operational (Verified Registry),October 2025
PUN-EV-855,UJOY Charging Hub - LEV AC Charge point 3.3 3.3 1 UJOY ,UJOY,Ujoy,Private,Maharashtra,Pune,LEV AC Charge point 3.3 3.3 1 UJOY Private Maharashtra Pune Pune Pashan Sus Road,18.541483,73.792141,LEV AC,LEV AC Charge point,3.3,1,"Bureau of Energy Efficiency (BEE), Ministry of Power, Govt. of India",EV_PCS_Data_29277.pdf (Page 787),Operational (Verified Registry),October 2025
PUN-EV-856,UJOY Charging Hub - LEV AC Charge point 3.3 3.3 1 UJOY ,UJOY,Ujoy,Private,Maharashtra,Pune,LEV AC Charge point 3.3 3.3 1 UJOY Private Maharashtra Pune Pune Pashan Sus Road Pune 411021,18.543611,73.786395,LEV AC,LEV AC Charge point,3.3,1,"Bureau of Energy Efficiency (BEE), Ministry of Power, Govt. of India",EV_PCS_Data_29277.pdf (Page 787),Operational (Verified Registry),October 2025
PUN-EV-857,UJOY Charging Hub - LEV AC Charge point 3.3 3.3 1 UJOY ,UJOY,Ujoy,Private,Maharashtra,Pune,LEV AC Charge point 3.3 3.3 1 UJOY Private Maharashtra Thane Thane Patel Car Care Service Kokne Chowk Near Mirchandani Palms,18.598094,73.7894,LEV AC,LEV AC Charge point,3.3,1,"Bureau of Energy Efficiency (BEE), Ministry of Power, Govt. of India",EV_PCS_Data_29277.pdf (Page 787),Operational (Verified Registry),October 2025
PUN-EV-858,UJOY Charging Hub - LEV AC Charge point 3.3 3.3 1 UJOY ,UJOY,Ujoy,Private,Maharashtra,Pune,LEV AC Charge point 3.3 3.3 1 UJOY Private Maharashtra Pune Pune Pathan Sus Road,18.543,73.788595,LEV AC,LEV AC Charge point,3.3,1,"Bureau of Energy Efficiency (BEE), Ministry of Power, Govt. of India",EV_PCS_Data_29277.pdf (Page 787),Operational (Verified Registry),October 2025
PUN-EV-859,UJOY Charging Hub - LEV AC Charge point 3.3 3.3 1 UJOY ,UJOY,Ujoy,Private,Maharashtra,Pune,LEV AC Charge point 3.3 3.3 1 UJOY Private Maharashtra Pune Pune Paud Phata Karve Road Opp Butte Patil Complex,18.505713,73.824635,LEV AC,LEV AC Charge point,3.3,1,"Bureau of Energy Efficiency (BEE), Ministry of Power, Govt. of India",EV_PCS_Data_29277.pdf (Page 788),Operational (Verified Registry),October 2025
PUN-EV-860,UJOY Charging Hub - LEV AC Charge point 3.3 3.3 1 UJOY ,UJOY,Ujoy,Private,Maharashtra,Pune,LEV AC Charge point 3.3 3.3 1 UJOY Private Maharashtra Pune Pune Paud Road,18.508107,73.822873,LEV AC,LEV AC Charge point,3.3,1,"Bureau of Energy Efficiency (BEE), Ministry of Power, Govt. of India",EV_PCS_Data_29277.pdf (Page 788),Operational (Verified Registry),October 2025
PUN-EV-861,UJOY Charging Hub - LEV AC Charge point 3.3 3.3 1 UJOY ,UJOY,Ujoy,Private,Maharashtra,Pune,"LEV AC Charge point 3.3 3.3 1 UJOY Private Maharashtra Pune Pune Physics Department,Near Jaykar Library,Pune University",18.550747,73.823486,LEV AC,LEV AC Charge point,3.3,2,"Bureau of Energy Efficiency (BEE), Ministry of Power, Govt. of India",EV_PCS_Data_29277.pdf (Page 788),Operational (Verified Registry),October 2025
PUN-EV-862,UJOY Charging Hub - LEV AC Charge point 3.3 3.3 1 UJOY ,UJOY,Ujoy,Private,Maharashtra,Pune,LEV AC Charge point 3.3 3.3 1 UJOY Private Maharashtra Pune Pune Pimpale Nilakh Nisarg Anand Society Shop Number 2,18.569828,73.79513,LEV AC,LEV AC Charge point,3.3,1,"Bureau of Energy Efficiency (BEE), Ministry of Power, Govt. of India",EV_PCS_Data_29277.pdf (Page 788),Operational (Verified Registry),October 2025
PUN-EV-863,UJOY Charging Hub - LEV AC Charge point 3.3 3.3 1 UJOY ,UJOY,Ujoy,Private,Maharashtra,Pune,LEV AC Charge point 3.3 3.3 1 UJOY Private Maharashtra Pune Pune Pimpari,18.621401,73.820906,LEV AC,LEV AC Charge point,3.3,1,"Bureau of Energy Efficiency (BEE), Ministry of Power, Govt. of India",EV_PCS_Data_29277.pdf (Page 788),Operational (Verified Registry),October 2025
PUN-EV-864,UJOY Charging Hub - LEV AC Charge point 3.3 3.3 1 UJOY ,UJOY,Ujoy,Private,Maharashtra,Pune,LEV AC Charge point 3.3 3.3 1 UJOY Private Maharashtra Pune Pune Pimple Gaurav,18.582634,73.815092,LEV AC,LEV AC Charge point,3.3,1,"Bureau of Energy Efficiency (BEE), Ministry of Power, Govt. of India",EV_PCS_Data_29277.pdf (Page 788),Operational (Verified Registry),October 2025
PUN-EV-865,UJOY Charging Hub - LEV AC Charge point 3.3 3.3 1 UJOY ,UJOY,Ujoy,Private,Maharashtra,Pune,LEV AC Charge point 3.3 3.3 1 UJOY Private Maharashtra Pune Pune Pimple Gaurav Road Shastri Nagar Kasarwadi Pune 34,18.600316,73.822559,LEV AC,LEV AC Charge point,3.3,1,"Bureau of Energy Efficiency (BEE), Ministry of Power, Govt. of India",EV_PCS_Data_29277.pdf (Page 788),Operational (Verified Registry),October 2025
PUN-EV-866,UJOY Charging Hub - LEV AC Charge point 3.3 3.3 1 UJOY ,UJOY,Ujoy,Private,Maharashtra,Pune,LEV AC Charge point 3.3 3.3 1 UJOY Private Maharashtra Pune Pune Pimple Gurav,18.588297,73.823534,LEV AC,LEV AC Charge point,3.3,1,"Bureau of Energy Efficiency (BEE), Ministry of Power, Govt. of India",EV_PCS_Data_29277.pdf (Page 788),Operational (Verified Registry),October 2025
PUN-EV-867,UJOY Charging Hub - LEV AC Charge point 3.3 3.3 1 UJOY ,UJOY,Ujoy,Private,Maharashtra,Pune,LEV AC Charge point 3.3 3.3 1 UJOY Private Maharashtra Pune Pune Pimple Gurav,18.591945,73.824655,LEV AC,LEV AC Charge point,3.3,1,"Bureau of Energy Efficiency (BEE), Ministry of Power, Govt. of India",EV_PCS_Data_29277.pdf (Page 788),Operational (Verified Registry),October 2025
PUN-EV-868,UJOY Charging Hub - LEV AC Charge point 3.3 3.3 1 UJOY ,UJOY,Ujoy,Private,Maharashtra,Pune,LEV AC Charge point 3.3 3.3 1 UJOY Private Maharashtra Pune Pune Pimple Gurav Shivaji Chowk Bhairavnath Adjoining Command Pune 61,18.592798,73.820128,LEV AC,LEV AC Charge point,3.3,1,"Bureau of Energy Efficiency (BEE), Ministry of Power, Govt. of India",EV_PCS_Data_29277.pdf (Page 788),Operational (Verified Registry),October 2025
PUN-EV-869,UJOY Charging Hub - LEV AC Charge point 3.3 3.3 1 UJOY ,UJOY,Ujoy,Private,Maharashtra,Pune,LEV AC Charge point 3.3 3.3 1 UJOY Private Maharashtra Pune Pune Pimple Nilak Next To Cng Pump,18.566792,73.792874,LEV AC,LEV AC Charge point,3.3,1,"Bureau of Energy Efficiency (BEE), Ministry of Power, Govt. of India",EV_PCS_Data_29277.pdf (Page 788),Operational (Verified Registry),October 2025
PUN-EV-870,UJOY Charging Hub - LEV AC Charge point 3.3 3.3 1 UJOY ,UJOY,Ujoy,Private,Maharashtra,Pune,LEV AC Charge point 3.3 3.3 1 UJOY Private Maharashtra Pune Pune Pimple Nilakh,18.575354,73.789128,LEV AC,LEV AC Charge point,3.3,1,"Bureau of Energy Efficiency (BEE), Ministry of Power, Govt. of India",EV_PCS_Data_29277.pdf (Page 788),Operational (Verified Registry),October 2025
PUN-EV-871,UJOY Charging Hub - LEV AC Charge point 3.3 3.3 1 UJOY ,UJOY,Ujoy,Private,Maharashtra,Pune,LEV AC Charge point 3.3 3.3 1 UJOY Private Maharashtra Pune Pune Pimple Nilakh Ganesh Near Mauli Medical,18.570625,73.794148,LEV AC,LEV AC Charge point,3.3,1,"Bureau of Energy Efficiency (BEE), Ministry of Power, Govt. of India",EV_PCS_Data_29277.pdf (Page 788),Operational (Verified Registry),October 2025
PUN-EV-872,UJOY Charging Hub - LEV AC Charge point 3.3 3.3 1 UJOY ,UJOY,Ujoy,Private,Maharashtra,Pune,LEV AC Charge point 3.3 3.3 1 UJOY Private Maharashtra Pune Pune Pimple Nilakh Human Temple Opposite Pune 27,18.571528,73.79265,LEV AC,LEV AC Charge point,3.3,1,"Bureau of Energy Efficiency (BEE), Ministry of Power, Govt. of India",EV_PCS_Data_29277.pdf (Page 788),Operational (Verified Registry),October 2025
PUN-EV-873,UJOY Charging Hub - LEV AC Charge point 3.3 3.3 1 UJOY ,UJOY,Ujoy,Private,Maharashtra,Pune,LEV AC Charge point 3.3 3.3 1 UJOY Private Maharashtra Pune Pune Pimple Nilakh Ingawale Chowk 411027,18.571855,73.791032,LEV AC,LEV AC Charge point,3.3,1,"Bureau of Energy Efficiency (BEE), Ministry of Power, Govt. of India",EV_PCS_Data_29277.pdf (Page 788),Operational (Verified Registry),October 2025
PUN-EV-874,UJOY Charging Hub - LEV AC Charge point 3.3 3.3 1 UJOY ,UJOY,Ujoy,Private,Maharashtra,Pune,LEV AC Charge point 3.3 3.3 1 UJOY Private Maharashtra Pune Pune Pimple Sadan Cooperative Housing Society Near Post Office Kasarwadi,18.603953,73.8257,LEV AC,LEV AC Charge point,3.3,1,"Bureau of Energy Efficiency (BEE), Ministry of Power, Govt. of India",EV_PCS_Data_29277.pdf (Page 788),Operational (Verified Registry),October 2025
PUN-EV-875,UJOY Charging Hub - LEV AC Charge point 3.3 3.3 1 UJOY ,UJOY,Ujoy,Private,Maharashtra,Pune,LEV AC Charge point 3.3 3.3 1 UJOY Private Maharashtra Pune Pune Pimple Saudagar,18.594612,73.792112,LEV AC,LEV AC Charge point,3.3,1,"Bureau of Energy Efficiency (BEE), Ministry of Power, Govt. of India",EV_PCS_Data_29277.pdf (Page 788),Operational (Verified Registry),October 2025
PUN-EV-876,UJOY Charging Hub - LEV AC Charge point 3.3 3.3 1 UJOY ,UJOY,Ujoy,Private,Maharashtra,Pune,LEV AC Charge point 3.3 3.3 1 UJOY Private Maharashtra Pune Pune Pimple Saudagar,18.59523,73.792295,LEV AC,LEV AC Charge point,3.3,1,"Bureau of Energy Efficiency (BEE), Ministry of Power, Govt. of India",EV_PCS_Data_29277.pdf (Page 788),Operational (Verified Registry),October 2025
PUN-EV-877,UJOY Charging Hub - LEV AC Charge point 3.3 3.3 1 UJOY ,UJOY,Ujoy,Private,Maharashtra,Pune,LEV AC Charge point 3.3 3.3 1 UJOY Private Maharashtra Pune Pune Pimple Saudagar,18.600457,73.804377,LEV AC,LEV AC Charge point,3.3,1,"Bureau of Energy Efficiency (BEE), Ministry of Power, Govt. of India",EV_PCS_Data_29277.pdf (Page 788),Operational (Verified Registry),October 2025
PUN-EV-878,UJOY Charging Hub - LEV AC Charge point 3.3 3.3 1 UJOY ,UJOY,Ujoy,Private,Maharashtra,Pune,LEV AC Charge point 3.3 3.3 1 UJOY Private Maharashtra Pune Pune Pimplesaudagar,18.600117,73.80424,LEV AC,LEV AC Charge point,3.3,1,"Bureau of Energy Efficiency (BEE), Ministry of Power, Govt. of India",EV_PCS_Data_29277.pdf (Page 788),Operational (Verified Registry),October 2025
PUN-EV-879,UJOY Charging Hub - LEV AC Charge point 3.3 3.3 1 UJOY ,UJOY,Ujoy,Private,Maharashtra,Pune,LEV AC Charge point 3.3 3.3 1 UJOY Private Maharashtra Pune Pune Pimpri,18.609905,73.800754,LEV AC,LEV AC Charge point,3.3,1,"Bureau of Energy Efficiency (BEE), Ministry of Power, Govt. of India",EV_PCS_Data_29277.pdf (Page 788),Operational (Verified Registry),October 2025
PUN-EV-880,UJOY Charging Hub - LEV AC Charge point 3.3 3.3 1 UJOY ,UJOY,Ujoy,Private,Maharashtra,Pune,LEV AC Charge point 3.3 3.3 1 UJOY Private Maharashtra Pune Pune Pimpri,18.617168,73.803044,LEV AC,LEV AC Charge point,3.3,1,"Bureau of Energy Efficiency (BEE), Ministry of Power, Govt. of India",EV_PCS_Data_29277.pdf (Page 788),Operational (Verified Registry),October 2025
PUN-EV-881,UJOY Charging Hub - LEV AC Charge point 3.3 3.3 1 UJOY ,UJOY,Ujoy,Private,Maharashtra,Pune,LEV AC Charge point 3.3 3.3 1 UJOY Private Maharashtra Pune Pune Pimpri,18.626041,73.807143,LEV AC,LEV AC Charge point,3.3,1,"Bureau of Energy Efficiency (BEE), Ministry of Power, Govt. of India",EV_PCS_Data_29277.pdf (Page 788),Operational (Verified Registry),October 2025
PUN-EV-882,UJOY Charging Hub - LEV AC Charge point 3.3 3.3 1 UJOY ,UJOY,Ujoy,Private,Maharashtra,Pune,LEV AC Charge point 3.3 3.3 1 UJOY Private Maharashtra Pune Pune Pimpri Market Near Jai Mata Di Mandir Pune 17,18.616884,73.805119,LEV AC,LEV AC Charge point,3.3,1,"Bureau of Energy Efficiency (BEE), Ministry of Power, Govt. of India",EV_PCS_Data_29277.pdf (Page 788),Operational (Verified Registry),October 2025
PUN-EV-883,UJOY Charging Hub - LEV AC Charge point 3.3 3.3 1 UJOY ,UJOY,Ujoy,Private,Maharashtra,Pune,LEV AC Charge point 3.3 3.3 1 UJOY Private Maharashtra Pune Pune Pimpri Gaon,18.611525,73.80058,LEV AC,LEV AC Charge point,3.3,1,"Bureau of Energy Efficiency (BEE), Ministry of Power, Govt. of India",EV_PCS_Data_29277.pdf (Page 788),Operational (Verified Registry),October 2025
PUN-EV-884,UJOY Charging Hub - LEV AC Charge point 3.3 3.3 1 UJOY ,UJOY,Ujoy,Private,Maharashtra,Pune,LEV AC Charge point 3.3 3.3 1 UJOY Private Maharashtra Pune Pune Pimpri Gaon,18.611574,73.802918,LEV AC,LEV AC Charge point,3.3,1,"Bureau of Energy Efficiency (BEE), Ministry of Power, Govt. of India",EV_PCS_Data_29277.pdf (Page 788),Operational (Verified Registry),October 2025
PUN-EV-885,UJOY Charging Hub - LEV AC Charge point 3.3 3.3 1 UJOY ,UJOY,Ujoy,Private,Maharashtra,Pune,LEV AC Charge point 3.3 3.3 1 UJOY Private Maharashtra Pune Pune Plot . No. T- 71 Bhosari Midc,18.630462,73.827642,LEV AC,LEV AC Charge point,3.3,10,"Bureau of Energy Efficiency (BEE), Ministry of Power, Govt. of India",EV_PCS_Data_29277.pdf (Page 788),Operational (Verified Registry),October 2025
PUN-EV-886,UJOY Charging Hub - LEV AC Charge point 3.3 3.3 1 UJOY ,UJOY,Ujoy,Private,Maharashtra,Pune,"LEV AC Charge point 3.3 3.3 1 UJOY Private Maharashtra Pune Pune Plot 31, Near Jogeshwari Misal, Shankarwadi",18.69667,73.699608,LEV AC,LEV AC Charge point,3.3,3,"Bureau of Energy Efficiency (BEE), Ministry of Power, Govt. of India",EV_PCS_Data_29277.pdf (Page 788),Operational (Verified Registry),October 2025
PUN-EV-887,UJOY Charging Hub - LEV AC Charge point 3.3 3.3 1 UJOY ,UJOY,Ujoy,Private,Maharashtra,Pune,"LEV AC Charge point 3.3 3.3 1 UJOY Private Maharashtra Pune Pune Plot No 123, Lane No-4, Mahatma Society Near Gandhi Bhavan, Kothrud, Pune-411038",18.498335,73.798132,LEV AC,LEV AC Charge point,3.3,1,"Bureau of Energy Efficiency (BEE), Ministry of Power, Govt. of India",EV_PCS_Data_29277.pdf (Page 788),Operational (Verified Registry),October 2025
PUN-EV-888,UJOY Charging Hub - LEV AC Charge point 3.3 3.3 1 UJOY ,UJOY,Ujoy,Private,Maharashtra,Pune,"LEV AC Charge point 3.3 3.3 1 UJOY Private Maharashtra Pune Pune Plot No 123, Lane No 4, Mahatma Society, Kothrud Pune_411038",18.498401,73.797582,LEV AC,LEV AC Charge point,3.3,1,"Bureau of Energy Efficiency (BEE), Ministry of Power, Govt. of India",EV_PCS_Data_29277.pdf (Page 788),Operational (Verified Registry),October 2025
PUN-EV-889,UJOY Charging Hub - LEV AC Charge point 3.3 3.3 1 UJOY ,UJOY,Ujoy,Private,Maharashtra,Pune,LEV AC Charge point 3.3 3.3 1 UJOY Private Maharashtra Pune Pune Plot No 13 Laxmi Nagar Nigdi Pune 411044,18.662803,73.776234,LEV AC,LEV AC Charge point,3.3,1,"Bureau of Energy Efficiency (BEE), Ministry of Power, Govt. of India",EV_PCS_Data_29277.pdf (Page 788),Operational (Verified Registry),October 2025
PUN-EV-890,UJOY Charging Hub - LEV AC Charge point 3.3 3.3 1 UJOY ,UJOY,Ujoy,Private,Maharashtra,Pune,LEV AC Charge point 3.3 3.3 1 UJOY Private Maharashtra Pune Pune Plot No 18 Gat No 87 Jyotibanagar Talawade,18.6887,73.790475,LEV AC,LEV AC Charge point,3.3,1,"Bureau of Energy Efficiency (BEE), Ministry of Power, Govt. of India",EV_PCS_Data_29277.pdf (Page 789),Operational (Verified Registry),October 2025
PUN-EV-891,UJOY Charging Hub - LEV AC Charge point 3.3 3.3 1 UJOY ,UJOY,Ujoy,Private,Maharashtra,Pune,LEV AC Charge point 3.3 3.3 1 UJOY Private Maharashtra Pune Pune Plot No 284 Sector No 04 Sant Nagar Moshi Pune,18.649527,73.850218,LEV AC,LEV AC Charge point,3.3,1,"Bureau of Energy Efficiency (BEE), Ministry of Power, Govt. of India",EV_PCS_Data_29277.pdf (Page 789),Operational (Verified Registry),October 2025
PUN-EV-892,UJOY Charging Hub - LEV AC Charge point 3.3 3.3 1 UJOY ,UJOY,Ujoy,Private,Maharashtra,Pune,LEV AC Charge point 3.3 3.3 1 UJOY Private Maharashtra Pune Pune Plot No 41Roshan Manzil Shitole Nager Old Sangvi,18.574863,73.817269,LEV AC,LEV AC Charge point,3.3,1,"Bureau of Energy Efficiency (BEE), Ministry of Power, Govt. of India",EV_PCS_Data_29277.pdf (Page 789),Operational (Verified Registry),October 2025
PUN-EV-893,UJOY Charging Hub - LEV AC Charge point 3.3 3.3 1 UJOY ,UJOY,Ujoy,Private,Maharashtra,Pune,"LEV AC Charge point 3.3 3.3 1 UJOY Private Maharashtra Pune Pune Plot No 50,Sector 7,Pcntda,Bhosari",18.640507,73.836263,LEV AC,LEV AC Charge point,3.3,7,"Bureau of Energy Efficiency (BEE), Ministry of Power, Govt. of India",EV_PCS_Data_29277.pdf (Page 789),Operational (Verified Registry),October 2025
PUN-EV-894,UJOY Charging Hub - LEV AC Charge point 3.3 3.3 1 UJOY ,UJOY,Ujoy,Private,Maharashtra,Pune,LEV AC Charge point 3.3 3.3 1 UJOY Private Maharashtra Pune Pune Plot No 68 Sector No 23 Besides Baba Ramdev Dhaba Transport Nagar Nigdi,18.663784,73.767707,LEV AC,LEV AC Charge point,3.3,1,"Bureau of Energy Efficiency (BEE), Ministry of Power, Govt. of India",EV_PCS_Data_29277.pdf (Page 789),Operational (Verified Registry),October 2025
PUN-EV-895,UJOY Charging Hub - LEV AC Charge point 3.3 3.3 1 UJOY ,UJOY,Ujoy,Private,Maharashtra,Pune,LEV AC Charge point 3.3 3.3 1 UJOY Private Maharashtra Pune Pune Plot No Pap G 98 Midc G Block Ajantha Nagar Akurdi Pimpri Chinchwad Maharashtra 411019,18.662946,73.789695,LEV AC,LEV AC Charge point,3.3,10,"Bureau of Energy Efficiency (BEE), Ministry of Power, Govt. of India",EV_PCS_Data_29277.pdf (Page 789),Operational (Verified Registry),October 2025
PUN-EV-896,UJOY Charging Hub - LEV AC Charge point 3.3 3.3 1 UJOY ,UJOY,Ujoy,Private,Maharashtra,Pune,"LEV AC Charge point 3.3 3.3 1 UJOY Private Maharashtra Pune Pune Plot No.G80 To G87, Near Thermax Chowk,",18.663295,73.789444,LEV AC,LEV AC Charge point,3.3,1,"Bureau of Energy Efficiency (BEE), Ministry of Power, Govt. of India",EV_PCS_Data_29277.pdf (Page 789),Operational (Verified Registry),October 2025
PUN-EV-897,UJOY Charging Hub - LEV AC Charge point 3.3 3.3 1 UJOY ,UJOY,Ujoy,Private,Maharashtra,Pune,LEV AC Charge point 3.3 3.3 1 UJOY Private Maharashtra Pune Pune Plot Number 5 Pune Small Scale Industry,18.496679,73.867123,LEV AC,LEV AC Charge point,3.3,5,"Bureau of Energy Efficiency (BEE), Ministry of Power, Govt. of India",EV_PCS_Data_29277.pdf (Page 789),Operational (Verified Registry),October 2025
PUN-EV-898,UJOY Charging Hub - LEV AC Charge point 3.3 3.3 1 UJOY ,UJOY,Ujoy,Private,Maharashtra,Pune,LEV AC Charge point 3.3 3.3 1 UJOY Private Maharashtra Pune Pune Plotno40 Near Govind Garden Hotel Pimple Saudagar Plotno 40 Near Govind Garden Hotel,18.594772,73.803886,LEV AC,LEV AC Charge point,3.3,1,"Bureau of Energy Efficiency (BEE), Ministry of Power, Govt. of India",EV_PCS_Data_29277.pdf (Page 789),Operational (Verified Registry),October 2025
PUN-EV-899,UJOY Charging Hub - LEV AC Charge point 3.3 3.3 1 UJOY ,UJOY,Ujoy,Private,Maharashtra,Pune,LEV AC Charge point 3.3 3.3 1 UJOY Private Maharashtra Pune Pune Pmc Building,18.524009,73.852975,LEV AC,LEV AC Charge point,3.3,1,"Bureau of Energy Efficiency (BEE), Ministry of Power, Govt. of India",EV_PCS_Data_29277.pdf (Page 789),Operational (Verified Registry),October 2025
PUN-EV-900,UJOY Charging Hub - LEV AC Charge point 3.3 3.3 1 UJOY ,UJOY,Ujoy,Private,Maharashtra,Pune,LEV AC Charge point 3.3 3.3 1 UJOY Private Maharashtra Pune Pune Polite,18.65386,73.753017,LEV AC,LEV AC Charge point,3.3,1,"Bureau of Energy Efficiency (BEE), Ministry of Power, Govt. of India",EV_PCS_Data_29277.pdf (Page 789),Operational (Verified Registry),October 2025
PUN-EV-901,UJOY Charging Hub - LEV AC Charge point 3.3 3.3 1 UJOY ,UJOY,Ujoy,Private,Maharashtra,Pune,LEV AC Charge point 3.3 3.3 1 UJOY Private Maharashtra Pune Pune Poorva Arked Bi Gokul Nagar Dhanori Pune,18.591974,73.891279,LEV AC,LEV AC Charge point,3.3,1,"Bureau of Energy Efficiency (BEE), Ministry of Power, Govt. of India",EV_PCS_Data_29277.pdf (Page 789),Operational (Verified Registry),October 2025
PUN-EV-902,UJOY Charging Hub - LEV AC Charge point 3.3 3.3 1 UJOY ,UJOY,Ujoy,Private,Maharashtra,Pune,LEV AC Charge point 3.3 3.3 1 UJOY Private Maharashtra Pune Pune Poorva Residency Co Op Housing Society Ltd Pimple Saudagar Pune 27,18.599145,73.797433,LEV AC,LEV AC Charge point,3.3,1,"Bureau of Energy Efficiency (BEE), Ministry of Power, Govt. of India",EV_PCS_Data_29277.pdf (Page 789),Operational (Verified Registry),October 2025
PUN-EV-903,UJOY Charging Hub - LEV AC Charge point 3.3 3.3 1 UJOY ,UJOY,Ujoy,Private,Maharashtra,Pune,LEV AC Charge point 3.3 3.3 1 UJOY Private Maharashtra Pune Pune Poorva Residency Pimple Sudager,18.598751,73.796702,LEV AC,LEV AC Charge point,3.3,1,"Bureau of Energy Efficiency (BEE), Ministry of Power, Govt. of India",EV_PCS_Data_29277.pdf (Page 789),Operational (Verified Registry),October 2025
PUN-EV-904,UJOY Charging Hub - LEV AC Charge point 3.3 3.3 1 UJOY ,UJOY,Ujoy,Private,Maharashtra,Pune,LEV AC Charge point 3.3 3.3 1 UJOY Private Maharashtra Pune Pune Porwal Raod Lohegaon,18.613635,73.911806,LEV AC,LEV AC Charge point,3.3,1,"Bureau of Energy Efficiency (BEE), Ministry of Power, Govt. of India",EV_PCS_Data_29277.pdf (Page 789),Operational (Verified Registry),October 2025
PUN-EV-905,UJOY Charging Hub - LEV AC Charge point 3.3 3.3 1 UJOY ,UJOY,Ujoy,Private,Maharashtra,Pune,LEV AC Charge point 3.3 3.3 1 UJOY Private Maharashtra Pune Pune Porwal Raod Lohegaon Near Agtiya Family,18.615103,73.91136,LEV AC,LEV AC Charge point,3.3,1,"Bureau of Energy Efficiency (BEE), Ministry of Power, Govt. of India",EV_PCS_Data_29277.pdf (Page 789),Operational (Verified Registry),October 2025
PUN-EV-906,"UJOY Charging Hub - Prabhudarshan Enterprises, Navnirma",UJOY,Ujoy,Private,Maharashtra,Pune,"Prabhudarshan Enterprises, Navnirman Housing Society, Rameshwar Mandir Chowk, Rupeenagar, Talawade, Pune- 411062",18.674957,73.780792,LEV AC,LEV AC Charge point,3.3,1,"Bureau of Energy Efficiency (BEE), Ministry of Power, Govt. of India",EV_PCS_Data_29277.pdf (Page 790),Operational (Verified Registry),October 2025
PUN-EV-907,UJOY Charging Hub - LEV AC Charge point 3.3 3.3 1 UJOY ,UJOY,Ujoy,Private,Maharashtra,Pune,"LEV AC Charge point 3.3 3.3 1 UJOY Private Maharashtra Pune Pune Pramthesh Housing Society, Plot No 23, Yashodhan Banglow,Kothrud,Pune-411038",18.497803,73.794206,LEV AC,LEV AC Charge point,3.3,1,"Bureau of Energy Efficiency (BEE), Ministry of Power, Govt. of India",EV_PCS_Data_29277.pdf (Page 790),Operational (Verified Registry),October 2025
PUN-EV-908,UJOY Charging Hub - LEV AC Charge point 3.3 3.3 1 UJOY ,UJOY,Ujoy,Private,Maharashtra,Pune,LEV AC Charge point 3.3 3.3 1 UJOY Private Maharashtra Pune Pune Pratiksha Motarsravet Road Opposite Balaji Lawns,18.628144,73.754579,LEV AC,LEV AC Charge point,3.3,1,"Bureau of Energy Efficiency (BEE), Ministry of Power, Govt. of India",EV_PCS_Data_29277.pdf (Page 790),Operational (Verified Registry),October 2025
PUN-EV-909,UJOY Charging Hub - LEV AC Charge point 3.3 3.3 1 UJOY ,UJOY,Ujoy,Private,Maharashtra,Pune,LEV AC Charge point 3.3 3.3 1 UJOY Private Maharashtra Pune Pune Pristine Prolife-Iii,18.596234,73.757933,LEV AC,LEV AC Charge point,3.3,1,"Bureau of Energy Efficiency (BEE), Ministry of Power, Govt. of India",EV_PCS_Data_29277.pdf (Page 790),Operational (Verified Registry),October 2025
PUN-EV-910,UJOY Charging Hub - LEV AC Charge point 3.3 3.3 1 UJOY ,UJOY,Ujoy,Private,Maharashtra,Pune,LEV AC Charge point 3.3 3.3 1 UJOY Private Maharashtra Pune Pune Punavale,18.632635,73.739039,LEV AC,LEV AC Charge point,3.3,1,"Bureau of Energy Efficiency (BEE), Ministry of Power, Govt. of India",EV_PCS_Data_29277.pdf (Page 790),Operational (Verified Registry),October 2025
PUN-EV-911,UJOY Charging Hub - LEV AC Charge point 3.3 3.3 1 UJOY ,UJOY,Ujoy,Private,Maharashtra,Pune,LEV AC Charge point 3.3 3.3 1 UJOY Private Maharashtra Pune Pune Punavale,18.637091,73.740213,LEV AC,LEV AC Charge point,3.3,1,"Bureau of Energy Efficiency (BEE), Ministry of Power, Govt. of India",EV_PCS_Data_29277.pdf (Page 790),Operational (Verified Registry),October 2025
PUN-EV-912,UJOY Charging Hub - LEV AC Charge point 3.3 3.3 1 UJOY ,UJOY,Ujoy,Private,Maharashtra,Pune,LEV AC Charge point 3.3 3.3 1 UJOY Private Maharashtra Pune Pune Punavle,18.638864,73.748109,LEV AC,LEV AC Charge point,3.3,1,"Bureau of Energy Efficiency (BEE), Ministry of Power, Govt. of India",EV_PCS_Data_29277.pdf (Page 790),Operational (Verified Registry),October 2025
PUN-EV-913,UJOY Charging Hub - LEV AC Charge point 3.3 3.3 1 UJOY ,UJOY,Ujoy,Private,Maharashtra,Pune,LEV AC Charge point 3.3 3.3 1 UJOY Private Maharashtra Pune Pune Punawale,18.624595,73.733122,LEV AC,LEV AC Charge point,3.3,1,"Bureau of Energy Efficiency (BEE), Ministry of Power, Govt. of India",EV_PCS_Data_29277.pdf (Page 790),Operational (Verified Registry),October 2025
PUN-EV-914,UJOY Charging Hub - LEV AC Charge point 3.3 3.3 1 UJOY ,UJOY,Ujoy,Private,Maharashtra,Pune,LEV AC Charge point 3.3 3.3 1 UJOY Private Maharashtra Pune Pune Punawale,18.633115,73.735398,LEV AC,LEV AC Charge point,3.3,1,"Bureau of Energy Efficiency (BEE), Ministry of Power, Govt. of India",EV_PCS_Data_29277.pdf (Page 790),Operational (Verified Registry),October 2025
PUN-EV-915,UJOY Charging Hub - LEV AC Charge point 3.3 3.3 1 UJOY ,UJOY,Ujoy,Private,Maharashtra,Pune,LEV AC Charge point 3.3 3.3 1 UJOY Private Maharashtra Pune Pune Punawale,18.637839,73.744544,LEV AC,LEV AC Charge point,3.3,1,"Bureau of Energy Efficiency (BEE), Ministry of Power, Govt. of India",EV_PCS_Data_29277.pdf (Page 790),Operational (Verified Registry),October 2025
PUN-EV-916,UJOY Charging Hub - LEV AC Charge point 3.3 3.3 1 UJOY ,UJOY,Ujoy,Private,Maharashtra,Pune,LEV AC Charge point 3.3 3.3 1 UJOY Private Maharashtra Pune Pune Punawale-,18.639051,73.7486,LEV AC,LEV AC Charge point,3.3,1,"Bureau of Energy Efficiency (BEE), Ministry of Power, Govt. of India",EV_PCS_Data_29277.pdf (Page 790),Operational (Verified Registry),October 2025
PUN-EV-917,UJOY Charging Hub - LEV AC Charge point 3.3 3.3 1 UJOY ,UJOY,Ujoy,Private,Maharashtra,Pune,LEV AC Charge point 3.3 3.3 1 UJOY Private Maharashtra Pune Pune Punawale Hospital Ravet,18.635746,73.742424,LEV AC,LEV AC Charge point,3.3,1,"Bureau of Energy Efficiency (BEE), Ministry of Power, Govt. of India",EV_PCS_Data_29277.pdf (Page 790),Operational (Verified Registry),October 2025
PUN-EV-918,UJOY Charging Hub - LEV AC Charge point 3.3 3.3 1 UJOY ,UJOY,Ujoy,Private,Maharashtra,Pune,LEV AC Charge point 3.3 3.3 1 UJOY Private Maharashtra Pune Pune Pune,18.55156,73.796748,LEV AC,LEV AC Charge point,3.3,1,"Bureau of Energy Efficiency (BEE), Ministry of Power, Govt. of India",EV_PCS_Data_29277.pdf (Page 790),Operational (Verified Registry),October 2025
PUN-EV-919,UJOY Charging Hub - LEV AC Charge point 3.3 3.3 1 UJOY ,UJOY,Ujoy,Private,Maharashtra,Pune,LEV AC Charge point 3.3 3.3 1 UJOY Private Maharashtra Pune Pune Pune Nashik Road Sant Tukaram Mangal Karayalay Bhosari Pune,18.626558,73.852536,LEV AC,LEV AC Charge point,3.3,1,"Bureau of Energy Efficiency (BEE), Ministry of Power, Govt. of India",EV_PCS_Data_29277.pdf (Page 790),Operational (Verified Registry),October 2025
PUN-EV-920,UJOY Charging Hub - LEV AC Charge point 3.3 3.3 1 UJOY ,UJOY,Ujoy,Private,Maharashtra,Pune,LEV AC Charge point 3.3 3.3 1 UJOY Private Maharashtra Pune Pune Pune Municipal Corporation Building,18.523939,73.853442,LEV AC,LEV AC Charge point,3.3,1,"Bureau of Energy Efficiency (BEE), Ministry of Power, Govt. of India",EV_PCS_Data_29277.pdf (Page 790),Operational (Verified Registry),October 2025
PUN-EV-921,UJOY Charging Hub - LEV AC Charge point 3.3 3.3 1 UJOY ,UJOY,Ujoy,Private,Maharashtra,Pune,LEV AC Charge point 3.3 3.3 1 UJOY Private Maharashtra Pune Pune Pune Nagar Highway Near Kamalbaug Wagholi,18.579756,73.974856,LEV AC,LEV AC Charge point,3.3,1,"Bureau of Energy Efficiency (BEE), Ministry of Power, Govt. of India",EV_PCS_Data_29277.pdf (Page 790),Operational (Verified Registry),October 2025
PUN-EV-922,UJOY Charging Hub - LEV AC Charge point 3.3 3.3 1 UJOY ,UJOY,Ujoy,Private,Maharashtra,Pune,LEV AC Charge point 3.3 3.3 1 UJOY Private Maharashtra Pune Pune Pune Nagar Road Lonikand Opp Vithai Petroleum,18.609716,74.0161,LEV AC,LEV AC Charge point,3.3,1,"Bureau of Energy Efficiency (BEE), Ministry of Power, Govt. of India",EV_PCS_Data_29277.pdf (Page 790),Operational (Verified Registry),October 2025
PUN-EV-923,UJOY Charging Hub - LEV AC Charge point 3.3 3.3 1 UJOY ,UJOY,Ujoy,Private,Maharashtra,Pune,LEV AC Charge point 3.3 3.3 1 UJOY Private Maharashtra Pune Pune Pune Nashik Highway Kurali Chakan,18.726086,73.853773,LEV AC,LEV AC Charge point,3.3,1,"Bureau of Energy Efficiency (BEE), Ministry of Power, Govt. of India",EV_PCS_Data_29277.pdf (Page 790),Operational (Verified Registry),October 2025
PUN-EV-924,UJOY Charging Hub - LEV AC Charge point 3.3 3.3 1 UJOY ,UJOY,Ujoy,Private,Maharashtra,Pune,LEV AC Charge point 3.3 3.3 1 UJOY Private Maharashtra Pune Pune Pune Nashik Highway Near Rohit Wadewale,18.722614,73.85256,LEV AC,LEV AC Charge point,3.3,1,"Bureau of Energy Efficiency (BEE), Ministry of Power, Govt. of India",EV_PCS_Data_29277.pdf (Page 790),Operational (Verified Registry),October 2025
PUN-EV-925,UJOY Charging Hub - LEV AC Charge point 3.3 3.3 1 UJOY ,UJOY,Ujoy,Private,Maharashtra,Pune,LEV AC Charge point 3.3 3.3 1 UJOY Private Maharashtra Pune Pune Pune Nasik High Way Near Om Logistics Chimbli Moshi 412105,18.701385,73.848388,LEV AC,LEV AC Charge point,3.3,1,"Bureau of Energy Efficiency (BEE), Ministry of Power, Govt. of India",EV_PCS_Data_29277.pdf (Page 790),Operational (Verified Registry),October 2025
PUN-EV-926,UJOY Charging Hub - LEV AC Charge point 3.3 3.3 1 UJOY ,UJOY,Ujoy,Private,Maharashtra,Pune,LEV AC Charge point 3.3 3.3 1 UJOY Private Maharashtra Pune Pune Pune Railway Station,18.527802,73.876209,LEV AC,LEV AC Charge point,3.3,1,"Bureau of Energy Efficiency (BEE), Ministry of Power, Govt. of India",EV_PCS_Data_29277.pdf (Page 790),Operational (Verified Registry),October 2025
PUN-EV-927,UJOY Charging Hub - LEV AC Charge point 3.3 3.3 1 UJOY ,UJOY,Ujoy,Private,Maharashtra,Pune,LEV AC Charge point 3.3 3.3 1 UJOY Private Maharashtra Pune Pune Pune Satara Road,18.360242,73.853222,LEV AC,LEV AC Charge point,3.3,1,"Bureau of Energy Efficiency (BEE), Ministry of Power, Govt. of India",EV_PCS_Data_29277.pdf (Page 790),Operational (Verified Registry),October 2025
PUN-EV-928,UJOY Charging Hub - LEV AC Charge point 3.3 3.3 1 UJOY ,UJOY,Ujoy,Private,Maharashtra,Pune,LEV AC Charge point 3.3 3.3 1 UJOY Private Maharashtra Pune Pune Punvle,18.637676,73.739852,LEV AC,LEV AC Charge point,3.3,1,"Bureau of Energy Efficiency (BEE), Ministry of Power, Govt. of India",EV_PCS_Data_29277.pdf (Page 790),Operational (Verified Registry),October 2025
PUN-EV-929,UJOY Charging Hub - LEV AC Charge point 3.3 3.3 1 UJOY ,UJOY,Ujoy,Private,Maharashtra,Pune,LEV AC Charge point 3.3 3.3 1 UJOY Private Maharashtra Pune Pune Punwale,18.626607,73.73423,LEV AC,LEV AC Charge point,3.3,1,"Bureau of Energy Efficiency (BEE), Ministry of Power, Govt. of India",EV_PCS_Data_29277.pdf (Page 790),Operational (Verified Registry),October 2025
PUN-EV-930,UJOY Charging Hub - LEV AC Charge point 3.3 3.3 1 UJOY ,UJOY,Ujoy,Private,Maharashtra,Pune,LEV AC Charge point 3.3 3.3 1 UJOY Private Maharashtra Pune Pune Purna Nager Spine Road,18.662838,73.805885,LEV AC,LEV AC Charge point,3.3,1,"Bureau of Energy Efficiency (BEE), Ministry of Power, Govt. of India",EV_PCS_Data_29277.pdf (Page 790),Operational (Verified Registry),October 2025
PUN-EV-931,UJOY Charging Hub - LEV AC Charge point 3.3 3.3 1 UJOY ,UJOY,Ujoy,Private,Maharashtra,Pune,"LEV AC Charge point 3.3 3.3 1 UJOY Private Maharashtra Pune Pune Purnanagar, Chinchwad",18.66049,73.81013,LEV AC,LEV AC Charge point,3.3,1,"Bureau of Energy Efficiency (BEE), Ministry of Power, Govt. of India",EV_PCS_Data_29277.pdf (Page 790),Operational (Verified Registry),October 2025
PUN-EV-932,UJOY Charging Hub - LEV AC Charge point 3.3 3.3 1 UJOY ,UJOY,Ujoy,Private,Maharashtra,Pune,LEV AC Charge point 3.3 3.3 1 UJOY Private Maharashtra Pune Pune Pushpa Towers Pune Satara Road,18.47534,73.855976,LEV AC,LEV AC Charge point,3.3,1,"Bureau of Energy Efficiency (BEE), Ministry of Power, Govt. of India",EV_PCS_Data_29277.pdf (Page 790),Operational (Verified Registry),October 2025
PUN-EV-933,UJOY Charging Hub - LEV AC Charge point 3.3 3.3 1 UJOY ,UJOY,Ujoy,Private,Maharashtra,Pune,LEV AC Charge point 3.3 3.3 1 UJOY Private Maharashtra Pune Pune Pushpamangal Karyalay Bibavewadi Pune,18.486219,73.858559,LEV AC,LEV AC Charge point,3.3,1,"Bureau of Energy Efficiency (BEE), Ministry of Power, Govt. of India",EV_PCS_Data_29277.pdf (Page 790),Operational (Verified Registry),October 2025
PUN-EV-934,UJOY Charging Hub - LEV AC Charge point 3.3 3.3 1 UJOY ,UJOY,Ujoy,Private,Maharashtra,Pune,"LEV AC Charge point 3.3 3.3 1 UJOY Private Maharashtra Pune Pune Pwd 16/3 Shop No 1, Behind Durga Mata Mandir, Pimpri",18.616502,73.804767,LEV AC,LEV AC Charge point,3.3,1,"Bureau of Energy Efficiency (BEE), Ministry of Power, Govt. of India",EV_PCS_Data_29277.pdf (Page 790),Operational (Verified Registry),October 2025
PUN-EV-935,UJOY Charging Hub - Radha Krishna Society Kasarwadi,UJOY,Ujoy,Private,Maharashtra,Pune,Radha Krishna Society Kasarwadi,18.605372,73.825588,LEV AC,LEV AC Charge point,3.3,1,"Bureau of Energy Efficiency (BEE), Ministry of Power, Govt. of India",EV_PCS_Data_29277.pdf (Page 791),Operational (Verified Registry),October 2025
PUN-EV-936,UJOY Charging Hub - LEV AC Charge point 3.3 3.3 1 UJOY ,UJOY,Ujoy,Private,Maharashtra,Pune,LEV AC Charge point 3.3 3.3 1 UJOY Private Maharashtra Pune Pune Rahatani,18.600556,73.790283,LEV AC,LEV AC Charge point,3.3,1,"Bureau of Energy Efficiency (BEE), Ministry of Power, Govt. of India",EV_PCS_Data_29277.pdf (Page 791),Operational (Verified Registry),October 2025
PUN-EV-937,UJOY Charging Hub - LEV AC Charge point 3.3 3.3 1 UJOY ,UJOY,Ujoy,Private,Maharashtra,Pune,LEV AC Charge point 3.3 3.3 1 UJOY Private Maharashtra Pune Pune Rahatani,18.603425,73.783344,LEV AC,LEV AC Charge point,3.3,1,"Bureau of Energy Efficiency (BEE), Ministry of Power, Govt. of India",EV_PCS_Data_29277.pdf (Page 791),Operational (Verified Registry),October 2025
PUN-EV-938,UJOY Charging Hub - LEV AC Charge point 3.3 3.3 1 UJOY ,UJOY,Ujoy,Private,Maharashtra,Pune,LEV AC Charge point 3.3 3.3 1 UJOY Private Maharashtra Pune Pune Rahatani Road,18.599986,73.790423,LEV AC,LEV AC Charge point,3.3,1,"Bureau of Energy Efficiency (BEE), Ministry of Power, Govt. of India",EV_PCS_Data_29277.pdf (Page 791),Operational (Verified Registry),October 2025
PUN-EV-939,UJOY Charging Hub - LEV AC Charge point 3.3 3.3 1 UJOY ,UJOY,Ujoy,Private,Maharashtra,Pune,LEV AC Charge point 3.3 3.3 1 UJOY Private Maharashtra Pune Pune Rahatni Road Madhuban Colony,18.605805,73.78343,LEV AC,LEV AC Charge point,3.3,1,"Bureau of Energy Efficiency (BEE), Ministry of Power, Govt. of India",EV_PCS_Data_29277.pdf (Page 791),Operational (Verified Registry),October 2025
PUN-EV-940,UJOY Charging Hub - LEV AC Charge point 3.3 3.3 1 UJOY ,UJOY,Ujoy,Private,Maharashtra,Pune,LEV AC Charge point 3.3 3.3 1 UJOY Private Maharashtra Pune Pune Rajendra Nagar,18.503416,73.845214,LEV AC,LEV AC Charge point,3.3,1,"Bureau of Energy Efficiency (BEE), Ministry of Power, Govt. of India",EV_PCS_Data_29277.pdf (Page 791),Operational (Verified Registry),October 2025
PUN-EV-941,UJOY Charging Hub - LEV AC Charge point 3.3 3.3 1 UJOY ,UJOY,Ujoy,Private,Maharashtra,Pune,LEV AC Charge point 3.3 3.3 1 UJOY Private Maharashtra Pune Pune Rajiv Gandhi Info Tech Park Phase 3,18.572648,73.691077,LEV AC,LEV AC Charge point,3.3,1,"Bureau of Energy Efficiency (BEE), Ministry of Power, Govt. of India",EV_PCS_Data_29277.pdf (Page 791),Operational (Verified Registry),October 2025
PUN-EV-942,UJOY Charging Hub - LEV AC Charge point 3.3 3.3 1 UJOY ,UJOY,Ujoy,Private,Maharashtra,Pune,LEV AC Charge point 3.3 3.3 1 UJOY Private Maharashtra Pune Pune Rajiv Gandhi Infotech Park Hinjewadi Pune 57,18.57426,73.68688,LEV AC,LEV AC Charge point,3.3,1,"Bureau of Energy Efficiency (BEE), Ministry of Power, Govt. of India",EV_PCS_Data_29277.pdf (Page 791),Operational (Verified Registry),October 2025
PUN-EV-943,UJOY Charging Hub - LEV AC Charge point 3.3 3.3 1 UJOY ,UJOY,Ujoy,Private,Maharashtra,Pune,LEV AC Charge point 3.3 3.3 1 UJOY Private Maharashtra Pune Pune Rajput Chowk Near Indian Oil Petrol Pump,18.600584,73.803584,LEV AC,LEV AC Charge point,3.3,9,"Bureau of Energy Efficiency (BEE), Ministry of Power, Govt. of India",EV_PCS_Data_29277.pdf (Page 791),Operational (Verified Registry),October 2025
PUN-EV-944,UJOY Charging Hub - LEV AC Charge point 3.3 3.3 1 UJOY ,UJOY,Ujoy,Private,Maharashtra,Pune,LEV AC Charge point 3.3 3.3 1 UJOY Private Maharashtra Pune Pune Rakshe Wasti Shop No 10 To 13,18.578587,73.71666,LEV AC,LEV AC Charge point,3.3,1,"Bureau of Energy Efficiency (BEE), Ministry of Power, Govt. of India",EV_PCS_Data_29277.pdf (Page 791),Operational (Verified Registry),October 2025
PUN-EV-945,UJOY Charging Hub - LEV AC Charge point 3.3 3.3 1 UJOY ,UJOY,Ujoy,Private,Maharashtra,Pune,"LEV AC Charge point 3.3 3.3 1 UJOY Private Maharashtra Pune Pune Ram Nagar , Tempo Chouk",18.551832,73.919949,LEV AC,LEV AC Charge point,3.3,4,"Bureau of Energy Efficiency (BEE), Ministry of Power, Govt. of India",EV_PCS_Data_29277.pdf (Page 791),Operational (Verified Registry),October 2025
PUN-EV-946,UJOY Charging Hub - LEV AC Charge point 3.3 3.3 1 UJOY ,UJOY,Ujoy,Private,Maharashtra,Pune,"LEV AC Charge point 3.3 3.3 1 UJOY Private Maharashtra Pune Pune Rama Heights, Plotno. 278, Sec 04,Pune Nashik Highway, Moshi",18.650326,73.849919,LEV AC,LEV AC Charge point,3.3,1,"Bureau of Energy Efficiency (BEE), Ministry of Power, Govt. of India",EV_PCS_Data_29277.pdf (Page 791),Operational (Verified Registry),October 2025
PUN-EV-947,UJOY Charging Hub - LEV AC Charge point 3.3 3.3 1 UJOY ,UJOY,Ujoy,Private,Maharashtra,Pune,LEV AC Charge point 3.3 3.3 1 UJOY Private Maharashtra Pune Pune Rambhag Colony Shopping Plaza Shop No.8 Kothrud Pune.38,18.510855,73.813299,LEV AC,LEV AC Charge point,3.3,8,"Bureau of Energy Efficiency (BEE), Ministry of Power, Govt. of India",EV_PCS_Data_29277.pdf (Page 791),Operational (Verified Registry),October 2025
PUN-EV-948,UJOY Charging Hub - LEV AC Charge point 3.3 3.3 1 UJOY ,UJOY,Ujoy,Private,Maharashtra,Pune,"LEV AC Charge point 3.3 3.3 1 UJOY Private Maharashtra Pune Pune Ramchandra Residency, Shop No-8,Adinath Nagar,Bhosari",18.616285,73.846019,LEV AC,LEV AC Charge point,3.3,1,"Bureau of Energy Efficiency (BEE), Ministry of Power, Govt. of India",EV_PCS_Data_29277.pdf (Page 791),Operational (Verified Registry),October 2025
PUN-EV-949,UJOY Charging Hub - LEV AC Charge point 3.3 3.3 1 UJOY ,UJOY,Ujoy,Private,Maharashtra,Pune,LEV AC Charge point 3.3 3.3 1 UJOY Private Maharashtra Pune Pune Ramnagar,18.650931,73.797267,LEV AC,LEV AC Charge point,3.3,1,"Bureau of Energy Efficiency (BEE), Ministry of Power, Govt. of India",EV_PCS_Data_29277.pdf (Page 791),Operational (Verified Registry),October 2025
PUN-EV-950,UJOY Charging Hub - LEV AC Charge point 3.3 3.3 1 UJOY ,UJOY,Ujoy,Private,Maharashtra,Pune,LEV AC Charge point 3.3 3.3 1 UJOY Private Maharashtra Pune Pune Ramnagar Tambhe Cornar Rhathni,18.603082,73.793629,LEV AC,LEV AC Charge point,3.3,1,"Bureau of Energy Efficiency (BEE), Ministry of Power, Govt. of India",EV_PCS_Data_29277.pdf (Page 791),Operational (Verified Registry),October 2025
PUN-EV-951,UJOY Charging Hub - LEV AC Charge point 3.3 3.3 1 UJOY ,UJOY,Ujoy,Private,Maharashtra,Pune,"LEV AC Charge point 3.3 3.3 1 UJOY Private Maharashtra Pune Pune Range Hila Exhibition Ground, Sinchan Nagar",18.544245,73.84113,LEV AC,LEV AC Charge point,3.3,1,"Bureau of Energy Efficiency (BEE), Ministry of Power, Govt. of India",EV_PCS_Data_29277.pdf (Page 791),Operational (Verified Registry),October 2025
PUN-EV-952,UJOY Charging Hub - LEV AC Charge point 3.3 3.3 1 UJOY ,UJOY,Ujoy,Private,Maharashtra,Pune,LEV AC Charge point 3.3 3.3 1 UJOY Private Maharashtra Pune Pune Ranwade Patil Property,18.454143,73.831447,LEV AC,LEV AC Charge point,3.3,1,"Bureau of Energy Efficiency (BEE), Ministry of Power, Govt. of India",EV_PCS_Data_29277.pdf (Page 791),Operational (Verified Registry),October 2025
PUN-EV-953,UJOY Charging Hub - LEV AC Charge point 3.3 3.3 1 UJOY ,UJOY,Ujoy,Private,Maharashtra,Pune,LEV AC Charge point 3.3 3.3 1 UJOY Private Maharashtra Pune Pune Rasta Peth,18.516303,73.872492,LEV AC,LEV AC Charge point,3.3,1,"Bureau of Energy Efficiency (BEE), Ministry of Power, Govt. of India",EV_PCS_Data_29277.pdf (Page 791),Operational (Verified Registry),October 2025
PUN-EV-954,UJOY Charging Hub - LEV AC Charge point 3.3 3.3 1 UJOY ,UJOY,Ujoy,Private,Maharashtra,Pune,LEV AC Charge point 3.3 3.3 1 UJOY Private Maharashtra Pune Pune Ratan Neptune,18.473456,73.938281,LEV AC,LEV AC Charge point,3.3,1,"Bureau of Energy Efficiency (BEE), Ministry of Power, Govt. of India",EV_PCS_Data_29277.pdf (Page 791),Operational (Verified Registry),October 2025
PUN-EV-955,UJOY Charging Hub - LEV AC Charge point 3.3 3.3 1 UJOY ,UJOY,Ujoy,Private,Maharashtra,Pune,LEV AC Charge point 3.3 3.3 1 UJOY Private Maharashtra Pune Pune Raveet,18.65148,73.738587,LEV AC,LEV AC Charge point,3.3,1,"Bureau of Energy Efficiency (BEE), Ministry of Power, Govt. of India",EV_PCS_Data_29277.pdf (Page 791),Operational (Verified Registry),October 2025
PUN-EV-956,UJOY Charging Hub - LEV AC Charge point 3.3 3.3 1 UJOY ,UJOY,Ujoy,Private,Maharashtra,Pune,LEV AC Charge point 3.3 3.3 1 UJOY Private Maharashtra Pune Pune Ravet,18.654316,73.753019,LEV AC,LEV AC Charge point,3.3,1,"Bureau of Energy Efficiency (BEE), Ministry of Power, Govt. of India",EV_PCS_Data_29277.pdf (Page 791),Operational (Verified Registry),October 2025
PUN-EV-957,UJOY Charging Hub - LEV AC Charge point 3.3 3.3 1 UJOY ,UJOY,Ujoy,Private,Maharashtra,Pune,LEV AC Charge point 3.3 3.3 1 UJOY Private Maharashtra Pune Pune Ravet,18.657406,73.734996,LEV AC,LEV AC Charge point,3.3,1,"Bureau of Energy Efficiency (BEE), Ministry of Power, Govt. of India",EV_PCS_Data_29277.pdf (Page 791),Operational (Verified Registry),October 2025
PUN-EV-958,UJOY Charging Hub - LEV AC Charge point 3.3 3.3 1 UJOY ,UJOY,Ujoy,Private,Maharashtra,Pune,LEV AC Charge point 3.3 3.3 1 UJOY Private Maharashtra Pune Pune Ravet,18.657537,73.738524,LEV AC,LEV AC Charge point,3.3,1,"Bureau of Energy Efficiency (BEE), Ministry of Power, Govt. of India",EV_PCS_Data_29277.pdf (Page 791),Operational (Verified Registry),October 2025
PUN-EV-959,UJOY Charging Hub - LEV AC Charge point 3.3 3.3 1 UJOY ,UJOY,Ujoy,Private,Maharashtra,Pune,LEV AC Charge point 3.3 3.3 1 UJOY Private Maharashtra Pune Pune Ravet Basket Bridge,18.644483,73.751227,LEV AC,LEV AC Charge point,3.3,1,"Bureau of Energy Efficiency (BEE), Ministry of Power, Govt. of India",EV_PCS_Data_29277.pdf (Page 791),Operational (Verified Registry),October 2025
PUN-EV-960,UJOY Charging Hub - LEV AC Charge point 3.3 3.3 1 UJOY ,UJOY,Ujoy,Private,Maharashtra,Pune,LEV AC Charge point 3.3 3.3 1 UJOY Private Maharashtra Pune Pune Ravet Brt Road Near Pumping Station Road Ravet,18.643353,73.748674,LEV AC,LEV AC Charge point,3.3,1,"Bureau of Energy Efficiency (BEE), Ministry of Power, Govt. of India",EV_PCS_Data_29277.pdf (Page 791),Operational (Verified Registry),October 2025
PUN-EV-961,UJOY Charging Hub - LEV AC Charge point 3.3 3.3 1 UJOY ,UJOY,Ujoy,Private,Maharashtra,Pune,LEV AC Charge point 3.3 3.3 1 UJOY Private Maharashtra Pune Pune Ravet Pune,18.642955,73.7505,LEV AC,LEV AC Charge point,3.3,1,"Bureau of Energy Efficiency (BEE), Ministry of Power, Govt. of India",EV_PCS_Data_29277.pdf (Page 791),Operational (Verified Registry),October 2025
PUN-EV-962,UJOY Charging Hub - LEV AC Charge point 3.3 3.3 1 UJOY ,UJOY,Ujoy,Private,Maharashtra,Pune,"LEV AC Charge point 3.3 3.3 1 UJOY Private Maharashtra Pune Pune Ravet, Pimpri-Chinchwad, Maharashtra 412101",18.644585,73.744408,LEV AC,LEV AC Charge point,3.3,1,"Bureau of Energy Efficiency (BEE), Ministry of Power, Govt. of India",EV_PCS_Data_29277.pdf (Page 791),Operational (Verified Registry),October 2025
PUN-EV-963,UJOY Charging Hub - LEV AC Charge point 3.3 3.3 1 UJOY ,UJOY,Ujoy,Private,Maharashtra,Pune,LEV AC Charge point 3.3 3.3 1 UJOY Private Maharashtra Pune Pune Rawat Road. Walhekar Wadi,18.637787,73.759012,LEV AC,LEV AC Charge point,3.3,1,"Bureau of Energy Efficiency (BEE), Ministry of Power, Govt. of India",EV_PCS_Data_29277.pdf (Page 791),Operational (Verified Registry),October 2025
PUN-EV-964,UJOY Charging Hub - LEV AC Charge point 3.3 3.3 1 UJOY ,UJOY,Ujoy,Private,Maharashtra,Pune,LEV AC Charge point 3.3 3.3 1 UJOY Private Maharashtra Pune Pune Riddhi Enclave Viman Nagar Shop Number 8 Ganpati Chowk,18.567661,73.917475,LEV AC,LEV AC Charge point,3.3,1,"Bureau of Energy Efficiency (BEE), Ministry of Power, Govt. of India",EV_PCS_Data_29277.pdf (Page 792),Operational (Verified Registry),October 2025
PUN-EV-965,UJOY Charging Hub - LEV AC Charge point 3.3 3.3 1 UJOY ,UJOY,Ujoy,Private,Maharashtra,Pune,LEV AC Charge point 3.3 3.3 1 UJOY Private Maharashtra Pune Pune Right Bhusari Colany Kothrud Pune,18.509695,73.79322,LEV AC,LEV AC Charge point,3.3,1,"Bureau of Energy Efficiency (BEE), Ministry of Power, Govt. of India",EV_PCS_Data_29277.pdf (Page 792),Operational (Verified Registry),October 2025
PUN-EV-966,UJOY Charging Hub - LEV AC Charge point 3.3 3.3 1 UJOY ,UJOY,Ujoy,Private,Maharashtra,Pune,LEV AC Charge point 3.3 3.3 1 UJOY Private Maharashtra Pune Pune Royal Plaza C D C Chinchwad Purna Nagar Pune 19,18.659722,73.807672,LEV AC,LEV AC Charge point,3.3,1,"Bureau of Energy Efficiency (BEE), Ministry of Power, Govt. of India",EV_PCS_Data_29277.pdf (Page 792),Operational (Verified Registry),October 2025
PUN-EV-967,UJOY Charging Hub - LEV AC Charge point 3.3 3.3 1 UJOY ,UJOY,Ujoy,Private,Maharashtra,Pune,LEV AC Charge point 3.3 3.3 1 UJOY Private Maharashtra Pune Pune Rsvet,18.643662,73.746862,LEV AC,LEV AC Charge point,3.3,1,"Bureau of Energy Efficiency (BEE), Ministry of Power, Govt. of India",EV_PCS_Data_29277.pdf (Page 792),Operational (Verified Registry),October 2025
PUN-EV-968,UJOY Charging Hub - LEV AC Charge point 3.3 3.3 1 UJOY ,UJOY,Ujoy,Private,Maharashtra,Pune,LEV AC Charge point 3.3 3.3 1 UJOY Private Maharashtra Pune Pune Rto Office Moshi,18.654747,73.844435,LEV AC,LEV AC Charge point,3.3,1,"Bureau of Energy Efficiency (BEE), Ministry of Power, Govt. of India",EV_PCS_Data_29277.pdf (Page 792),Operational (Verified Registry),October 2025
PUN-EV-969,UJOY Charging Hub - LEV AC Charge point 3.3 3.3 1 UJOY ,UJOY,Ujoy,Private,Maharashtra,Pune,LEV AC Charge point 3.3 3.3 1 UJOY Private Maharashtra Pune Pune Rudraksh Society Punawale Katewasti,18.619682,73.736016,LEV AC,LEV AC Charge point,3.3,1,"Bureau of Energy Efficiency (BEE), Ministry of Power, Govt. of India",EV_PCS_Data_29277.pdf (Page 792),Operational (Verified Registry),October 2025
PUN-EV-970,UJOY Charging Hub - LEV AC Charge point 3.3 3.3 1 UJOY ,UJOY,Ujoy,Private,Maharashtra,Pune,LEV AC Charge point 3.3 3.3 1 UJOY Private Maharashtra Pune Pune S .No 46 Mathura Colony Nakhate Wasti Main Road Rahatni Kalewadi Pune 41101 Vijay Shinde,18.605032,73.785571,LEV AC,LEV AC Charge point,3.3,1,"Bureau of Energy Efficiency (BEE), Ministry of Power, Govt. of India",EV_PCS_Data_29277.pdf (Page 792),Operational (Verified Registry),October 2025
PUN-EV-971,UJOY Charging Hub - LEV AC Charge point 3.3 3.3 1 UJOY ,UJOY,Ujoy,Private,Maharashtra,Pune,LEV AC Charge point 3.3 3.3 1 UJOY Private Maharashtra Pune Pune S No 43 Ashoka Nagar Om Battery Bypass Road,18.560384,73.938712,LEV AC,LEV AC Charge point,3.3,1,"Bureau of Energy Efficiency (BEE), Ministry of Power, Govt. of India",EV_PCS_Data_29277.pdf (Page 792),Operational (Verified Registry),October 2025
PUN-EV-972,UJOY Charging Hub - LEV AC Charge point 3.3 3.3 1 UJOY ,UJOY,Ujoy,Private,Maharashtra,Pune,"LEV AC Charge point 3.3 3.3 1 UJOY Private Maharashtra Pune Pune S No 60/63 Sinhagad Road Opp Mum Banglore Highway , Vadgaon Bridge",18.465592,73.816985,LEV AC,LEV AC Charge point,3.3,2,"Bureau of Energy Efficiency (BEE), Ministry of Power, Govt. of India",EV_PCS_Data_29277.pdf (Page 792),Operational (Verified Registry),October 2025
PUN-EV-973,UJOY Charging Hub - LEV AC Charge point 3.3 3.3 1 UJOY ,UJOY,Ujoy,Private,Maharashtra,Pune,"LEV AC Charge point 3.3 3.3 1 UJOY Private Maharashtra Pune Pune S No 75/2A/2, Near Kasturi Chauk, Dange Chauk Road",18.599518,73.742554,LEV AC,LEV AC Charge point,3.3,1,"Bureau of Energy Efficiency (BEE), Ministry of Power, Govt. of India",EV_PCS_Data_29277.pdf (Page 792),Operational (Verified Registry),October 2025
PUN-EV-974,UJOY Charging Hub - LEV AC Charge point 3.3 3.3 1 UJOY ,UJOY,Ujoy,Private,Maharashtra,Pune,LEV AC Charge point 3.3 3.3 1 UJOY Private Maharashtra Pune Pune S No 8 2 Pimple Saudagar Pune 27,18.601252,73.804015,LEV AC,LEV AC Charge point,3.3,1,"Bureau of Energy Efficiency (BEE), Ministry of Power, Govt. of India",EV_PCS_Data_29277.pdf (Page 792),Operational (Verified Registry),October 2025
PUN-EV-975,UJOY Charging Hub - LEV AC Charge point 3.3 3.3 1 UJOY ,UJOY,Ujoy,Private,Maharashtra,Pune,LEV AC Charge point 3.3 3.3 1 UJOY Private Maharashtra Pune Pune S. R. No 15/7 Near Era Bakery Datta Tampal Sope No 1,18.569309,73.781425,LEV AC,LEV AC Charge point,3.3,1,"Bureau of Energy Efficiency (BEE), Ministry of Power, Govt. of India",EV_PCS_Data_29277.pdf (Page 792),Operational (Verified Registry),October 2025
PUN-EV-976,UJOY Charging Hub - LEV AC Charge point 3.3 3.3 1 UJOY ,UJOY,Ujoy,Private,Maharashtra,Pune,"LEV AC Charge point 3.3 3.3 1 UJOY Private Maharashtra Pune Pune S.No. 257/1/2, Kaspate Wasti, Wakad",18.593655,73.774561,LEV AC,LEV AC Charge point,3.3,2,"Bureau of Energy Efficiency (BEE), Ministry of Power, Govt. of India",EV_PCS_Data_29277.pdf (Page 792),Operational (Verified Registry),October 2025
PUN-EV-977,UJOY Charging Hub - LEV AC Charge point 3.3 3.3 1 UJOY ,UJOY,Ujoy,Private,Maharashtra,Pune,LEV AC Charge point 3.3 3.3 1 UJOY Private Maharashtra Pune Pune S.No112/B Vishranthwadi Alandi Road Pune 15,18.572908,73.877868,LEV AC,LEV AC Charge point,3.3,1,"Bureau of Energy Efficiency (BEE), Ministry of Power, Govt. of India",EV_PCS_Data_29277.pdf (Page 792),Operational (Verified Registry),October 2025
PUN-EV-978,UJOY Charging Hub - LEV AC Charge point 3.3 3.3 1 UJOY ,UJOY,Ujoy,Private,Maharashtra,Pune,LEV AC Charge point 3.3 3.3 1 UJOY Private Maharashtra Pune Pune Sadashiv Peth,18.509351,73.850989,LEV AC,LEV AC Charge point,3.3,1,"Bureau of Energy Efficiency (BEE), Ministry of Power, Govt. of India",EV_PCS_Data_29277.pdf (Page 792),Operational (Verified Registry),October 2025
PUN-EV-979,UJOY Charging Hub - LEV AC Charge point 3.3 3.3 1 UJOY ,UJOY,Ujoy,Private,Maharashtra,Pune,LEV AC Charge point 3.3 3.3 1 UJOY Private Maharashtra Pune Pune Sadashiv Peth,18.511213,73.848447,LEV AC,LEV AC Charge point,3.3,1,"Bureau of Energy Efficiency (BEE), Ministry of Power, Govt. of India",EV_PCS_Data_29277.pdf (Page 792),Operational (Verified Registry),October 2025
PUN-EV-980,UJOY Charging Hub - LEV AC Charge point 3.3 3.3 1 UJOY ,UJOY,Ujoy,Private,Maharashtra,Pune,LEV AC Charge point 3.3 3.3 1 UJOY Private Maharashtra Pune Pune Sahayog Nagar Warje Malwadi,18.480692,73.793037,LEV AC,LEV AC Charge point,3.3,1,"Bureau of Energy Efficiency (BEE), Ministry of Power, Govt. of India",EV_PCS_Data_29277.pdf (Page 792),Operational (Verified Registry),October 2025
PUN-EV-981,UJOY Charging Hub - LEV AC Charge point 3.3 3.3 1 UJOY ,UJOY,Ujoy,Private,Maharashtra,Pune,"LEV AC Charge point 3.3 3.3 1 UJOY Private Maharashtra Pune Pune Sahayognagar, Tower Line, Mama Bhache Hotel Nigdi Pune",18.671737,73.785779,LEV AC,LEV AC Charge point,3.3,1,"Bureau of Energy Efficiency (BEE), Ministry of Power, Govt. of India",EV_PCS_Data_29277.pdf (Page 792),Operational (Verified Registry),October 2025
PUN-EV-982,UJOY Charging Hub - LEV AC Charge point 3.3 3.3 1 UJOY ,UJOY,Ujoy,Private,Maharashtra,Pune,"LEV AC Charge point 3.3 3.3 1 UJOY Private Maharashtra Pune Pune Sahydari Colony ,New Sangvi",18.581329,73.818972,LEV AC,LEV AC Charge point,3.3,2,"Bureau of Energy Efficiency (BEE), Ministry of Power, Govt. of India",EV_PCS_Data_29277.pdf (Page 792),Operational (Verified Registry),October 2025
PUN-EV-983,UJOY Charging Hub - LEV AC Charge point 3.3 3.3 1 UJOY ,UJOY,Ujoy,Private,Maharashtra,Pune,LEV AC Charge point 3.3 3.3 1 UJOY Private Maharashtra Pune Pune Sahyognagar Behind Mittal Sales Corp,18.670097,73.785609,LEV AC,LEV AC Charge point,3.3,12,"Bureau of Energy Efficiency (BEE), Ministry of Power, Govt. of India",EV_PCS_Data_29277.pdf (Page 792),Operational (Verified Registry),October 2025
PUN-EV-984,UJOY Charging Hub - LEV AC Charge point 3.3 3.3 1 UJOY ,UJOY,Ujoy,Private,Maharashtra,Pune,LEV AC Charge point 3.3 3.3 1 UJOY Private Maharashtra Pune Pune Sai Atharva Society Pimple Saudagar,18.600743,73.805059,LEV AC,LEV AC Charge point,3.3,1,"Bureau of Energy Efficiency (BEE), Ministry of Power, Govt. of India",EV_PCS_Data_29277.pdf (Page 792),Operational (Verified Registry),October 2025
PUN-EV-985,UJOY Charging Hub - LEV AC Charge point 3.3 3.3 1 UJOY ,UJOY,Ujoy,Private,Maharashtra,Pune,LEV AC Charge point 3.3 3.3 1 UJOY Private Maharashtra Pune Pune Sai Motors Near Akshara School Vinode Nagar Opp Acropolis Co Op Housing,18.605924,73.745344,LEV AC,LEV AC Charge point,3.3,1,"Bureau of Energy Efficiency (BEE), Ministry of Power, Govt. of India",EV_PCS_Data_29277.pdf (Page 792),Operational (Verified Registry),October 2025
PUN-EV-986,UJOY Charging Hub - LEV AC Charge point 3.3 3.3 1 UJOY ,UJOY,Ujoy,Private,Maharashtra,Pune,LEV AC Charge point 3.3 3.3 1 UJOY Private Maharashtra Pune Pune Sai Nagar Near Aak Gyme Katraj,18.441617,73.853536,LEV AC,LEV AC Charge point,3.3,1,"Bureau of Energy Efficiency (BEE), Ministry of Power, Govt. of India",EV_PCS_Data_29277.pdf (Page 792),Operational (Verified Registry),October 2025
PUN-EV-987,UJOY Charging Hub - LEV AC Charge point 3.3 3.3 1 UJOY ,UJOY,Ujoy,Private,Maharashtra,Pune,LEV AC Charge point 3.3 3.3 1 UJOY Private Maharashtra Pune Pune Sai Nagri Pratibha Nagar Samor Dhankwadi,18.467621,73.853782,LEV AC,LEV AC Charge point,3.3,1,"Bureau of Energy Efficiency (BEE), Ministry of Power, Govt. of India",EV_PCS_Data_29277.pdf (Page 792),Operational (Verified Registry),October 2025
PUN-EV-988,UJOY Charging Hub - LEV AC Charge point 3.3 3.3 1 UJOY ,UJOY,Ujoy,Private,Maharashtra,Pune,LEV AC Charge point 3.3 3.3 1 UJOY Private Maharashtra Pune Pune Sai Palace Bhusari Colony Kothrud,18.508074,73.788243,LEV AC,LEV AC Charge point,3.3,1,"Bureau of Energy Efficiency (BEE), Ministry of Power, Govt. of India",EV_PCS_Data_29277.pdf (Page 792),Operational (Verified Registry),October 2025
PUN-EV-989,UJOY Charging Hub - LEV AC Charge point 3.3 3.3 1 UJOY ,UJOY,Ujoy,Private,Maharashtra,Pune,LEV AC Charge point 3.3 3.3 1 UJOY Private Maharashtra Pune Pune Sai Park Diggi,18.615323,73.872316,LEV AC,LEV AC Charge point,3.3,1,"Bureau of Energy Efficiency (BEE), Ministry of Power, Govt. of India",EV_PCS_Data_29277.pdf (Page 792),Operational (Verified Registry),October 2025
PUN-EV-990,UJOY Charging Hub - LEV AC Charge point 3.3 3.3 1 UJOY ,UJOY,Ujoy,Private,Maharashtra,Pune,LEV AC Charge point 3.3 3.3 1 UJOY Private Maharashtra Pune Pune Sai Park Road Near Mamta Sweets,18.621712,73.869204,LEV AC,LEV AC Charge point,3.3,1,"Bureau of Energy Efficiency (BEE), Ministry of Power, Govt. of India",EV_PCS_Data_29277.pdf (Page 792),Operational (Verified Registry),October 2025
PUN-EV-991,UJOY Charging Hub - LEV AC Charge point 3.3 3.3 1 UJOY ,UJOY,Ujoy,Private,Maharashtra,Pune,LEV AC Charge point 3.3 3.3 1 UJOY Private Maharashtra Pune Pune Sai Park Vishal Nagari Dighi,18.620867,73.869585,LEV AC,LEV AC Charge point,3.3,1,"Bureau of Energy Efficiency (BEE), Ministry of Power, Govt. of India",EV_PCS_Data_29277.pdf (Page 792),Operational (Verified Registry),October 2025
PUN-EV-992,UJOY Charging Hub - LEV AC Charge point 3.3 3.3 1 UJOY ,UJOY,Ujoy,Private,Maharashtra,Pune,LEV AC Charge point 3.3 3.3 1 UJOY Private Maharashtra Pune Pune Sai Sneha Park Old Sangv Bus Stop,18.574764,73.827116,LEV AC,LEV AC Charge point,3.3,1,"Bureau of Energy Efficiency (BEE), Ministry of Power, Govt. of India",EV_PCS_Data_29277.pdf (Page 792),Operational (Verified Registry),October 2025
PUN-EV-993,UJOY Charging Hub - LEV AC Charge point 3.3 3.3 1 UJOY ,UJOY,Ujoy,Private,Maharashtra,Pune,LEV AC Charge point 3.3 3.3 1 UJOY Private Maharashtra Pune Pune Sai Sulochana Complex Near Shirke Company Gate No 1 Ghorpadi,18.523521,73.909279,LEV AC,LEV AC Charge point,3.3,1,"Bureau of Energy Efficiency (BEE), Ministry of Power, Govt. of India",EV_PCS_Data_29277.pdf (Page 792),Operational (Verified Registry),October 2025
PUN-EV-994,UJOY Charging Hub - Sai Vaastu Heights 7 Star Lane Near,UJOY,Ujoy,Private,Maharashtra,Pune,Sai Vaastu Heights 7 Star Lane Near Govind Chowk Pimple Saudagar 411027,18.597889,73.804091,LEV AC,LEV AC Charge point,3.3,1,"Bureau of Energy Efficiency (BEE), Ministry of Power, Govt. of India",EV_PCS_Data_29277.pdf (Page 793),Operational (Verified Registry),October 2025
PUN-EV-995,UJOY Charging Hub - LEV AC Charge point 3.3 3.3 1 UJOY ,UJOY,Ujoy,Private,Maharashtra,Pune,LEV AC Charge point 3.3 3.3 1 UJOY Private Maharashtra Pune Pune Saint Dyaneshwar Business Complex Sector 28 Shop Number 9,18.647043,73.772943,LEV AC,LEV AC Charge point,3.3,4,"Bureau of Energy Efficiency (BEE), Ministry of Power, Govt. of India",EV_PCS_Data_29277.pdf (Page 793),Operational (Verified Registry),October 2025
PUN-EV-996,UJOY Charging Hub - LEV AC Charge point 3.3 3.3 1 UJOY ,UJOY,Ujoy,Private,Maharashtra,Pune,LEV AC Charge point 3.3 3.3 1 UJOY Private Maharashtra Pune Pune Samarth Nagar Survey Number 73,18.580209,73.815797,LEV AC,LEV AC Charge point,3.3,1,"Bureau of Energy Efficiency (BEE), Ministry of Power, Govt. of India",EV_PCS_Data_29277.pdf (Page 793),Operational (Verified Registry),October 2025
PUN-EV-997,UJOY Charging Hub - LEV AC Charge point 3.3 3.3 1 UJOY ,UJOY,Ujoy,Private,Maharashtra,Pune,LEV AC Charge point 3.3 3.3 1 UJOY Private Maharashtra Pune Pune Samrath Nagar Sai Chowk To Krishna Chowk Road Near Yevle Tea Opp Sumit Food Bazar New Sangvi,18.580716,73.815689,LEV AC,LEV AC Charge point,3.3,1,"Bureau of Energy Efficiency (BEE), Ministry of Power, Govt. of India",EV_PCS_Data_29277.pdf (Page 793),Operational (Verified Registry),October 2025
PUN-EV-998,UJOY Charging Hub - LEV AC Charge point 3.3 3.3 1 UJOY ,UJOY,Ujoy,Private,Maharashtra,Pune,LEV AC Charge point 3.3 3.3 1 UJOY Private Maharashtra Pune Pune Samrth Petrol Pump(Hp) Rangi Cha Vada Near Kalyani School,18.515453,73.973813,LEV AC,LEV AC Charge point,3.3,1,"Bureau of Energy Efficiency (BEE), Ministry of Power, Govt. of India",EV_PCS_Data_29277.pdf (Page 793),Operational (Verified Registry),October 2025
PUN-EV-999,UJOY Charging Hub - LEV AC Charge point 3.3 3.3 1 UJOY ,UJOY,Ujoy,Private,Maharashtra,Pune,LEV AC Charge point 3.3 3.3 1 UJOY Private Maharashtra Pune Pune Samruddhi Park,18.598202,74.026243,LEV AC,LEV AC Charge point,3.3,1,"Bureau of Energy Efficiency (BEE), Ministry of Power, Govt. of India",EV_PCS_Data_29277.pdf (Page 793),Operational (Verified Registry),October 2025
PUN-EV-1000,UJOY Charging Hub - LEV AC Charge point 3.3 3.3 1 UJOY ,UJOY,Ujoy,Private,Maharashtra,Pune,LEV AC Charge point 3.3 3.3 1 UJOY Private Maharashtra Pune Pune Sangvi,18.576107,73.819865,LEV AC,LEV AC Charge point,3.3,1,"Bureau of Energy Efficiency (BEE), Ministry of Power, Govt. of India",EV_PCS_Data_29277.pdf (Page 793),Operational (Verified Registry),October 2025
PUN-EV-1001,UJOY Charging Hub - LEV AC Charge point 3.3 3.3 1 UJOY ,UJOY,Ujoy,Private,Maharashtra,Pune,LEV AC Charge point 3.3 3.3 1 UJOY Private Maharashtra Pune Pune Sanket Motors Dhavde Vasti Bhosari,18.632298,73.850324,LEV AC,LEV AC Charge point,3.3,1,"Bureau of Energy Efficiency (BEE), Ministry of Power, Govt. of India",EV_PCS_Data_29277.pdf (Page 793),Operational (Verified Registry),October 2025
PUN-EV-1002,UJOY Charging Hub - LEV AC Charge point 3.3 3.3 1 UJOY ,UJOY,Ujoy,Private,Maharashtra,Pune,LEV AC Charge point 3.3 3.3 1 UJOY Private Maharashtra Pune Pune Sant Tukaram Housing Society Lohegoan,18.611609,73.926745,LEV AC,LEV AC Charge point,3.3,1,"Bureau of Energy Efficiency (BEE), Ministry of Power, Govt. of India",EV_PCS_Data_29277.pdf (Page 793),Operational (Verified Registry),October 2025
PUN-EV-1003,UJOY Charging Hub - LEV AC Charge point 3.3 3.3 1 UJOY ,UJOY,Ujoy,Private,Maharashtra,Pune,LEV AC Charge point 3.3 3.3 1 UJOY Private Maharashtra Pune Pune Santosh Nagar,18.60789,73.772105,LEV AC,LEV AC Charge point,3.3,2,"Bureau of Energy Efficiency (BEE), Ministry of Power, Govt. of India",EV_PCS_Data_29277.pdf (Page 793),Operational (Verified Registry),October 2025
PUN-EV-1004,UJOY Charging Hub - LEV AC Charge point 3.3 3.3 1 UJOY ,UJOY,Ujoy,Private,Maharashtra,Pune,LEV AC Charge point 3.3 3.3 1 UJOY Private Maharashtra Pune Pune Santosh Nagar Lane No 2Near Mk Bakery Katraj,18.447186,73.856725,LEV AC,LEV AC Charge point,3.3,6,"Bureau of Energy Efficiency (BEE), Ministry of Power, Govt. of India",EV_PCS_Data_29277.pdf (Page 793),Operational (Verified Registry),October 2025
PUN-EV-1005,UJOY Charging Hub - LEV AC Charge point 3.3 3.3 1 UJOY ,UJOY,Ujoy,Private,Maharashtra,Pune,LEV AC Charge point 3.3 3.3 1 UJOY Private Maharashtra Pune Pune Santoshi Maa Complex Indira Nagar Shop No 7Plot No 6 Indiranagar Chinchwad,18.641224,73.78303,LEV AC,LEV AC Charge point,3.3,1,"Bureau of Energy Efficiency (BEE), Ministry of Power, Govt. of India",EV_PCS_Data_29277.pdf (Page 793),Operational (Verified Registry),October 2025
PUN-EV-1006,UJOY Charging Hub - LEV AC Charge point 3.3 3.3 1 UJOY ,UJOY,Ujoy,Private,Maharashtra,Pune,LEV AC Charge point 3.3 3.3 1 UJOY Private Maharashtra Pune Pune Sara City Road Bendode Wasti Near Chakan,18.756774,73.837546,LEV AC,LEV AC Charge point,3.3,1,"Bureau of Energy Efficiency (BEE), Ministry of Power, Govt. of India",EV_PCS_Data_29277.pdf (Page 793),Operational (Verified Registry),October 2025
PUN-EV-1007,UJOY Charging Hub - LEV AC Charge point 3.3 3.3 1 UJOY ,UJOY,Ujoy,Private,Maharashtra,Pune,LEV AC Charge point 3.3 3.3 1 UJOY Private Maharashtra Pune Pune Saraswati Complex,18.504992,73.938376,LEV AC,LEV AC Charge point,3.3,1,"Bureau of Energy Efficiency (BEE), Ministry of Power, Govt. of India",EV_PCS_Data_29277.pdf (Page 793),Operational (Verified Registry),October 2025
PUN-EV-1008,UJOY Charging Hub - LEV AC Charge point 3.3 3.3 1 UJOY ,UJOY,Ujoy,Private,Maharashtra,Pune,LEV AC Charge point 3.3 3.3 1 UJOY Private Maharashtra Pune Pune Saraswati Complex Malwadi Hadapsar Road,18.504901,73.938042,LEV AC,LEV AC Charge point,3.3,2,"Bureau of Energy Efficiency (BEE), Ministry of Power, Govt. of India",EV_PCS_Data_29277.pdf (Page 793),Operational (Verified Registry),October 2025
PUN-EV-1009,UJOY Charging Hub - LEV AC Charge point 3.3 3.3 1 UJOY ,UJOY,Ujoy,Private,Maharashtra,Pune,LEV AC Charge point 3.3 3.3 1 UJOY Private Maharashtra Pune Pune Sargam B Building B-2 Parking Nanded City Near Pawar Public School,18.461246,73.792633,LEV AC,LEV AC Charge point,3.3,1,"Bureau of Energy Efficiency (BEE), Ministry of Power, Govt. of India",EV_PCS_Data_29277.pdf (Page 793),Operational (Verified Registry),October 2025
PUN-EV-1010,UJOY Charging Hub - LEV AC Charge point 3.3 3.3 1 UJOY ,UJOY,Ujoy,Private,Maharashtra,Pune,"LEV AC Charge point 3.3 3.3 1 UJOY Private Maharashtra Pune Pune Sarovarr A Multi-Cuisine Restaurantopposite Manas Lake, Bhugaon, Pune, Maharashtra 412115",18.493712,73.738847,LEV AC,LEV AC Charge point,3.3,1,"Bureau of Energy Efficiency (BEE), Ministry of Power, Govt. of India",EV_PCS_Data_29277.pdf (Page 793),Operational (Verified Registry),October 2025
PUN-EV-1011,UJOY Charging Hub - LEV AC Charge point 3.3 3.3 1 UJOY ,UJOY,Ujoy,Private,Maharashtra,Pune,LEV AC Charge point 3.3 3.3 1 UJOY Private Maharashtra Pune Pune Sathe Vasti Dhanori Road,18.598437,73.913977,LEV AC,LEV AC Charge point,3.3,1,"Bureau of Energy Efficiency (BEE), Ministry of Power, Govt. of India",EV_PCS_Data_29277.pdf (Page 793),Operational (Verified Registry),October 2025
PUN-EV-1012,UJOY Charging Hub - LEV AC Charge point 3.3 3.3 1 UJOY ,UJOY,Ujoy,Private,Maharashtra,Pune,LEV AC Charge point 3.3 3.3 1 UJOY Private Maharashtra Pune Pune Satyam Bulding Pimprigaon,18.609889,73.802351,LEV AC,LEV AC Charge point,3.3,1,"Bureau of Energy Efficiency (BEE), Ministry of Power, Govt. of India",EV_PCS_Data_29277.pdf (Page 793),Operational (Verified Registry),October 2025
PUN-EV-1013,UJOY Charging Hub - LEV AC Charge point 3.3 3.3 1 UJOY ,UJOY,Ujoy,Private,Maharashtra,Pune,LEV AC Charge point 3.3 3.3 1 UJOY Private Maharashtra Pune Pune Sbk Icon Oyo Hotel Katraj Road Near Domino'S Pizza,18.459319,73.82579,LEV AC,LEV AC Charge point,3.3,1,"Bureau of Energy Efficiency (BEE), Ministry of Power, Govt. of India",EV_PCS_Data_29277.pdf (Page 793),Operational (Verified Registry),October 2025
PUN-EV-1014,UJOY Charging Hub - LEV AC Charge point 3.3 3.3 1 UJOY ,UJOY,Ujoy,Private,Maharashtra,Pune,LEV AC Charge point 3.3 3.3 1 UJOY Private Maharashtra Pune Pune Sec 32/A Dhruv Shiddhi Ravet Near Gandhari Hotel,18.640906,73.756696,LEV AC,LEV AC Charge point,3.3,1,"Bureau of Energy Efficiency (BEE), Ministry of Power, Govt. of India",EV_PCS_Data_29277.pdf (Page 793),Operational (Verified Registry),October 2025
PUN-EV-1015,UJOY Charging Hub - LEV AC Charge point 3.3 3.3 1 UJOY ,UJOY,Ujoy,Private,Maharashtra,Pune,"LEV AC Charge point 3.3 3.3 1 UJOY Private Maharashtra Pune Pune Sec No-25 Plot No-10 ,Shop No - 9 ,Sdc,Sindhunager, Pradhikaran Nigdi Pune 411044",18.656765,73.769653,LEV AC,LEV AC Charge point,3.3,4,"Bureau of Energy Efficiency (BEE), Ministry of Power, Govt. of India",EV_PCS_Data_29277.pdf (Page 793),Operational (Verified Registry),October 2025
PUN-EV-1016,UJOY Charging Hub - LEV AC Charge point 3.3 3.3 1 UJOY ,UJOY,Ujoy,Private,Maharashtra,Pune,LEV AC Charge point 3.3 3.3 1 UJOY Private Maharashtra Pune Pune Sect No4 Santnagar,18.651651,73.845262,LEV AC,LEV AC Charge point,3.3,2,"Bureau of Energy Efficiency (BEE), Ministry of Power, Govt. of India",EV_PCS_Data_29277.pdf (Page 793),Operational (Verified Registry),October 2025
PUN-EV-1017,UJOY Charging Hub - LEV AC Charge point 3.3 3.3 1 UJOY ,UJOY,Ujoy,Private,Maharashtra,Pune,LEV AC Charge point 3.3 3.3 1 UJOY Private Maharashtra Pune Pune Ser No143 Vishwashanti Colony 2 Pimple Suadagar Pune,18.597872,73.79975,LEV AC,LEV AC Charge point,3.3,1,"Bureau of Energy Efficiency (BEE), Ministry of Power, Govt. of India",EV_PCS_Data_29277.pdf (Page 793),Operational (Verified Registry),October 2025
PUN-EV-1018,UJOY Charging Hub - LEV AC Charge point 3.3 3.3 1 UJOY ,UJOY,Ujoy,Private,Maharashtra,Pune,LEV AC Charge point 3.3 3.3 1 UJOY Private Maharashtra Pune Pune Sh 10 Shree Mangal Palace Sinhgad Road,18.471151,73.821189,LEV AC,LEV AC Charge point,3.3,1,"Bureau of Energy Efficiency (BEE), Ministry of Power, Govt. of India",EV_PCS_Data_29277.pdf (Page 793),Operational (Verified Registry),October 2025
PUN-EV-1019,UJOY Charging Hub - LEV AC Charge point 3.3 3.3 1 UJOY ,UJOY,Ujoy,Private,Maharashtra,Pune,LEV AC Charge point 3.3 3.3 1 UJOY Private Maharashtra Pune Pune Shalini Palace Shop No 4 Near Shani Mandir Ambegaon,18.45595,73.849883,LEV AC,LEV AC Charge point,3.3,2,"Bureau of Energy Efficiency (BEE), Ministry of Power, Govt. of India",EV_PCS_Data_29277.pdf (Page 793),Operational (Verified Registry),October 2025
PUN-EV-1020,UJOY Charging Hub - LEV AC Charge point 3.3 3.3 1 UJOY ,UJOY,Ujoy,Private,Maharashtra,Pune,"LEV AC Charge point 3.3 3.3 1 UJOY Private Maharashtra Pune Pune Shambhavi Hotel, New Krushna Hsc, Lane No.2, Paramhans Nagar, Paud Road, Kothrud",18.507407,73.803143,LEV AC,LEV AC Charge point,3.3,1,"Bureau of Energy Efficiency (BEE), Ministry of Power, Govt. of India",EV_PCS_Data_29277.pdf (Page 793),Operational (Verified Registry),October 2025
PUN-EV-1021,UJOY Charging Hub - LEV AC Charge point 3.3 3.3 1 UJOY ,UJOY,Ujoy,Private,Maharashtra,Pune,"LEV AC Charge point 3.3 3.3 1 UJOY Private Maharashtra Pune Pune Shanipar Mandai Rd, Pune, Maharashtra, India",18.513573,73.85715,LEV AC,LEV AC Charge point,3.3,1,"Bureau of Energy Efficiency (BEE), Ministry of Power, Govt. of India",EV_PCS_Data_29277.pdf (Page 793),Operational (Verified Registry),October 2025
PUN-EV-1022,UJOY Charging Hub - LEV AC Charge point 3.3 3.3 1 UJOY ,UJOY,Ujoy,Private,Maharashtra,Pune,LEV AC Charge point 3.3 3.3 1 UJOY Private Maharashtra Pune Pune Shanti Nivas Ghulenagar Wadgaon Budruk Opp Nilesh Apartment,18.463876,73.825035,LEV AC,LEV AC Charge point,3.3,1,"Bureau of Energy Efficiency (BEE), Ministry of Power, Govt. of India",EV_PCS_Data_29277.pdf (Page 793),Operational (Verified Registry),October 2025
PUN-EV-1023,UJOY Charging Hub - LEV AC Charge point 3.3 3.3 1 UJOY ,UJOY,Ujoy,Private,Maharashtra,Pune,LEV AC Charge point 3.3 3.3 1 UJOY Private Maharashtra Pune Pune Sharad Nagar,18.668115,73.801634,LEV AC,LEV AC Charge point,3.3,1,"Bureau of Energy Efficiency (BEE), Ministry of Power, Govt. of India",EV_PCS_Data_29277.pdf (Page 793),Operational (Verified Registry),October 2025
PUN-EV-1024,UJOY Charging Hub - LEV AC Charge point 3.3 3.3 1 UJOY ,UJOY,Ujoy,Private,Maharashtra,Pune,LEV AC Charge point 3.3 3.3 1 UJOY Private Maharashtra Pune Pune Shashikant Plaza Building Sinhgad College Road Ambegon Bk,18.459067,73.835461,LEV AC,LEV AC Charge point,3.3,1,"Bureau of Energy Efficiency (BEE), Ministry of Power, Govt. of India",EV_PCS_Data_29277.pdf (Page 793),Operational (Verified Registry),October 2025
PUN-EV-1025,UJOY Charging Hub - LEV AC Charge point 3.3 3.3 1 UJOY ,UJOY,Ujoy,Private,Maharashtra,Pune,LEV AC Charge point 3.3 3.3 1 UJOY Private Maharashtra Pune Pune Shastri Nagar,18.619385,73.802603,LEV AC,LEV AC Charge point,3.3,1,"Bureau of Energy Efficiency (BEE), Ministry of Power, Govt. of India",EV_PCS_Data_29277.pdf (Page 793),Operational (Verified Registry),October 2025
PUN-EV-1026,UJOY Charging Hub - LEV AC Charge point 3.3 3.3 1 UJOY ,UJOY,Ujoy,Private,Maharashtra,Pune,LEV AC Charge point 3.3 3.3 1 UJOY Private Maharashtra Pune Pune Shatatarka Apartment Shop No 8 Aundh Road 47 Khadki Pune 20,18.562039,73.835875,LEV AC,LEV AC Charge point,3.3,1,"Bureau of Energy Efficiency (BEE), Ministry of Power, Govt. of India",EV_PCS_Data_29277.pdf (Page 793),Operational (Verified Registry),October 2025
PUN-EV-1027,UJOY Charging Hub - Shelpimpalgaon,UJOY,Ujoy,Private,Maharashtra,Pune,Shelpimpalgaon,18.735932,73.95313,LEV AC,LEV AC Charge point,3.3,1,"Bureau of Energy Efficiency (BEE), Ministry of Power, Govt. of India",EV_PCS_Data_29277.pdf (Page 794),Operational (Verified Registry),October 2025
PUN-EV-1028,UJOY Charging Hub - LEV AC Charge point 3.3 3.3 1 UJOY ,UJOY,Ujoy,Private,Maharashtra,Pune,"LEV AC Charge point 3.3 3.3 1 UJOY Private Maharashtra Pune Pune Shevantiban Colony 56/1,Near Chintamani Chowk,Walhekarwadi,Chinchwad",18.637203,73.767494,LEV AC,LEV AC Charge point,3.3,1,"Bureau of Energy Efficiency (BEE), Ministry of Power, Govt. of India",EV_PCS_Data_29277.pdf (Page 794),Operational (Verified Registry),October 2025
PUN-EV-1029,UJOY Charging Hub - LEV AC Charge point 3.3 3.3 1 UJOY ,UJOY,Ujoy,Private,Maharashtra,Pune,LEV AC Charge point 3.3 3.3 1 UJOY Private Maharashtra Pune Pune Shevantiban Colony Walekerwadi,18.634006,73.767163,LEV AC,LEV AC Charge point,3.3,1,"Bureau of Energy Efficiency (BEE), Ministry of Power, Govt. of India",EV_PCS_Data_29277.pdf (Page 794),Operational (Verified Registry),October 2025
PUN-EV-1030,UJOY Charging Hub - LEV AC Charge point 3.3 3.3 1 UJOY ,UJOY,Ujoy,Private,Maharashtra,Pune,LEV AC Charge point 3.3 3.3 1 UJOY Private Maharashtra Pune Pune Shikrapur Rd,18.750148,73.866985,LEV AC,LEV AC Charge point,3.3,1,"Bureau of Energy Efficiency (BEE), Ministry of Power, Govt. of India",EV_PCS_Data_29277.pdf (Page 794),Operational (Verified Registry),October 2025
PUN-EV-1031,UJOY Charging Hub - LEV AC Charge point 3.3 3.3 1 UJOY ,UJOY,Ujoy,Private,Maharashtra,Pune,"LEV AC Charge point 3.3 3.3 1 UJOY Private Maharashtra Pune Pune Shikshak Society, Ingwale Nagar, Pimple Nilakh. Pcmc 411027.",18.57375,73.791481,LEV AC,LEV AC Charge point,3.3,1,"Bureau of Energy Efficiency (BEE), Ministry of Power, Govt. of India",EV_PCS_Data_29277.pdf (Page 794),Operational (Verified Registry),October 2025
PUN-EV-1032,UJOY Charging Hub - LEV AC Charge point 3.3 3.3 1 UJOY ,UJOY,Ujoy,Private,Maharashtra,Pune,LEV AC Charge point 3.3 3.3 1 UJOY Private Maharashtra Pune Pune Shinde Diry,18.469204,73.848706,LEV AC,LEV AC Charge point,3.3,1,"Bureau of Energy Efficiency (BEE), Ministry of Power, Govt. of India",EV_PCS_Data_29277.pdf (Page 794),Operational (Verified Registry),October 2025
PUN-EV-1033,UJOY Charging Hub - LEV AC Charge point 3.3 3.3 1 UJOY ,UJOY,Ujoy,Private,Maharashtra,Pune,"LEV AC Charge point 3.3 3.3 1 UJOY Private Maharashtra Pune Pune Shinde Nagar, Old Sangvi, Front Of Tulja Bhavani Mandir",18.57407,73.82258,LEV AC,LEV AC Charge point,3.3,1,"Bureau of Energy Efficiency (BEE), Ministry of Power, Govt. of India",EV_PCS_Data_29277.pdf (Page 794),Operational (Verified Registry),October 2025
PUN-EV-1034,UJOY Charging Hub - LEV AC Charge point 3.3 3.3 1 UJOY ,UJOY,Ujoy,Private,Maharashtra,Pune,LEV AC Charge point 3.3 3.3 1 UJOY Private Maharashtra Pune Pune Shitole Petrol Pump,18.578898,73.81492,LEV AC,LEV AC Charge point,3.3,1,"Bureau of Energy Efficiency (BEE), Ministry of Power, Govt. of India",EV_PCS_Data_29277.pdf (Page 794),Operational (Verified Registry),October 2025
PUN-EV-1035,UJOY Charging Hub - LEV AC Charge point 3.3 3.3 1 UJOY ,UJOY,Ujoy,Private,Maharashtra,Pune,"LEV AC Charge point 3.3 3.3 1 UJOY Private Maharashtra Pune Pune Shiv Colony, Wakad, Pune",18.499626,73.826299,LEV AC,LEV AC Charge point,3.3,1,"Bureau of Energy Efficiency (BEE), Ministry of Power, Govt. of India",EV_PCS_Data_29277.pdf (Page 794),Operational (Verified Registry),October 2025
PUN-EV-1036,UJOY Charging Hub - LEV AC Charge point 3.3 3.3 1 UJOY ,UJOY,Ujoy,Private,Maharashtra,Pune,LEV AC Charge point 3.3 3.3 1 UJOY Private Maharashtra Pune Pune Shiv Darshan Chaudhary Park Wakad,18.60578,73.758555,LEV AC,LEV AC Charge point,3.3,1,"Bureau of Energy Efficiency (BEE), Ministry of Power, Govt. of India",EV_PCS_Data_29277.pdf (Page 794),Operational (Verified Registry),October 2025
PUN-EV-1037,UJOY Charging Hub - LEV AC Charge point 3.3 3.3 1 UJOY ,UJOY,Ujoy,Private,Maharashtra,Pune,LEV AC Charge point 3.3 3.3 1 UJOY Private Maharashtra Pune Pune Shiv Krupa Automobiles Lonikan Police Station Opposite,18.61989,74.023814,LEV AC,LEV AC Charge point,3.3,1,"Bureau of Energy Efficiency (BEE), Ministry of Power, Govt. of India",EV_PCS_Data_29277.pdf (Page 794),Operational (Verified Registry),October 2025
PUN-EV-1038,UJOY Charging Hub - LEV AC Charge point 3.3 3.3 1 UJOY ,UJOY,Ujoy,Private,Maharashtra,Pune,LEV AC Charge point 3.3 3.3 1 UJOY Private Maharashtra Pune Pune Shiv Motors Post Office Road Vadgaon Sheri,18.543902,73.926451,LEV AC,LEV AC Charge point,3.3,1,"Bureau of Energy Efficiency (BEE), Ministry of Power, Govt. of India",EV_PCS_Data_29277.pdf (Page 794),Operational (Verified Registry),October 2025
PUN-EV-1039,UJOY Charging Hub - LEV AC Charge point 3.3 3.3 1 UJOY ,UJOY,Ujoy,Private,Maharashtra,Pune,LEV AC Charge point 3.3 3.3 1 UJOY Private Maharashtra Pune Pune Shiv Road Jadhavwadi Chikhali,18.670507,73.830508,LEV AC,LEV AC Charge point,3.3,1,"Bureau of Energy Efficiency (BEE), Ministry of Power, Govt. of India",EV_PCS_Data_29277.pdf (Page 794),Operational (Verified Registry),October 2025
PUN-EV-1040,UJOY Charging Hub - LEV AC Charge point 3.3 3.3 1 UJOY ,UJOY,Ujoy,Private,Maharashtra,Pune,LEV AC Charge point 3.3 3.3 1 UJOY Private Maharashtra Pune Pune Shiv Road Moshi,18.673669,73.831351,LEV AC,LEV AC Charge point,3.3,1,"Bureau of Energy Efficiency (BEE), Ministry of Power, Govt. of India",EV_PCS_Data_29277.pdf (Page 794),Operational (Verified Registry),October 2025
PUN-EV-1041,UJOY Charging Hub - LEV AC Charge point 3.3 3.3 1 UJOY ,UJOY,Ujoy,Private,Maharashtra,Pune,LEV AC Charge point 3.3 3.3 1 UJOY Private Maharashtra Pune Pune Shiva Height Ph 2 Kunal Icon Road Pimple Saudagar,18.592473,73.798294,LEV AC,LEV AC Charge point,3.3,2,"Bureau of Energy Efficiency (BEE), Ministry of Power, Govt. of India",EV_PCS_Data_29277.pdf (Page 794),Operational (Verified Registry),October 2025
PUN-EV-1042,UJOY Charging Hub - LEV AC Charge point 3.3 3.3 1 UJOY ,UJOY,Ujoy,Private,Maharashtra,Pune,LEV AC Charge point 3.3 3.3 1 UJOY Private Maharashtra Pune Pune Shiva Stuti,18.355834,74.032795,LEV AC,LEV AC Charge point,3.3,1,"Bureau of Energy Efficiency (BEE), Ministry of Power, Govt. of India",EV_PCS_Data_29277.pdf (Page 794),Operational (Verified Registry),October 2025
PUN-EV-1043,UJOY Charging Hub - LEV AC Charge point 3.3 3.3 1 UJOY ,UJOY,Ujoy,Private,Maharashtra,Pune,LEV AC Charge point 3.3 3.3 1 UJOY Private Maharashtra Pune Pune Shivaji Nagar,18.530137,73.843906,LEV AC,LEV AC Charge point,3.3,1,"Bureau of Energy Efficiency (BEE), Ministry of Power, Govt. of India",EV_PCS_Data_29277.pdf (Page 794),Operational (Verified Registry),October 2025
PUN-EV-1044,UJOY Charging Hub - LEV AC Charge point 3.3 3.3 1 UJOY ,UJOY,Ujoy,Private,Maharashtra,Pune,LEV AC Charge point 3.3 3.3 1 UJOY Private Maharashtra Pune Pune Shivajinagar,18.525832,73.851864,LEV AC,LEV AC Charge point,3.3,1,"Bureau of Energy Efficiency (BEE), Ministry of Power, Govt. of India",EV_PCS_Data_29277.pdf (Page 794),Operational (Verified Registry),October 2025
PUN-EV-1045,UJOY Charging Hub - LEV AC Charge point 3.3 3.3 1 UJOY ,UJOY,Ujoy,Private,Maharashtra,Pune,LEV AC Charge point 3.3 3.3 1 UJOY Private Maharashtra Pune Pune Shivraj Nagar 1,18.601578,73.782373,LEV AC,LEV AC Charge point,3.3,3,"Bureau of Energy Efficiency (BEE), Ministry of Power, Govt. of India",EV_PCS_Data_29277.pdf (Page 794),Operational (Verified Registry),October 2025
PUN-EV-1046,UJOY Charging Hub - LEV AC Charge point 3.3 3.3 1 UJOY ,UJOY,Ujoy,Private,Maharashtra,Pune,LEV AC Charge point 3.3 3.3 1 UJOY Private Maharashtra Pune Pune Shivraj Nagar 3,18.598875,73.782466,LEV AC,LEV AC Charge point,3.3,3,"Bureau of Energy Efficiency (BEE), Ministry of Power, Govt. of India",EV_PCS_Data_29277.pdf (Page 794),Operational (Verified Registry),October 2025
PUN-EV-1047,UJOY Charging Hub - LEV AC Charge point 3.3 3.3 1 UJOY ,UJOY,Ujoy,Private,Maharashtra,Pune,LEV AC Charge point 3.3 3.3 1 UJOY Private Maharashtra Pune Pune Shivraj Nagar Rahatani,18.602275,73.781537,LEV AC,LEV AC Charge point,3.3,1,"Bureau of Energy Efficiency (BEE), Ministry of Power, Govt. of India",EV_PCS_Data_29277.pdf (Page 794),Operational (Verified Registry),October 2025
PUN-EV-1048,UJOY Charging Hub - LEV AC Charge point 3.3 3.3 1 UJOY ,UJOY,Ujoy,Private,Maharashtra,Pune,LEV AC Charge point 3.3 3.3 1 UJOY Private Maharashtra Pune Pune Shivraj Nagar Rahatani 411017,18.599573,73.784381,LEV AC,LEV AC Charge point,3.3,1,"Bureau of Energy Efficiency (BEE), Ministry of Power, Govt. of India",EV_PCS_Data_29277.pdf (Page 794),Operational (Verified Registry),October 2025
PUN-EV-1049,UJOY Charging Hub - LEV AC Charge point 3.3 3.3 1 UJOY ,UJOY,Ujoy,Private,Maharashtra,Pune,LEV AC Charge point 3.3 3.3 1 UJOY Private Maharashtra Pune Pune Shivtej Bolt Ev Charger Station Behind Bajaj Showroom Or Cyber Nest Buchade Nagar Marunji,18.606253,73.722315,LEV AC,LEV AC Charge point,3.3,2,"Bureau of Energy Efficiency (BEE), Ministry of Power, Govt. of India",EV_PCS_Data_29277.pdf (Page 794),Operational (Verified Registry),October 2025
PUN-EV-1050,UJOY Charging Hub - LEV AC Charge point 3.3 3.3 1 UJOY ,UJOY,Ujoy,Private,Maharashtra,Pune,"LEV AC Charge point 3.3 3.3 1 UJOY Private Maharashtra Pune Pune Shoo No 1, 2 Bavdhan Khurda Bhugaon Road",18.505692,73.767539,LEV AC,LEV AC Charge point,3.3,1,"Bureau of Energy Efficiency (BEE), Ministry of Power, Govt. of India",EV_PCS_Data_29277.pdf (Page 794),Operational (Verified Registry),October 2025
PUN-EV-1051,UJOY Charging Hub - LEV AC Charge point 3.3 3.3 1 UJOY ,UJOY,Ujoy,Private,Maharashtra,Pune,"LEV AC Charge point 3.3 3.3 1 UJOY Private Maharashtra Pune Pune Shop #1, Sai Dezire, Pimple Saudagar",18.59331,73.803632,LEV AC,LEV AC Charge point,3.3,1,"Bureau of Energy Efficiency (BEE), Ministry of Power, Govt. of India",EV_PCS_Data_29277.pdf (Page 794),Operational (Verified Registry),October 2025
PUN-EV-1052,UJOY Charging Hub - LEV AC Charge point 3.3 3.3 1 UJOY ,UJOY,Ujoy,Private,Maharashtra,Pune,LEV AC Charge point 3.3 3.3 1 UJOY Private Maharashtra Pune Pune Shop 1 Xenia Kolte Patil Downtown Kharadi,18.560624,73.945054,LEV AC,LEV AC Charge point,3.3,2,"Bureau of Energy Efficiency (BEE), Ministry of Power, Govt. of India",EV_PCS_Data_29277.pdf (Page 794),Operational (Verified Registry),October 2025
PUN-EV-1053,UJOY Charging Hub - LEV AC Charge point 3.3 3.3 1 UJOY ,UJOY,Ujoy,Private,Maharashtra,Pune,LEV AC Charge point 3.3 3.3 1 UJOY Private Maharashtra Pune Pune Shop 13 Shwetayan Samruddhi 60 Ft Road,18.586474,73.82316,LEV AC,LEV AC Charge point,3.3,1,"Bureau of Energy Efficiency (BEE), Ministry of Power, Govt. of India",EV_PCS_Data_29277.pdf (Page 794),Operational (Verified Registry),October 2025
PUN-EV-1054,UJOY Charging Hub - LEV AC Charge point 3.3 3.3 1 UJOY ,UJOY,Ujoy,Private,Maharashtra,Pune,LEV AC Charge point 3.3 3.3 1 UJOY Private Maharashtra Pune Pune Shop 13Sagar Colony Borate Chall Shstrinagar Near New Dp Road Kothrud Near Balaji N Mart,18.502818,73.801322,LEV AC,LEV AC Charge point,3.3,3,"Bureau of Energy Efficiency (BEE), Ministry of Power, Govt. of India",EV_PCS_Data_29277.pdf (Page 794),Operational (Verified Registry),October 2025
PUN-EV-1055,UJOY Charging Hub - LEV AC Charge point 3.3 3.3 1 UJOY ,UJOY,Ujoy,Private,Maharashtra,Pune,LEV AC Charge point 3.3 3.3 1 UJOY Private Maharashtra Pune Pune Shop No 08Opp Dwarka Platinum Society Indrani Nagar Bhosari 411026,18.639621,73.845278,LEV AC,LEV AC Charge point,3.3,9,"Bureau of Energy Efficiency (BEE), Ministry of Power, Govt. of India",EV_PCS_Data_29277.pdf (Page 795),Operational (Verified Registry),October 2025
PUN-EV-1056,UJOY Charging Hub - LEV AC Charge point 3.3 3.3 1 UJOY ,UJOY,Ujoy,Private,Maharashtra,Pune,LEV AC Charge point 3.3 3.3 1 UJOY Private Maharashtra Pune Pune Shop No 09 P S Tower Opp Noble Hospital Magarpatta Road Hadapsar,18.505163,73.927919,LEV AC,LEV AC Charge point,3.3,2,"Bureau of Energy Efficiency (BEE), Ministry of Power, Govt. of India",EV_PCS_Data_29277.pdf (Page 795),Operational (Verified Registry),October 2025
PUN-EV-1057,UJOY Charging Hub - LEV AC Charge point 3.3 3.3 1 UJOY ,UJOY,Ujoy,Private,Maharashtra,Pune,"LEV AC Charge point 3.3 3.3 1 UJOY Private Maharashtra Pune Pune Shop No 1 & 2, Near Chandramouli Garden,Shankar Kalat Nagar, Kala Khadak, Wakad, Pimpri-Chinchwad",18.607003,73.756208,LEV AC,LEV AC Charge point,3.3,1,"Bureau of Energy Efficiency (BEE), Ministry of Power, Govt. of India",EV_PCS_Data_29277.pdf (Page 795),Operational (Verified Registry),October 2025
PUN-EV-1058,UJOY Charging Hub - LEV AC Charge point 3.3 3.3 1 UJOY ,UJOY,Ujoy,Private,Maharashtra,Pune,"LEV AC Charge point 3.3 3.3 1 UJOY Private Maharashtra Pune Pune Shop No 1 , Kausalya Nivas , Pune Nashik Highway, Bhosari",18.617696,73.849488,LEV AC,LEV AC Charge point,3.3,1,"Bureau of Energy Efficiency (BEE), Ministry of Power, Govt. of India",EV_PCS_Data_29277.pdf (Page 795),Operational (Verified Registry),October 2025
PUN-EV-1059,UJOY Charging Hub - LEV AC Charge point 3.3 3.3 1 UJOY ,UJOY,Ujoy,Private,Maharashtra,Pune,LEV AC Charge point 3.3 3.3 1 UJOY Private Maharashtra Pune Pune Shop No 1 Aai Complex Bhumkar Nagar Nhare Ambegaon Road,18.448403,73.832498,LEV AC,LEV AC Charge point,3.3,1,"Bureau of Energy Efficiency (BEE), Ministry of Power, Govt. of India",EV_PCS_Data_29277.pdf (Page 795),Operational (Verified Registry),October 2025
PUN-EV-1060,UJOY Charging Hub - LEV AC Charge point 3.3 3.3 1 UJOY ,UJOY,Ujoy,Private,Maharashtra,Pune,LEV AC Charge point 3.3 3.3 1 UJOY Private Maharashtra Pune Pune Shop No 1 Badhe Vasti Keshav Nager Mundwa,18.532408,73.935798,LEV AC,LEV AC Charge point,3.3,1,"Bureau of Energy Efficiency (BEE), Ministry of Power, Govt. of India",EV_PCS_Data_29277.pdf (Page 795),Operational (Verified Registry),October 2025
PUN-EV-1061,UJOY Charging Hub - LEV AC Charge point 3.3 3.3 1 UJOY ,UJOY,Ujoy,Private,Maharashtra,Pune,LEV AC Charge point 3.3 3.3 1 UJOY Private Maharashtra Pune Pune Shop No 1 Building No A Konark Vihar Sambhaji Nagar Dhankawadi,18.468355,73.856596,LEV AC,LEV AC Charge point,3.3,1,"Bureau of Energy Efficiency (BEE), Ministry of Power, Govt. of India",EV_PCS_Data_29277.pdf (Page 795),Operational (Verified Registry),October 2025
PUN-EV-1062,UJOY Charging Hub - LEV AC Charge point 3.3 3.3 1 UJOY ,UJOY,Ujoy,Private,Maharashtra,Pune,LEV AC Charge point 3.3 3.3 1 UJOY Private Maharashtra Pune Pune Shop No 1 Chintamani Shrushti Nipani Wasti Jambulwadi Road Ambegaon Khurd,18.436235,73.845998,LEV AC,LEV AC Charge point,3.3,1,"Bureau of Energy Efficiency (BEE), Ministry of Power, Govt. of India",EV_PCS_Data_29277.pdf (Page 795),Operational (Verified Registry),October 2025
PUN-EV-1063,UJOY Charging Hub - LEV AC Charge point 3.3 3.3 1 UJOY ,UJOY,Ujoy,Private,Maharashtra,Pune,LEV AC Charge point 3.3 3.3 1 UJOY Private Maharashtra Pune Pune Shop No 1 Dream Construction Building Thermax Chowk Pcmc 411019 Below Kotak Bank,18.660497,73.794356,LEV AC,LEV AC Charge point,3.3,1,"Bureau of Energy Efficiency (BEE), Ministry of Power, Govt. of India",EV_PCS_Data_29277.pdf (Page 795),Operational (Verified Registry),October 2025
PUN-EV-1064,UJOY Charging Hub - LEV AC Charge point 3.3 3.3 1 UJOY ,UJOY,Ujoy,Private,Maharashtra,Pune,LEV AC Charge point 3.3 3.3 1 UJOY Private Maharashtra Pune Pune Shop No 1 Ganga Niwas Hole Wasti Undari,18.45769,73.912589,LEV AC,LEV AC Charge point,3.3,1,"Bureau of Energy Efficiency (BEE), Ministry of Power, Govt. of India",EV_PCS_Data_29277.pdf (Page 795),Operational (Verified Registry),October 2025
PUN-EV-1065,UJOY Charging Hub - LEV AC Charge point 3.3 3.3 1 UJOY ,UJOY,Ujoy,Private,Maharashtra,Pune,LEV AC Charge point 3.3 3.3 1 UJOY Private Maharashtra Pune Pune Shop No 1 Gat No. 44 Block Sector Dudulgaon Alandi Pune,18.673817,73.886724,LEV AC,LEV AC Charge point,3.3,1,"Bureau of Energy Efficiency (BEE), Ministry of Power, Govt. of India",EV_PCS_Data_29277.pdf (Page 795),Operational (Verified Registry),October 2025
PUN-EV-1066,UJOY Charging Hub - LEV AC Charge point 3.3 3.3 1 UJOY ,UJOY,Ujoy,Private,Maharashtra,Pune,LEV AC Charge point 3.3 3.3 1 UJOY Private Maharashtra Pune Pune Shop No 1 Kalwad Wasti Lohegaon Road Pune,18.590853,73.905597,LEV AC,LEV AC Charge point,3.3,1,"Bureau of Energy Efficiency (BEE), Ministry of Power, Govt. of India",EV_PCS_Data_29277.pdf (Page 795),Operational (Verified Registry),October 2025
PUN-EV-1067,UJOY Charging Hub - LEV AC Charge point 3.3 3.3 1 UJOY ,UJOY,Ujoy,Private,Maharashtra,Pune,LEV AC Charge point 3.3 3.3 1 UJOY Private Maharashtra Pune Pune Shop No 1 Mauli Apt Nr Chavan Complex Maratha Housing Society Opp Grand Icon Bldg Dhankwadi,18.457721,73.847689,LEV AC,LEV AC Charge point,3.3,1,"Bureau of Energy Efficiency (BEE), Ministry of Power, Govt. of India",EV_PCS_Data_29277.pdf (Page 795),Operational (Verified Registry),October 2025
PUN-EV-1068,UJOY Charging Hub - LEV AC Charge point 3.3 3.3 1 UJOY ,UJOY,Ujoy,Private,Maharashtra,Pune,LEV AC Charge point 3.3 3.3 1 UJOY Private Maharashtra Pune Pune Shop No 1 Nisarg Heights Near Raviraj Mall Bibewadi Kondwa Road,18.481548,73.875835,LEV AC,LEV AC Charge point,3.3,1,"Bureau of Energy Efficiency (BEE), Ministry of Power, Govt. of India",EV_PCS_Data_29277.pdf (Page 795),Operational (Verified Registry),October 2025
PUN-EV-1069,UJOY Charging Hub - LEV AC Charge point 3.3 3.3 1 UJOY ,UJOY,Ujoy,Private,Maharashtra,Pune,LEV AC Charge point 3.3 3.3 1 UJOY Private Maharashtra Pune Pune Shop No 1 Sadashiv Mahipati Landge Building Next To Nageshwar Auto Consultant Pune Nashik Road Bhosari,18.616266,73.848662,LEV AC,LEV AC Charge point,3.3,1,"Bureau of Energy Efficiency (BEE), Ministry of Power, Govt. of India",EV_PCS_Data_29277.pdf (Page 795),Operational (Verified Registry),October 2025
PUN-EV-1070,UJOY Charging Hub - LEV AC Charge point 3.3 3.3 1 UJOY ,UJOY,Ujoy,Private,Maharashtra,Pune,LEV AC Charge point 3.3 3.3 1 UJOY Private Maharashtra Pune Pune Shop No 1 Shree Homes Opp Nirmaya Residency Abhiruchi Parisar Pari Company Road,18.452067,73.819416,LEV AC,LEV AC Charge point,3.3,1,"Bureau of Energy Efficiency (BEE), Ministry of Power, Govt. of India",EV_PCS_Data_29277.pdf (Page 795),Operational (Verified Registry),October 2025
PUN-EV-1071,UJOY Charging Hub - LEV AC Charge point 3.3 3.3 1 UJOY ,UJOY,Ujoy,Private,Maharashtra,Pune,LEV AC Charge point 3.3 3.3 1 UJOY Private Maharashtra Pune Pune Shop No 1 Shreenath Classic Building Pune Nashik Road Bhosari,18.617206,73.848856,LEV AC,LEV AC Charge point,3.3,10,"Bureau of Energy Efficiency (BEE), Ministry of Power, Govt. of India",EV_PCS_Data_29277.pdf (Page 795),Operational (Verified Registry),October 2025
PUN-EV-1072,UJOY Charging Hub - LEV AC Charge point 3.3 3.3 1 UJOY ,UJOY,Ujoy,Private,Maharashtra,Pune,"LEV AC Charge point 3.3 3.3 1 UJOY Private Maharashtra Pune Pune Shop No 1, Trimurti Corner Chowk , Near Maharaja Hotel",18.583518,73.824072,LEV AC,LEV AC Charge point,3.3,1,"Bureau of Energy Efficiency (BEE), Ministry of Power, Govt. of India",EV_PCS_Data_29277.pdf (Page 795),Operational (Verified Registry),October 2025
PUN-EV-1073,UJOY Charging Hub - LEV AC Charge point 3.3 3.3 1 UJOY ,UJOY,Ujoy,Private,Maharashtra,Pune,LEV AC Charge point 3.3 3.3 1 UJOY Private Maharashtra Pune Pune Shop No 1/ 2 Oposite Century Enka Company Next To Union Bank Telco Road Midc Bhosari,18.625864,73.835918,LEV AC,LEV AC Charge point,3.3,1,"Bureau of Energy Efficiency (BEE), Ministry of Power, Govt. of India",EV_PCS_Data_29277.pdf (Page 795),Operational (Verified Registry),October 2025
PUN-EV-1074,UJOY Charging Hub - LEV AC Charge point 3.3 3.3 1 UJOY ,UJOY,Ujoy,Private,Maharashtra,Pune,LEV AC Charge point 3.3 3.3 1 UJOY Private Maharashtra Pune Pune Shop No 10 Mayur Pankh Society Sno8B Kondwa Khurd,18.469477,73.889572,LEV AC,LEV AC Charge point,3.3,10,"Bureau of Energy Efficiency (BEE), Ministry of Power, Govt. of India",EV_PCS_Data_29277.pdf (Page 795),Operational (Verified Registry),October 2025
PUN-EV-1075,UJOY Charging Hub - LEV AC Charge point 3.3 3.3 1 UJOY ,UJOY,Ujoy,Private,Maharashtra,Pune,LEV AC Charge point 3.3 3.3 1 UJOY Private Maharashtra Pune Pune Shop No 10 Pranayraj Plaza Gokulnagar Dhanor,18.590604,73.88959,LEV AC,LEV AC Charge point,3.3,9,"Bureau of Energy Efficiency (BEE), Ministry of Power, Govt. of India",EV_PCS_Data_29277.pdf (Page 795),Operational (Verified Registry),October 2025
PUN-EV-1076,UJOY Charging Hub - LEV AC Charge point 3.3 3.3 1 UJOY ,UJOY,Ujoy,Private,Maharashtra,Pune,LEV AC Charge point 3.3 3.3 1 UJOY Private Maharashtra Pune Pune Shop No 13 Krushna Kunj Sr No 16 3 Ambegaon Pathar,18.461304,73.839875,LEV AC,LEV AC Charge point,3.3,1,"Bureau of Energy Efficiency (BEE), Ministry of Power, Govt. of India",EV_PCS_Data_29277.pdf (Page 795),Operational (Verified Registry),October 2025
PUN-EV-1077,UJOY Charging Hub - Shop No 16 Sada Laxmicomlex Shivank,UJOY,Ujoy,Private,Maharashtra,Pune,Shop No 16 Sada Laxmicomlex Shivankr Road Wanodi,18.50139,73.900564,LEV AC,LEV AC Charge point,3.3,1,"Bureau of Energy Efficiency (BEE), Ministry of Power, Govt. of India",EV_PCS_Data_29277.pdf (Page 796),Operational (Verified Registry),October 2025
PUN-EV-1078,UJOY Charging Hub - LEV AC Charge point 3.3 3.3 1 UJOY ,UJOY,Ujoy,Private,Maharashtra,Pune,"LEV AC Charge point 3.3 3.3 1 UJOY Private Maharashtra Pune Pune Shop No 17, Mathwad Pranjan, Shivtirth Nagar , Kothrud, Pune- 411038",18.512347,73.807692,LEV AC,LEV AC Charge point,3.3,1,"Bureau of Energy Efficiency (BEE), Ministry of Power, Govt. of India",EV_PCS_Data_29277.pdf (Page 796),Operational (Verified Registry),October 2025
PUN-EV-1079,UJOY Charging Hub - LEV AC Charge point 3.3 3.3 1 UJOY ,UJOY,Ujoy,Private,Maharashtra,Pune,LEV AC Charge point 3.3 3.3 1 UJOY Private Maharashtra Pune Pune Shop No 18 City Vista Xenia Kharadi,18.564512,73.945679,LEV AC,LEV AC Charge point,3.3,1,"Bureau of Energy Efficiency (BEE), Ministry of Power, Govt. of India",EV_PCS_Data_29277.pdf (Page 796),Operational (Verified Registry),October 2025
PUN-EV-1080,UJOY Charging Hub - LEV AC Charge point 3.3 3.3 1 UJOY ,UJOY,Ujoy,Private,Maharashtra,Pune,LEV AC Charge point 3.3 3.3 1 UJOY Private Maharashtra Pune Pune Shop No 19 Vardhaman Township Near Sasanenager Railway Gate Hadapsar,18.48772,73.93436,LEV AC,LEV AC Charge point,3.3,1,"Bureau of Energy Efficiency (BEE), Ministry of Power, Govt. of India",EV_PCS_Data_29277.pdf (Page 796),Operational (Verified Registry),October 2025
PUN-EV-1081,UJOY Charging Hub - LEV AC Charge point 3.3 3.3 1 UJOY ,UJOY,Ujoy,Private,Maharashtra,Pune,LEV AC Charge point 3.3 3.3 1 UJOY Private Maharashtra Nagpur Nagpur Shop No 1Gayatri Heights Next To Akshay Nagar Phase 2 Dp Road Vishal Nagar,18.58493,73.782102,LEV AC,LEV AC Charge point,3.3,2,"Bureau of Energy Efficiency (BEE), Ministry of Power, Govt. of India",EV_PCS_Data_29277.pdf (Page 796),Operational (Verified Registry),October 2025
PUN-EV-1082,UJOY Charging Hub - LEV AC Charge point 3.3 3.3 1 UJOY ,UJOY,Ujoy,Private,Maharashtra,Pune,"LEV AC Charge point 3.3 3.3 1 UJOY Private Maharashtra Pune Pune Shop No 1Laxmi Apartment, Near Rk Hotel, Opposite Sidhivinayak Hospital Narhe",18.458053,73.816818,LEV AC,LEV AC Charge point,3.3,2,"Bureau of Energy Efficiency (BEE), Ministry of Power, Govt. of India",EV_PCS_Data_29277.pdf (Page 796),Operational (Verified Registry),October 2025
PUN-EV-1083,UJOY Charging Hub - LEV AC Charge point 3.3 3.3 1 UJOY ,UJOY,Ujoy,Private,Maharashtra,Pune,LEV AC Charge point 3.3 3.3 1 UJOY Private Maharashtra Pune Pune Shop No 2 Chintamani Buliding Lbs Road Below Vidya Bank,18.505447,73.844987,LEV AC,LEV AC Charge point,3.3,1,"Bureau of Energy Efficiency (BEE), Ministry of Power, Govt. of India",EV_PCS_Data_29277.pdf (Page 796),Operational (Verified Registry),October 2025
PUN-EV-1084,UJOY Charging Hub - LEV AC Charge point 3.3 3.3 1 UJOY ,UJOY,Ujoy,Private,Maharashtra,Pune,LEV AC Charge point 3.3 3.3 1 UJOY Private Maharashtra Pune Pune Shop No 2 Gat No 286 Ghare Niwas Moshi Pune,18.679243,73.845851,LEV AC,LEV AC Charge point,3.3,2,"Bureau of Energy Efficiency (BEE), Ministry of Power, Govt. of India",EV_PCS_Data_29277.pdf (Page 796),Operational (Verified Registry),October 2025
PUN-EV-1085,UJOY Charging Hub - LEV AC Charge point 3.3 3.3 1 UJOY ,UJOY,Ujoy,Private,Maharashtra,Pune,LEV AC Charge point 3.3 3.3 1 UJOY Private Maharashtra Pune Pune Shop No 2 Kala Voshwa Building Near Katraj Post Office Datta Nagar,18.449667,73.851423,LEV AC,LEV AC Charge point,3.3,1,"Bureau of Energy Efficiency (BEE), Ministry of Power, Govt. of India",EV_PCS_Data_29277.pdf (Page 796),Operational (Verified Registry),October 2025
PUN-EV-1086,UJOY Charging Hub - LEV AC Charge point 3.3 3.3 1 UJOY ,UJOY,Ujoy,Private,Maharashtra,Pune,LEV AC Charge point 3.3 3.3 1 UJOY Private Maharashtra Pune Pune Shop No 2 Kohinoor Estate D Wing Wakdewadi Pune 411003,18.547547,73.852144,LEV AC,LEV AC Charge point,3.3,2,"Bureau of Energy Efficiency (BEE), Ministry of Power, Govt. of India",EV_PCS_Data_29277.pdf (Page 796),Operational (Verified Registry),October 2025
PUN-EV-1087,UJOY Charging Hub - LEV AC Charge point 3.3 3.3 1 UJOY ,UJOY,Ujoy,Private,Maharashtra,Pune,"LEV AC Charge point 3.3 3.3 1 UJOY Private Maharashtra Pune Pune Shop No 2 Kundan Home Opp, Tyagi Nivas Elphinston Rd, Khadki",18.567963,73.845592,LEV AC,LEV AC Charge point,3.3,2,"Bureau of Energy Efficiency (BEE), Ministry of Power, Govt. of India",EV_PCS_Data_29277.pdf (Page 796),Operational (Verified Registry),October 2025
PUN-EV-1088,UJOY Charging Hub - LEV AC Charge point 3.3 3.3 1 UJOY ,UJOY,Ujoy,Private,Maharashtra,Pune,LEV AC Charge point 3.3 3.3 1 UJOY Private Maharashtra Pune Pune Shop No 2 Near Essar Petrol Pump Opp Dagout Lounge Gorhe Bk,18.425135,73.753773,LEV AC,LEV AC Charge point,3.3,1,"Bureau of Energy Efficiency (BEE), Ministry of Power, Govt. of India",EV_PCS_Data_29277.pdf (Page 796),Operational (Verified Registry),October 2025
PUN-EV-1089,UJOY Charging Hub - LEV AC Charge point 3.3 3.3 1 UJOY ,UJOY,Ujoy,Private,Maharashtra,Pune,LEV AC Charge point 3.3 3.3 1 UJOY Private Maharashtra Pune Pune Shop No 2 Omkar Apartment Mundhwa Chowk Near Hdfc Bank Mundhwa Pune,18.533464,73.930709,LEV AC,LEV AC Charge point,3.3,2,"Bureau of Energy Efficiency (BEE), Ministry of Power, Govt. of India",EV_PCS_Data_29277.pdf (Page 796),Operational (Verified Registry),October 2025
PUN-EV-1090,UJOY Charging Hub - LEV AC Charge point 3.3 3.3 1 UJOY ,UJOY,Ujoy,Private,Maharashtra,Pune,LEV AC Charge point 3.3 3.3 1 UJOY Private Maharashtra Pune Pune Shop No 2 Yashada Siddhi Co Op Housing Society Jawalkar Nagar Pimple Gurav,18.598015,73.816198,LEV AC,LEV AC Charge point,3.3,2,"Bureau of Energy Efficiency (BEE), Ministry of Power, Govt. of India",EV_PCS_Data_29277.pdf (Page 796),Operational (Verified Registry),October 2025
PUN-EV-1091,UJOY Charging Hub - LEV AC Charge point 3.3 3.3 1 UJOY ,UJOY,Ujoy,Private,Maharashtra,Pune,"LEV AC Charge point 3.3 3.3 1 UJOY Private Maharashtra Pune Pune Shop No 21 , Gajalaxmi Society",18.485331,73.850592,LEV AC,LEV AC Charge point,3.3,1,"Bureau of Energy Efficiency (BEE), Ministry of Power, Govt. of India",EV_PCS_Data_29277.pdf (Page 796),Operational (Verified Registry),October 2025
PUN-EV-1092,UJOY Charging Hub - LEV AC Charge point 3.3 3.3 1 UJOY ,UJOY,Ujoy,Private,Maharashtra,Pune,LEV AC Charge point 3.3 3.3 1 UJOY Private Maharashtra Pune Pune Shop No 23 Sonigra Classic Ektangar Akurdi,18.653451,73.778873,LEV AC,LEV AC Charge point,3.3,1,"Bureau of Energy Efficiency (BEE), Ministry of Power, Govt. of India",EV_PCS_Data_29277.pdf (Page 796),Operational (Verified Registry),October 2025
PUN-EV-1093,UJOY Charging Hub - LEV AC Charge point 3.3 3.3 1 UJOY ,UJOY,Ujoy,Private,Maharashtra,Pune,LEV AC Charge point 3.3 3.3 1 UJOY Private Maharashtra Pune Pune Shop No 25 Opp Vallabh Nagar St Bus Stand Sukhwani Complex Shre Tyre Junction Pimpri,18.614429,73.816899,LEV AC,LEV AC Charge point,3.3,1,"Bureau of Energy Efficiency (BEE), Ministry of Power, Govt. of India",EV_PCS_Data_29277.pdf (Page 796),Operational (Verified Registry),October 2025
PUN-EV-1094,UJOY Charging Hub - LEV AC Charge point 3.3 3.3 1 UJOY ,UJOY,Ujoy,Private,Maharashtra,Pune,LEV AC Charge point 3.3 3.3 1 UJOY Private Maharashtra Pune Pune Shop No 3 Jijamatta Chowk Ambegaon Pathar Katraj,18.4551,73.843364,LEV AC,LEV AC Charge point,3.3,3,"Bureau of Energy Efficiency (BEE), Ministry of Power, Govt. of India",EV_PCS_Data_29277.pdf (Page 796),Operational (Verified Registry),October 2025
PUN-EV-1095,UJOY Charging Hub - LEV AC Charge point 3.3 3.3 1 UJOY ,UJOY,Ujoy,Private,Maharashtra,Pune,LEV AC Charge point 3.3 3.3 1 UJOY Private Maharashtra Pune Pune Shop No 3 Me Residency Near Sbi Atm Ambegaon Bk,18.449186,73.845286,LEV AC,LEV AC Charge point,3.3,3,"Bureau of Energy Efficiency (BEE), Ministry of Power, Govt. of India",EV_PCS_Data_29277.pdf (Page 796),Operational (Verified Registry),October 2025
PUN-EV-1096,UJOY Charging Hub - LEV AC Charge point 3.3 3.3 1 UJOY ,UJOY,Ujoy,Private,Maharashtra,Pune,LEV AC Charge point 3.3 3.3 1 UJOY Private Maharashtra Pune Pune Shop No 3 Near Swagat Hotel Behind Amonora Town Centre Pune,18.519823,73.93672,LEV AC,LEV AC Charge point,3.3,1,"Bureau of Energy Efficiency (BEE), Ministry of Power, Govt. of India",EV_PCS_Data_29277.pdf (Page 796),Operational (Verified Registry),October 2025
PUN-EV-1097,UJOY Charging Hub - Shop No 3 Nirupam Co Op Hsg Society,UJOY,Ujoy,Private,Maharashtra,Pune,Shop No 3 Nirupam Co Op Hsg Society Near Bank Of Maharashtra Akurdi Pune 35,18.655474,73.776394,LEV AC,LEV AC Charge point,3.3,1,"Bureau of Energy Efficiency (BEE), Ministry of Power, Govt. of India",EV_PCS_Data_29277.pdf (Page 797),Operational (Verified Registry),October 2025
PUN-EV-1098,UJOY Charging Hub - LEV AC Charge point 3.3 3.3 1 UJOY ,UJOY,Ujoy,Private,Maharashtra,Pune,"LEV AC Charge point 3.3 3.3 1 UJOY Private Maharashtra Pune Pune Shop No 3, Kothari Block, Near Hp Gas Agency, Bibawewadi",18.478769,73.857746,LEV AC,LEV AC Charge point,3.3,3,"Bureau of Energy Efficiency (BEE), Ministry of Power, Govt. of India",EV_PCS_Data_29277.pdf (Page 797),Operational (Verified Registry),October 2025
PUN-EV-1099,UJOY Charging Hub - LEV AC Charge point 3.3 3.3 1 UJOY ,UJOY,Ujoy,Private,Maharashtra,Pune,LEV AC Charge point 3.3 3.3 1 UJOY Private Maharashtra Pune Pune Shop No 30 Nityanand Society Plot No 44,18.466119,73.856845,LEV AC,LEV AC Charge point,3.3,1,"Bureau of Energy Efficiency (BEE), Ministry of Power, Govt. of India",EV_PCS_Data_29277.pdf (Page 797),Operational (Verified Registry),October 2025
PUN-EV-1100,UJOY Charging Hub - LEV AC Charge point 3.3 3.3 1 UJOY ,UJOY,Ujoy,Private,Maharashtra,Pune,"LEV AC Charge point 3.3 3.3 1 UJOY Private Maharashtra Pune Pune Shop No 4 Near Joshi Wadewale,Pune Nashik Highway, Gaikwasti Chambli, Mahalaxmi Complex (Ware House) ,119 Pune, Maharashtra-412105",18.704754,73.848091,LEV AC,LEV AC Charge point,3.3,5,"Bureau of Energy Efficiency (BEE), Ministry of Power, Govt. of India",EV_PCS_Data_29277.pdf (Page 797),Operational (Verified Registry),October 2025
PUN-EV-1101,UJOY Charging Hub - LEV AC Charge point 3.3 3.3 1 UJOY ,UJOY,Ujoy,Private,Maharashtra,Pune,LEV AC Charge point 3.3 3.3 1 UJOY Private Maharashtra Pune Pune Shop No 4 Piyush House Hingne Khurd Sinhagad Road,18.479985,73.827661,LEV AC,LEV AC Charge point,3.3,4,"Bureau of Energy Efficiency (BEE), Ministry of Power, Govt. of India",EV_PCS_Data_29277.pdf (Page 797),Operational (Verified Registry),October 2025
PUN-EV-1102,UJOY Charging Hub - LEV AC Charge point 3.3 3.3 1 UJOY ,UJOY,Ujoy,Private,Maharashtra,Pune,LEV AC Charge point 3.3 3.3 1 UJOY Private Maharashtra Pune Pune Shop No 4 Sai Nagari Kalyani Nagar,18.548508,73.897694,LEV AC,LEV AC Charge point,3.3,4,"Bureau of Energy Efficiency (BEE), Ministry of Power, Govt. of India",EV_PCS_Data_29277.pdf (Page 797),Operational (Verified Registry),October 2025
PUN-EV-1103,UJOY Charging Hub - LEV AC Charge point 3.3 3.3 1 UJOY ,UJOY,Ujoy,Private,Maharashtra,Pune,LEV AC Charge point 3.3 3.3 1 UJOY Private Maharashtra Pune Pune Shop No 4 Tirth Kunj Apartment Aranyeshwar Corner,18.486034,73.854677,LEV AC,LEV AC Charge point,3.3,4,"Bureau of Energy Efficiency (BEE), Ministry of Power, Govt. of India",EV_PCS_Data_29277.pdf (Page 797),Operational (Verified Registry),October 2025
PUN-EV-1104,UJOY Charging Hub - LEV AC Charge point 3.3 3.3 1 UJOY ,UJOY,Ujoy,Private,Maharashtra,Pune,LEV AC Charge point 3.3 3.3 1 UJOY Private Maharashtra Pune Pune Shop No 4 Vinay Chambers Senapati Bapat Road,18.529073,73.829763,LEV AC,LEV AC Charge point,3.3,4,"Bureau of Energy Efficiency (BEE), Ministry of Power, Govt. of India",EV_PCS_Data_29277.pdf (Page 797),Operational (Verified Registry),October 2025
PUN-EV-1105,UJOY Charging Hub - LEV AC Charge point 3.3 3.3 1 UJOY ,UJOY,Ujoy,Private,Maharashtra,Pune,LEV AC Charge point 3.3 3.3 1 UJOY Private Maharashtra Pune Pune Shop No 47 Vastushsree Complex Marketyard,18.484086,73.872101,LEV AC,LEV AC Charge point,3.3,1,"Bureau of Energy Efficiency (BEE), Ministry of Power, Govt. of India",EV_PCS_Data_29277.pdf (Page 797),Operational (Verified Registry),October 2025
PUN-EV-1106,UJOY Charging Hub - LEV AC Charge point 3.3 3.3 1 UJOY ,UJOY,Ujoy,Private,Maharashtra,Pune,LEV AC Charge point 3.3 3.3 1 UJOY Private Maharashtra Pune Pune Shop No 5 Agam Apartment Santosh Nagar Katraj,18.44879,73.854566,LEV AC,LEV AC Charge point,3.3,5,"Bureau of Energy Efficiency (BEE), Ministry of Power, Govt. of India",EV_PCS_Data_29277.pdf (Page 797),Operational (Verified Registry),October 2025
PUN-EV-1107,UJOY Charging Hub - LEV AC Charge point 3.3 3.3 1 UJOY ,UJOY,Ujoy,Private,Maharashtra,Pune,LEV AC Charge point 3.3 3.3 1 UJOY Private Maharashtra Pune Pune Shop No 5 Pushpa Emerald Ne Wonder City Katraj Pune,18.450704,73.853582,LEV AC,LEV AC Charge point,3.3,5,"Bureau of Energy Efficiency (BEE), Ministry of Power, Govt. of India",EV_PCS_Data_29277.pdf (Page 797),Operational (Verified Registry),October 2025
PUN-EV-1108,UJOY Charging Hub - LEV AC Charge point 3.3 3.3 1 UJOY ,UJOY,Ujoy,Private,Maharashtra,Pune,LEV AC Charge point 3.3 3.3 1 UJOY Private Maharashtra Pune Pune Shop No 591 Market Yard Gultekdi,18.485537,73.866367,LEV AC,LEV AC Charge point,3.3,6,"Bureau of Energy Efficiency (BEE), Ministry of Power, Govt. of India",EV_PCS_Data_29277.pdf (Page 797),Operational (Verified Registry),October 2025
PUN-EV-1109,UJOY Charging Hub - LEV AC Charge point 3.3 3.3 1 UJOY ,UJOY,Ujoy,Private,Maharashtra,Pune,"LEV AC Charge point 3.3 3.3 1 UJOY Private Maharashtra Pune Pune Shop No 6 , Sai Dezire , Pimple Saudagar",18.593641,73.803818,LEV AC,LEV AC Charge point,3.3,6,"Bureau of Energy Efficiency (BEE), Ministry of Power, Govt. of India",EV_PCS_Data_29277.pdf (Page 797),Operational (Verified Registry),October 2025
PUN-EV-1110,UJOY Charging Hub - LEV AC Charge point 3.3 3.3 1 UJOY ,UJOY,Ujoy,Private,Maharashtra,Pune,LEV AC Charge point 3.3 3.3 1 UJOY Private Maharashtra Pune Pune Shop No 6 Shree Residency Dapodi Pune,18.583879,73.829851,LEV AC,LEV AC Charge point,3.3,2,"Bureau of Energy Efficiency (BEE), Ministry of Power, Govt. of India",EV_PCS_Data_29277.pdf (Page 797),Operational (Verified Registry),October 2025
PUN-EV-1111,UJOY Charging Hub - LEV AC Charge point 3.3 3.3 1 UJOY ,UJOY,Ujoy,Private,Maharashtra,Pune,"LEV AC Charge point 3.3 3.3 1 UJOY Private Maharashtra Pune Pune Shop No 6,7,8 Ishana 2Co. Op. Hsg Soc. Opp. Lohiya Jain It Park Chandani Chowl Kothrud Pune",18.508234,73.789781,LEV AC,LEV AC Charge point,3.3,1,"Bureau of Energy Efficiency (BEE), Ministry of Power, Govt. of India",EV_PCS_Data_29277.pdf (Page 797),Operational (Verified Registry),October 2025
PUN-EV-1112,UJOY Charging Hub - LEV AC Charge point 3.3 3.3 1 UJOY ,UJOY,Ujoy,Private,Maharashtra,Pune,LEV AC Charge point 3.3 3.3 1 UJOY Private Maharashtra Pune Pune Shop No 7 801.802 Bhavani Peth Kt Bhosle Road Pune,18.510039,73.874705,LEV AC,LEV AC Charge point,3.3,7,"Bureau of Energy Efficiency (BEE), Ministry of Power, Govt. of India",EV_PCS_Data_29277.pdf (Page 798),Operational (Verified Registry),October 2025
PUN-EV-1113,UJOY Charging Hub - LEV AC Charge point 3.3 3.3 1 UJOY ,UJOY,Ujoy,Private,Maharashtra,Pune,"LEV AC Charge point 3.3 3.3 1 UJOY Private Maharashtra Pune Pune Shop No 7 Kamal Wihar Society, Mohannager Pune",18.460495,73.849414,LEV AC,LEV AC Charge point,3.3,1,"Bureau of Energy Efficiency (BEE), Ministry of Power, Govt. of India",EV_PCS_Data_29277.pdf (Page 798),Operational (Verified Registry),October 2025
PUN-EV-1114,UJOY Charging Hub - LEV AC Charge point 3.3 3.3 1 UJOY ,UJOY,Ujoy,Private,Maharashtra,Pune,"LEV AC Charge point 3.3 3.3 1 UJOY Private Maharashtra Pune Pune Shop No 7, C Block No 5, Mata Vaishno Devi Mandir Road",18.618722,73.80361,LEV AC,LEV AC Charge point,3.3,1,"Bureau of Energy Efficiency (BEE), Ministry of Power, Govt. of India",EV_PCS_Data_29277.pdf (Page 798),Operational (Verified Registry),October 2025
PUN-EV-1115,UJOY Charging Hub - LEV AC Charge point 3.3 3.3 1 UJOY ,UJOY,Ujoy,Private,Maharashtra,Pune,"LEV AC Charge point 3.3 3.3 1 UJOY Private Maharashtra Pune Pune ^ŚŽƉEŽϴ͕EĞĂƌdƵůũĂŚĂǀĂŶŝDĂŶĚŝƌ͕KƉƉ͘ĂũĂũƵƚŽ>ƚĚ͕DƵŵďĂŝͲWƵŶĞ KůĚ,ŝŐŚǁĂǇŬƵƌĚŝ͕WƵŶĞʹϰϭϭϬϯϱ",18.652382,73.783012,LEV AC,LEV AC Charge point,3.3,1,"Bureau of Energy Efficiency (BEE), Ministry of Power, Govt. of India",EV_PCS_Data_29277.pdf (Page 798),Operational (Verified Registry),October 2025
PUN-EV-1116,UJOY Charging Hub - LEV AC Charge point 3.3 3.3 1 UJOY ,UJOY,Ujoy,Private,Maharashtra,Pune,LEV AC Charge point 3.3 3.3 1 UJOY Private Maharashtra Pune Pune Shop No 9 Parthavi Building Near Bhumker Chowk Ambegaon Nhare Road,18.448407,73.831538,LEV AC,LEV AC Charge point,3.3,7,"Bureau of Energy Efficiency (BEE), Ministry of Power, Govt. of India",EV_PCS_Data_29277.pdf (Page 798),Operational (Verified Registry),October 2025
PUN-EV-1117,UJOY Charging Hub - LEV AC Charge point 3.3 3.3 1 UJOY ,UJOY,Ujoy,Private,Maharashtra,Pune,"LEV AC Charge point 3.3 3.3 1 UJOY Private Maharashtra Pune Pune Shop No. 1, Rudra Residency, 25 Narayan Peth, Pune 411030",18.516338,73.848282,LEV AC,LEV AC Charge point,3.3,1,"Bureau of Energy Efficiency (BEE), Ministry of Power, Govt. of India",EV_PCS_Data_29277.pdf (Page 798),Operational (Verified Registry),October 2025
PUN-EV-1118,UJOY Charging Hub - LEV AC Charge point 3.3 3.3 1 UJOY ,UJOY,Ujoy,Private,Maharashtra,Pune,LEV AC Charge point 3.3 3.3 1 UJOY Private Maharashtra Pune Pune Shop No. 12 Dream Residential Vishrantwadi Pune,18.572299,73.883206,LEV AC,LEV AC Charge point,3.3,1,"Bureau of Energy Efficiency (BEE), Ministry of Power, Govt. of India",EV_PCS_Data_29277.pdf (Page 798),Operational (Verified Registry),October 2025
PUN-EV-1119,UJOY Charging Hub - LEV AC Charge point 3.3 3.3 1 UJOY ,UJOY,Ujoy,Private,Maharashtra,Pune,"LEV AC Charge point 3.3 3.3 1 UJOY Private Maharashtra Pune Pune Shop No. 14 , Shanti Heights, Near Eklavya College Chowk, Kothrud, Pune 38.",18.503121,73.796111,LEV AC,LEV AC Charge point,3.3,1,"Bureau of Energy Efficiency (BEE), Ministry of Power, Govt. of India",EV_PCS_Data_29277.pdf (Page 798),Operational (Verified Registry),October 2025
PUN-EV-1120,UJOY Charging Hub - LEV AC Charge point 3.3 3.3 1 UJOY ,UJOY,Ujoy,Private,Maharashtra,Pune,"LEV AC Charge point 3.3 3.3 1 UJOY Private Maharashtra Pune Pune Shop No. 2, Yogiraj Building, Chakankar Mala, Baner Balewadi Road, Baner Pune",18.566211,73.782649,LEV AC,LEV AC Charge point,3.3,2,"Bureau of Energy Efficiency (BEE), Ministry of Power, Govt. of India",EV_PCS_Data_29277.pdf (Page 798),Operational (Verified Registry),October 2025
PUN-EV-1121,UJOY Charging Hub - LEV AC Charge point 3.3 3.3 1 UJOY ,UJOY,Ujoy,Private,Maharashtra,Pune,"LEV AC Charge point 3.3 3.3 1 UJOY Private Maharashtra Pune Pune Shop No. 4 , S. No. 47/7 B, Dattanagar, Jambhulwadi Road, Opposite Mauli Krupa Building, Ambegaon Bk., Pune . 411046.",18.446347,73.848465,LEV AC,LEV AC Charge point,3.3,4,"Bureau of Energy Efficiency (BEE), Ministry of Power, Govt. of India",EV_PCS_Data_29277.pdf (Page 798),Operational (Verified Registry),October 2025
PUN-EV-1122,UJOY Charging Hub - LEV AC Charge point 3.3 3.3 1 UJOY ,UJOY,Ujoy,Private,Maharashtra,Pune,"LEV AC Charge point 3.3 3.3 1 UJOY Private Maharashtra Pune Pune Shop No. 5 Darshan Park Behind Kunal Hotel, Rahatni Link Road Rahatanit - 411017",18.609963,73.784333,LEV AC,LEV AC Charge point,3.3,5,"Bureau of Energy Efficiency (BEE), Ministry of Power, Govt. of India",EV_PCS_Data_29277.pdf (Page 798),Operational (Verified Registry),October 2025
PUN-EV-1123,UJOY Charging Hub - LEV AC Charge point 3.3 3.3 1 UJOY ,UJOY,Ujoy,Private,Maharashtra,Pune,"LEV AC Charge point 3.3 3.3 1 UJOY Private Maharashtra Pune Pune Shop No. 6 , Vyankatesh Shrushti, Beside Hotel Ashirwad , Near Nawale Bridge,Pune-Bengalore Highway, Pune 411041",18.461101,73.821225,LEV AC,LEV AC Charge point,3.3,3,"Bureau of Energy Efficiency (BEE), Ministry of Power, Govt. of India",EV_PCS_Data_29277.pdf (Page 798),Operational (Verified Registry),October 2025
PUN-EV-1124,UJOY Charging Hub - LEV AC Charge point 3.3 3.3 1 UJOY ,UJOY,Ujoy,Private,Maharashtra,Pune,"LEV AC Charge point 3.3 3.3 1 UJOY Private Maharashtra Pune Pune Shop No.2, B K Avenue,D P Road, Near Paranjape School,Kothrud",18.502111,73.808228,LEV AC,LEV AC Charge point,3.3,2,"Bureau of Energy Efficiency (BEE), Ministry of Power, Govt. of India",EV_PCS_Data_29277.pdf (Page 798),Operational (Verified Registry),October 2025
PUN-EV-1125,UJOY Charging Hub - LEV AC Charge point 3.3 3.3 1 UJOY ,UJOY,Ujoy,Private,Maharashtra,Pune,"LEV AC Charge point 3.3 3.3 1 UJOY Private Maharashtra Pune Pune Shop No.4, New Krishna Hsc, Lane No.2, Paramhans Nagar, Opp Vanaz Company, Paud Road, Kothrud",18.507945,73.803655,LEV AC,LEV AC Charge point,3.3,1,"Bureau of Energy Efficiency (BEE), Ministry of Power, Govt. of India",EV_PCS_Data_29277.pdf (Page 798),Operational (Verified Registry),October 2025
PUN-EV-1126,UJOY Charging Hub - LEV AC Charge point 3.3 3.3 1 UJOY ,UJOY,Ujoy,Private,Maharashtra,Pune,"LEV AC Charge point 3.3 3.3 1 UJOY Private Maharashtra Pune Pune Shop No.6 & 7, Tanisq Society, Gulmohar Orchids, Opposite, Kharadi, Pune, Maharashtra 411014, India",18.551774,73.942618,LEV AC,LEV AC Charge point,3.3,4,"Bureau of Energy Efficiency (BEE), Ministry of Power, Govt. of India",EV_PCS_Data_29277.pdf (Page 798),Operational (Verified Registry),October 2025
PUN-EV-1127,UJOY Charging Hub - LEV AC Charge point 3.3 3.3 1 UJOY ,UJOY,Ujoy,Private,Maharashtra,Pune,"LEV AC Charge point 3.3 3.3 1 UJOY Private Maharashtra Pune Pune Shop No.7, Mangalam Building, Road No.4,Tingrenagar",18.57449,73.889733,LEV AC,LEV AC Charge point,3.3,2,"Bureau of Energy Efficiency (BEE), Ministry of Power, Govt. of India",EV_PCS_Data_29277.pdf (Page 798),Operational (Verified Registry),October 2025
PUN-EV-1128,UJOY Charging Hub - LEV AC Charge point 3.3 3.3 1 UJOY ,UJOY,Ujoy,Private,Maharashtra,Pune,"LEV AC Charge point 3.3 3.3 1 UJOY Private Maharashtra Pune Pune Shop No1, Ishan Heights, Near Dran Engineers, Dhayari Pune 411041",18.442494,73.822145,LEV AC,LEV AC Charge point,3.3,1,"Bureau of Energy Efficiency (BEE), Ministry of Power, Govt. of India",EV_PCS_Data_29277.pdf (Page 799),Operational (Verified Registry),October 2025
PUN-EV-1129,UJOY Charging Hub - LEV AC Charge point 3.3 3.3 1 UJOY ,UJOY,Ujoy,Private,Maharashtra,Pune,LEV AC Charge point 3.3 3.3 1 UJOY Private Maharashtra Pune Pune Shop No13 14 Near Swimming Tank Nigdi Pradikaran Pune 44,18.651756,73.766323,LEV AC,LEV AC Charge point,3.3,1,"Bureau of Energy Efficiency (BEE), Ministry of Power, Govt. of India",EV_PCS_Data_29277.pdf (Page 799),Operational (Verified Registry),October 2025
PUN-EV-1130,UJOY Charging Hub - LEV AC Charge point 3.3 3.3 1 UJOY ,UJOY,Ujoy,Private,Maharashtra,Pune,LEV AC Charge point 3.3 3.3 1 UJOY Private Maharashtra Pune Pune Shop No2 Vishal Corner Cts No 985 Opposite To Elpro City Square Mall Chinchwad,18.628054,73.783971,LEV AC,LEV AC Charge point,3.3,1,"Bureau of Energy Efficiency (BEE), Ministry of Power, Govt. of India",EV_PCS_Data_29277.pdf (Page 799),Operational (Verified Registry),October 2025
PUN-EV-1131,UJOY Charging Hub - LEV AC Charge point 3.3 3.3 1 UJOY ,UJOY,Ujoy,Private,Maharashtra,Pune,"LEV AC Charge point 3.3 3.3 1 UJOY Private Maharashtra Pune Pune Shop No3, Suraj Villa, Mamasaheb Thopate Path, Nr. Fcrd",18.52611,73.843762,LEV AC,LEV AC Charge point,3.3,1,"Bureau of Energy Efficiency (BEE), Ministry of Power, Govt. of India",EV_PCS_Data_29277.pdf (Page 799),Operational (Verified Registry),October 2025
PUN-EV-1132,UJOY Charging Hub - LEV AC Charge point 3.3 3.3 1 UJOY ,UJOY,Ujoy,Private,Maharashtra,Pune,"LEV AC Charge point 3.3 3.3 1 UJOY Private Maharashtra Pune Pune Shop-3, Sopan Residency,Dighi Road Bhosari",18.619737,73.862704,LEV AC,LEV AC Charge point,3.3,1,"Bureau of Energy Efficiency (BEE), Ministry of Power, Govt. of India",EV_PCS_Data_29277.pdf (Page 799),Operational (Verified Registry),October 2025
PUN-EV-1133,UJOY Charging Hub - LEV AC Charge point 3.3 3.3 1 UJOY ,UJOY,Ujoy,Private,Maharashtra,Pune,LEV AC Charge point 3.3 3.3 1 UJOY Private Maharashtra Pune Pune Shope No 10 Sinhagad Darshan Building Near Datta Krushnai Mangal Karyalay Vadhaon Khurd,18.460025,73.810163,LEV AC,LEV AC Charge point,3.3,4,"Bureau of Energy Efficiency (BEE), Ministry of Power, Govt. of India",EV_PCS_Data_29277.pdf (Page 799),Operational (Verified Registry),October 2025
PUN-EV-1134,UJOY Charging Hub - LEV AC Charge point 3.3 3.3 1 UJOY ,UJOY,Ujoy,Private,Maharashtra,Pune,LEV AC Charge point 3.3 3.3 1 UJOY Private Maharashtra Pune Pune Shope No 4 Audumbar Park Near Pawar Furniture,18.459498,73.841112,LEV AC,LEV AC Charge point,3.3,1,"Bureau of Energy Efficiency (BEE), Ministry of Power, Govt. of India",EV_PCS_Data_29277.pdf (Page 799),Operational (Verified Registry),October 2025
PUN-EV-1135,UJOY Charging Hub - LEV AC Charge point 3.3 3.3 1 UJOY ,UJOY,Ujoy,Private,Maharashtra,Pune,"LEV AC Charge point 3.3 3.3 1 UJOY Private Maharashtra Pune Pune Shopping Plaza A-7 Rambaug Colony,Off Paud Rd Kothrud",18.510473,73.81364,LEV AC,LEV AC Charge point,3.3,1,"Bureau of Energy Efficiency (BEE), Ministry of Power, Govt. of India",EV_PCS_Data_29277.pdf (Page 799),Operational (Verified Registry),October 2025
PUN-EV-1136,UJOY Charging Hub - LEV AC Charge point 3.3 3.3 1 UJOY ,UJOY,Ujoy,Private,Maharashtra,Pune,"LEV AC Charge point 3.3 3.3 1 UJOY Private Maharashtra Pune Pune Shree Sai Electric Charging Station, Near Amul Ice Cream Parlour, Awhalwadi Road, Wagholi",18.574226,73.986458,LEV AC,LEV AC Charge point,3.3,1,"Bureau of Energy Efficiency (BEE), Ministry of Power, Govt. of India",EV_PCS_Data_29277.pdf (Page 799),Operational (Verified Registry),October 2025
PUN-EV-1137,UJOY Charging Hub - LEV AC Charge point 3.3 3.3 1 UJOY ,UJOY,Ujoy,Private,Maharashtra,Pune,LEV AC Charge point 3.3 3.3 1 UJOY Private Maharashtra Pune Pune Shree Vitthal Mauli Building Gurudwara Chowk Near Akurdi Railway Station,18.645777,73.767115,LEV AC,LEV AC Charge point,3.3,1,"Bureau of Energy Efficiency (BEE), Ministry of Power, Govt. of India",EV_PCS_Data_29277.pdf (Page 799),Operational (Verified Registry),October 2025
PUN-EV-1138,UJOY Charging Hub - LEV AC Charge point 3.3 3.3 1 UJOY ,UJOY,Ujoy,Private,Maharashtra,Pune,LEV AC Charge point 3.3 3.3 1 UJOY Private Maharashtra Pune Pune Shreyas Industrial Primises Co Operative Limited,18.643616,73.800091,LEV AC,LEV AC Charge point,3.3,1,"Bureau of Energy Efficiency (BEE), Ministry of Power, Govt. of India",EV_PCS_Data_29277.pdf (Page 799),Operational (Verified Registry),October 2025
PUN-EV-1139,UJOY Charging Hub - LEV AC Charge point 3.3 3.3 1 UJOY ,UJOY,Ujoy,Private,Maharashtra,Pune,LEV AC Charge point 3.3 3.3 1 UJOY Private Maharashtra Thane Thane Shri Krishna Society Lane No 2 Sainath Nagar Old Mindawa Road,18.541443,73.931542,LEV AC,LEV AC Charge point,3.3,1,"Bureau of Energy Efficiency (BEE), Ministry of Power, Govt. of India",EV_PCS_Data_29277.pdf (Page 799),Operational (Verified Registry),October 2025
PUN-EV-1140,UJOY Charging Hub - LEV AC Charge point 3.3 3.3 1 UJOY ,UJOY,Ujoy,Private,Maharashtra,Pune,LEV AC Charge point 3.3 3.3 1 UJOY Private Maharashtra Pune Pune Shri Mangal Housings Society Dhankawadi,18.464707,73.855798,LEV AC,LEV AC Charge point,3.3,1,"Bureau of Energy Efficiency (BEE), Ministry of Power, Govt. of India",EV_PCS_Data_29277.pdf (Page 799),Operational (Verified Registry),October 2025
PUN-EV-1141,UJOY Charging Hub - LEV AC Charge point 3.3 3.3 1 UJOY ,UJOY,Ujoy,Private,Maharashtra,Pune,LEV AC Charge point 3.3 3.3 1 UJOY Private Maharashtra Pune Pune Shri Mavali Automobiles Garage Near Union Bank Kurali,18.715084,73.847636,LEV AC,LEV AC Charge point,3.3,10,"Bureau of Energy Efficiency (BEE), Ministry of Power, Govt. of India",EV_PCS_Data_29277.pdf (Page 799),Operational (Verified Registry),October 2025
PUN-EV-1142,UJOY Charging Hub - LEV AC Charge point 3.3 3.3 1 UJOY ,UJOY,Ujoy,Private,Maharashtra,Pune,LEV AC Charge point 3.3 3.3 1 UJOY Private Maharashtra Pune Pune Shri Samarth Auto,18.456424,73.84702,LEV AC,LEV AC Charge point,3.3,3,"Bureau of Energy Efficiency (BEE), Ministry of Power, Govt. of India",EV_PCS_Data_29277.pdf (Page 799),Operational (Verified Registry),October 2025
PUN-EV-1143,UJOY Charging Hub - LEV AC Charge point 3.3 3.3 1 UJOY ,UJOY,Ujoy,Private,Maharashtra,Pune,LEV AC Charge point 3.3 3.3 1 UJOY Private Maharashtra Pune Pune Shri Yogiraj Auto Shop No 3 Near Dyanganga Society Jadhav Nagar Vadgaon Budrudh,18.469753,73.827169,LEV AC,LEV AC Charge point,3.3,1,"Bureau of Energy Efficiency (BEE), Ministry of Power, Govt. of India",EV_PCS_Data_29277.pdf (Page 799),Operational (Verified Registry),October 2025
PUN-EV-1144,UJOY Charging Hub - LEV AC Charge point 3.3 3.3 1 UJOY ,UJOY,Ujoy,Private,Maharashtra,Pune,LEV AC Charge point 3.3 3.3 1 UJOY Private Maharashtra Pune Pune Shrusti Chowk Pimpli Gurav,18.596903,73.816729,LEV AC,LEV AC Charge point,3.3,1,"Bureau of Energy Efficiency (BEE), Ministry of Power, Govt. of India",EV_PCS_Data_29277.pdf (Page 799),Operational (Verified Registry),October 2025
PUN-EV-1145,UJOY Charging Hub - LEV AC Charge point 3.3 3.3 1 UJOY ,UJOY,Ujoy,Private,Maharashtra,Pune,LEV AC Charge point 3.3 3.3 1 UJOY Private Maharashtra Pune Pune Shukarwar Peth,18.504782,73.854492,LEV AC,LEV AC Charge point,3.3,1,"Bureau of Energy Efficiency (BEE), Ministry of Power, Govt. of India",EV_PCS_Data_29277.pdf (Page 799),Operational (Verified Registry),October 2025
PUN-EV-1146,UJOY Charging Hub - LEV AC Charge point 3.3 3.3 1 UJOY ,UJOY,Ujoy,Private,Maharashtra,Pune,LEV AC Charge point 3.3 3.3 1 UJOY Private Maharashtra Pune Pune Shukrwar Peth,18.51519,73.84633,LEV AC,LEV AC Charge point,3.3,1,"Bureau of Energy Efficiency (BEE), Ministry of Power, Govt. of India",EV_PCS_Data_29277.pdf (Page 799),Operational (Verified Registry),October 2025
PUN-EV-1147,UJOY Charging Hub - LEV AC Charge point 3.3 3.3 1 UJOY ,UJOY,Ujoy,Private,Maharashtra,Pune,"LEV AC Charge point 3.3 3.3 1 UJOY Private Maharashtra Pune Pune Shweta App, Jaidevnagar, Pune 411030",18.48907,73.829908,LEV AC,LEV AC Charge point,3.3,1,"Bureau of Energy Efficiency (BEE), Ministry of Power, Govt. of India",EV_PCS_Data_29277.pdf (Page 799),Operational (Verified Registry),October 2025
PUN-EV-1148,UJOY Charging Hub - Shweta Co Op Society Oppbig Bazar N,UJOY,Ujoy,Private,Maharashtra,Pune,Shweta Co Op Society Oppbig Bazar Nr Jaideo Nagar Sinhagad Road,18.489194,73.830233,LEV AC,LEV AC Charge point,3.3,1,"Bureau of Energy Efficiency (BEE), Ministry of Power, Govt. of India",EV_PCS_Data_29277.pdf (Page 800),Operational (Verified Registry),October 2025
PUN-EV-1149,UJOY Charging Hub - LEV AC Charge point 3.3 3.3 1 UJOY ,UJOY,Ujoy,Private,Maharashtra,Pune,LEV AC Charge point 3.3 3.3 1 UJOY Private Maharashtra Pune Pune Siddik Shaha Baba Society Ambedkar Colony Golf Club Road Yerwada,18.552507,73.879574,LEV AC,LEV AC Charge point,3.3,1,"Bureau of Energy Efficiency (BEE), Ministry of Power, Govt. of India",EV_PCS_Data_29277.pdf (Page 800),Operational (Verified Registry),October 2025
PUN-EV-1150,UJOY Charging Hub - LEV AC Charge point 3.3 3.3 1 UJOY ,UJOY,Ujoy,Private,Maharashtra,Pune,"LEV AC Charge point 3.3 3.3 1 UJOY Private Maharashtra Pune Pune Sidhanth,Gautam.Udyan",18.665309,73.796971,LEV AC,LEV AC Charge point,3.3,1,"Bureau of Energy Efficiency (BEE), Ministry of Power, Govt. of India",EV_PCS_Data_29277.pdf (Page 800),Operational (Verified Registry),October 2025
PUN-EV-1151,UJOY Charging Hub - LEV AC Charge point 3.3 3.3 1 UJOY ,UJOY,Ujoy,Private,Maharashtra,Pune,LEV AC Charge point 3.3 3.3 1 UJOY Private Maharashtra Pune Pune Singahad Road Goyal Ganga Chowk Shetriyakarlya Opp Manik Bagh,18.470174,73.825199,LEV AC,LEV AC Charge point,3.3,1,"Bureau of Energy Efficiency (BEE), Ministry of Power, Govt. of India",EV_PCS_Data_29277.pdf (Page 800),Operational (Verified Registry),October 2025
PUN-EV-1152,UJOY Charging Hub - LEV AC Charge point 3.3 3.3 1 UJOY ,UJOY,Ujoy,Private,Maharashtra,Pune,LEV AC Charge point 3.3 3.3 1 UJOY Private Maharashtra Pune Pune Singh Automobile Charholi Budruk,18.661112,73.890602,LEV AC,LEV AC Charge point,3.3,1,"Bureau of Energy Efficiency (BEE), Ministry of Power, Govt. of India",EV_PCS_Data_29277.pdf (Page 800),Operational (Verified Registry),October 2025
PUN-EV-1153,UJOY Charging Hub - LEV AC Charge point 3.3 3.3 1 UJOY ,UJOY,Ujoy,Private,Maharashtra,Pune,LEV AC Charge point 3.3 3.3 1 UJOY Private Maharashtra Pune Pune Sinhagad Road Nanded Phata Near Savali Dhaba,18.454527,73.79448,LEV AC,LEV AC Charge point,3.3,1,"Bureau of Energy Efficiency (BEE), Ministry of Power, Govt. of India",EV_PCS_Data_29277.pdf (Page 800),Operational (Verified Registry),October 2025
PUN-EV-1154,UJOY Charging Hub - LEV AC Charge point 3.3 3.3 1 UJOY ,UJOY,Ujoy,Private,Maharashtra,Pune,LEV AC Charge point 3.3 3.3 1 UJOY Private Maharashtra Pune Pune Sinhgad Road Anand Nagar,18.481458,73.821066,LEV AC,LEV AC Charge point,3.3,1,"Bureau of Energy Efficiency (BEE), Ministry of Power, Govt. of India",EV_PCS_Data_29277.pdf (Page 800),Operational (Verified Registry),October 2025
PUN-EV-1155,UJOY Charging Hub - LEV AC Charge point 3.3 3.3 1 UJOY ,UJOY,Ujoy,Private,Maharashtra,Pune,LEV AC Charge point 3.3 3.3 1 UJOY Private Maharashtra Pune Pune Sn 08 Yashawant Nagar Jail Road Yerwada Pune 411006,18.550771,73.889164,LEV AC,LEV AC Charge point,3.3,1,"Bureau of Energy Efficiency (BEE), Ministry of Power, Govt. of India",EV_PCS_Data_29277.pdf (Page 800),Operational (Verified Registry),October 2025
PUN-EV-1156,UJOY Charging Hub - LEV AC Charge point 3.3 3.3 1 UJOY ,UJOY,Ujoy,Private,Maharashtra,Pune,"LEV AC Charge point 3.3 3.3 1 UJOY Private Maharashtra Pune Pune Sn 32, A2-302 Parking, Kingston Elysia, Sai Shradha Bungalow Society, Near Kenzo Furniture Studio, Kondhwa-Pisoli Rd, Pisoli, Pune-411060",18.443939,73.900656,LEV AC,LEV AC Charge point,3.3,1,"Bureau of Energy Efficiency (BEE), Ministry of Power, Govt. of India",EV_PCS_Data_29277.pdf (Page 800),Operational (Verified Registry),October 2025
PUN-EV-1157,UJOY Charging Hub - LEV AC Charge point 3.3 3.3 1 UJOY ,UJOY,Ujoy,Private,Maharashtra,Pune,LEV AC Charge point 3.3 3.3 1 UJOY Private Maharashtra Pune Pune Sn 38 Khradkar Nagar Near Bhramha Sun Cuty,18.548493,73.919624,LEV AC,LEV AC Charge point,3.3,1,"Bureau of Energy Efficiency (BEE), Ministry of Power, Govt. of India",EV_PCS_Data_29277.pdf (Page 800),Operational (Verified Registry),October 2025
PUN-EV-1158,UJOY Charging Hub - LEV AC Charge point 3.3 3.3 1 UJOY ,UJOY,Ujoy,Private,Maharashtra,Pune,LEV AC Charge point 3.3 3.3 1 UJOY Private Maharashtra Pune Pune Sneh Kamal App Near Om Super Market Chowk Model Colony Shivaji Nagar,18.532577,73.83396,LEV AC,LEV AC Charge point,3.3,1,"Bureau of Energy Efficiency (BEE), Ministry of Power, Govt. of India",EV_PCS_Data_29277.pdf (Page 800),Operational (Verified Registry),October 2025
PUN-EV-1159,UJOY Charging Hub - LEV AC Charge point 3.3 3.3 1 UJOY ,UJOY,Ujoy,Private,Maharashtra,Pune,LEV AC Charge point 3.3 3.3 1 UJOY Private Maharashtra Pune Pune Sno 6 Dropadi Apt Vastu Nagar Soc Pune 37,18.480573,73.86819,LEV AC,LEV AC Charge point,3.3,1,"Bureau of Energy Efficiency (BEE), Ministry of Power, Govt. of India",EV_PCS_Data_29277.pdf (Page 800),Operational (Verified Registry),October 2025
PUN-EV-1160,UJOY Charging Hub - LEV AC Charge point 3.3 3.3 1 UJOY ,UJOY,Ujoy,Private,Maharashtra,Pune,"LEV AC Charge point 3.3 3.3 1 UJOY Private Maharashtra Pune Pune Sno.294 Mno.91 Nr.Kunjir Cycle Mart Pimpri Saudagar, Pune 411017",18.601642,73.801787,LEV AC,LEV AC Charge point,3.3,1,"Bureau of Energy Efficiency (BEE), Ministry of Power, Govt. of India",EV_PCS_Data_29277.pdf (Page 800),Operational (Verified Registry),October 2025
PUN-EV-1161,UJOY Charging Hub - LEV AC Charge point 3.3 3.3 1 UJOY ,UJOY,Ujoy,Private,Maharashtra,Pune,LEV AC Charge point 3.3 3.3 1 UJOY Private Maharashtra Pune Pune Somatne - Kasarsai Rd,18.68347,73.687408,LEV AC,LEV AC Charge point,3.3,6,"Bureau of Energy Efficiency (BEE), Ministry of Power, Govt. of India",EV_PCS_Data_29277.pdf (Page 800),Operational (Verified Registry),October 2025
PUN-EV-1162,UJOY Charging Hub - LEV AC Charge point 3.3 3.3 1 UJOY ,UJOY,Ujoy,Private,Maharashtra,Pune,LEV AC Charge point 3.3 3.3 1 UJOY Private Maharashtra Pune Pune Somlaka Building Shop No 6 Katraj Kondawa Rd,18.450677,73.878822,LEV AC,LEV AC Charge point,3.3,1,"Bureau of Energy Efficiency (BEE), Ministry of Power, Govt. of India",EV_PCS_Data_29277.pdf (Page 800),Operational (Verified Registry),October 2025
PUN-EV-1163,UJOY Charging Hub - LEV AC Charge point 3.3 3.3 1 UJOY ,UJOY,Ujoy,Private,Maharashtra,Pune,LEV AC Charge point 3.3 3.3 1 UJOY Private Maharashtra Pune Pune Somwar Peth,18.522046,73.868201,LEV AC,LEV AC Charge point,3.3,1,"Bureau of Energy Efficiency (BEE), Ministry of Power, Govt. of India",EV_PCS_Data_29277.pdf (Page 800),Operational (Verified Registry),October 2025
PUN-EV-1164,UJOY Charging Hub - LEV AC Charge point 3.3 3.3 1 UJOY ,UJOY,Ujoy,Private,Maharashtra,Pune,LEV AC Charge point 3.3 3.3 1 UJOY Private Maharashtra Pune Pune Somwar Peth,18.522368,73.869912,LEV AC,LEV AC Charge point,3.3,1,"Bureau of Energy Efficiency (BEE), Ministry of Power, Govt. of India",EV_PCS_Data_29277.pdf (Page 800),Operational (Verified Registry),October 2025
PUN-EV-1165,UJOY Charging Hub - LEV AC Charge point 3.3 3.3 1 UJOY ,UJOY,Ujoy,Private,Maharashtra,Pune,LEV AC Charge point 3.3 3.3 1 UJOY Private Maharashtra Pune Pune Somwarpeth,18.522184,73.867413,LEV AC,LEV AC Charge point,3.3,1,"Bureau of Energy Efficiency (BEE), Ministry of Power, Govt. of India",EV_PCS_Data_29277.pdf (Page 800),Operational (Verified Registry),October 2025
PUN-EV-1166,UJOY Charging Hub - LEV AC Charge point 3.3 3.3 1 UJOY ,UJOY,Ujoy,Private,Maharashtra,Pune,"LEV AC Charge point 3.3 3.3 1 UJOY Private Maharashtra Pune Pune Sonesta, Bhumkar Nagar",18.602831,73.746681,LEV AC,LEV AC Charge point,3.3,1,"Bureau of Energy Efficiency (BEE), Ministry of Power, Govt. of India",EV_PCS_Data_29277.pdf (Page 800),Operational (Verified Registry),October 2025
PUN-EV-1167,UJOY Charging Hub - LEV AC Charge point 3.3 3.3 1 UJOY ,UJOY,Ujoy,Private,Maharashtra,Pune,"LEV AC Charge point 3.3 3.3 1 UJOY Private Maharashtra Pune Pune Sonesta, Bhumkar Nagar, Wakad",18.602352,73.746731,LEV AC,LEV AC Charge point,3.3,1,"Bureau of Energy Efficiency (BEE), Ministry of Power, Govt. of India",EV_PCS_Data_29277.pdf (Page 800),Operational (Verified Registry),October 2025
PUN-EV-1168,UJOY Charging Hub - LEV AC Charge point 3.3 3.3 1 UJOY ,UJOY,Ujoy,Private,Maharashtra,Pune,LEV AC Charge point 3.3 3.3 1 UJOY Private Maharashtra Pune Pune Spine Road Jai Ganesh Samaraja Chowk Moshi,18.647577,73.849964,LEV AC,LEV AC Charge point,3.3,1,"Bureau of Energy Efficiency (BEE), Ministry of Power, Govt. of India",EV_PCS_Data_29277.pdf (Page 800),Operational (Verified Registry),October 2025
PUN-EV-1169,UJOY Charging Hub - LEV AC Charge point 3.3 3.3 1 UJOY ,UJOY,Ujoy,Private,Maharashtra,Pune,LEV AC Charge point 3.3 3.3 1 UJOY Private Maharashtra Pune Pune Sr .No .114/2 Shop No.17 Mathwad Pragan Shivtirth Nagar Paud Road Kothrud Pune 411038,18.510586,73.809845,LEV AC,LEV AC Charge point,3.3,1,"Bureau of Energy Efficiency (BEE), Ministry of Power, Govt. of India",EV_PCS_Data_29277.pdf (Page 800),Operational (Verified Registry),October 2025
PUN-EV-1170,UJOY Charging Hub - LEV AC Charge point 3.3 3.3 1 UJOY ,UJOY,Ujoy,Private,Maharashtra,Pune,LEV AC Charge point 3.3 3.3 1 UJOY Private Maharashtra Pune Pune Sr 15/A Devram Memories Opp Rio Fitness Club Nanded Phata,18.454247,73.793711,LEV AC,LEV AC Charge point,3.3,1,"Bureau of Energy Efficiency (BEE), Ministry of Power, Govt. of India",EV_PCS_Data_29277.pdf (Page 800),Operational (Verified Registry),October 2025
PUN-EV-1171,UJOY Charging Hub - LEV AC Charge point 3.3 3.3 1 UJOY ,UJOY,Ujoy,Private,Maharashtra,Pune,"LEV AC Charge point 3.3 3.3 1 UJOY Private Maharashtra Pune Pune Sr No 107, Nana Nagar, Kirkatwadi,Sinhagad Road, Pune 411024",18.441647,73.794937,LEV AC,LEV AC Charge point,3.3,1,"Bureau of Energy Efficiency (BEE), Ministry of Power, Govt. of India",EV_PCS_Data_29277.pdf (Page 800),Operational (Verified Registry),October 2025
PUN-EV-1172,UJOY Charging Hub - LEV AC Charge point 3.3 3.3 1 UJOY ,UJOY,Ujoy,Private,Maharashtra,Pune,LEV AC Charge point 3.3 3.3 1 UJOY Private Maharashtra Pune Pune Sr No 112B Vishrantwadi Alandi Road Pune 411015 Opposite To Vinod Memorial Hospital Pune 411015,18.573603,73.877947,LEV AC,LEV AC Charge point,3.3,1,"Bureau of Energy Efficiency (BEE), Ministry of Power, Govt. of India",EV_PCS_Data_29277.pdf (Page 800),Operational (Verified Registry),October 2025
PUN-EV-1173,UJOY Charging Hub - LEV AC Charge point 3.3 3.3 1 UJOY ,UJOY,Ujoy,Private,Maharashtra,Pune,LEV AC Charge point 3.3 3.3 1 UJOY Private Maharashtra Pune Pune Sr No 114 3 Plot 1,18.571971,73.874935,LEV AC,LEV AC Charge point,3.3,1,"Bureau of Energy Efficiency (BEE), Ministry of Power, Govt. of India",EV_PCS_Data_29277.pdf (Page 800),Operational (Verified Registry),October 2025
PUN-EV-1174,UJOY Charging Hub - LEV AC Charge point 3.3 3.3 1 UJOY ,UJOY,Ujoy,Private,Maharashtra,Pune,LEV AC Charge point 3.3 3.3 1 UJOY Private Maharashtra Pune Pune Sr No 119 Hotel Saudagar Near Kunal Icon Pimple Saudagar,18.594195,73.789917,LEV AC,LEV AC Charge point,3.3,1,"Bureau of Energy Efficiency (BEE), Ministry of Power, Govt. of India",EV_PCS_Data_29277.pdf (Page 800),Operational (Verified Registry),October 2025
PUN-EV-1175,"UJOY Charging Hub - Sr No 126/2A, Sai Residency Shop No",UJOY,Ujoy,Private,Maharashtra,Pune,"Sr No 126/2A, Sai Residency Shop No -2, 40 Feet Road Snbp International School Road Manjari Bk, Keshav Nagar Opposite G Mall Pune- 412307",18.533535,73.957436,LEV AC,LEV AC Charge point,3.3,1,"Bureau of Energy Efficiency (BEE), Ministry of Power, Govt. of India",EV_PCS_Data_29277.pdf (Page 801),Operational (Verified Registry),October 2025
PUN-EV-1176,UJOY Charging Hub - LEV AC Charge point 3.3 3.3 1 UJOY ,UJOY,Ujoy,Private,Maharashtra,Pune,LEV AC Charge point 3.3 3.3 1 UJOY Private Maharashtra Pune Pune Sr No 129/2/1 Baragani Mala Chavan Baug Dhayri Near Laxmi Mangal Karyalay,18.447928,73.80334,LEV AC,LEV AC Charge point,3.3,12,"Bureau of Energy Efficiency (BEE), Ministry of Power, Govt. of India",EV_PCS_Data_29277.pdf (Page 801),Operational (Verified Registry),October 2025
PUN-EV-1177,UJOY Charging Hub - LEV AC Charge point 3.3 3.3 1 UJOY ,UJOY,Ujoy,Private,Maharashtra,Pune,LEV AC Charge point 3.3 3.3 1 UJOY Private Maharashtra Pune Pune Sr No 13 C6 12 Sambhaji Nagar Near Teen Hatti Chowk Dhankawadi,18.4678,73.85343,LEV AC,LEV AC Charge point,3.3,6,"Bureau of Energy Efficiency (BEE), Ministry of Power, Govt. of India",EV_PCS_Data_29277.pdf (Page 801),Operational (Verified Registry),October 2025
PUN-EV-1178,UJOY Charging Hub - LEV AC Charge point 3.3 3.3 1 UJOY ,UJOY,Ujoy,Private,Maharashtra,Pune,LEV AC Charge point 3.3 3.3 1 UJOY Private Maharashtra Pune Pune Sr No 13D Shop No 6 Teen Hatti Chowk Sambhaji Nagar Dhankawadi,18.468007,73.853993,LEV AC,LEV AC Charge point,3.3,2,"Bureau of Energy Efficiency (BEE), Ministry of Power, Govt. of India",EV_PCS_Data_29277.pdf (Page 801),Operational (Verified Registry),October 2025
PUN-EV-1179,UJOY Charging Hub - LEV AC Charge point 3.3 3.3 1 UJOY ,UJOY,Ujoy,Private,Maharashtra,Pune,LEV AC Charge point 3.3 3.3 1 UJOY Private Maharashtra Pune Pune Sr No 148/1/2 Abhinav School Ambegaon Bus Stop,18.454329,73.836993,LEV AC,LEV AC Charge point,3.3,1,"Bureau of Energy Efficiency (BEE), Ministry of Power, Govt. of India",EV_PCS_Data_29277.pdf (Page 801),Operational (Verified Registry),October 2025
PUN-EV-1180,UJOY Charging Hub - LEV AC Charge point 3.3 3.3 1 UJOY ,UJOY,Ujoy,Private,Maharashtra,Pune,LEV AC Charge point 3.3 3.3 1 UJOY Private Maharashtra Pune Pune Sr No 19A Ashtavinayak Colony Bijali Nagar,18.639128,73.769037,LEV AC,LEV AC Charge point,3.3,1,"Bureau of Energy Efficiency (BEE), Ministry of Power, Govt. of India",EV_PCS_Data_29277.pdf (Page 801),Operational (Verified Registry),October 2025
PUN-EV-1181,UJOY Charging Hub - LEV AC Charge point 3.3 3.3 1 UJOY ,UJOY,Ujoy,Private,Maharashtra,Pune,LEV AC Charge point 3.3 3.3 1 UJOY Private Maharashtra Pune Pune Sr No 1Old Jakat Naka Anand Park,18.631862,73.777942,LEV AC,LEV AC Charge point,3.3,2,"Bureau of Energy Efficiency (BEE), Ministry of Power, Govt. of India",EV_PCS_Data_29277.pdf (Page 801),Operational (Verified Registry),October 2025
PUN-EV-1182,UJOY Charging Hub - LEV AC Charge point 3.3 3.3 1 UJOY ,UJOY,Ujoy,Private,Maharashtra,Pune,LEV AC Charge point 3.3 3.3 1 UJOY Private Maharashtra Pune Pune Sr No 2 Datta Nagar,18.546233,73.923255,LEV AC,LEV AC Charge point,3.3,5,"Bureau of Energy Efficiency (BEE), Ministry of Power, Govt. of India",EV_PCS_Data_29277.pdf (Page 801),Operational (Verified Registry),October 2025
PUN-EV-1183,UJOY Charging Hub - LEV AC Charge point 3.3 3.3 1 UJOY ,UJOY,Ujoy,Private,Maharashtra,Pune,LEV AC Charge point 3.3 3.3 1 UJOY Private Maharashtra Pune Pune Sr No 2 Plot No 5 Rattan Villa Apts,18.532499,73.906525,LEV AC,LEV AC Charge point,3.3,7,"Bureau of Energy Efficiency (BEE), Ministry of Power, Govt. of India",EV_PCS_Data_29277.pdf (Page 801),Operational (Verified Registry),October 2025
PUN-EV-1184,UJOY Charging Hub - LEV AC Charge point 3.3 3.3 1 UJOY ,UJOY,Ujoy,Private,Maharashtra,Pune,LEV AC Charge point 3.3 3.3 1 UJOY Private Maharashtra Pune Pune Sr No 2 Plot No 7 Rattan Villa Apts,18.534351,73.899773,LEV AC,LEV AC Charge point,3.3,4,"Bureau of Energy Efficiency (BEE), Ministry of Power, Govt. of India",EV_PCS_Data_29277.pdf (Page 801),Operational (Verified Registry),October 2025
PUN-EV-1185,UJOY Charging Hub - LEV AC Charge point 3.3 3.3 1 UJOY ,UJOY,Ujoy,Private,Maharashtra,Pune,"LEV AC Charge point 3.3 3.3 1 UJOY Private Maharashtra Pune Pune Sr No 20/4 , Kharadkar Park , Kharadi",18.539796,73.935542,LEV AC,LEV AC Charge point,3.3,1,"Bureau of Energy Efficiency (BEE), Ministry of Power, Govt. of India",EV_PCS_Data_29277.pdf (Page 801),Operational (Verified Registry),October 2025
PUN-EV-1186,UJOY Charging Hub - LEV AC Charge point 3.3 3.3 1 UJOY ,UJOY,Ujoy,Private,Maharashtra,Pune,LEV AC Charge point 3.3 3.3 1 UJOY Private Maharashtra Pune Pune Sr No 21 Mahadeo Nagar Ganesh Chowk Near Prerana School,18.462812,73.84569,LEV AC,LEV AC Charge point,3.3,1,"Bureau of Energy Efficiency (BEE), Ministry of Power, Govt. of India",EV_PCS_Data_29277.pdf (Page 801),Operational (Verified Registry),October 2025
PUN-EV-1187,UJOY Charging Hub - LEV AC Charge point 3.3 3.3 1 UJOY ,UJOY,Ujoy,Private,Maharashtra,Pune,LEV AC Charge point 3.3 3.3 1 UJOY Private Maharashtra Pune Pune Sr No 21/ 4 Shree Datta Laxmi Complex Kranti Park Kharadi Bh Muthoot Finance Pune 411014,18.540188,73.935217,LEV AC,LEV AC Charge point,3.3,3,"Bureau of Energy Efficiency (BEE), Ministry of Power, Govt. of India",EV_PCS_Data_29277.pdf (Page 801),Operational (Verified Registry),October 2025
PUN-EV-1188,UJOY Charging Hub - LEV AC Charge point 3.3 3.3 1 UJOY ,UJOY,Ujoy,Private,Maharashtra,Pune,LEV AC Charge point 3.3 3.3 1 UJOY Private Maharashtra Pune Pune Sr No 26/3 Mindawa Manjari Road Keshavnagar Mindawa,18.526451,73.953977,LEV AC,LEV AC Charge point,3.3,1,"Bureau of Energy Efficiency (BEE), Ministry of Power, Govt. of India",EV_PCS_Data_29277.pdf (Page 801),Operational (Verified Registry),October 2025
PUN-EV-1189,UJOY Charging Hub - LEV AC Charge point 3.3 3.3 1 UJOY ,UJOY,Ujoy,Private,Maharashtra,Pune,LEV AC Charge point 3.3 3.3 1 UJOY Private Maharashtra Pune Pune Sr No 31 1 Choudhari Nagar Dhanori Raod Pune 15,18.586123,73.896354,LEV AC,LEV AC Charge point,3.3,2,"Bureau of Energy Efficiency (BEE), Ministry of Power, Govt. of India",EV_PCS_Data_29277.pdf (Page 801),Operational (Verified Registry),October 2025
PUN-EV-1190,UJOY Charging Hub - LEV AC Charge point 3.3 3.3 1 UJOY ,UJOY,Ujoy,Private,Maharashtra,Pune,"LEV AC Charge point 3.3 3.3 1 UJOY Private Maharashtra Pune Pune Sr No 38/2,Anjani Niwas,Sant Gora Kumbhar Colony,Opposite Balaji Law College, Tathawade",18.626196,73.756135,LEV AC,LEV AC Charge point,3.3,1,"Bureau of Energy Efficiency (BEE), Ministry of Power, Govt. of India",EV_PCS_Data_29277.pdf (Page 801),Operational (Verified Registry),October 2025
PUN-EV-1191,UJOY Charging Hub - LEV AC Charge point 3.3 3.3 1 UJOY ,UJOY,Ujoy,Private,Maharashtra,Pune,LEV AC Charge point 3.3 3.3 1 UJOY Private Maharashtra Pune Pune Sr No 39 2 1 A Vadgaon Bk National Park Road Opp Indian Hume Pipe Co Sinhagad Road Pune,18.471046,73.821715,LEV AC,LEV AC Charge point,3.3,1,"Bureau of Energy Efficiency (BEE), Ministry of Power, Govt. of India",EV_PCS_Data_29277.pdf (Page 801),Operational (Verified Registry),October 2025
PUN-EV-1192,UJOY Charging Hub - LEV AC Charge point 3.3 3.3 1 UJOY ,UJOY,Ujoy,Private,Maharashtra,Pune,LEV AC Charge point 3.3 3.3 1 UJOY Private Maharashtra Pune Pune Sr No 43/4 Near Munjoba Temple Whalekar Wadi Road Chinchwad Pune 411033,18.631452,73.770858,LEV AC,LEV AC Charge point,3.3,12,"Bureau of Energy Efficiency (BEE), Ministry of Power, Govt. of India",EV_PCS_Data_29277.pdf (Page 801),Operational (Verified Registry),October 2025
PUN-EV-1193,UJOY Charging Hub - LEV AC Charge point 3.3 3.3 1 UJOY ,UJOY,Ujoy,Private,Maharashtra,Pune,LEV AC Charge point 3.3 3.3 1 UJOY Private Maharashtra Pune Pune Sr No 48 Shop No 6 Anand Park Dhanori Road Pune 12,18.581575,73.88262,LEV AC,LEV AC Charge point,3.3,1,"Bureau of Energy Efficiency (BEE), Ministry of Power, Govt. of India",EV_PCS_Data_29277.pdf (Page 801),Operational (Verified Registry),October 2025
PUN-EV-1194,UJOY Charging Hub - LEV AC Charge point 3.3 3.3 1 UJOY ,UJOY,Ujoy,Private,Maharashtra,Pune,"LEV AC Charge point 3.3 3.3 1 UJOY Private Maharashtra Pune Pune Sr No- 48/1, Bhujbal Wasti, Near White Square Building, Hinjewadi Road, Wakad",18.590869,73.752192,LEV AC,LEV AC Charge point,3.3,1,"Bureau of Energy Efficiency (BEE), Ministry of Power, Govt. of India",EV_PCS_Data_29277.pdf (Page 801),Operational (Verified Registry),October 2025
PUN-EV-1195,UJOY Charging Hub - LEV AC Charge point 3.3 3.3 1 UJOY ,UJOY,Ujoy,Private,Maharashtra,Pune,LEV AC Charge point 3.3 3.3 1 UJOY Private Maharashtra Pune Pune Sr No 49 Opp Union Bank Near Icici Bank Bt Kawade Rd Mundwa,18.5257,73.906321,LEV AC,LEV AC Charge point,3.3,3,"Bureau of Energy Efficiency (BEE), Ministry of Power, Govt. of India",EV_PCS_Data_29277.pdf (Page 801),Operational (Verified Registry),October 2025
PUN-EV-1196,UJOY Charging Hub - LEV AC Charge point 3.3 3.3 1 UJOY ,UJOY,Ujoy,Private,Maharashtra,Pune,LEV AC Charge point 3.3 3.3 1 UJOY Private Maharashtra Pune Pune Sr No 49/1/2/3 Gananjay Society Omkar Shri Apartment Kothrud,18.501652,73.804939,LEV AC,LEV AC Charge point,3.3,1,"Bureau of Energy Efficiency (BEE), Ministry of Power, Govt. of India",EV_PCS_Data_29277.pdf (Page 801),Operational (Verified Registry),October 2025
PUN-EV-1197,UJOY Charging Hub - LEV AC Charge point 3.3 3.3 1 UJOY ,UJOY,Ujoy,Private,Maharashtra,Pune,LEV AC Charge point 3.3 3.3 1 UJOY Private Maharashtra Pune Pune Sr No 56/1 Shewantiban Coloney Spine Rd,18.636457,73.767519,LEV AC,LEV AC Charge point,3.3,1,"Bureau of Energy Efficiency (BEE), Ministry of Power, Govt. of India",EV_PCS_Data_29277.pdf (Page 801),Operational (Verified Registry),October 2025
PUN-EV-1198,UJOY Charging Hub - LEV AC Charge point 3.3 3.3 1 UJOY ,UJOY,Ujoy,Private,Maharashtra,Pune,"LEV AC Charge point 3.3 3.3 1 UJOY Private Maharashtra Pune Pune Sr No 63 Old Mumbai Pune Road, Dapodi",18.577458,73.835021,LEV AC,LEV AC Charge point,3.3,1,"Bureau of Energy Efficiency (BEE), Ministry of Power, Govt. of India",EV_PCS_Data_29277.pdf (Page 801),Operational (Verified Registry),October 2025
PUN-EV-1199,UJOY Charging Hub - LEV AC Charge point 3.3 3.3 1 UJOY ,UJOY,Ujoy,Private,Maharashtra,Pune,LEV AC Charge point 3.3 3.3 1 UJOY Private Maharashtra Pune Pune Sr No 81 1A Akshay Apartment Near Vandan Sweet Famous Chowk New Sangvi Pune,18.579286,73.812642,LEV AC,LEV AC Charge point,3.3,1,"Bureau of Energy Efficiency (BEE), Ministry of Power, Govt. of India",EV_PCS_Data_29277.pdf (Page 801),Operational (Verified Registry),October 2025
PUN-EV-1200,UJOY Charging Hub - LEV AC Charge point 3.3 3.3 1 UJOY ,UJOY,Ujoy,Private,Maharashtra,Pune,LEV AC Charge point 3.3 3.3 1 UJOY Private Maharashtra Pune Pune Sr No12/14 Pawar Nagar Near Phonix Hospital Kalewadi Phata Thergaon,18.605377,73.775815,LEV AC,LEV AC Charge point,3.3,7,"Bureau of Energy Efficiency (BEE), Ministry of Power, Govt. of India",EV_PCS_Data_29277.pdf (Page 801),Operational (Verified Registry),October 2025
PUN-EV-1201,UJOY Charging Hub - LEV AC Charge point 3.3 3.3 1 UJOY ,UJOY,Ujoy,Private,Maharashtra,Pune,"LEV AC Charge point 3.3 3.3 1 UJOY Private Maharashtra Pune Pune Sr, No-124/3/7 Sadguru Nagar, Pune Nashik Road ,Bhaari Pune",18.633808,73.84976,LEV AC,LEV AC Charge point,3.3,4,"Bureau of Energy Efficiency (BEE), Ministry of Power, Govt. of India",EV_PCS_Data_29277.pdf (Page 801),Operational (Verified Registry),October 2025
PUN-EV-1202,UJOY Charging Hub - LEV AC Charge point 3.3 3.3 1 UJOY ,UJOY,Ujoy,Private,Maharashtra,Pune,"LEV AC Charge point 3.3 3.3 1 UJOY Private Maharashtra Pune Pune Sr. No.48/4, Kewate Building, Behind Kuba Masjid, Ganesh Nagar, Wadgaon Sheri,",18.555271,73.92806,LEV AC,LEV AC Charge point,3.3,12,"Bureau of Energy Efficiency (BEE), Ministry of Power, Govt. of India",EV_PCS_Data_29277.pdf (Page 801),Operational (Verified Registry),October 2025
PUN-EV-1203,UJOY Charging Hub - LEV AC Charge point 3.3 3.3 1 UJOY ,UJOY,Ujoy,Private,Maharashtra,Pune,"LEV AC Charge point 3.3 3.3 1 UJOY Private Maharashtra Pune Pune Sr.No.12,Adarsh Nagar, Opp.St.Arnold School, Sun City Road, Wadgaonsheri",18.550886,73.912896,LEV AC,LEV AC Charge point,3.3,3,"Bureau of Energy Efficiency (BEE), Ministry of Power, Govt. of India",EV_PCS_Data_29277.pdf (Page 801),Operational (Verified Registry),October 2025
PUN-EV-1204,UJOY Charging Hub - LEV AC Charge point 3.3 3.3 1 UJOY ,UJOY,Ujoy,Private,Maharashtra,Pune,LEV AC Charge point 3.3 3.3 1 UJOY Private Maharashtra Pune Pune Sr.No.4/3 Nirgudi Road Khandoba Mal Lohgaon Pune Maharashtra,18.610164,73.927078,LEV AC,LEV AC Charge point,3.3,1,"Bureau of Energy Efficiency (BEE), Ministry of Power, Govt. of India",EV_PCS_Data_29277.pdf (Page 801),Operational (Verified Registry),October 2025
PUN-EV-1205,UJOY Charging Hub - LEV AC Charge point 3.3 3.3 1 UJOY ,UJOY,Ujoy,Private,Maharashtra,Pune,"LEV AC Charge point 3.3 3.3 1 UJOY Private Maharashtra Pune Pune Sr.No-36/1,Near Amro School, Navnathnagar, Dhankawadi",18.464852,73.846067,LEV AC,LEV AC Charge point,3.3,1,"Bureau of Energy Efficiency (BEE), Ministry of Power, Govt. of India",EV_PCS_Data_29277.pdf (Page 801),Operational (Verified Registry),October 2025
PUN-EV-1206,UJOY Charging Hub - LEV AC Charge point 3.3 3.3 1 UJOY ,UJOY,Ujoy,Private,Maharashtra,Pune,LEV AC Charge point 3.3 3.3 1 UJOY Private Maharashtra Pune Pune Srno15 Manjri Road Indraprastha Society Sushila Residensi,18.500689,73.95169,LEV AC,LEV AC Charge point,3.3,1,"Bureau of Energy Efficiency (BEE), Ministry of Power, Govt. of India",EV_PCS_Data_29277.pdf (Page 801),Operational (Verified Registry),October 2025
PUN-EV-1207,UJOY Charging Hub - LEV AC Charge point 3.3 3.3 1 UJOY ,UJOY,Ujoy,Private,Maharashtra,Pune,LEV AC Charge point 3.3 3.3 1 UJOY Private Maharashtra Pune Pune Srushti Complex Nagar Road Ramwadi,18.557866,73.910393,LEV AC,LEV AC Charge point,3.3,1,"Bureau of Energy Efficiency (BEE), Ministry of Power, Govt. of India",EV_PCS_Data_29277.pdf (Page 801),Operational (Verified Registry),October 2025
PUN-EV-1208,UJOY Charging Hub - LEV AC Charge point 3.3 3.3 1 UJOY ,UJOY,Ujoy,Private,Maharashtra,Pune,LEV AC Charge point 3.3 3.3 1 UJOY Private Maharashtra Pune Pune Srvice Road Between Ganesh Complex And Sunder Garden Near Last Gate Of Sunder Garden Manik Baug Sinhgad Road Pune 411051,18.474674,73.820351,LEV AC,LEV AC Charge point,3.3,8,"Bureau of Energy Efficiency (BEE), Ministry of Power, Govt. of India",EV_PCS_Data_29277.pdf (Page 801),Operational (Verified Registry),October 2025
PUN-EV-1209,UJOY Charging Hub - LEV AC Charge point 3.3 3.3 1 UJOY ,UJOY,Ujoy,Private,Maharashtra,Pune,LEV AC Charge point 3.3 3.3 1 UJOY Private Maharashtra Pune Pune Station Road Pimpri Near Csb Bank,18.624867,73.804585,LEV AC,LEV AC Charge point,3.3,1,"Bureau of Energy Efficiency (BEE), Ministry of Power, Govt. of India",EV_PCS_Data_29277.pdf (Page 801),Operational (Verified Registry),October 2025
PUN-EV-1210,UJOY Charging Hub - LEV AC Charge point 3.3 3.3 1 UJOY ,UJOY,Ujoy,Private,Maharashtra,Pune,LEV AC Charge point 3.3 3.3 1 UJOY Private Maharashtra Pune Pune Subhash Nagar Yarwada,18.552563,73.889096,LEV AC,LEV AC Charge point,3.3,1,"Bureau of Energy Efficiency (BEE), Ministry of Power, Govt. of India",EV_PCS_Data_29277.pdf (Page 801),Operational (Verified Registry),October 2025
PUN-EV-1211,UJOY Charging Hub - LEV AC Charge point 3.3 3.3 1 UJOY ,UJOY,Ujoy,Private,Maharashtra,Pune,LEV AC Charge point 3.3 3.3 1 UJOY Private Maharashtra Pune Pune Sukh Sagar Nagar Balaji Gardan Near Ambika Sweet Katraj,18.455832,73.872675,LEV AC,LEV AC Charge point,3.3,1,"Bureau of Energy Efficiency (BEE), Ministry of Power, Govt. of India",EV_PCS_Data_29277.pdf (Page 802),Operational (Verified Registry),October 2025
PUN-EV-1212,UJOY Charging Hub - LEV AC Charge point 3.3 3.3 1 UJOY ,UJOY,Ujoy,Private,Maharashtra,Pune,LEV AC Charge point 3.3 3.3 1 UJOY Private Maharashtra Pune Pune Sukh Sagar Nagar Part 1 Near Mona Art Gayatri Building,18.45688,73.866,LEV AC,LEV AC Charge point,3.3,3,"Bureau of Energy Efficiency (BEE), Ministry of Power, Govt. of India",EV_PCS_Data_29277.pdf (Page 802),Operational (Verified Registry),October 2025
PUN-EV-1213,UJOY Charging Hub - LEV AC Charge point 3.3 3.3 1 UJOY ,UJOY,Ujoy,Private,Maharashtra,Pune,"LEV AC Charge point 3.3 3.3 1 UJOY Private Maharashtra Pune Pune Sukhawani Imperial, Shop No 11.Phase 3,Ajmera- Morwadi Road",18.633227,73.804912,LEV AC,LEV AC Charge point,3.3,1,"Bureau of Energy Efficiency (BEE), Ministry of Power, Govt. of India",EV_PCS_Data_29277.pdf (Page 802),Operational (Verified Registry),October 2025
PUN-EV-1214,UJOY Charging Hub - LEV AC Charge point 3.3 3.3 1 UJOY ,UJOY,Ujoy,Private,Maharashtra,Pune,LEV AC Charge point 3.3 3.3 1 UJOY Private Maharashtra Pune Pune Sukhwani Vihar Co Op Housing Society Ltd,18.653186,73.780621,LEV AC,LEV AC Charge point,3.3,2,"Bureau of Energy Efficiency (BEE), Ministry of Power, Govt. of India",EV_PCS_Data_29277.pdf (Page 802),Operational (Verified Registry),October 2025
PUN-EV-1215,UJOY Charging Hub - LEV AC Charge point 3.3 3.3 1 UJOY ,UJOY,Ujoy,Private,Maharashtra,Pune,LEV AC Charge point 3.3 3.3 1 UJOY Private Maharashtra Pune Pune Suncity Road,18.477907,73.819987,LEV AC,LEV AC Charge point,3.3,1,"Bureau of Energy Efficiency (BEE), Ministry of Power, Govt. of India",EV_PCS_Data_29277.pdf (Page 802),Operational (Verified Registry),October 2025
PUN-EV-1216,UJOY Charging Hub - LEV AC Charge point 3.3 3.3 1 UJOY ,UJOY,Ujoy,Private,Maharashtra,Pune,"LEV AC Charge point 3.3 3.3 1 UJOY Private Maharashtra Pune Pune Suncity Road, Near Bhaji Mandai",18.47629,73.816906,LEV AC,LEV AC Charge point,3.3,1,"Bureau of Energy Efficiency (BEE), Ministry of Power, Govt. of India",EV_PCS_Data_29277.pdf (Page 802),Operational (Verified Registry),October 2025
PUN-EV-1217,UJOY Charging Hub - LEV AC Charge point 3.3 3.3 1 UJOY ,UJOY,Ujoy,Private,Maharashtra,Pune,LEV AC Charge point 3.3 3.3 1 UJOY Private Maharashtra Pune Pune Surbhi Complex Near Hotel Haveli Pune Nashik Highway,18.631452,73.851279,LEV AC,LEV AC Charge point,3.3,4,"Bureau of Energy Efficiency (BEE), Ministry of Power, Govt. of India",EV_PCS_Data_29277.pdf (Page 802),Operational (Verified Registry),October 2025
PUN-EV-1218,UJOY Charging Hub - LEV AC Charge point 3.3 3.3 1 UJOY ,UJOY,Ujoy,Private,Maharashtra,Pune,LEV AC Charge point 3.3 3.3 1 UJOY Private Maharashtra Pune Pune Survay No 4 Jambhulkar Chowk Opp Handicapped School Wanwadi,18.495432,73.900122,LEV AC,LEV AC Charge point,3.3,1,"Bureau of Energy Efficiency (BEE), Ministry of Power, Govt. of India",EV_PCS_Data_29277.pdf (Page 802),Operational (Verified Registry),October 2025
PUN-EV-1219,UJOY Charging Hub - LEV AC Charge point 3.3 3.3 1 UJOY ,UJOY,Ujoy,Private,Maharashtra,Pune,"LEV AC Charge point 3.3 3.3 1 UJOY Private Maharashtra Pune Pune Survey No 225, Vimal Farm, Aundh - Baner Link Road, Opp. The Spires, Aundh,",18.565102,73.79707,LEV AC,LEV AC Charge point,3.3,1,"Bureau of Energy Efficiency (BEE), Ministry of Power, Govt. of India",EV_PCS_Data_29277.pdf (Page 802),Operational (Verified Registry),October 2025
PUN-EV-1220,UJOY Charging Hub - LEV AC Charge point 3.3 3.3 1 UJOY ,UJOY,Ujoy,Private,Maharashtra,Pune,"LEV AC Charge point 3.3 3.3 1 UJOY Private Maharashtra Pune Pune Survey No 4/12,4/13, 4/14, Bldg Name Rucha, In Front Of Punawale Brt Busstop, Punawale",18.637657,73.749808,LEV AC,LEV AC Charge point,3.3,1,"Bureau of Energy Efficiency (BEE), Ministry of Power, Govt. of India",EV_PCS_Data_29277.pdf (Page 802),Operational (Verified Registry),October 2025
PUN-EV-1221,UJOY Charging Hub - LEV AC Charge point 3.3 3.3 1 UJOY ,UJOY,Ujoy,Private,Maharashtra,Pune,LEV AC Charge point 3.3 3.3 1 UJOY Private Maharashtra Pune Pune Survey No 64 Opp Aishwaryam Society Main Road Chinchwad Pune 19,18.652342,73.792682,LEV AC,LEV AC Charge point,3.3,6,"Bureau of Energy Efficiency (BEE), Ministry of Power, Govt. of India",EV_PCS_Data_29277.pdf (Page 802),Operational (Verified Registry),October 2025
PUN-EV-1222,UJOY Charging Hub - LEV AC Charge point 3.3 3.3 1 UJOY ,UJOY,Ujoy,Private,Maharashtra,Pune,"LEV AC Charge point 3.3 3.3 1 UJOY Private Maharashtra Pune Pune Survey No. 77/5&6, Near Vishnu Malti Ind Estate, Shivane",18.469901,73.794057,LEV AC,LEV AC Charge point,3.3,1,"Bureau of Energy Efficiency (BEE), Ministry of Power, Govt. of India",EV_PCS_Data_29277.pdf (Page 802),Operational (Verified Registry),October 2025
PUN-EV-1223,UJOY Charging Hub - LEV AC Charge point 3.3 3.3 1 UJOY ,UJOY,Ujoy,Private,Maharashtra,Pune,LEV AC Charge point 3.3 3.3 1 UJOY Private Maharashtra Pune Pune Sus,18.553842,73.740743,LEV AC,LEV AC Charge point,3.3,1,"Bureau of Energy Efficiency (BEE), Ministry of Power, Govt. of India",EV_PCS_Data_29277.pdf (Page 802),Operational (Verified Registry),October 2025
PUN-EV-1224,UJOY Charging Hub - LEV AC Charge point 3.3 3.3 1 UJOY ,UJOY,Ujoy,Private,Maharashtra,Pune,LEV AC Charge point 3.3 3.3 1 UJOY Private Maharashtra Pune Pune Sus Road Near Datta Mandir,18.541467,73.793412,LEV AC,LEV AC Charge point,3.3,1,"Bureau of Energy Efficiency (BEE), Ministry of Power, Govt. of India",EV_PCS_Data_29277.pdf (Page 802),Operational (Verified Registry),October 2025
PUN-EV-1225,UJOY Charging Hub - LEV AC Charge point 3.3 3.3 1 UJOY ,UJOY,Ujoy,Private,Maharashtra,Pune,LEV AC Charge point 3.3 3.3 1 UJOY Private Maharashtra Pune Pune Suyash Nisarg Co. Hsg. Society,18.472428,73.931013,LEV AC,LEV AC Charge point,3.3,1,"Bureau of Energy Efficiency (BEE), Ministry of Power, Govt. of India",EV_PCS_Data_29277.pdf (Page 802),Operational (Verified Registry),October 2025
PUN-EV-1226,UJOY Charging Hub - LEV AC Charge point 3.3 3.3 1 UJOY ,UJOY,Ujoy,Private,Maharashtra,Pune,LEV AC Charge point 3.3 3.3 1 UJOY Private Maharashtra Pune Pune Suyash Nisarg Handewadi Road,18.471973,73.931009,LEV AC,LEV AC Charge point,3.3,1,"Bureau of Energy Efficiency (BEE), Ministry of Power, Govt. of India",EV_PCS_Data_29277.pdf (Page 802),Operational (Verified Registry),October 2025
PUN-EV-1227,UJOY Charging Hub - LEV AC Charge point 3.3 3.3 1 UJOY ,UJOY,Ujoy,Private,Maharashtra,Pune,"LEV AC Charge point 3.3 3.3 1 UJOY Private Maharashtra Pune Pune Swami Samarth Colony, Sharad Nagar No. 8, Chikhali, Pimpri-Chinchwad, Maharashtra 412119",18.669186,73.803733,LEV AC,LEV AC Charge point,3.3,1,"Bureau of Energy Efficiency (BEE), Ministry of Power, Govt. of India",EV_PCS_Data_29277.pdf (Page 802),Operational (Verified Registry),October 2025
PUN-EV-1228,UJOY Charging Hub - LEV AC Charge point 3.3 3.3 1 UJOY ,UJOY,Ujoy,Private,Maharashtra,Pune,LEV AC Charge point 3.3 3.3 1 UJOY Private Maharashtra Pune Pune Swargate,18.497672,73.858231,LEV AC,LEV AC Charge point,3.3,9,"Bureau of Energy Efficiency (BEE), Ministry of Power, Govt. of India",EV_PCS_Data_29277.pdf (Page 802),Operational (Verified Registry),October 2025
PUN-EV-1229,UJOY Charging Hub - LEV AC Charge point 3.3 3.3 1 UJOY ,UJOY,Ujoy,Private,Maharashtra,Pune,LEV AC Charge point 3.3 3.3 1 UJOY Private Maharashtra Pune Pune Swargate,18.501691,73.858082,LEV AC,LEV AC Charge point,3.3,1,"Bureau of Energy Efficiency (BEE), Ministry of Power, Govt. of India",EV_PCS_Data_29277.pdf (Page 802),Operational (Verified Registry),October 2025
PUN-EV-1230,UJOY Charging Hub - LEV AC Charge point 3.3 3.3 1 UJOY ,UJOY,Ujoy,Private,Maharashtra,Pune,LEV AC Charge point 3.3 3.3 1 UJOY Private Maharashtra Pune Pune Swargate Satara Rode Pune,18.493706,73.858011,LEV AC,LEV AC Charge point,3.3,1,"Bureau of Energy Efficiency (BEE), Ministry of Power, Govt. of India",EV_PCS_Data_29277.pdf (Page 802),Operational (Verified Registry),October 2025
PUN-EV-1231,UJOY Charging Hub - LEV AC Charge point 3.3 3.3 1 UJOY ,UJOY,Ujoy,Private,Maharashtra,Pune,LEV AC Charge point 3.3 3.3 1 UJOY Private Maharashtra Pune Pune Swargeat,18.501874,73.858806,LEV AC,LEV AC Charge point,3.3,1,"Bureau of Energy Efficiency (BEE), Ministry of Power, Govt. of India",EV_PCS_Data_29277.pdf (Page 802),Operational (Verified Registry),October 2025
PUN-EV-1232,UJOY Charging Hub - LEV AC Charge point 3.3 3.3 1 UJOY ,UJOY,Ujoy,Private,Maharashtra,Pune,"LEV AC Charge point 3.3 3.3 1 UJOY Private Maharashtra Pune Pune Swastha Homoeopathy, Shop No 1, Metro9, Shivraj Nagar Bus Stop",18.599477,73.780806,LEV AC,LEV AC Charge point,3.3,10,"Bureau of Energy Efficiency (BEE), Ministry of Power, Govt. of India",EV_PCS_Data_29277.pdf (Page 802),Operational (Verified Registry),October 2025
PUN-EV-1233,UJOY Charging Hub - LEV AC Charge point 3.3 3.3 1 UJOY ,UJOY,Ujoy,Private,Maharashtra,Pune,LEV AC Charge point 3.3 3.3 1 UJOY Private Maharashtra Pune Pune Swastik Residency Co Op Housing Society,18.596941,73.774595,LEV AC,LEV AC Charge point,3.3,1,"Bureau of Energy Efficiency (BEE), Ministry of Power, Govt. of India",EV_PCS_Data_29277.pdf (Page 802),Operational (Verified Registry),October 2025
PUN-EV-1234,UJOY Charging Hub - LEV AC Charge point 3.3 3.3 1 UJOY ,UJOY,Ujoy,Private,Maharashtra,Pune,LEV AC Charge point 3.3 3.3 1 UJOY Private Maharashtra Pune Pune Symbosis College Viman Nagar,18.565874,73.908032,LEV AC,LEV AC Charge point,3.3,1,"Bureau of Energy Efficiency (BEE), Ministry of Power, Govt. of India",EV_PCS_Data_29277.pdf (Page 802),Operational (Verified Registry),October 2025
PUN-EV-1235,UJOY Charging Hub - LEV AC Charge point 3.3 3.3 1 UJOY ,UJOY,Ujoy,Private,Maharashtra,Pune,LEV AC Charge point 3.3 3.3 1 UJOY Private Maharashtra Pune Pune Talawade,18.677039,73.788043,LEV AC,LEV AC Charge point,3.3,1,"Bureau of Energy Efficiency (BEE), Ministry of Power, Govt. of India",EV_PCS_Data_29277.pdf (Page 802),Operational (Verified Registry),October 2025
PUN-EV-1236,UJOY Charging Hub - LEV AC Charge point 3.3 3.3 1 UJOY ,UJOY,Ujoy,Private,Maharashtra,Pune,LEV AC Charge point 3.3 3.3 1 UJOY Private Maharashtra Pune Pune Talawade It Park,18.702784,73.789649,LEV AC,LEV AC Charge point,3.3,1,"Bureau of Energy Efficiency (BEE), Ministry of Power, Govt. of India",EV_PCS_Data_29277.pdf (Page 802),Operational (Verified Registry),October 2025
PUN-EV-1237,UJOY Charging Hub - LEV AC Charge point 3.3 3.3 1 UJOY ,UJOY,Ujoy,Private,Maharashtra,Pune,"LEV AC Charge point 3.3 3.3 1 UJOY Private Maharashtra Pune Pune Talawade Rd, Jyotibanagar",18.683552,73.788664,LEV AC,LEV AC Charge point,3.3,1,"Bureau of Energy Efficiency (BEE), Ministry of Power, Govt. of India",EV_PCS_Data_29277.pdf (Page 802),Operational (Verified Registry),October 2025
PUN-EV-1238,UJOY Charging Hub - LEV AC Charge point 3.3 3.3 1 UJOY ,UJOY,Ujoy,Private,Maharashtra,Pune,LEV AC Charge point 3.3 3.3 1 UJOY Private Maharashtra Pune Pune Talegaon Chakan Road Opp. Aishwarya Hotel Talegaon Dabhade Tal Maval Dist Pune 410507,18.734632,73.693604,LEV AC,LEV AC Charge point,3.3,1,"Bureau of Energy Efficiency (BEE), Ministry of Power, Govt. of India",EV_PCS_Data_29277.pdf (Page 802),Operational (Verified Registry),October 2025
PUN-EV-1239,UJOY Charging Hub - LEV AC Charge point 3.3 3.3 1 UJOY ,UJOY,Ujoy,Private,Maharashtra,Pune,LEV AC Charge point 3.3 3.3 1 UJOY Private Maharashtra Pune Pune Talegaon Chakan Road Talegaon Dabhade,18.735023,73.693876,LEV AC,LEV AC Charge point,3.3,1,"Bureau of Energy Efficiency (BEE), Ministry of Power, Govt. of India",EV_PCS_Data_29277.pdf (Page 803),Operational (Verified Registry),October 2025
PUN-EV-1240,UJOY Charging Hub - LEV AC Charge point 3.3 3.3 1 UJOY ,UJOY,Ujoy,Private,Maharashtra,Pune,LEV AC Charge point 3.3 3.3 1 UJOY Private Maharashtra Pune Pune Talegaon Malunge Road. Near Lumax Company,18.754103,73.797953,LEV AC,LEV AC Charge point,3.3,1,"Bureau of Energy Efficiency (BEE), Ministry of Power, Govt. of India",EV_PCS_Data_29277.pdf (Page 803),Operational (Verified Registry),October 2025
PUN-EV-1241,UJOY Charging Hub - LEV AC Charge point 3.3 3.3 1 UJOY ,UJOY,Ujoy,Private,Maharashtra,Pune,LEV AC Charge point 3.3 3.3 1 UJOY Private Maharashtra Pune Pune Taljai,18.486681,73.850126,LEV AC,LEV AC Charge point,3.3,1,"Bureau of Energy Efficiency (BEE), Ministry of Power, Govt. of India",EV_PCS_Data_29277.pdf (Page 803),Operational (Verified Registry),October 2025
PUN-EV-1242,UJOY Charging Hub - LEV AC Charge point 3.3 3.3 1 UJOY ,UJOY,Ujoy,Private,Maharashtra,Pune,LEV AC Charge point 3.3 3.3 1 UJOY Private Maharashtra Pune Pune Talwade,18.673758,73.787082,LEV AC,LEV AC Charge point,3.3,1,"Bureau of Energy Efficiency (BEE), Ministry of Power, Govt. of India",EV_PCS_Data_29277.pdf (Page 803),Operational (Verified Registry),October 2025
PUN-EV-1243,UJOY Charging Hub - LEV AC Charge point 3.3 3.3 1 UJOY ,UJOY,Ujoy,Private,Maharashtra,Pune,LEV AC Charge point 3.3 3.3 1 UJOY Private Maharashtra Pune Pune Talwdae,18.666309,73.786336,LEV AC,LEV AC Charge point,3.3,1,"Bureau of Energy Efficiency (BEE), Ministry of Power, Govt. of India",EV_PCS_Data_29277.pdf (Page 803),Operational (Verified Registry),October 2025
PUN-EV-1244,UJOY Charging Hub - LEV AC Charge point 3.3 3.3 1 UJOY ,UJOY,Ujoy,Private,Maharashtra,Pune,LEV AC Charge point 3.3 3.3 1 UJOY Private Maharashtra Pune Pune Talwde,18.668672,73.784518,LEV AC,LEV AC Charge point,3.3,1,"Bureau of Energy Efficiency (BEE), Ministry of Power, Govt. of India",EV_PCS_Data_29277.pdf (Page 803),Operational (Verified Registry),October 2025
PUN-EV-1245,UJOY Charging Hub - LEV AC Charge point 3.3 3.3 1 UJOY ,UJOY,Ujoy,Private,Maharashtra,Pune,LEV AC Charge point 3.3 3.3 1 UJOY Private Maharashtra Pune Pune Tangade Wasti Opp Chintamani Treder Bhugaon,18.500003,73.738763,LEV AC,LEV AC Charge point,3.3,1,"Bureau of Energy Efficiency (BEE), Ministry of Power, Govt. of India",EV_PCS_Data_29277.pdf (Page 803),Operational (Verified Registry),October 2025
PUN-EV-1246,UJOY Charging Hub - LEV AC Charge point 3.3 3.3 1 UJOY ,UJOY,Ujoy,Private,Maharashtra,Pune,LEV AC Charge point 3.3 3.3 1 UJOY Private Maharashtra Pune Pune Tank Road Shanti Nagar,18.567536,73.87806,LEV AC,LEV AC Charge point,3.3,1,"Bureau of Energy Efficiency (BEE), Ministry of Power, Govt. of India",EV_PCS_Data_29277.pdf (Page 803),Operational (Verified Registry),October 2025
PUN-EV-1247,UJOY Charging Hub - LEV AC Charge point 3.3 3.3 1 UJOY ,UJOY,Ujoy,Private,Maharashtra,Pune,LEV AC Charge point 3.3 3.3 1 UJOY Private Maharashtra Pune Pune Tapkir Malla Chowk,18.611745,73.792434,LEV AC,LEV AC Charge point,3.3,1,"Bureau of Energy Efficiency (BEE), Ministry of Power, Govt. of India",EV_PCS_Data_29277.pdf (Page 803),Operational (Verified Registry),October 2025
PUN-EV-1248,UJOY Charging Hub - LEV AC Charge point 3.3 3.3 1 UJOY ,UJOY,Ujoy,Private,Maharashtra,Pune,LEV AC Charge point 3.3 3.3 1 UJOY Private Maharashtra Pune Pune Tathawad,18.627853,73.742586,LEV AC,LEV AC Charge point,3.3,1,"Bureau of Energy Efficiency (BEE), Ministry of Power, Govt. of India",EV_PCS_Data_29277.pdf (Page 803),Operational (Verified Registry),October 2025
PUN-EV-1249,UJOY Charging Hub - LEV AC Charge point 3.3 3.3 1 UJOY ,UJOY,Ujoy,Private,Maharashtra,Pune,LEV AC Charge point 3.3 3.3 1 UJOY Private Maharashtra Pune Pune Tathawade,18.62409,73.757711,LEV AC,LEV AC Charge point,3.3,1,"Bureau of Energy Efficiency (BEE), Ministry of Power, Govt. of India",EV_PCS_Data_29277.pdf (Page 803),Operational (Verified Registry),October 2025
PUN-EV-1250,UJOY Charging Hub - LEV AC Charge point 3.3 3.3 1 UJOY ,UJOY,Ujoy,Private,Maharashtra,Pune,LEV AC Charge point 3.3 3.3 1 UJOY Private Maharashtra Pune Pune Tathwade,18.627746,73.753281,LEV AC,LEV AC Charge point,3.3,1,"Bureau of Energy Efficiency (BEE), Ministry of Power, Govt. of India",EV_PCS_Data_29277.pdf (Page 803),Operational (Verified Registry),October 2025
PUN-EV-1251,UJOY Charging Hub - LEV AC Charge point 3.3 3.3 1 UJOY ,UJOY,Ujoy,Private,Maharashtra,Pune,LEV AC Charge point 3.3 3.3 1 UJOY Private Maharashtra Pune Pune Tejas Apartment Near Charvad Vachanalay Vadgaon Bk,18.466985,73.819956,LEV AC,LEV AC Charge point,3.3,4,"Bureau of Energy Efficiency (BEE), Ministry of Power, Govt. of India",EV_PCS_Data_29277.pdf (Page 803),Operational (Verified Registry),October 2025
PUN-EV-1252,UJOY Charging Hub - LEV AC Charge point 3.3 3.3 1 UJOY ,UJOY,Ujoy,Private,Maharashtra,Pune,"LEV AC Charge point 3.3 3.3 1 UJOY Private Maharashtra Pune Pune Telco Bhosari Road, Near Indrayaninagar Road, Midc, Bhosari, Pimpri-Chinchwad, Maharashtra 411026",18.630849,73.83538,LEV AC,LEV AC Charge point,3.3,2,"Bureau of Energy Efficiency (BEE), Ministry of Power, Govt. of India",EV_PCS_Data_29277.pdf (Page 803),Operational (Verified Registry),October 2025
PUN-EV-1253,UJOY Charging Hub - LEV AC Charge point 3.3 3.3 1 UJOY ,UJOY,Ujoy,Private,Maharashtra,Pune,"LEV AC Charge point 3.3 3.3 1 UJOY Private Maharashtra Pune Pune Telco Road Near Hp Petrol Pump , Shambaji Nagar",18.659327,73.797009,LEV AC,LEV AC Charge point,3.3,1,"Bureau of Energy Efficiency (BEE), Ministry of Power, Govt. of India",EV_PCS_Data_29277.pdf (Page 803),Operational (Verified Registry),October 2025
PUN-EV-1254,UJOY Charging Hub - LEV AC Charge point 3.3 3.3 1 UJOY ,UJOY,Ujoy,Private,Maharashtra,Pune,LEV AC Charge point 3.3 3.3 1 UJOY Private Maharashtra Pune Pune Telco Road Near Bird Valley,18.6584,73.797056,LEV AC,LEV AC Charge point,3.3,1,"Bureau of Energy Efficiency (BEE), Ministry of Power, Govt. of India",EV_PCS_Data_29277.pdf (Page 803),Operational (Verified Registry),October 2025
PUN-EV-1255,UJOY Charging Hub - LEV AC Charge point 3.3 3.3 1 UJOY ,UJOY,Ujoy,Private,Maharashtra,Pune,LEV AC Charge point 3.3 3.3 1 UJOY Private Maharashtra Pune Pune The Cliff Garden Society,18.572988,73.691175,LEV AC,LEV AC Charge point,3.3,1,"Bureau of Energy Efficiency (BEE), Ministry of Power, Govt. of India",EV_PCS_Data_29277.pdf (Page 803),Operational (Verified Registry),October 2025
PUN-EV-1256,UJOY Charging Hub - LEV AC Charge point 3.3 3.3 1 UJOY ,UJOY,Ujoy,Private,Maharashtra,Pune,"LEV AC Charge point 3.3 3.3 1 UJOY Private Maharashtra Nashik Nashik Three Jewels, O Bld Upper Parking, Tilekar Nagar",18.447346,73.87851,LEV AC,LEV AC Charge point,3.3,1,"Bureau of Energy Efficiency (BEE), Ministry of Power, Govt. of India",EV_PCS_Data_29277.pdf (Page 803),Operational (Verified Registry),October 2025
PUN-EV-1257,UJOY Charging Hub - LEV AC Charge point 3.3 3.3 1 UJOY ,UJOY,Ujoy,Private,Maharashtra,Pune,LEV AC Charge point 3.3 3.3 1 UJOY Private Maharashtra Pune Pune Tilak Road,18.510176,73.847366,LEV AC,LEV AC Charge point,3.3,7,"Bureau of Energy Efficiency (BEE), Ministry of Power, Govt. of India",EV_PCS_Data_29277.pdf (Page 803),Operational (Verified Registry),October 2025
PUN-EV-1258,UJOY Charging Hub - LEV AC Charge point 3.3 3.3 1 UJOY ,UJOY,Ujoy,Private,Maharashtra,Pune,"LEV AC Charge point 3.3 3.3 1 UJOY Private Maharashtra Pune Pune Tingre Nagar, Lane No.7",18.574621,73.89159,LEV AC,LEV AC Charge point,3.3,1,"Bureau of Energy Efficiency (BEE), Ministry of Power, Govt. of India",EV_PCS_Data_29277.pdf (Page 803),Operational (Verified Registry),October 2025
PUN-EV-1259,UJOY Charging Hub - LEV AC Charge point 3.3 3.3 1 UJOY ,UJOY,Ujoy,Private,Maharashtra,Pune,LEV AC Charge point 3.3 3.3 1 UJOY Private Maharashtra Pune Pune Tribhuvan Apartment Vishrantwadi,18.573298,73.883237,LEV AC,LEV AC Charge point,3.3,1,"Bureau of Energy Efficiency (BEE), Ministry of Power, Govt. of India",EV_PCS_Data_29277.pdf (Page 803),Operational (Verified Registry),October 2025
PUN-EV-1260,UJOY Charging Hub - LEV AC Charge point 3.3 3.3 1 UJOY ,UJOY,Ujoy,Private,Maharashtra,Pune,LEV AC Charge point 3.3 3.3 1 UJOY Private Maharashtra Pune Pune Trimurti Chowk,18.457834,73.848272,LEV AC,LEV AC Charge point,3.3,1,"Bureau of Energy Efficiency (BEE), Ministry of Power, Govt. of India",EV_PCS_Data_29277.pdf (Page 803),Operational (Verified Registry),October 2025
PUN-EV-1261,UJOY Charging Hub - LEV AC Charge point 3.3 3.3 1 UJOY ,UJOY,Ujoy,Private,Maharashtra,Pune,LEV AC Charge point 3.3 3.3 1 UJOY Private Maharashtra Pune Pune Trimurti Chowk Pawar Building,18.458874,73.850672,LEV AC,LEV AC Charge point,3.3,1,"Bureau of Energy Efficiency (BEE), Ministry of Power, Govt. of India",EV_PCS_Data_29277.pdf (Page 803),Operational (Verified Registry),October 2025
PUN-EV-1262,UJOY Charging Hub - LEV AC Charge point 3.3 3.3 1 UJOY ,UJOY,Ujoy,Private,Maharashtra,Pune,LEV AC Charge point 3.3 3.3 1 UJOY Private Maharashtra Pune Pune Trimurti Chuck Dhankawadi,18.457571,73.850315,LEV AC,LEV AC Charge point,3.3,1,"Bureau of Energy Efficiency (BEE), Ministry of Power, Govt. of India",EV_PCS_Data_29277.pdf (Page 803),Operational (Verified Registry),October 2025
PUN-EV-1263,UJOY Charging Hub - LEV AC Charge point 3.3 3.3 1 UJOY ,UJOY,Ujoy,Private,Maharashtra,Pune,LEV AC Charge point 3.3 3.3 1 UJOY Private Maharashtra Pune Pune Trivani Nagar Chowk Talawade Pimpri,18.667909,73.786293,LEV AC,LEV AC Charge point,3.3,1,"Bureau of Energy Efficiency (BEE), Ministry of Power, Govt. of India",EV_PCS_Data_29277.pdf (Page 803),Operational (Verified Registry),October 2025
PUN-EV-1264,UJOY Charging Hub - LEV AC Charge point 3.3 3.3 1 UJOY ,UJOY,Ujoy,Private,Maharashtra,Pune,LEV AC Charge point 3.3 3.3 1 UJOY Private Maharashtra Pune Pune Triveni Nagar,18.670516,73.786036,LEV AC,LEV AC Charge point,3.3,1,"Bureau of Energy Efficiency (BEE), Ministry of Power, Govt. of India",EV_PCS_Data_29277.pdf (Page 803),Operational (Verified Registry),October 2025
PUN-EV-1265,UJOY Charging Hub - LEV AC Charge point 3.3 3.3 1 UJOY ,UJOY,Ujoy,Private,Maharashtra,Pune,LEV AC Charge point 3.3 3.3 1 UJOY Private Maharashtra Pune Pune Tukai Darshan Phurshungi,18.490659,73.949428,LEV AC,LEV AC Charge point,3.3,1,"Bureau of Energy Efficiency (BEE), Ministry of Power, Govt. of India",EV_PCS_Data_29277.pdf (Page 803),Operational (Verified Registry),October 2025
PUN-EV-1266,UJOY Charging Hub - LEV AC Charge point 3.3 3.3 1 UJOY ,UJOY,Ujoy,Private,Maharashtra,Pune,LEV AC Charge point 3.3 3.3 1 UJOY Private Maharashtra Pune Pune Turtlewax Car Care Studio Aloma County Road Behind Medipoint Hospital Aundh,18.565514,73.800942,LEV AC,LEV AC Charge point,3.3,1,"Bureau of Energy Efficiency (BEE), Ministry of Power, Govt. of India",EV_PCS_Data_29277.pdf (Page 803),Operational (Verified Registry),October 2025
PUN-EV-1267,UJOY Charging Hub - LEV AC Charge point 3.3 3.3 1 UJOY ,UJOY,Ujoy,Private,Maharashtra,Pune,LEV AC Charge point 3.3 3.3 1 UJOY Private Maharashtra Pune Pune Tyre House Bypass Kharadi,18.560957,73.93863,LEV AC,LEV AC Charge point,3.3,1,"Bureau of Energy Efficiency (BEE), Ministry of Power, Govt. of India",EV_PCS_Data_29277.pdf (Page 803),Operational (Verified Registry),October 2025
PUN-EV-1268,UJOY Charging Hub - LEV AC Charge point 3.3 3.3 1 UJOY ,UJOY,Ujoy,Private,Maharashtra,Pune,LEV AC Charge point 3.3 3.3 1 UJOY Private Maharashtra Pune Pune Ubale Nagar Mappale Hotel,18.573326,73.957398,LEV AC,LEV AC Charge point,3.3,1,"Bureau of Energy Efficiency (BEE), Ministry of Power, Govt. of India",EV_PCS_Data_29277.pdf (Page 803),Operational (Verified Registry),October 2025
PUN-EV-1269,UJOY Charging Hub - LEV AC Charge point 3.3 3.3 1 UJOY ,UJOY,Ujoy,Private,Maharashtra,Pune,LEV AC Charge point 3.3 3.3 1 UJOY Private Maharashtra Pune Pune Ubale Nagar Near Toyota Service Station Wagholi,18.573165,73.960037,LEV AC,LEV AC Charge point,3.3,1,"Bureau of Energy Efficiency (BEE), Ministry of Power, Govt. of India",EV_PCS_Data_29277.pdf (Page 803),Operational (Verified Registry),October 2025
PUN-EV-1270,UJOY Charging Hub - LEV AC Charge point 3.3 3.3 1 UJOY ,UJOY,Ujoy,Private,Maharashtra,Pune,LEV AC Charge point 3.3 3.3 1 UJOY Private Maharashtra Pune Pune Undri,18.452354,73.920426,LEV AC,LEV AC Charge point,3.3,1,"Bureau of Energy Efficiency (BEE), Ministry of Power, Govt. of India",EV_PCS_Data_29277.pdf (Page 803),Operational (Verified Registry),October 2025
PUN-EV-1271,UJOY Charging Hub - LEV AC Charge point 3.3 3.3 1 UJOY ,UJOY,Ujoy,Private,Maharashtra,Pune,LEV AC Charge point 3.3 3.3 1 UJOY Private Maharashtra Pune Navi Mumbai Unnamed Road,18.62702,73.797286,LEV AC,LEV AC Charge point,3.3,1,"Bureau of Energy Efficiency (BEE), Ministry of Power, Govt. of India",EV_PCS_Data_29277.pdf (Page 804),Operational (Verified Registry),October 2025
PUN-EV-1272,UJOY Charging Hub - LEV AC Charge point 3.3 3.3 1 UJOY ,UJOY,Ujoy,Private,Maharashtra,Pune,LEV AC Charge point 3.3 3.3 1 UJOY Private Maharashtra Pune Pune Urban Homes Society Kutwal Colony Lohgaon Pune,18.601564,73.919657,LEV AC,LEV AC Charge point,3.3,10,"Bureau of Energy Efficiency (BEE), Ministry of Power, Govt. of India",EV_PCS_Data_29277.pdf (Page 804),Operational (Verified Registry),October 2025
PUN-EV-1273,UJOY Charging Hub - LEV AC Charge point 3.3 3.3 1 UJOY ,UJOY,Ujoy,Private,Maharashtra,Pune,LEV AC Charge point 3.3 3.3 1 UJOY Private Maharashtra Pune Pune Vadgaon Road Anandi Devachi,18.686339,73.906191,LEV AC,LEV AC Charge point,3.3,1,"Bureau of Energy Efficiency (BEE), Ministry of Power, Govt. of India",EV_PCS_Data_29277.pdf (Page 804),Operational (Verified Registry),October 2025
PUN-EV-1274,UJOY Charging Hub - LEV AC Charge point 3.3 3.3 1 UJOY ,UJOY,Ujoy,Private,Maharashtra,Pune,LEV AC Charge point 3.3 3.3 1 UJOY Private Maharashtra Pune Pune Vaishali Heights Tank Road Shop No 3 Opp Mamta Hospital Shantinagar Yerwada Pune,18.567407,73.878567,LEV AC,LEV AC Charge point,3.3,1,"Bureau of Energy Efficiency (BEE), Ministry of Power, Govt. of India",EV_PCS_Data_29277.pdf (Page 804),Operational (Verified Registry),October 2025
PUN-EV-1275,UJOY Charging Hub - LEV AC Charge point 3.3 3.3 1 UJOY ,UJOY,Ujoy,Private,Maharashtra,Pune,LEV AC Charge point 3.3 3.3 1 UJOY Private Maharashtra Pune Pune Vallabhnagar Sant Tukaram Metro Station,18.614102,73.816245,LEV AC,LEV AC Charge point,3.3,12,"Bureau of Energy Efficiency (BEE), Ministry of Power, Govt. of India",EV_PCS_Data_29277.pdf (Page 804),Operational (Verified Registry),October 2025
PUN-EV-1276,UJOY Charging Hub - LEV AC Charge point 3.3 3.3 1 UJOY ,UJOY,Ujoy,Private,Maharashtra,Pune,LEV AC Charge point 3.3 3.3 1 UJOY Private Maharashtra Pune Pune Vanashri Appartment Amnora Park Town Hadapsar Pune 28,18.522621,73.934983,LEV AC,LEV AC Charge point,3.3,1,"Bureau of Energy Efficiency (BEE), Ministry of Power, Govt. of India",EV_PCS_Data_29277.pdf (Page 804),Operational (Verified Registry),October 2025
PUN-EV-1277,UJOY Charging Hub - LEV AC Charge point 3.3 3.3 1 UJOY ,UJOY,Ujoy,Private,Maharashtra,Pune,LEV AC Charge point 3.3 3.3 1 UJOY Private Maharashtra Pune Pune Vardhaman Automobiles Near Shreepad Hotel Pirangut,18.510963,73.698157,LEV AC,LEV AC Charge point,3.3,1,"Bureau of Energy Efficiency (BEE), Ministry of Power, Govt. of India",EV_PCS_Data_29277.pdf (Page 804),Operational (Verified Registry),October 2025
PUN-EV-1278,UJOY Charging Hub - LEV AC Charge point 3.3 3.3 1 UJOY ,UJOY,Ujoy,Private,Maharashtra,Pune,"LEV AC Charge point 3.3 3.3 1 UJOY Private Maharashtra Pune Pune Vardhaman Dreams,Ph 1,Kaspate Wasti,Wakad",18.599661,73.7768,LEV AC,LEV AC Charge point,3.3,1,"Bureau of Energy Efficiency (BEE), Ministry of Power, Govt. of India",EV_PCS_Data_29277.pdf (Page 804),Operational (Verified Registry),October 2025
PUN-EV-1279,UJOY Charging Hub - LEV AC Charge point 3.3 3.3 1 UJOY ,UJOY,Ujoy,Private,Maharashtra,Pune,LEV AC Charge point 3.3 3.3 1 UJOY Private Maharashtra Pune Pune Velu Phata,18.366056,73.853485,LEV AC,LEV AC Charge point,3.3,1,"Bureau of Energy Efficiency (BEE), Ministry of Power, Govt. of India",EV_PCS_Data_29277.pdf (Page 804),Operational (Verified Registry),October 2025
PUN-EV-1280,UJOY Charging Hub - LEV AC Charge point 3.3 3.3 1 UJOY ,UJOY,Ujoy,Private,Maharashtra,Pune,"LEV AC Charge point 3.3 3.3 1 UJOY Private Maharashtra Pune Pune Venunagar, Navshubham Society, Building No-9, Flat No-3, B Type, Wakad",18.604889,73.767889,LEV AC,LEV AC Charge point,3.3,1,"Bureau of Energy Efficiency (BEE), Ministry of Power, Govt. of India",EV_PCS_Data_29277.pdf (Page 804),Operational (Verified Registry),October 2025
PUN-EV-1281,UJOY Charging Hub - LEV AC Charge point 3.3 3.3 1 UJOY ,UJOY,Ujoy,Private,Maharashtra,Pune,LEV AC Charge point 3.3 3.3 1 UJOY Private Maharashtra Pune Pune Venutai College Road Near Kk Medical 411041,18.466993,73.827096,LEV AC,LEV AC Charge point,3.3,1,"Bureau of Energy Efficiency (BEE), Ministry of Power, Govt. of India",EV_PCS_Data_29277.pdf (Page 804),Operational (Verified Registry),October 2025
PUN-EV-1282,UJOY Charging Hub - LEV AC Charge point 3.3 3.3 1 UJOY ,UJOY,Ujoy,Private,Maharashtra,Pune,LEV AC Charge point 3.3 3.3 1 UJOY Private Maharashtra Pune Pune Vikas Nagar Ravet Shop No 12 New Inddaprab2,18.666499,73.728417,LEV AC,LEV AC Charge point,3.3,1,"Bureau of Energy Efficiency (BEE), Ministry of Power, Govt. of India",EV_PCS_Data_29277.pdf (Page 804),Operational (Verified Registry),October 2025
PUN-EV-1283,UJOY Charging Hub - LEV AC Charge point 3.3 3.3 1 UJOY ,UJOY,Ujoy,Private,Maharashtra,Pune,LEV AC Charge point 3.3 3.3 1 UJOY Private Maharashtra Pune Pune Viman Nagar Near Ramwadi Airport Road,18.556273,73.90652,LEV AC,LEV AC Charge point,3.3,4,"Bureau of Energy Efficiency (BEE), Ministry of Power, Govt. of India",EV_PCS_Data_29277.pdf (Page 804),Operational (Verified Registry),October 2025
PUN-EV-1284,UJOY Charging Hub - LEV AC Charge point 3.3 3.3 1 UJOY ,UJOY,Ujoy,Private,Maharashtra,Pune,LEV AC Charge point 3.3 3.3 1 UJOY Private Maharashtra Pune Pune Vinayak Park Wagholi,18.576989,73.986465,LEV AC,LEV AC Charge point,3.3,1,"Bureau of Energy Efficiency (BEE), Ministry of Power, Govt. of India",EV_PCS_Data_29277.pdf (Page 804),Operational (Verified Registry),October 2025
PUN-EV-1285,UJOY Charging Hub - LEV AC Charge point 3.3 3.3 1 UJOY ,UJOY,Ujoy,Private,Maharashtra,Pune,"LEV AC Charge point 3.3 3.3 1 UJOY Private Maharashtra Pune Pune Vinayak Smruti, Near Rokdoba Mandir, Back To Congress Bhavan, Shivaji Nagar",18.523915,73.850891,LEV AC,LEV AC Charge point,3.3,1,"Bureau of Energy Efficiency (BEE), Ministry of Power, Govt. of India",EV_PCS_Data_29277.pdf (Page 804),Operational (Verified Registry),October 2025
PUN-EV-1286,UJOY Charging Hub - LEV AC Charge point 3.3 3.3 1 UJOY ,UJOY,Ujoy,Private,Maharashtra,Pune,LEV AC Charge point 3.3 3.3 1 UJOY Private Maharashtra Pune Pune Vishal E Square Theater Pimpri,18.625417,73.804214,LEV AC,LEV AC Charge point,3.3,1,"Bureau of Energy Efficiency (BEE), Ministry of Power, Govt. of India",EV_PCS_Data_29277.pdf (Page 804),Operational (Verified Registry),October 2025
PUN-EV-1287,UJOY Charging Hub - LEV AC Charge point 3.3 3.3 1 UJOY ,UJOY,Ujoy,Private,Maharashtra,Pune,LEV AC Charge point 3.3 3.3 1 UJOY Private Maharashtra Pune Pune Vishal Nagar,18.578959,73.784326,LEV AC,LEV AC Charge point,3.3,1,"Bureau of Energy Efficiency (BEE), Ministry of Power, Govt. of India",EV_PCS_Data_29277.pdf (Page 804),Operational (Verified Registry),October 2025
PUN-EV-1288,UJOY Charging Hub - LEV AC Charge point 3.3 3.3 1 UJOY ,UJOY,Ujoy,Private,Maharashtra,Pune,LEV AC Charge point 3.3 3.3 1 UJOY Private Maharashtra Pune Pune Vishal Nagar Jagtapdairy Near Shiv Mandir,18.586251,73.784728,LEV AC,LEV AC Charge point,3.3,1,"Bureau of Energy Efficiency (BEE), Ministry of Power, Govt. of India",EV_PCS_Data_29277.pdf (Page 804),Operational (Verified Registry),October 2025
PUN-EV-1289,UJOY Charging Hub - LEV AC Charge point 3.3 3.3 1 UJOY ,UJOY,Ujoy,Private,Maharashtra,Pune,LEV AC Charge point 3.3 3.3 1 UJOY Private Maharashtra Pune Pune Vishal Nagar Pimple Nilakh. Dp Road.. Opposite Petrol Pump,18.577936,73.786662,LEV AC,LEV AC Charge point,3.3,6,"Bureau of Energy Efficiency (BEE), Ministry of Power, Govt. of India",EV_PCS_Data_29277.pdf (Page 804),Operational (Verified Registry),October 2025
PUN-EV-1290,UJOY Charging Hub - LEV AC Charge point 3.3 3.3 1 UJOY ,UJOY,Ujoy,Private,Maharashtra,Pune,LEV AC Charge point 3.3 3.3 1 UJOY Private Maharashtra Pune Pune Vishal Reaidancy Shop No 6Bgalande Nagar Old Mundawa Road Vadgaon Sheri,18.544797,73.930678,LEV AC,LEV AC Charge point,3.3,1,"Bureau of Energy Efficiency (BEE), Ministry of Power, Govt. of India",EV_PCS_Data_29277.pdf (Page 804),Operational (Verified Registry),October 2025
PUN-EV-1291,UJOY Charging Hub - LEV AC Charge point 3.3 3.3 1 UJOY ,UJOY,Ujoy,Private,Maharashtra,Pune,LEV AC Charge point 3.3 3.3 1 UJOY Private Maharashtra Pune Pune Vishalnagar Pimple Nilakh Opposite Sarswat Bank,18.588263,73.784734,LEV AC,LEV AC Charge point,3.3,1,"Bureau of Energy Efficiency (BEE), Ministry of Power, Govt. of India",EV_PCS_Data_29277.pdf (Page 804),Operational (Verified Registry),October 2025
PUN-EV-1292,UJOY Charging Hub - Vishrantwadi Banana Lep,UJOY,Ujoy,Private,Maharashtra,Pune,Vishrantwadi Banana Lep,18.575569,73.876262,LEV AC,LEV AC Charge point,3.3,1,"Bureau of Energy Efficiency (BEE), Ministry of Power, Govt. of India",EV_PCS_Data_29277.pdf (Page 805),Operational (Verified Registry),October 2025
PUN-EV-1293,UJOY Charging Hub - LEV AC Charge point 3.3 3.3 1 UJOY ,UJOY,Ujoy,Private,Maharashtra,Pune,LEV AC Charge point 3.3 3.3 1 UJOY Private Maharashtra Pune Pune Vishwa Arcade Nawle Bridge,18.490036,73.797372,LEV AC,LEV AC Charge point,3.3,1,"Bureau of Energy Efficiency (BEE), Ministry of Power, Govt. of India",EV_PCS_Data_29277.pdf (Page 805),Operational (Verified Registry),October 2025
PUN-EV-1294,UJOY Charging Hub - LEV AC Charge point 3.3 3.3 1 UJOY ,UJOY,Ujoy,Private,Maharashtra,Pune,"LEV AC Charge point 3.3 3.3 1 UJOY Private Maharashtra Pune Pune Vishwa Shanti Colony, Near Sandeep Kate Banglow, Pimple Saudagar",18.600313,73.80052,LEV AC,LEV AC Charge point,3.3,1,"Bureau of Energy Efficiency (BEE), Ministry of Power, Govt. of India",EV_PCS_Data_29277.pdf (Page 805),Operational (Verified Registry),October 2025
PUN-EV-1295,UJOY Charging Hub - LEV AC Charge point 3.3 3.3 1 UJOY ,UJOY,Ujoy,Private,Maharashtra,Pune,LEV AC Charge point 3.3 3.3 1 UJOY Private Maharashtra Pune Pune Vitthal Rukmini Heights Havale Pune Nahra,18.450999,73.829952,LEV AC,LEV AC Charge point,3.3,1,"Bureau of Energy Efficiency (BEE), Ministry of Power, Govt. of India",EV_PCS_Data_29277.pdf (Page 805),Operational (Verified Registry),October 2025
PUN-EV-1296,UJOY Charging Hub - LEV AC Charge point 3.3 3.3 1 UJOY ,UJOY,Ujoy,Private,Maharashtra,Pune,LEV AC Charge point 3.3 3.3 1 UJOY Private Maharashtra Pune Pune Vonade Nagar Wakad,18.603805,73.745522,LEV AC,LEV AC Charge point,3.3,1,"Bureau of Energy Efficiency (BEE), Ministry of Power, Govt. of India",EV_PCS_Data_29277.pdf (Page 805),Operational (Verified Registry),October 2025
PUN-EV-1297,UJOY Charging Hub - LEV AC Charge point 3.3 3.3 1 UJOY ,UJOY,Ujoy,Private,Maharashtra,Pune,LEV AC Charge point 3.3 3.3 1 UJOY Private Maharashtra Pune Pune Wadgaon Bk,18.467081,73.820704,LEV AC,LEV AC Charge point,3.3,1,"Bureau of Energy Efficiency (BEE), Ministry of Power, Govt. of India",EV_PCS_Data_29277.pdf (Page 805),Operational (Verified Registry),October 2025
PUN-EV-1298,UJOY Charging Hub - LEV AC Charge point 3.3 3.3 1 UJOY ,UJOY,Ujoy,Private,Maharashtra,Pune,LEV AC Charge point 3.3 3.3 1 UJOY Private Maharashtra Pune Pune Wagholi,18.585171,73.990158,LEV AC,LEV AC Charge point,3.3,1,"Bureau of Energy Efficiency (BEE), Ministry of Power, Govt. of India",EV_PCS_Data_29277.pdf (Page 805),Operational (Verified Registry),October 2025
PUN-EV-1299,UJOY Charging Hub - LEV AC Charge point 3.3 3.3 1 UJOY ,UJOY,Ujoy,Private,Maharashtra,Pune,LEV AC Charge point 3.3 3.3 1 UJOY Private Maharashtra Pune Pune Wagholi Gogavle Height,18.582029,73.988396,LEV AC,LEV AC Charge point,3.3,1,"Bureau of Energy Efficiency (BEE), Ministry of Power, Govt. of India",EV_PCS_Data_29277.pdf (Page 805),Operational (Verified Registry),October 2025
PUN-EV-1300,UJOY Charging Hub - LEV AC Charge point 3.3 3.3 1 UJOY ,UJOY,Ujoy,Private,Maharashtra,Pune,LEV AC Charge point 3.3 3.3 1 UJOY Private Maharashtra Pune Pune Wagholi Kesnad Rod Balaji Vihar,18.577538,74.000368,LEV AC,LEV AC Charge point,3.3,1,"Bureau of Energy Efficiency (BEE), Ministry of Power, Govt. of India",EV_PCS_Data_29277.pdf (Page 805),Operational (Verified Registry),October 2025
PUN-EV-1301,UJOY Charging Hub - LEV AC Charge point 3.3 3.3 1 UJOY ,UJOY,Ujoy,Private,Maharashtra,Pune,LEV AC Charge point 3.3 3.3 1 UJOY Private Maharashtra Pune Pune Wagholi Nagar Road Near Awhalwadi Phata,18.581548,73.98539,LEV AC,LEV AC Charge point,3.3,1,"Bureau of Energy Efficiency (BEE), Ministry of Power, Govt. of India",EV_PCS_Data_29277.pdf (Page 805),Operational (Verified Registry),October 2025
PUN-EV-1302,UJOY Charging Hub - LEV AC Charge point 3.3 3.3 1 UJOY ,UJOY,Ujoy,Private,Maharashtra,Pune,LEV AC Charge point 3.3 3.3 1 UJOY Private Maharashtra Pune Pune Wagholi Nearby Bharat Petrol Pump,18.582545,73.986839,LEV AC,LEV AC Charge point,3.3,1,"Bureau of Energy Efficiency (BEE), Ministry of Power, Govt. of India",EV_PCS_Data_29277.pdf (Page 805),Operational (Verified Registry),October 2025
PUN-EV-1303,UJOY Charging Hub - LEV AC Charge point 3.3 3.3 1 UJOY ,UJOY,Ujoy,Private,Maharashtra,Pune,LEV AC Charge point 3.3 3.3 1 UJOY Private Maharashtra Pune Pune Wagjai Chakan,18.768835,73.826104,LEV AC,LEV AC Charge point,3.3,1,"Bureau of Energy Efficiency (BEE), Ministry of Power, Govt. of India",EV_PCS_Data_29277.pdf (Page 805),Operational (Verified Registry),October 2025
PUN-EV-1304,UJOY Charging Hub - LEV AC Charge point 3.3 3.3 1 UJOY ,UJOY,Ujoy,Private,Maharashtra,Pune,LEV AC Charge point 3.3 3.3 1 UJOY Private Maharashtra Pune Pune Wagoli,18.5922,74.007059,LEV AC,LEV AC Charge point,3.3,1,"Bureau of Energy Efficiency (BEE), Ministry of Power, Govt. of India",EV_PCS_Data_29277.pdf (Page 805),Operational (Verified Registry),October 2025
PUN-EV-1305,UJOY Charging Hub - LEV AC Charge point 3.3 3.3 1 UJOY ,UJOY,Ujoy,Private,Maharashtra,Pune,LEV AC Charge point 3.3 3.3 1 UJOY Private Maharashtra Pune Pune Wagoli Bj'S College,18.591111,74.001588,LEV AC,LEV AC Charge point,3.3,1,"Bureau of Energy Efficiency (BEE), Ministry of Power, Govt. of India",EV_PCS_Data_29277.pdf (Page 805),Operational (Verified Registry),October 2025
PUN-EV-1306,UJOY Charging Hub - LEV AC Charge point 3.3 3.3 1 UJOY ,UJOY,Ujoy,Private,Maharashtra,Pune,LEV AC Charge point 3.3 3.3 1 UJOY Private Maharashtra Pune Pune Wakad,18.599942,73.760091,LEV AC,LEV AC Charge point,3.3,1,"Bureau of Energy Efficiency (BEE), Ministry of Power, Govt. of India",EV_PCS_Data_29277.pdf (Page 805),Operational (Verified Registry),October 2025
PUN-EV-1307,UJOY Charging Hub - LEV AC Charge point 3.3 3.3 1 UJOY ,UJOY,Ujoy,Private,Maharashtra,Pune,LEV AC Charge point 3.3 3.3 1 UJOY Private Maharashtra Pune Pune Wakad,18.603572,73.762589,LEV AC,LEV AC Charge point,3.3,1,"Bureau of Energy Efficiency (BEE), Ministry of Power, Govt. of India",EV_PCS_Data_29277.pdf (Page 805),Operational (Verified Registry),October 2025
PUN-EV-1308,UJOY Charging Hub - LEV AC Charge point 3.3 3.3 1 UJOY ,UJOY,Ujoy,Private,Maharashtra,Pune,LEV AC Charge point 3.3 3.3 1 UJOY Private Maharashtra Pune Pune Wakad,18.612294,73.76581,LEV AC,LEV AC Charge point,3.3,1,"Bureau of Energy Efficiency (BEE), Ministry of Power, Govt. of India",EV_PCS_Data_29277.pdf (Page 805),Operational (Verified Registry),October 2025
PUN-EV-1309,UJOY Charging Hub - LEV AC Charge point 3.3 3.3 1 UJOY ,UJOY,Ujoy,Private,Maharashtra,Pune,LEV AC Charge point 3.3 3.3 1 UJOY Private Maharashtra Pune Pune Wakad Datta Mandir Road,18.595095,73.761602,LEV AC,LEV AC Charge point,3.3,1,"Bureau of Energy Efficiency (BEE), Ministry of Power, Govt. of India",EV_PCS_Data_29277.pdf (Page 805),Operational (Verified Registry),October 2025
PUN-EV-1310,UJOY Charging Hub - LEV AC Charge point 3.3 3.3 1 UJOY ,UJOY,Ujoy,Private,Maharashtra,Pune,LEV AC Charge point 3.3 3.3 1 UJOY Private Maharashtra Pune Pune Wakad Hinjewadi Road Opp Madhuban Hotel,18.591212,73.749808,LEV AC,LEV AC Charge point,3.3,1,"Bureau of Energy Efficiency (BEE), Ministry of Power, Govt. of India",EV_PCS_Data_29277.pdf (Page 805),Operational (Verified Registry),October 2025
PUN-EV-1311,UJOY Charging Hub - LEV AC Charge point 3.3 3.3 1 UJOY ,UJOY,Ujoy,Private,Maharashtra,Pune,"LEV AC Charge point 3.3 3.3 1 UJOY Private Maharashtra Pune Pune Wakad, Kaspate Wasti",18.592151,73.775372,LEV AC,LEV AC Charge point,3.3,1,"Bureau of Energy Efficiency (BEE), Ministry of Power, Govt. of India",EV_PCS_Data_29277.pdf (Page 805),Operational (Verified Registry),October 2025
PUN-EV-1312,UJOY Charging Hub - LEV AC Charge point 3.3 3.3 1 UJOY ,UJOY,Ujoy,Private,Maharashtra,Pune,LEV AC Charge point 3.3 3.3 1 UJOY Private Maharashtra Pune Pune Walhekar Wadi,18.632345,73.769644,LEV AC,LEV AC Charge point,3.3,1,"Bureau of Energy Efficiency (BEE), Ministry of Power, Govt. of India",EV_PCS_Data_29277.pdf (Page 805),Operational (Verified Registry),October 2025
PUN-EV-1313,UJOY Charging Hub - LEV AC Charge point 3.3 3.3 1 UJOY ,UJOY,Ujoy,Private,Maharashtra,Pune,LEV AC Charge point 3.3 3.3 1 UJOY Private Maharashtra Pune Pune Walhekar Wadi,18.641619,73.763191,LEV AC,LEV AC Charge point,3.3,1,"Bureau of Energy Efficiency (BEE), Ministry of Power, Govt. of India",EV_PCS_Data_29277.pdf (Page 805),Operational (Verified Registry),October 2025
PUN-EV-1314,UJOY Charging Hub - LEV AC Charge point 3.3 3.3 1 UJOY ,UJOY,Ujoy,Private,Maharashtra,Pune,LEV AC Charge point 3.3 3.3 1 UJOY Private Maharashtra Pune Pune Walhekarwadi,18.641302,73.762823,LEV AC,LEV AC Charge point,3.3,3,"Bureau of Energy Efficiency (BEE), Ministry of Power, Govt. of India",EV_PCS_Data_29277.pdf (Page 805),Operational (Verified Registry),October 2025
PUN-EV-1315,UJOY Charging Hub - LEV AC Charge point 3.3 3.3 1 UJOY ,UJOY,Ujoy,Private,Maharashtra,Pune,LEV AC Charge point 3.3 3.3 1 UJOY Private Maharashtra Pune Pune Warje,18.486457,73.797389,LEV AC,LEV AC Charge point,3.3,1,"Bureau of Energy Efficiency (BEE), Ministry of Power, Govt. of India",EV_PCS_Data_29277.pdf (Page 805),Operational (Verified Registry),October 2025
PUN-EV-1316,Ather Energy Charging Hub - LEV AC Charge point 3.3 3.3 1 UJOY ,Ather Energy,Ather,Private,Maharashtra,Pune,LEV AC Charge point 3.3 3.3 1 UJOY Private Maharashtra Pune Pune Weather Shivaji Chowk Near Indian Oil Pimple Saudagar,18.600486,73.803256,LEV AC,LEV AC Charge point,3.3,1,"Bureau of Energy Efficiency (BEE), Ministry of Power, Govt. of India",EV_PCS_Data_29277.pdf (Page 805),Operational (Verified Registry),October 2025
PUN-EV-1317,UJOY Charging Hub - LEV AC Charge point 3.3 3.3 1 UJOY ,UJOY,Ujoy,Private,Maharashtra,Pune,LEV AC Charge point 3.3 3.3 1 UJOY Private Maharashtra Pune Pune Wing R&S Venkatesh Graffiti Keshavnagar,18.532625,73.936968,LEV AC,LEV AC Charge point,3.3,1,"Bureau of Energy Efficiency (BEE), Ministry of Power, Govt. of India",EV_PCS_Data_29277.pdf (Page 805),Operational (Verified Registry),October 2025
PUN-EV-1318,UJOY Charging Hub - LEV AC Charge point 3.3 3.3 1 UJOY ,UJOY,Ujoy,Private,Maharashtra,Pune,"LEV AC Charge point 3.3 3.3 1 UJOY Private Maharashtra Pune Pune Wing R&S, Venkatesh Graffiti Housing Society",18.532094,73.937251,LEV AC,LEV AC Charge point,3.3,1,"Bureau of Energy Efficiency (BEE), Ministry of Power, Govt. of India",EV_PCS_Data_29277.pdf (Page 805),Operational (Verified Registry),October 2025
PUN-EV-1319,UJOY Charging Hub - LEV AC Charge point 3.3 3.3 1 UJOY ,UJOY,Ujoy,Private,Maharashtra,Pune,LEV AC Charge point 3.3 3.3 1 UJOY Private Maharashtra Pune Pune Wonder City Back Gate Shop 14 Katraj,18.45275,73.854589,LEV AC,LEV AC Charge point,3.3,1,"Bureau of Energy Efficiency (BEE), Ministry of Power, Govt. of India",EV_PCS_Data_29277.pdf (Page 805),Operational (Verified Registry),October 2025
PUN-EV-1320,UJOY Charging Hub - LEV AC Charge point 3.3 3.3 1 UJOY ,UJOY,Ujoy,Private,Maharashtra,Pune,LEV AC Charge point 3.3 3.3 1 UJOY Private Maharashtra Pune Pune Wonder City Katrj,18.452949,73.853687,LEV AC,LEV AC Charge point,3.3,9,"Bureau of Energy Efficiency (BEE), Ministry of Power, Govt. of India",EV_PCS_Data_29277.pdf (Page 805),Operational (Verified Registry),October 2025
PUN-EV-1321,UJOY Charging Hub - LEV AC Charge point 3.3 3.3 1 UJOY ,UJOY,Ujoy,Private,Maharashtra,Pune,"LEV AC Charge point 3.3 3.3 1 UJOY Private Maharashtra Pune Pune Xenia Shop No 18, Kolte Patil Downtown, 14, Opposite Victorious Kids School & Kothari International School Karadi, Ashoka Nagar, Kharadi, Pune, Maharashtra 411014 16 M",18.560985,73.944446,LEV AC,LEV AC Charge point,3.3,1,"Bureau of Energy Efficiency (BEE), Ministry of Power, Govt. of India",EV_PCS_Data_29277.pdf (Page 805),Operational (Verified Registry),October 2025
PUN-EV-1322,UJOY Charging Hub - LEV AC Charge point 3.3 3.3 1 UJOY ,UJOY,Ujoy,Private,Maharashtra,Pune,"LEV AC Charge point 3.3 3.3 1 UJOY Private Maharashtra Pune Pune Yamunanagar, Sector 21, Scheme 11, Building 45, Near Baba Biryani, Nigdi, Pune 411044.",18.667744,73.783974,LEV AC,LEV AC Charge point,3.3,1,"Bureau of Energy Efficiency (BEE), Ministry of Power, Govt. of India",EV_PCS_Data_29277.pdf (Page 805),Operational (Verified Registry),October 2025
PUN-EV-1323,UJOY Charging Hub - LEV AC Charge point 3.3 3.3 1 UJOY ,UJOY,Ujoy,Private,Maharashtra,Pune,"LEV AC Charge point 3.3 3.3 1 UJOY Private Maharashtra Pune Pune Yashodhan Banglow, Plot No 23, Pramthesh Society, Kothrud, Pune-411038",18.502804,73.796509,LEV AC,LEV AC Charge point,3.3,1,"Bureau of Energy Efficiency (BEE), Ministry of Power, Govt. of India",EV_PCS_Data_29277.pdf (Page 806),Operational (Verified Registry),October 2025
PUN-EV-1324,UJOY Charging Hub - LEV AC Charge point 3.3 3.3 1 UJOY ,UJOY,Ujoy,Private,Maharashtra,Pune,LEV AC Charge point 3.3 3.3 1 UJOY Private Maharashtra Pune Pune Yashwant Nagar Kharadi,18.554372,73.935088,LEV AC,LEV AC Charge point,3.3,1,"Bureau of Energy Efficiency (BEE), Ministry of Power, Govt. of India",EV_PCS_Data_29277.pdf (Page 806),Operational (Verified Registry),October 2025
PUN-EV-1325,UJOY Charging Hub - LEV AC Charge point 3.3 3.3 1 UJOY ,UJOY,Ujoy,Private,Maharashtra,Pune,LEV AC Charge point 3.3 3.3 1 UJOY Private Maharashtra Pune Pune Yashwant Nagar Telco Bhosari Road,18.638802,73.824062,LEV AC,LEV AC Charge point,3.3,1,"Bureau of Energy Efficiency (BEE), Ministry of Power, Govt. of India",EV_PCS_Data_29277.pdf (Page 806),Operational (Verified Registry),October 2025
PUN-EV-1326,UJOY Charging Hub - LEV AC Charge point 3.3 3.3 1 UJOY ,UJOY,Ujoy,Private,Maharashtra,Pune,LEV AC Charge point 3.3 3.3 1 UJOY Private Maharashtra Pune Pune Ycm,18.622575,73.819944,LEV AC,LEV AC Charge point,3.3,1,"Bureau of Energy Efficiency (BEE), Ministry of Power, Govt. of India",EV_PCS_Data_29277.pdf (Page 806),Operational (Verified Registry),October 2025
PUN-EV-1327,UJOY Charging Hub - LEV AC Charge point 3.3 3.3 1 UJOY ,UJOY,Ujoy,Private,Maharashtra,Pune,LEV AC Charge point 3.3 3.3 1 UJOY Private Maharashtra Pune Pune Yerwada,18.549619,73.889095,LEV AC,LEV AC Charge point,3.3,1,"Bureau of Energy Efficiency (BEE), Ministry of Power, Govt. of India",EV_PCS_Data_29277.pdf (Page 806),Operational (Verified Registry),October 2025
PUN-EV-1328,UJOY Charging Hub - LEV AC Charge point 3.3 3.3 1 UJOY ,UJOY,Ujoy,Private,Maharashtra,Pune,LEV AC Charge point 3.3 3.3 1 UJOY Private Maharashtra Pune Pune Yusuf Auto Garage Dhavadei Wasti Nashik Pune Road Bhosari,18.629729,73.85078,LEV AC,LEV AC Charge point,3.3,1,"Bureau of Energy Efficiency (BEE), Ministry of Power, Govt. of India",EV_PCS_Data_29277.pdf (Page 806),Operational (Verified Registry),October 2025
PUN-EV-1329,BPCL Charging Hub - CCS 60 60 2 BPCL Govt. Maharashtra ,BPCL,Bpcl,Government / PSU,Maharashtra,Pune,"CCS 60 60 2 BPCL Govt. Maharashtra PUNE ZENDEWADI 262/3/2, ZANDEWADEE, 262/3/2, ZANDEWADEE, , City=ZANDEWADEE, District=TALUKA PURENDER, DIST PUNE, MAHARAS, State=Maharashtra",18.404098,74.011753,CCS-2 (DC Fast),CCS 30 30,30.0,11,"Bureau of Energy Efficiency (BEE), Ministry of Power, Govt. of India",EV_PCS_Data_29277.pdf (Page 806),Operational (Verified Registry),October 2025
PUN-EV-1330,BPCL Charging Hub - CCS 60 60 2 BPCL Govt. Maharashtra ,BPCL,Bpcl,Government / PSU,Maharashtra,Pune,"CCS 60 60 2 BPCL Govt. Maharashtra PUNE PUNE AMBEGAON KATRAJ ROAD, #, , City=PUNE, District=PUNE, State=Maharashtra",18.451726,73.844286,LEV DC (Light EV Fast),LEV DC 15 7,15.0,7,"Bureau of Energy Efficiency (BEE), Ministry of Power, Govt. of India",EV_PCS_Data_29277.pdf (Page 807),Operational (Verified Registry),October 2025
PUN-EV-1331,BPCL Charging Hub - CCS 60 60 2 BPCL Govt. Maharashtra ,BPCL,Bpcl,Government / PSU,Maharashtra,Pune,"CCS 60 60 2 BPCL Govt. Maharashtra PUNE KOREGAON BHIMA AT POST KOREGAON BHIMA, TALUKA SHIRUR, , City=KOREGAON BHIMA, District=PUNE, State=Maharashtra",18.653584,74.076644,CCS-2 (DC Fast),CCS 60 60,60.0,2,"Bureau of Energy Efficiency (BEE), Ministry of Power, Govt. of India",EV_PCS_Data_29277.pdf (Page 808),Operational (Verified Registry),October 2025
PUN-EV-1332,BPCL Charging Hub - CCS 30 30 1 BPCL Govt. Maharashtra ,BPCL,Bpcl,Government / PSU,Maharashtra,Pune,"CCS 30 30 1 BPCL Govt. Maharashtra PUNE LONI AT POST LONI KALBHOR, PUNE SOLAPUR ROAD, , City=LONI, District=PUNE, State=Maharashtra",18.48915,74.023323,CCS-2 (DC Fast),CCS 60 60,60.0,2,"Bureau of Energy Efficiency (BEE), Ministry of Power, Govt. of India",EV_PCS_Data_29277.pdf (Page 808),Operational (Verified Registry),October 2025
PUN-EV-1333,BPCL Charging Hub - CCS 60 60 2 BPCL Govt. Maharashtra ,BPCL,Bpcl,Government / PSU,Maharashtra,Pune,"CCS 60 60 2 BPCL Govt. Maharashtra PUNE LONIKAND AT POST LONIKAND, TALUKA HAVELI, , City=LONIKAND, District=PUNE, State=Maharashtra",18.612224,74.017912,CCS-2 (DC Fast),CCS 30 30,30.0,1,"Bureau of Energy Efficiency (BEE), Ministry of Power, Govt. of India",EV_PCS_Data_29277.pdf (Page 808),Operational (Verified Registry),October 2025
PUN-EV-1334,BPCL Charging Hub - LEV DC 15 7 1 BPCL Govt. Maharashtr,BPCL,Bpcl,Government / PSU,Maharashtra,Pune,"LEV DC 15 7 1 BPCL Govt. Maharashtra PUNE PUNE CHAKAN SHIKRAPUR ROAD, SHELPIMPALGAON, , City=PUNE, District=PUNE, State=Maharashtra",18.735456,73.962831,CCS-2 (DC Fast),CCS 60 60,60.0,2,"Bureau of Energy Efficiency (BEE), Ministry of Power, Govt. of India",EV_PCS_Data_29277.pdf (Page 810),Operational (Verified Registry),October 2025
PUN-EV-1335,BPCL Charging Hub - CCS 60 60 2 BPCL Govt. Maharashtra ,BPCL,Bpcl,Government / PSU,Maharashtra,Pune,"CCS 60 60 2 BPCL Govt. Maharashtra PUNE PUNE DAPODI OLD NH4, PUNE, , City=PUNE, District=PUNE, State=Maharashtra",18.583064,73.833564,CCS-2 (DC Fast),CCS 60 60,60.0,2,"Bureau of Energy Efficiency (BEE), Ministry of Power, Govt. of India",EV_PCS_Data_29277.pdf (Page 810),Operational (Verified Registry),October 2025
PUN-EV-1336,"BPCL Charging Hub - GAT NO 118/1/2, CHIMBLI, TAL KHED, ",BPCL,Bpcl,Government / PSU,Maharashtra,Pune,"GAT NO 118/1/2, CHIMBLI, TAL KHED, , City=PUNE, District=PUNE, State=Maharashtra",18.703745,73.847977,Bharat AC-001,Bharat AC 3 3,30.0,2,"Bureau of Energy Efficiency (BEE), Ministry of Power, Govt. of India",EV_PCS_Data_29277.pdf (Page 812),Operational (Verified Registry),October 2025
PUN-EV-1337,BPCL Charging Hub - CCS 60 60 2 BPCL Govt. Maharashtra ,BPCL,Bpcl,Government / PSU,Maharashtra,Pune,"CCS 60 60 2 BPCL Govt. Maharashtra PUNE MEDHANKERWADI GUT NO 445 NH50, PUNE NASIK NATIONAL HIGHWAY, , City=MEDHANKERWADI, District=PUNE, State=Maharashtra",18.73756,73.85836,CCS-2 (DC Fast),CCS 60 60,60.0,1,"Bureau of Energy Efficiency (BEE), Ministry of Power, Govt. of India",EV_PCS_Data_29277.pdf (Page 815),Operational (Verified Registry),October 2025
PUN-EV-1338,BPCL Charging Hub - Bharat AC 3 3 1 BPCL Govt. Maharash,BPCL,Bpcl,Government / PSU,Maharashtra,Pune,"Bharat AC 3 3 1 BPCL Govt. Maharashtra PUNE BHUKUM GUT NO.105, SH-60, , City=BHUKUM, District=PUNE, State=Maharashtra",18.497677,73.714072,CCS-2 (DC Fast),CCS 60 60,60.0,1,"Bureau of Energy Efficiency (BEE), Ministry of Power, Govt. of India",EV_PCS_Data_29277.pdf (Page 817),Operational (Verified Registry),October 2025
PUN-EV-1339,BPCL Charging Hub - CCS 30 30 1 BPCL Govt. Maharashtra ,BPCL,Bpcl,Government / PSU,Maharashtra,Pune,"CCS 30 30 1 BPCL Govt. Maharashtra PUNE LONI KALBHOR GUT NO.42, SR. NO.113/A/4, NH-9, PUNE-SOLAPUR ROAD, LONI KALBHOR, , City=LONI KALBHOR, District=PUNE, State=Maharashtra",18.488943,74.035853,CCS-2 (DC Fast),CCS 60 60,60.0,9,"Bureau of Energy Efficiency (BEE), Ministry of Power, Govt. of India",EV_PCS_Data_29277.pdf (Page 817),Operational (Verified Registry),October 2025
PUN-EV-1340,BPCL Charging Hub - CCS 60 60 2 BPCL Govt. Maharashtra ,BPCL,Bpcl,Government / PSU,Maharashtra,Pune,"CCS 60 60 2 BPCL Govt. Maharashtra PUNE PUNE HADAPSER, RAMTEKDI, HADAPSER, RAMTEKDI, , City=PUNE, District=PUNE, State=Maharashtra",18.506623,73.911355,CCS-2 (DC Fast),CCS 60 60,60.0,8,"Bureau of Energy Efficiency (BEE), Ministry of Power, Govt. of India",EV_PCS_Data_29277.pdf (Page 817),Operational (Verified Registry),October 2025
PUN-EV-1341,BPCL Charging Hub - CCS 120 120 2 BPCL Govt. Maharashtr,BPCL,Bpcl,Government / PSU,Maharashtra,Pune,"CCS 120 120 2 BPCL Govt. Maharashtra PUNE PUNE HINJEWADI PHASE III, HINJEWADI, , City=PUNE, District=PUNE, State=Maharashtra",18.594909,73.722972,CCS-2 (DC Fast),CCS 60 60,60.0,2,"Bureau of Energy Efficiency (BEE), Ministry of Power, Govt. of India",EV_PCS_Data_29277.pdf (Page 817),Operational (Verified Registry),October 2025
PUN-EV-1342,BPCL Charging Hub - CCS 60 60 2 BPCL Govt. Maharashtra ,BPCL,Bpcl,Government / PSU,Maharashtra,Pune,"CCS 60 60 2 BPCL Govt. Maharashtra PUNE PUNE HINJEWADI PIRANGUT ROAD, HINJEWADI, , City=PUNE, District=PUNE, State=Maharashtra",18.578154,73.716036,CCS-2 (DC Fast),CCS 60 60,60.0,2,"Bureau of Energy Efficiency (BEE), Ministry of Power, Govt. of India",EV_PCS_Data_29277.pdf (Page 817),Operational (Verified Registry),October 2025
PUN-EV-1343,BPCL Charging Hub - CCS 30 30 1 BPCL Govt. Maharashtra ,BPCL,Bpcl,Government / PSU,Maharashtra,Pune,"CCS 30 30 1 BPCL Govt. Maharashtra PUNE PUNE MUMBAI - PUNE BYPASS, PUNAWALE, , City=PUNE, District=PUNE, State=Maharashtra",18.639394,73.738424,CCS-2 (DC Fast),CCS 60 60,60.0,4,"Bureau of Energy Efficiency (BEE), Ministry of Power, Govt. of India",EV_PCS_Data_29277.pdf (Page 819),Operational (Verified Registry),October 2025
PUN-EV-1344,BPCL Charging Hub - CCS 60 60 2 BPCL Govt. Maharashtra ,BPCL,Bpcl,Government / PSU,Maharashtra,Pune,"CCS 60 60 2 BPCL Govt. Maharashtra PUNE PUNE OLD NH4 KASARWADI, SNO 46/1/1 FLAT 6VIDYANAGAR SANGVI, , City=PUNE, District=PUNE, State=Maharashtra",18.59859,73.82821,CCS-2 (DC Fast),CCS 60 60,60.0,2,"Bureau of Energy Efficiency (BEE), Ministry of Power, Govt. of India",EV_PCS_Data_29277.pdf (Page 821),Operational (Verified Registry),October 2025
PUN-EV-1345,BPCL Charging Hub - CCS 60 60 2 BPCL Govt. Maharashtra ,BPCL,Bpcl,Government / PSU,Maharashtra,Pune,"CCS 60 60 2 BPCL Govt. Maharashtra PUNE PUNE PLOT.NO.19/3, HINGNE KURD.., VITHAL WADI, SINHAGAD ROAD, , City=PUNE, District=PUNE, State=Maharashtra",18.482735,73.826598,CCS-2 (DC Fast),CCS 60 60,60.0,1,"Bureau of Energy Efficiency (BEE), Ministry of Power, Govt. of India",EV_PCS_Data_29277.pdf (Page 823),Operational (Verified Registry),October 2025
PUN-EV-1346,BPCL Charging Hub - CCS 30 30 1 BPCL Govt. Maharashtra ,BPCL,Bpcl,Government / PSU,Maharashtra,Pune,"CCS 30 30 1 BPCL Govt. Maharashtra PUNE SASWAD R/AT SURVEY NUMBER 125/2,SASWAD, OPP PWD GOVT GUESTHOUSE,SASWAD JEJH, , City=SASWAD, District=PUNE (POONA) MAHARAS, State=Maharashtra",18.342027,74.036331,CCS-2 (DC Fast),CCS 30 30,30.0,1,"Bureau of Energy Efficiency (BEE), Ministry of Power, Govt. of India",EV_PCS_Data_29277.pdf (Page 823),Operational (Verified Registry),October 2025
PUN-EV-1347,BPCL Charging Hub - CCS 60 60 2 BPCL Govt. Maharashtra ,BPCL,Bpcl,Government / PSU,Maharashtra,Pune,"CCS 60 60 2 BPCL Govt. Maharashtra PUNE PUNE S NO. 6/1/2/2, KONWA-SASWAD BYPAS, MANTARWADI, A/P URULI DEVACHI, , City=PUNE, District=PUNE, State=Maharashtra",18.461914,73.951295,CCS-2 (DC Fast),CCS 60 60,60.0,6,"Bureau of Energy Efficiency (BEE), Ministry of Power, Govt. of India",EV_PCS_Data_29277.pdf (Page 823),Operational (Verified Registry),October 2025
PUN-EV-1348,BPCL Charging Hub - CCS 60 60 2 BPCL Govt. Maharashtra ,BPCL,Bpcl,Government / PSU,Maharashtra,Pune,"CCS 60 60 2 BPCL Govt. Maharashtra PUNE PUNE S.NO. 218/A, MUMBAI PUNE ROAD, , City=PUNE, District=PUNE, State=Maharashtra",18.638711,73.795854,LEV DC (Light EV Fast),LEV DC 15 7,15.0,3,"Bureau of Energy Efficiency (BEE), Ministry of Power, Govt. of India",EV_PCS_Data_29277.pdf (Page 823),Operational (Verified Registry),October 2025
PUN-EV-1349,BPCL Charging Hub - LEV DC 15 7 1 BPCL Govt. Maharashtr,BPCL,Bpcl,Government / PSU,Maharashtra,Pune,"LEV DC 15 7 1 BPCL Govt. Maharashtra PUNE PUNE SHANKARSETH ROAD, SHANKARSETH ROAD, , City=PUNE, District=PUNE, State=Maharashtra",18.499966,73.86603,LEV DC (Light EV Fast),LEV DC 15 7,15.0,1,"Bureau of Energy Efficiency (BEE), Ministry of Power, Govt. of India",EV_PCS_Data_29277.pdf (Page 824),Operational (Verified Registry),October 2025
PUN-EV-1350,BPCL Charging Hub - Maharashtra PUNE MAHALUNGE SR.NO.39,BPCL,Bpcl,Government / PSU,Maharashtra,Pune,"Maharashtra PUNE MAHALUNGE SR.NO.390, MAHLUNGE, CHAKAN TALEGAON STATE H/W, , City=MAHALUNGE, District=PUNE, State=Maharashtra",18.753519,73.800278,CCS-2 (DC Fast),CCS 60 60,60.0,4,"Bureau of Energy Efficiency (BEE), Ministry of Power, Govt. of India",EV_PCS_Data_29277.pdf (Page 825),Operational (Verified Registry),October 2025
PUN-EV-1351,BPCL Charging Hub - CCS 60 60 2 BPCL Govt. Maharashtra ,BPCL,Bpcl,Government / PSU,Maharashtra,Pune,"CCS 60 60 2 BPCL Govt. Maharashtra PUNE BHUGAON SR.NO269/4, AT POST BHUGAON TAL MULSHI, , City=BHUGAON, District=PUNE, State=Maharashtra",18.501765,73.757621,CCS-2 (DC Fast),CCS 60 60,60.0,2,"Bureau of Energy Efficiency (BEE), Ministry of Power, Govt. of India",EV_PCS_Data_29277.pdf (Page 825),Operational (Verified Registry),October 2025
PUN-EV-1352,BPCL Charging Hub - CCS 60 60 2 BPCL Govt. Maharashtra ,BPCL,Bpcl,Government / PSU,Maharashtra,Pune,"CCS 60 60 2 BPCL Govt. Maharashtra PUNE PISOLI SURVEY NO 9,KATRAJ SASWAD BYPASS,PI, VILLAGE PISOLI, , City=PISOLI, District=PUNE, State=Maharashtra",18.448795,73.904316,LEV DC (Light EV Fast),LEV DC 15 7,15.0,9,"Bureau of Energy Efficiency (BEE), Ministry of Power, Govt. of India",EV_PCS_Data_29277.pdf (Page 825),Operational (Verified Registry),October 2025
PUN-EV-1353,BPCL Charging Hub - CCS 60 60 2 BPCL Govt. Maharashtra ,BPCL,Bpcl,Government / PSU,Maharashtra,Pune,"CCS 60 60 2 BPCL Govt. Maharashtra PUNE PUNE SURVEY NO. 130/2/1/2, NEAR WARJE JAKAT NAKA, , City=PUNE, District=PUNE, State=Maharashtra",18.483096,73.802343,CCS-2 (DC Fast),CCS 60 60,60.0,1,"Bureau of Energy Efficiency (BEE), Ministry of Power, Govt. of India",EV_PCS_Data_29277.pdf (Page 825),Operational (Verified Registry),October 2025
PUN-EV-1354,BPCL Charging Hub - CCS 120 120 2 BPCL Govt. Maharashtr,BPCL,Bpcl,Government / PSU,Maharashtra,Pune,"CCS 120 120 2 BPCL Govt. Maharashtra PUNE PUNE SURVEY NO.1411, PUNE SOLAPUR ROAD, , City=PUNE, District=PUNE, State=Maharashtra",18.499227,73.94905,LEV DC (Light EV Fast),LEV DC 15 7,15.0,6,"Bureau of Energy Efficiency (BEE), Ministry of Power, Govt. of India",EV_PCS_Data_29277.pdf (Page 826),Operational (Verified Registry),October 2025
