{"type": "FeatureCollection", "metadata": {"source": "OpenStreetMap Contributors (ODbL)", "region": "Pune Metropolitan Area", "total_segments": 2242, "total_length_km": 532.63}, "features": [{"type": "Feature", "id": 22840770, "properties": {"id": 22840770, "name": "Katraj - Dehu Road Bypass", "highway": "trunk", "ref": "NH48", "oneway": "yes", "length_km": 0.37}, "geometry": {"type": "LineString", "coordinates": [[73.8120693, 18.4715447], [73.8118489, 18.4717592], [73.8109578, 18.472757], [73.8108845, 18.4728391], [73.8106689, 18.4730806], [73.8100979, 18.4737488], [73.8100308, 18.4738318], [73.8098055, 18.4740963]]}}, {"type": "Feature", "id": 22840829, "properties": {"id": 22840829, "name": "Bajirao Road", "highway": "trunk", "ref": "NH60;NH65", "oneway": "yes", "length_km": 0.024}, "geometry": {"type": "LineString", "coordinates": [[73.8535751, 18.5054946], [73.8535898, 18.5056506], [73.8536222, 18.5056995]]}}, {"type": "Feature", "id": 22840906, "properties": {"id": 22840906, "name": "Sambhaji Bridge", "highway": "primary", "ref": "", "oneway": "yes", "length_km": 0.044}, "geometry": {"type": "LineString", "coordinates": [[73.8435407, 18.5130608], [73.8436545, 18.5129713], [73.8437732, 18.5128789], [73.8437766, 18.5128754], [73.8438536, 18.5128013]]}}, {"type": "Feature", "id": 22841037, "properties": {"id": 22841037, "name": "Unnamed Arterial", "highway": "primary", "ref": "", "oneway": "yes", "length_km": 0.174}, "geometry": {"type": "LineString", "coordinates": [[73.8576827, 18.5281618], [73.8579817, 18.5282488], [73.8593128, 18.5284254]]}}, {"type": "Feature", "id": 22841049, "properties": {"id": 22841049, "name": "Underpass", "highway": "primary", "ref": "", "oneway": "yes", "length_km": 0.079}, "geometry": {"type": "LineString", "coordinates": [[73.8633042, 18.5287852], [73.8632329, 18.5294901]]}}, {"type": "Feature", "id": 22841099, "properties": {"id": 22841099, "name": "NH65", "highway": "trunk", "ref": "NH65", "oneway": "yes", "length_km": 0.048}, "geometry": {"type": "LineString", "coordinates": [[73.8980784, 18.5071993], [73.8981602, 18.5070791], [73.8982594, 18.5069437], [73.8983466, 18.5068458]]}}, {"type": "Feature", "id": 22841216, "properties": {"id": 22841216, "name": "Senapati Bapat Marg", "highway": "primary", "ref": "", "oneway": "yes", "length_km": 2.416}, "geometry": {"type": "LineString", "coordinates": [[73.8304234, 18.5201833], [73.8302938, 18.5202453], [73.8294777, 18.5205285], [73.829382, 18.52057], [73.8292861, 18.5206224], [73.8292483, 18.5206493], [73.8291886, 18.5206918], [73.82909, 18.5207933], [73.829041, 18.5208676], [73.8290127, 18.5209316], [73.8289984, 18.5209641], [73.8289798, 18.5210623], [73.8289789, 18.5211549], [73.8289899, 18.5212616], [73.8291173, 18.5219004], [73.829231, 18.5223142], [73.8294036, 18.522884], [73.829432, 18.5229905], [73.8294522, 18.5231225], [73.8294728, 18.5232943], [73.8294984, 18.5235344], [73.8295143, 18.5237423], [73.8295266, 18.5239301], [73.8295383, 18.5241092], [73.8295926, 18.5249367], [73.8296156, 18.5252209], [73.8296562, 18.5259049], [73.8296831, 18.5263591], [73.8297461, 18.5273664], [73.8297543, 18.5274981], [73.8297729, 18.5277958], [73.8297743, 18.5278181], [73.8297805, 18.527917], [73.829849, 18.5290132], [73.8298899, 18.5299592], [73.8299107, 18.5304405], [73.8299747, 18.5316066], [73.8299763, 18.5316491], [73.8299773, 18.5316753], [73.8299868, 18.5319365], [73.8300907, 18.5347237], [73.8301231, 18.5354632], [73.8301553, 18.5361996], [73.8301668, 18.5364561], [73.8301875, 18.5369159], [73.8301841, 18.5372569], [73.8301784, 18.5373522], [73.8301638, 18.5375249], [73.830068, 18.5379647], [73.8300454, 18.5380682], [73.8299548, 18.5384908], [73.8299295, 18.5386317], [73.8298583, 18.5389871], [73.8298506, 18.5390134], [73.8297066, 18.5395084], [73.82968, 18.5395795], [73.8296605, 18.5396777], [73.8296475, 18.5397552], [73.8296287, 18.539864], [73.8296299, 18.5399353], [73.8296399, 18.5399877], [73.8296605, 18.5400723], [73.8297011, 18.5401685], [73.8297585, 18.5402587], [73.8298173, 18.540329], [73.829877, 18.5403782], [73.8301256, 18.5405409], [73.8303464, 18.5406855]]}}, {"type": "Feature", "id": 22841289, "properties": {"id": 22841289, "name": "Shivaji Road", "highway": "trunk", "ref": "NH60;NH65", "oneway": "yes", "length_km": 0.235}, "geometry": {"type": "LineString", "coordinates": [[73.8512688, 18.5274241], [73.8511886, 18.5274507], [73.8511303, 18.5274672], [73.8511208, 18.5274688], [73.8510305, 18.5274835], [73.8509232, 18.5275018], [73.8508039, 18.527551], [73.8506705, 18.5276295], [73.8505399, 18.5277603], [73.8504224, 18.5279081], [73.8503419, 18.5280343], [73.8502456, 18.5281933], [73.8501582, 18.5283743], [73.8500743, 18.5285654], [73.8499789, 18.5288329], [73.8499519, 18.5289578]]}}, {"type": "Feature", "id": 22841293, "properties": {"id": 22841293, "name": "Kondhwa Main Road", "highway": "primary", "ref": "", "oneway": "yes", "length_km": 0.217}, "geometry": {"type": "LineString", "coordinates": [[73.8889796, 18.4699298], [73.8890034, 18.4696049], [73.8890265, 18.469466], [73.8890483, 18.4685568], [73.8890686, 18.4683527], [73.8890947, 18.4679807]]}}, {"type": "Feature", "id": 22841300, "properties": {"id": 22841300, "name": "Kondhwa Main Road", "highway": "primary", "ref": "", "oneway": "yes", "length_km": 0.419}, "geometry": {"type": "LineString", "coordinates": [[73.8894752, 18.4631939], [73.8894812, 18.463346], [73.8895727, 18.4636644], [73.8896358, 18.4638769], [73.8896989, 18.4640895], [73.8897162, 18.4641424], [73.8897405, 18.4642165], [73.8897532, 18.4643213], [73.8897315, 18.4644638], [73.8897076, 18.4646098], [73.8897043, 18.4646298], [73.8894392, 18.4658772], [73.8893476, 18.4663084], [73.8892884, 18.4666007], [73.8892611, 18.4667351], [73.8892379, 18.4668906]]}}, {"type": "Feature", "id": 22841313, "properties": {"id": 22841313, "name": "Unnamed Arterial", "highway": "primary", "ref": "", "oneway": "yes", "length_km": 1.006}, "geometry": {"type": "LineString", "coordinates": [[73.8913531, 18.4518535], [73.891383, 18.4517442], [73.8914133, 18.4516803], [73.8914837, 18.4514049], [73.8915025, 18.4513553], [73.8915545, 18.451187], [73.8915646, 18.4511545], [73.8919168, 18.4502053], [73.891983, 18.4500021], [73.8920347, 18.4498704], [73.892078, 18.4497599], [73.8923289, 18.4489555], [73.8924183, 18.4486608], [73.8924472, 18.4485656], [73.8925563, 18.448269], [73.892695, 18.447905], [73.8928345, 18.4474339], [73.8929158, 18.4472008], [73.8930115, 18.4467437], [73.8930271, 18.4466691], [73.8930841, 18.4464042], [73.8931385, 18.4461515], [73.8932978, 18.4455224], [73.8933217, 18.4454282], [73.8935485, 18.4446334], [73.8937652, 18.4438569], [73.8938823, 18.443318], [73.8938944, 18.4431337]]}}, {"type": "Feature", "id": 22841320, "properties": {"id": 22841320, "name": "Shivaji Road", "highway": "trunk", "ref": "NH60;NH65", "oneway": "no", "length_km": 0.161}, "geometry": {"type": "LineString", "coordinates": [[73.8542993, 18.5233981], [73.8537138, 18.5247342]]}}, {"type": "Feature", "id": 22841323, "properties": {"id": 22841323, "name": "Shivaji Bridge", "highway": "trunk", "ref": "NH60;NH65", "oneway": "no", "length_km": 0.196}, "geometry": {"type": "LineString", "coordinates": [[73.855011, 18.5217641], [73.8546359, 18.5226008], [73.8544456, 18.5230547], [73.8542993, 18.5233981]]}}, {"type": "Feature", "id": 22841339, "properties": {"id": 22841339, "name": "Shivaji Road", "highway": "trunk", "ref": "NH60;NH65", "oneway": "yes", "length_km": 0.186}, "geometry": {"type": "LineString", "coordinates": [[73.8562138, 18.518542], [73.8562142, 18.5185095], [73.8562164, 18.5183421], [73.8562211, 18.5181816], [73.856232, 18.5178104], [73.8562412, 18.5175013], [73.8562437, 18.5174088], [73.8562463, 18.5172658], [73.8562528, 18.5169354], [73.8562542, 18.516866]]}}, {"type": "Feature", "id": 22841346, "properties": {"id": 22841346, "name": "Satara Road", "highway": "trunk", "ref": "NH60", "oneway": "yes", "length_km": 0.593}, "geometry": {"type": "LineString", "coordinates": [[73.8575631, 18.4683442], [73.8575181, 18.4686587], [73.8575033, 18.4687626], [73.8574917, 18.468823], [73.8574462, 18.4690597], [73.8574161, 18.469216], [73.8573624, 18.4694526], [73.8572574, 18.4698116], [73.857229, 18.4698959], [73.8571037, 18.4702905], [73.8570224, 18.4705369], [73.8569776, 18.4706875], [73.8569524, 18.4707488], [73.8568774, 18.4709316], [73.8568299, 18.4710634], [73.8568159, 18.4711021], [73.8567969, 18.4711549], [73.8567558, 18.4712887], [73.8566972, 18.4714794], [73.8566791, 18.4715382], [73.8565504, 18.471957], [73.8565133, 18.4720775], [73.856432, 18.4723653], [73.8564069, 18.4724475], [73.85639, 18.4725492], [73.8562721, 18.4732581], [73.8562646, 18.4735247]]}}, {"type": "Feature", "id": 22841352, "properties": {"id": 22841352, "name": "Jagannath Shankarsheth Marg", "highway": "trunk", "ref": "NH65", "oneway": "no", "length_km": 0.206}, "geometry": {"type": "LineString", "coordinates": [[73.8784427, 18.5027321], [73.878116, 18.5026782], [73.8779893, 18.502647], [73.8775639, 18.5025421], [73.8765353, 18.5023046]]}}, {"type": "Feature", "id": 22841354, "properties": {"id": 22841354, "name": "Tanaji Malusare Path", "highway": "primary", "ref": "", "oneway": "yes", "length_km": 0.607}, "geometry": {"type": "LineString", "coordinates": [[73.8456423, 18.5012279], [73.8458628, 18.501227], [73.8459008, 18.5012294], [73.8459562, 18.501233], [73.8462138, 18.5012496], [73.8463011, 18.5012552], [73.8465063, 18.5012628], [73.846676, 18.501269], [73.84693, 18.5012612], [73.8470374, 18.5012496], [73.8471893, 18.5012193], [73.8473877, 18.5011658], [73.8474395, 18.501151], [73.8475912, 18.5011077], [73.8476486, 18.5010913], [73.8478521, 18.5010332], [73.8483585, 18.500904], [73.8485663, 18.500848], [73.8487288, 18.50079], [73.8488575, 18.5007256], [73.8492802, 18.5004533], [73.8495156, 18.5003006], [73.8496631, 18.500198], [73.8498646, 18.5000578], [73.8501113, 18.4998861], [73.8504239, 18.499672], [73.8508468, 18.4993285]]}}, {"type": "Feature", "id": 22841358, "properties": {"id": 22841358, "name": "Solapur Road", "highway": "trunk", "ref": "NH65", "oneway": "yes", "length_km": 0.487}, "geometry": {"type": "LineString", "coordinates": [[73.8793253, 18.5070124], [73.8796821, 18.506938], [73.8801577, 18.5068388], [73.8803129, 18.5068064], [73.8807286, 18.5067197], [73.8817031, 18.5065575], [73.8821358, 18.5065077], [73.8822311, 18.5065024], [73.8831912, 18.5064166], [73.8839033, 18.5064063]]}}, {"type": "Feature", "id": 22841370, "properties": {"id": 22841370, "name": "Chimaji Appa Peshwe Path", "highway": "primary", "ref": "", "oneway": "yes", "length_km": 0.182}, "geometry": {"type": "LineString", "coordinates": [[73.8540449, 18.5013062], [73.8540373, 18.5012114], [73.8540248, 18.5010541], [73.8540059, 18.5009261], [73.8540124, 18.5007097], [73.8540165, 18.5005715], [73.8540167, 18.5005647], [73.8540177, 18.5004983], [73.8540187, 18.5004378], [73.8540068, 18.5002509], [73.8539997, 18.5001621], [73.8539865, 18.5000989], [73.8539325, 18.4998392], [73.8539289, 18.4998223], [73.8538981, 18.4996771]]}}, {"type": "Feature", "id": 22841372, "properties": {"id": 22841372, "name": "NH65", "highway": "trunk", "ref": "NH65", "oneway": "yes", "length_km": 0.622}, "geometry": {"type": "LineString", "coordinates": [[73.8835761, 18.5059746], [73.8832856, 18.5056138], [73.8831723, 18.5054767], [73.8830376, 18.505363], [73.8828414, 18.5052467], [73.8828141, 18.5052245], [73.8827302, 18.5051808], [73.8825574, 18.5050889], [73.8822856, 18.5049443], [73.8815317, 18.5045744], [73.8813701, 18.5044951], [73.8809907, 18.5042676], [73.8808972, 18.5042115], [73.8808657, 18.5041879], [73.8807175, 18.5040769], [73.8804309, 18.5038622], [73.8803118, 18.5037731], [73.8802208, 18.5036899], [73.8795133, 18.5031085], [73.8794247, 18.5030343], [73.8793686, 18.5030042], [73.87877, 18.5028385]]}}, {"type": "Feature", "id": 22841391, "properties": {"id": 22841391, "name": "Koregaon Road", "highway": "primary", "ref": "", "oneway": "yes", "length_km": 0.206}, "geometry": {"type": "LineString", "coordinates": [[73.8854145, 18.5413611], [73.8854225, 18.5412667], [73.8854316, 18.5410752], [73.8854374, 18.5409481], [73.8855028, 18.5395027]]}}, {"type": "Feature", "id": 22841398, "properties": {"id": 22841398, "name": "NH753F", "highway": "trunk", "ref": "NH753F", "oneway": "yes", "length_km": 0.195}, "geometry": {"type": "LineString", "coordinates": [[73.8596991, 18.5296667], [73.8595451, 18.5296573], [73.8594713, 18.5296476], [73.8594278, 18.5296419], [73.8593026, 18.5296137], [73.859277, 18.5296075], [73.8591964, 18.5295879], [73.859096, 18.5295562], [73.8589714, 18.529516], [73.8587893, 18.5294605], [73.8587423, 18.5294506], [73.8586814, 18.5294327], [73.8584726, 18.5294148], [73.8582752, 18.5294271], [73.8578868, 18.5295055]]}}, {"type": "Feature", "id": 22841404, "properties": {"id": 22841404, "name": "Satara Road", "highway": "trunk", "ref": "NH60", "oneway": "yes", "length_km": 0.026}, "geometry": {"type": "LineString", "coordinates": [[73.8584544, 18.4480926], [73.8584, 18.4482814], [73.85839, 18.4483162]]}}, {"type": "Feature", "id": 22841481, "properties": {"id": 22841481, "name": "National Games Marg", "highway": "primary", "ref": "", "oneway": "yes", "length_km": 1.207}, "geometry": {"type": "LineString", "coordinates": [[73.8944704, 18.5652337], [73.89442, 18.5651013], [73.8940318, 18.5646024], [73.8937585, 18.5642468], [73.8936721, 18.5641174], [73.8935727, 18.5639562], [73.8931842, 18.5632318], [73.8931476, 18.5631638], [73.8924661, 18.5618922], [73.8923596, 18.5616611], [73.8923119, 18.5615397], [73.8923047, 18.5615214], [73.8922722, 18.5614387], [73.8920627, 18.5608596], [73.8919629, 18.5605837], [73.8918531, 18.5602608], [73.8918042, 18.5601171], [73.8916273, 18.5595438], [73.8915914, 18.5594273], [73.8915142, 18.5591793], [73.8914066, 18.5588336], [73.8912683, 18.5583468], [73.8911982, 18.5581004], [73.8911778, 18.5580285], [73.8910006, 18.5574284], [73.8908498, 18.5569175], [73.8907174, 18.5564691], [73.8906647, 18.5562907], [73.8905972, 18.5560455], [73.8904951, 18.5557266], [73.8903285, 18.5551753]]}}, {"type": "Feature", "id": 22841499, "properties": {"id": 22841499, "name": "Deccan College Road", "highway": "trunk", "ref": "NH753F", "oneway": "yes", "length_km": 0.081}, "geometry": {"type": "LineString", "coordinates": [[73.8835394, 18.5451447], [73.8835877, 18.5451502], [73.8836609, 18.5451586], [73.8838456, 18.5451748], [73.8841136, 18.5451921], [73.8841999, 18.5451822], [73.8843047, 18.5451618]]}}, {"type": "Feature", "id": 22841755, "properties": {"id": 22841755, "name": "Nagar Road", "highway": "trunk", "ref": "NH753F", "oneway": "yes", "length_km": 0.07}, "geometry": {"type": "LineString", "coordinates": [[73.9032112, 18.5542099], [73.9031475, 18.5541943], [73.9029908, 18.5541484], [73.9026819, 18.5540579], [73.9025776, 18.5540279]]}}, {"type": "Feature", "id": 22841785, "properties": {"id": 22841785, "name": "Aundh Ravet Road", "highway": "primary", "ref": "", "oneway": "yes", "length_km": 0.696}, "geometry": {"type": "LineString", "coordinates": [[73.7946512, 18.5846238], [73.7950213, 18.5843947], [73.7954943, 18.5840643], [73.7961314, 18.5836078], [73.7965241, 18.5832737], [73.7969729, 18.582851], [73.7973994, 18.5824538], [73.7976112, 18.5822634], [73.797687, 18.5822076], [73.7977146, 18.5821904], [73.7978022, 18.5821203], [73.7978606, 18.5820559], [73.7981444, 18.5817954], [73.7995725, 18.5804502]]}}, {"type": "Feature", "id": 22841847, "properties": {"id": 22841847, "name": "SH59", "highway": "primary", "ref": "SH59", "oneway": "no", "length_km": 2.299}, "geometry": {"type": "LineString", "coordinates": [[73.7504503, 18.4388686], [73.7513531, 18.43858], [73.7520991, 18.4384081], [73.7524384, 18.4383369], [73.7527174, 18.4382974], [73.7527824, 18.4382853], [73.7533417, 18.4381575], [73.7537688, 18.4380143], [73.7538211, 18.4379946], [73.7540437, 18.4378814], [73.7540933, 18.4378509], [73.7543736, 18.4376161], [73.7546063, 18.4374132], [73.7546861, 18.4373451], [73.7549007, 18.4371428], [73.7555719, 18.4365423], [73.7556001, 18.4365245], [73.755818, 18.436424], [73.7558609, 18.4364107], [73.7559085, 18.4364011], [73.7561828, 18.4363763], [73.7564959, 18.4363553], [73.7565576, 18.4363496], [73.7569083, 18.4363203], [73.7569586, 18.4363235], [73.757147, 18.4363719], [73.7572047, 18.4363954], [73.7582749, 18.4369476], [73.7583111, 18.4369717], [73.7585532, 18.4371918], [73.758574, 18.4372198], [73.7585894, 18.4372523], [73.7589019, 18.437861], [73.7589173, 18.4378986], [73.7590038, 18.4381505], [73.7590145, 18.4381855], [73.7590611, 18.4384921], [73.7590648, 18.4386015], [73.7590568, 18.4386982], [73.7589227, 18.4392758], [73.7589052, 18.4393687], [73.7588809, 18.4398275], [73.7589052, 18.4404513], [73.7589401, 18.4405735], [73.7589991, 18.4406727], [73.7591064, 18.4408101], [73.7596819, 18.4413218], [73.7598793, 18.4416312], [73.7599057, 18.4418025], [73.7598964, 18.4418755], [73.7598118, 18.442207], [73.7597877, 18.4423075], [73.7597823, 18.4425467], [73.7598106, 18.4428607], [73.7598427, 18.4429589], [73.7602054, 18.4439029], [73.760536, 18.4448507], [73.7605923, 18.444955], [73.760646, 18.4450365], [73.7610242, 18.4454665], [73.7611154, 18.4455581], [73.7612602, 18.4456853], [73.7613192, 18.4457667], [73.761346, 18.4458507], [73.7614641, 18.4468608], [73.7615231, 18.4471636], [73.7616143, 18.4475885], [73.7616438, 18.4476661], [73.7616853, 18.4477666], [73.7617993, 18.4479638], [73.7618825, 18.4481266], [73.7620273, 18.4482984]]}}, {"type": "Feature", "id": 22841849, "properties": {"id": 22841849, "name": "Sinhagad Road", "highway": "primary", "ref": "", "oneway": "no", "length_km": 0.437}, "geometry": {"type": "LineString", "coordinates": [[73.8000706, 18.4566224], [73.7998697, 18.4565577], [73.7997197, 18.4565093], [73.7996235, 18.4564783], [73.7994548, 18.4564116], [73.7993486, 18.4563591], [73.7992256, 18.4562883], [73.7991331, 18.4562332], [73.7990071, 18.4561581], [73.7986846, 18.455966], [73.7985671, 18.455896], [73.7981789, 18.4556648], [73.7973173, 18.4551515], [73.7969903, 18.4549567], [73.796946, 18.454936], [73.7965976, 18.4547293], [73.7964817, 18.4546606]]}}, {"type": "Feature", "id": 22841924, "properties": {"id": 22841924, "name": "Katraj - Dehu Road Bypass", "highway": "trunk", "ref": "NH48", "oneway": "yes", "length_km": 0.859}, "geometry": {"type": "LineString", "coordinates": [[73.8182143, 18.4646847], [73.8155394, 18.4676632], [73.8129304, 18.4705922]]}}, {"type": "Feature", "id": 22948461, "properties": {"id": 22948461, "name": "Narveer Tanaji Malusare Marg (Sinhagad Road)", "highway": "primary", "ref": "", "oneway": "yes", "length_km": 0.255}, "geometry": {"type": "LineString", "coordinates": [[73.8127063, 18.4610471], [73.8127528, 18.4610712], [73.8128571, 18.4611253], [73.8129166, 18.4611562], [73.8133109, 18.4613805], [73.8135001, 18.4614881], [73.8135178, 18.4615], [73.8136555, 18.4615927], [73.8137442, 18.4616576], [73.8138102, 18.4617059], [73.8139608, 18.4618395], [73.8141441, 18.462002], [73.8142655, 18.4621097], [73.8145189, 18.4623345], [73.8146491, 18.4624097]]}}, {"type": "Feature", "id": 22948482, "properties": {"id": 22948482, "name": "Narveer Tanaji Malusare Marg (Sinhagad Road)", "highway": "primary", "ref": "", "oneway": "yes", "length_km": 0.136}, "geometry": {"type": "LineString", "coordinates": [[73.8127554, 18.4608621], [73.8127048, 18.4608229], [73.8119919, 18.46027], [73.8118935, 18.4601839], [73.8117686, 18.4600724]]}}, {"type": "Feature", "id": 22950635, "properties": {"id": 22950635, "name": "Katraj - Dehu Road Bypass", "highway": "trunk", "ref": "NH48", "oneway": "yes", "length_km": 0.498}, "geometry": {"type": "LineString", "coordinates": [[73.786961, 18.5073268], [73.7864911, 18.5072887], [73.785805, 18.507233], [73.7857, 18.5072193], [73.7856155, 18.5072158], [73.7854573, 18.5072098], [73.7850406, 18.5071959], [73.7845781, 18.5071847], [73.7840269, 18.5072039], [73.7838093, 18.5072076], [73.7833771, 18.5072444], [73.7828579, 18.5073393], [73.7827914, 18.5073541], [73.7827362, 18.5073664], [73.7825462, 18.5074079], [73.7823513, 18.5074535], [73.7822517, 18.5074757]]}}, {"type": "Feature", "id": 22950636, "properties": {"id": 22950636, "name": "Katraj - Dehu Road Bypass", "highway": "trunk", "ref": "NH48", "oneway": "yes", "length_km": 0.336}, "geometry": {"type": "LineString", "coordinates": [[73.7918735, 18.4898925], [73.7911965, 18.4903641], [73.7908208, 18.490606], [73.7901422, 18.4910944], [73.789834, 18.4913714], [73.7895991, 18.4916528], [73.7894641, 18.4918443]]}}, {"type": "Feature", "id": 22974906, "properties": {"id": 22974906, "name": "Balaji Vishwanath Path", "highway": "trunk", "ref": "NH60;NH65", "oneway": "yes", "length_km": 0.131}, "geometry": {"type": "LineString", "coordinates": [[73.8538607, 18.5014307], [73.8538037, 18.5022215], [73.853789, 18.5023245], [73.8537808, 18.5025223], [73.8538229, 18.5026015]]}}, {"type": "Feature", "id": 22974907, "properties": {"id": 22974907, "name": "Balaji Vishwanath Path", "highway": "trunk", "ref": "NH60;NH65", "oneway": "yes", "length_km": 0.115}, "geometry": {"type": "LineString", "coordinates": [[73.8557223, 18.5010896], [73.8554245, 18.5011534], [73.8549411, 18.5012511], [73.8546524, 18.5013094]]}}, {"type": "Feature", "id": 22975243, "properties": {"id": 22975243, "name": "Kondhwa Main Road", "highway": "primary", "ref": "", "oneway": "yes", "length_km": 1.045}, "geometry": {"type": "LineString", "coordinates": [[73.8904316, 18.4616105], [73.8904538, 18.461524], [73.8904708, 18.4614524], [73.89055, 18.461111], [73.8905843, 18.4609628], [73.8906927, 18.460418], [73.8908077, 18.4599537], [73.8908997, 18.4595331], [73.8908899, 18.4589858], [73.890879, 18.4585105], [73.8908545, 18.4580015], [73.8908523, 18.4579469], [73.8908501, 18.4577977], [73.8908416, 18.4572096], [73.8908389, 18.4570229], [73.8908311, 18.4568354], [73.8907633, 18.4552008], [73.8907499, 18.4548628], [73.8907261, 18.4542632], [73.8907366, 18.4540416], [73.8907439, 18.4538995], [73.8907717, 18.4537613], [73.8908468, 18.4535148], [73.8910535, 18.4528514], [73.8911288, 18.4526095], [73.8912226, 18.4523145]]}}, {"type": "Feature", "id": 22975244, "properties": {"id": 22975244, "name": "Jagannath Shankarsheth Marg", "highway": "trunk", "ref": "NH65", "oneway": "no", "length_km": 0.035}, "geometry": {"type": "LineString", "coordinates": [[73.8765353, 18.5023046], [73.876457, 18.5022856], [73.876254, 18.5022376], [73.8762137, 18.5022281]]}}, {"type": "Feature", "id": 22975245, "properties": {"id": 22975245, "name": "Jagannath Shankarsheth Marg", "highway": "trunk", "ref": "NH65", "oneway": "yes", "length_km": 0.122}, "geometry": {"type": "LineString", "coordinates": [[73.8750841, 18.5020134], [73.8751788, 18.5020363], [73.8752914, 18.5020614], [73.8755191, 18.5021145], [73.8760993, 18.5022374], [73.8762137, 18.5022281]]}}, {"type": "Feature", "id": 22975586, "properties": {"id": 22975586, "name": "Aundh Ravet Road", "highway": "primary", "ref": "", "oneway": "yes", "length_km": 0.248}, "geometry": {"type": "LineString", "coordinates": [[73.8102627, 18.5692939], [73.8099985, 18.5692922], [73.8093563, 18.5694307], [73.8092004, 18.5694965], [73.8090862, 18.5696047], [73.8089566, 18.5697832], [73.8086604, 18.5702401], [73.8085095, 18.5704184], [73.8084493, 18.5704558]]}}, {"type": "Feature", "id": 22981400, "properties": {"id": 22981400, "name": "Babasaheb Ambedkar Marg", "highway": "primary", "ref": "", "oneway": "yes", "length_km": 0.482}, "geometry": {"type": "LineString", "coordinates": [[73.8634696, 18.5279086], [73.8635141, 18.5278067], [73.863544, 18.5277707], [73.8635647, 18.5277458], [73.8638308, 18.5275223], [73.8640199, 18.5273972], [73.8642553, 18.5272844], [73.864765, 18.5270136], [73.8649756, 18.526901], [73.8655531, 18.5265936], [73.8658455, 18.5264379], [73.8659309, 18.5263925], [73.8664868, 18.5260966], [73.8673494, 18.5256467]]}}, {"type": "Feature", "id": 22981431, "properties": {"id": 22981431, "name": "East Street", "highway": "primary", "ref": "", "oneway": "yes", "length_km": 0.743}, "geometry": {"type": "LineString", "coordinates": [[73.8791847, 18.5069615], [73.8792186, 18.5070951], [73.8792581, 18.5073208], [73.8792747, 18.5074146], [73.8793715, 18.5079058], [73.8794052, 18.5080478], [73.8795004, 18.5084489], [73.879625, 18.5089045], [73.8796794, 18.5091037], [73.8798095, 18.5095756], [73.8799839, 18.5102078], [73.8799904, 18.5102315], [73.8800324, 18.5104071], [73.8800579, 18.5105352], [73.8800665, 18.5105786], [73.880067, 18.510611], [73.8800682, 18.5106827], [73.8800694, 18.5107504], [73.8800418, 18.5111084], [73.8799947, 18.5117177], [73.8799678, 18.5120659], [73.8799446, 18.5123664], [73.8799316, 18.5125345], [73.8798629, 18.5134243], [73.8798974, 18.5135454]]}}, {"type": "Feature", "id": 23016221, "properties": {"id": 23016221, "name": "Vishnushastri Chiplunkar Path", "highway": "primary", "ref": "", "oneway": "yes", "length_km": 0.278}, "geometry": {"type": "LineString", "coordinates": [[73.8295683, 18.5107026], [73.8297623, 18.5103532], [73.830073, 18.5097935], [73.8303842, 18.509236], [73.8304303, 18.5091534], [73.8307778, 18.5085308], [73.8308014, 18.5084885]]}}, {"type": "Feature", "id": 23016269, "properties": {"id": 23016269, "name": "Katraj - Dehu Road Bypass", "highway": "trunk", "ref": "NH48", "oneway": "yes", "length_km": 0.159}, "geometry": {"type": "LineString", "coordinates": [[73.8098055, 18.4740963], [73.8088302, 18.4751868]]}}, {"type": "Feature", "id": 23016491, "properties": {"id": 23016491, "name": "Satara Road", "highway": "trunk", "ref": "NH60", "oneway": "yes", "length_km": 0.028}, "geometry": {"type": "LineString", "coordinates": [[73.8580156, 18.4980916], [73.8580563, 18.4983432]]}}, {"type": "Feature", "id": 23016492, "properties": {"id": 23016492, "name": "Satara Road", "highway": "trunk", "ref": "NH60", "oneway": "yes", "length_km": 0.195}, "geometry": {"type": "LineString", "coordinates": [[73.8581094, 18.4987356], [73.8581724, 18.4990714], [73.8583186, 18.4999375], [73.8583428, 18.5000596], [73.8583763, 18.5002236], [73.8583949, 18.5003118], [73.8584273, 18.5004653]]}}, {"type": "Feature", "id": 23017414, "properties": {"id": 23017414, "name": "Castellino Marg", "highway": "trunk", "ref": "NH65", "oneway": "yes", "length_km": 0.025}, "geometry": {"type": "LineString", "coordinates": [[73.8784568, 18.5052897], [73.8784597, 18.5053807], [73.8784612, 18.5054298], [73.8784623, 18.5055116]]}}, {"type": "Feature", "id": 23017889, "properties": {"id": 23017889, "name": "Vishrantwadi - Airport Road", "highway": "primary", "ref": "", "oneway": "yes", "length_km": 0.627}, "geometry": {"type": "LineString", "coordinates": [[73.8933726, 18.5744876], [73.8942663, 18.5746144], [73.894791, 18.5746888], [73.8951431, 18.5747387], [73.8957063, 18.5748179], [73.8967752, 18.5749679], [73.8970635, 18.5750084], [73.897172, 18.5750281], [73.8974729, 18.5750827], [73.8978449, 18.5751617], [73.8980097, 18.5751962], [73.8988514, 18.5753724], [73.8990939, 18.5754232], [73.8991791, 18.5754314], [73.8992553, 18.5754071]]}}, {"type": "Feature", "id": 23017951, "properties": {"id": 23017951, "name": "Lohgaon Road", "highway": "primary", "ref": "", "oneway": "no", "length_km": 0.01}, "geometry": {"type": "LineString", "coordinates": [[73.9037285, 18.5789862], [73.9037028, 18.5790719]]}}, {"type": "Feature", "id": 23026419, "properties": {"id": 23026419, "name": "Kondhwa Marg", "highway": "primary", "ref": "", "oneway": "yes", "length_km": 1.082}, "geometry": {"type": "LineString", "coordinates": [[73.8788398, 18.5025748], [73.8789925, 18.5020875], [73.8790347, 18.5019509], [73.8790725, 18.5018456], [73.8792003, 18.5014897], [73.8792936, 18.50123], [73.8795833, 18.5004232], [73.8796656, 18.5001793], [73.879767, 18.4998789], [73.8798646, 18.4996163], [73.8799505, 18.4993853], [73.8801027, 18.4990035], [73.8801593, 18.498907], [73.8802381, 18.4988015], [73.8806169, 18.498467], [73.880718, 18.4983497], [73.8808218, 18.4982292], [73.8810801, 18.4977983], [73.8813098, 18.4974556], [73.8816222, 18.4969895], [73.8819347, 18.4965234], [73.8820484, 18.496349], [73.8820725, 18.496312], [73.8823215, 18.4960212], [73.8827242, 18.4956074], [73.883123, 18.4951828], [73.8838993, 18.4942561]]}}, {"type": "Feature", "id": 23027929, "properties": {"id": 23027929, "name": "Solapur Road", "highway": "trunk", "ref": "NH65", "oneway": "yes", "length_km": 1.071}, "geometry": {"type": "LineString", "coordinates": [[73.9030717, 18.5065721], [73.9036683, 18.5065861], [73.9047267, 18.5065684], [73.9056354, 18.5065609], [73.9056683, 18.5065606], [73.906002, 18.5065578], [73.9062104, 18.5065561], [73.9069232, 18.5065395], [73.9070354, 18.5065359], [73.9073237, 18.506522], [73.9080343, 18.5064878], [73.908402, 18.5064701], [73.9086592, 18.5064585], [73.9097035, 18.5064375], [73.9107915, 18.5064156], [73.9121331, 18.5063886], [73.9126293, 18.5063593], [73.9128214, 18.5063468], [73.9130642, 18.5063196], [73.9132668, 18.5062886]]}}, {"type": "Feature", "id": 23027930, "properties": {"id": 23027930, "name": "Solapur Road Flyover", "highway": "trunk", "ref": "NH65", "oneway": "yes", "length_km": 0.627}, "geometry": {"type": "LineString", "coordinates": [[73.9137948, 18.5062196], [73.91431, 18.5060967], [73.9155569, 18.5057703], [73.9174879, 18.5052386], [73.9179244, 18.5051184], [73.919531, 18.5046528]]}}, {"type": "Feature", "id": 23028033, "properties": {"id": 23028033, "name": "Arjunrao Pawar Path", "highway": "primary", "ref": "", "oneway": "yes", "length_km": 0.209}, "geometry": {"type": "LineString", "coordinates": [[73.8615855, 18.5285245], [73.861818, 18.5285013], [73.8621001, 18.5284199], [73.8629302, 18.5280863], [73.8630121, 18.5280534], [73.8630931, 18.5280163], [73.8631882, 18.5279714], [73.8632765, 18.5279501], [73.8633663, 18.5279471], [73.8634629, 18.527949]]}}, {"type": "Feature", "id": 23028035, "properties": {"id": 23028035, "name": "Sangam Bridge", "highway": "primary", "ref": "", "oneway": "yes", "length_km": 0.239}, "geometry": {"type": "LineString", "coordinates": [[73.8593128, 18.5284254], [73.8615855, 18.5285245]]}}, {"type": "Feature", "id": 23028039, "properties": {"id": 23028039, "name": "Raja Bahadur Mill Marg", "highway": "trunk", "ref": "NH753F", "oneway": "yes", "length_km": 0.07}, "geometry": {"type": "LineString", "coordinates": [[73.861705, 18.5298073], [73.8617941, 18.5298017], [73.861975, 18.5297903], [73.8622022, 18.5297759], [73.8623685, 18.5297766]]}}, {"type": "Feature", "id": 23028040, "properties": {"id": 23028040, "name": "New Sangam Bridge", "highway": "trunk", "ref": "NH753F", "oneway": "yes", "length_km": 0.211}, "geometry": {"type": "LineString", "coordinates": [[73.8597002, 18.529834], [73.861705, 18.5298073]]}}, {"type": "Feature", "id": 23028161, "properties": {"id": 23028161, "name": "Jawaharlal Nehru Marg", "highway": "primary", "ref": "", "oneway": "yes", "length_km": 0.541}, "geometry": {"type": "LineString", "coordinates": [[73.8691271, 18.5015825], [73.869007, 18.5022412], [73.868959, 18.5025048], [73.8689275, 18.5026697], [73.8688948, 18.5028408], [73.8688637, 18.5030037], [73.8688292, 18.5032094], [73.8687566, 18.5035517], [73.8687413, 18.5036241], [73.868732, 18.5036911], [73.8687234, 18.503753], [73.8686917, 18.5039271], [73.8686344, 18.5043351], [73.8686054, 18.5045073], [73.8685854, 18.504642], [73.8685376, 18.5050684], [73.8685325, 18.5051135], [73.868528, 18.505159], [73.8684789, 18.50565], [73.868466, 18.5060341], [73.8684676, 18.5061758], [73.8684694, 18.5063337], [73.8684699, 18.50641]]}}, {"type": "Feature", "id": 23152009, "properties": {"id": 23152009, "name": "Old Pune\u2013Mumbai Highway", "highway": "trunk", "ref": "NH60;NH65", "oneway": "yes", "length_km": 0.032}, "geometry": {"type": "LineString", "coordinates": [[73.8355729, 18.5768468], [73.835642, 18.576567]]}}, {"type": "Feature", "id": 23153027, "properties": {"id": 23153027, "name": "Kharadi Bypass", "highway": "trunk", "ref": "", "oneway": "yes", "length_km": 2.791}, "geometry": {"type": "LineString", "coordinates": [[73.9386815, 18.5621172], [73.9386643, 18.5618893], [73.9386526, 18.5617413], [73.938426, 18.559782], [73.9383772, 18.5593683], [73.9383627, 18.5592458], [73.9383227, 18.5588886], [73.9383041, 18.558757], [73.9382857, 18.5586272], [73.938276, 18.5585586], [73.9381154, 18.557771], [73.938103, 18.5576916], [73.9380865, 18.5575719], [73.9379783, 18.556816], [73.9379715, 18.5567687], [73.9378076, 18.5556234], [73.9377967, 18.5555476], [73.9377294, 18.5550772], [73.9377194, 18.5550036], [73.9376537, 18.5545484], [73.9376203, 18.5542292], [73.9376041, 18.554081], [73.9375808, 18.5538674], [73.9375679, 18.5537493], [73.9375357, 18.5534542], [73.9375155, 18.5532696], [73.9375006, 18.5531361], [73.9374824, 18.5529727], [73.937452, 18.5526877], [73.9374302, 18.5525052], [73.9373672, 18.5519614], [73.9373478, 18.5517943], [73.937334, 18.551675], [73.937332, 18.5516577], [73.9373143, 18.5514844], [73.9372961, 18.5513555], [73.9372879, 18.5512973], [73.9372431, 18.551094], [73.9372107, 18.5509429], [73.9371625, 18.5507275], [73.9371359, 18.5506212], [73.937012, 18.550073], [73.9367494, 18.5489103], [73.9366376, 18.5484156], [73.936502, 18.5478071], [73.9362729, 18.5468014], [73.9362708, 18.546793], [73.9362181, 18.5465855], [73.9361923, 18.546484], [73.9360781, 18.546034], [73.936018, 18.5457972], [73.9360056, 18.5457486], [73.9359509, 18.5454987], [73.9358733, 18.5452274], [73.9358195, 18.5450312], [73.9357878, 18.5449185], [73.9356957, 18.5446036], [73.9356124, 18.5442159], [73.935556, 18.5439848], [73.9354976, 18.5437113], [73.9354856, 18.543655], [73.9354304, 18.5433965], [73.9354279, 18.5433856], [73.935229, 18.542532], [73.935193, 18.5423765], [73.9351663, 18.5422609], [73.935145, 18.5421604], [73.935101, 18.5419526], [73.9350736, 18.5418234], [73.9349377, 18.5410873], [73.9348606, 18.5406778], [73.934845, 18.5405938], [73.9348263, 18.5405032], [73.9347842, 18.5402628], [73.9346605, 18.5397562], [73.9346461, 18.5396193], [73.9343854, 18.538444], [73.9343566, 18.5382881], [73.9343455, 18.538165], [73.9342874, 18.5377954], [73.9342439, 18.537439], [73.9342339, 18.5373574]]}}, {"type": "Feature", "id": 25922700, "properties": {"id": 25922700, "name": "Dr. Jayakar Path", "highway": "primary_link", "ref": "", "oneway": "yes", "length_km": 0.051}, "geometry": {"type": "LineString", "coordinates": [[73.8146357, 18.560784], [73.8147866, 18.5607033], [73.8148681, 18.5606837], [73.8149739, 18.5606894], [73.8150706, 18.5607539]]}}, {"type": "Feature", "id": 28726864, "properties": {"id": 28726864, "name": "Wakad Flyover", "highway": "primary", "ref": "", "oneway": "yes", "length_km": 0.52}, "geometry": {"type": "LineString", "coordinates": [[73.7551657, 18.5920159], [73.7559317, 18.5920162], [73.7561586, 18.5920148], [73.7563333, 18.5920138], [73.7568089, 18.5920148], [73.7570045, 18.5920235], [73.7574691, 18.5920537], [73.7582882, 18.5921234], [73.758473, 18.5921449], [73.7586825, 18.5921769], [73.7592544, 18.5922578], [73.7600939, 18.5923809]]}}, {"type": "Feature", "id": 40350567, "properties": {"id": 40350567, "name": "Sant Dyaneshwar Marg", "highway": "primary", "ref": "", "oneway": "yes", "length_km": 1.04}, "geometry": {"type": "LineString", "coordinates": [[73.8709826, 18.5486576], [73.8710518, 18.5487727], [73.8712426, 18.5490759], [73.872664, 18.5514734], [73.8727743, 18.5516378], [73.8731955, 18.5522527], [73.8732594, 18.5523488], [73.873912, 18.5533305], [73.8742056, 18.5537312], [73.8742548, 18.553806], [73.874307, 18.5539005], [73.8743379, 18.5539764], [73.874372, 18.5540843], [73.8745449, 18.5548426], [73.8745814, 18.5549931], [73.8745952, 18.5550497], [73.8746391, 18.555203], [73.8746598, 18.5552613], [73.8746767, 18.555309], [73.8746977, 18.555357], [73.8747337, 18.5554454], [73.8747786, 18.5555348], [73.8753592, 18.5566138], [73.8754989, 18.5569309]]}}, {"type": "Feature", "id": 42555093, "properties": {"id": 42555093, "name": "Breman Chowk - Khadki Bazar Road", "highway": "primary", "ref": "", "oneway": "no", "length_km": 0.181}, "geometry": {"type": "LineString", "coordinates": [[73.8447668, 18.5567494], [73.8456077, 18.557027], [73.8456101, 18.5570281], [73.8458223, 18.557121], [73.8461697, 18.5572732], [73.8462306, 18.557309], [73.8462725, 18.5573398], [73.8463251, 18.5574132]]}}, {"type": "Feature", "id": 42557240, "properties": {"id": 42557240, "name": "Rajiv Gandhi Bridge", "highway": "primary", "ref": "", "oneway": "yes", "length_km": 0.137}, "geometry": {"type": "LineString", "coordinates": [[73.8115378, 18.5672913], [73.8114518, 18.5685199]]}}, {"type": "Feature", "id": 42672927, "properties": {"id": 42672927, "name": "Unnamed Arterial", "highway": "trunk_link", "ref": "", "oneway": "no", "length_km": 0.135}, "geometry": {"type": "LineString", "coordinates": [[73.8366801, 18.5725799], [73.836287, 18.5731292], [73.8361676, 18.5732767], [73.8359691, 18.5735933]]}}, {"type": "Feature", "id": 42672928, "properties": {"id": 42672928, "name": "Lakshmanrao Kirloskar Road", "highway": "primary", "ref": "", "oneway": "no", "length_km": 0.489}, "geometry": {"type": "LineString", "coordinates": [[73.838712, 18.5711863], [73.8388826, 18.571106], [73.8393643, 18.5708792], [73.8397739, 18.5706864], [73.8400164, 18.5705722], [73.8404701, 18.5703581], [73.8406744, 18.5702616], [73.8411456, 18.5700384], [73.8416127, 18.5698176], [73.842327, 18.5694844], [73.8427249, 18.5693062], [73.8427746, 18.5692845], [73.8428898, 18.5692341]]}}, {"type": "Feature", "id": 45119465, "properties": {"id": 45119465, "name": "Bhosari Telco Road", "highway": "primary", "ref": "", "oneway": "yes", "length_km": 0.46}, "geometry": {"type": "LineString", "coordinates": [[73.8424363, 18.6189035], [73.8428234, 18.6184612], [73.8438691, 18.6173313], [73.8441654, 18.6170112], [73.8450524, 18.6160528], [73.8453115, 18.6157728]]}}, {"type": "Feature", "id": 48732453, "properties": {"id": 48732453, "name": "Sinhagad Road", "highway": "primary", "ref": "", "oneway": "yes", "length_km": 0.119}, "geometry": {"type": "LineString", "coordinates": [[73.7952627, 18.4541511], [73.7952923, 18.4542436], [73.7953426, 18.4543359], [73.7953792, 18.4543798], [73.7954108, 18.4544105], [73.7954603, 18.4544393], [73.7955137, 18.4544628], [73.7955989, 18.4544813], [73.7956865, 18.4544967], [73.7957816, 18.4545111], [73.7958508, 18.4545169], [73.795989, 18.4545297], [73.7961148, 18.454535], [73.7962085, 18.454524]]}}, {"type": "Feature", "id": 48732641, "properties": {"id": 48732641, "name": "Sinhagad Road", "highway": "primary", "ref": "", "oneway": "yes", "length_km": 0.784}, "geometry": {"type": "LineString", "coordinates": [[73.7894069, 18.4474271], [73.7895, 18.4476762], [73.7896435, 18.4479496], [73.7897831, 18.4482075], [73.7899035, 18.4484165], [73.7900133, 18.4486045], [73.7906903, 18.4497164], [73.7908273, 18.4499287], [73.7912749, 18.4506566], [73.7913692, 18.4508274], [73.7914599, 18.4509754], [73.7915491, 18.4511054], [73.7916153, 18.4511919], [73.7916704, 18.4512625], [73.7919568, 18.4516189], [73.7920615, 18.4517397], [73.7921735, 18.4518599], [73.792261, 18.4519498], [73.7923693, 18.4520551], [73.7925366, 18.4522049], [73.7926731, 18.4523103], [73.7929842, 18.4525], [73.7933973, 18.4527563], [73.7936311, 18.4528851], [73.7936892, 18.4529155], [73.7938035, 18.4529455]]}}, {"type": "Feature", "id": 50331881, "properties": {"id": 50331881, "name": "Saswad Road", "highway": "trunk", "ref": "NH965", "oneway": "yes", "length_km": 0.019}, "geometry": {"type": "LineString", "coordinates": [[73.940888, 18.4984016], [73.9407591, 18.4985208]]}}, {"type": "Feature", "id": 50331882, "properties": {"id": 50331882, "name": "Saswad Road", "highway": "trunk", "ref": "NH965", "oneway": "yes", "length_km": 1.453}, "geometry": {"type": "LineString", "coordinates": [[73.94097, 18.4984505], [73.9409948, 18.4984289], [73.9413782, 18.4981], [73.9415357, 18.4979764], [73.9419141, 18.4976894], [73.9420156, 18.497619], [73.9420994, 18.497556], [73.9421866, 18.4974918], [73.9424046, 18.4973316], [73.9431337, 18.4967957], [73.9433917, 18.4966061], [73.9436219, 18.4964447], [73.9443509, 18.4958874], [73.9443874, 18.4958595], [73.9447844, 18.4955813], [73.9454794, 18.4950942], [73.9456687, 18.4949615], [73.9456956, 18.4949445], [73.9464564, 18.4944096], [73.9466684, 18.494261], [73.9470612, 18.4939544], [73.9472724, 18.4937654], [73.9473154, 18.4937269], [73.9475089, 18.4934965], [73.9478073, 18.4931347], [73.9482724, 18.4925098], [73.9487017, 18.491933], [73.9487719, 18.4918387], [73.9488388, 18.4917489], [73.9489894, 18.4915473], [73.9491856, 18.4912851], [73.9497166, 18.4905937], [73.9501132, 18.4900739], [73.9504981, 18.4895695], [73.9506909, 18.4893169]]}}, {"type": "Feature", "id": 51349510, "properties": {"id": 51349510, "name": "Katraj - Dehu Road Bypass", "highway": "trunk", "ref": "NH48", "oneway": "yes", "length_km": 0.297}, "geometry": {"type": "LineString", "coordinates": [[73.8200282, 18.4626303], [73.8196879, 18.462982], [73.8192592, 18.4634439], [73.8191907, 18.4635177], [73.8182143, 18.4646847]]}}, {"type": "Feature", "id": 52768440, "properties": {"id": 52768440, "name": "Solapur Road", "highway": "trunk", "ref": "NH65", "oneway": "yes", "length_km": 0.202}, "geometry": {"type": "LineString", "coordinates": [[73.8984342, 18.5065704], [73.8979267, 18.506625], [73.8973893, 18.5066828], [73.8972756, 18.5066951], [73.8969285, 18.5067325], [73.896717, 18.5067556], [73.8966241, 18.5067631], [73.8965248, 18.5067556]]}}, {"type": "Feature", "id": 52768441, "properties": {"id": 52768441, "name": "Solapur Road", "highway": "trunk", "ref": "NH65", "oneway": "yes", "length_km": 1.269}, "geometry": {"type": "LineString", "coordinates": [[73.8965248, 18.5067556], [73.8961912, 18.5067044], [73.8937997, 18.5063071], [73.8925727, 18.5061025], [73.8924368, 18.5060952], [73.8921845, 18.5061083], [73.8919414, 18.5061239], [73.8916565, 18.5061597], [73.8914549, 18.5061918], [73.8905637, 18.5063339], [73.8903382, 18.506364], [73.8901694, 18.5063866], [73.8898325, 18.506415], [73.8897613, 18.5064192], [73.8895468, 18.506427], [73.8887815, 18.5064546], [73.8870759, 18.5065524], [73.8854525, 18.5066208], [73.8852101, 18.5066232], [73.8850048, 18.5066137], [73.8847698, 18.5065994], [73.8846959, 18.5065898], [73.884617, 18.5065722], [73.8845411, 18.5065464]]}}, {"type": "Feature", "id": 52768476, "properties": {"id": 52768476, "name": "Mahatma Gandhi Marg", "highway": "primary", "ref": "", "oneway": "yes", "length_km": 1.229}, "geometry": {"type": "LineString", "coordinates": [[73.8786348, 18.5073586], [73.8786361, 18.5073703], [73.8787166, 18.5081186], [73.8787373, 18.5091471], [73.8787614, 18.5107564], [73.878786, 18.5114194], [73.8787887, 18.5121648], [73.8787976, 18.513602], [73.8787996, 18.5139238], [73.8788213, 18.5156247], [73.8788302, 18.5159631], [73.8788366, 18.5160758], [73.8788535, 18.5163749], [73.8788648, 18.5165459], [73.8789406, 18.5175482], [73.8791994, 18.5183886]]}}, {"type": "Feature", "id": 52768487, "properties": {"id": 52768487, "name": "Saifee Street", "highway": "primary", "ref": "", "oneway": "yes", "length_km": 0.115}, "geometry": {"type": "LineString", "coordinates": [[73.8798807, 18.5136716], [73.8796924, 18.5136214], [73.8795382, 18.5136087], [73.8793506, 18.5135932], [73.8787976, 18.513602]]}}, {"type": "Feature", "id": 52768488, "properties": {"id": 52768488, "name": "East Street", "highway": "primary", "ref": "", "oneway": "yes", "length_km": 0.511}, "geometry": {"type": "LineString", "coordinates": [[73.8796426, 18.5182575], [73.8796152, 18.5177335], [73.8796089, 18.5174671], [73.8795864, 18.5171803], [73.8795995, 18.5168513], [73.8796311, 18.5163494], [73.8796596, 18.5159346], [73.8796893, 18.5156967], [73.8797177, 18.5154686], [73.8797874, 18.5146767], [73.8797946, 18.5145952], [73.8797979, 18.5144794], [73.8798009, 18.5143758], [73.8798336, 18.514087], [73.8798807, 18.5136716]]}}, {"type": "Feature", "id": 52875674, "properties": {"id": 52875674, "name": "Katraj - Dehu Road Bypass", "highway": "trunk", "ref": "NH48", "oneway": "yes", "length_km": 1.615}, "geometry": {"type": "LineString", "coordinates": [[73.7646604, 18.5718772], [73.7645762, 18.5721021], [73.7645348, 18.5722126], [73.7642285, 18.5730308], [73.7638029, 18.5741799], [73.7634482, 18.5751374], [73.76286, 18.5767253], [73.762748, 18.5770276], [73.7610287, 18.5816291], [73.7595288, 18.5855892]]}}, {"type": "Feature", "id": 52875676, "properties": {"id": 52875676, "name": "Katraj - Dehu Road Bypass", "highway": "trunk", "ref": "NH48", "oneway": "yes", "length_km": 0.102}, "geometry": {"type": "LineString", "coordinates": [[73.7658017, 18.5688355], [73.7654745, 18.5697025]]}}, {"type": "Feature", "id": 52875679, "properties": {"id": 52875679, "name": "Katraj - Dehu Road Bypass", "highway": "trunk", "ref": "NH48", "oneway": "yes", "length_km": 0.102}, "geometry": {"type": "LineString", "coordinates": [[73.7655995, 18.5697445], [73.7659268, 18.5688775]]}}, {"type": "Feature", "id": 52875949, "properties": {"id": 52875949, "name": "Unnamed Arterial", "highway": "primary", "ref": "", "oneway": "yes", "length_km": 0.096}, "geometry": {"type": "LineString", "coordinates": [[73.7661526, 18.5689557], [73.7653307, 18.5693443]]}}, {"type": "Feature", "id": 52876683, "properties": {"id": 52876683, "name": "Gopal Hari Deshmukh Marg", "highway": "primary", "ref": "", "oneway": "yes", "length_km": 1.086}, "geometry": {"type": "LineString", "coordinates": [[73.7946893, 18.556062], [73.7943451, 18.5564988], [73.7942886, 18.556577], [73.7941663, 18.5567463], [73.7940963, 18.5568377], [73.7939798, 18.5569901], [73.7939368, 18.5570464], [73.7938672, 18.557142], [73.7937858, 18.5572208], [73.7937079, 18.5572879], [73.7933883, 18.557546], [73.7932412, 18.5576666], [73.7931222, 18.5577512], [73.7928824, 18.5579118], [73.7923235, 18.5582862], [73.792093, 18.5584454], [73.7919265, 18.5585477], [73.7918909, 18.5585695], [73.7918741, 18.5585804], [73.7917612, 18.5586508], [73.791712, 18.5586866], [73.7915304, 18.5587904], [73.7913708, 18.55887], [73.7912582, 18.5589177], [73.7911347, 18.5589666], [73.790437, 18.5591887], [73.7902108, 18.5592743], [73.790011, 18.5593509], [73.7898849, 18.5594031], [73.7895706, 18.55954], [73.7894618, 18.5595922], [73.7894209, 18.5596118], [73.789288, 18.5596831], [73.7889237, 18.5599078], [73.7887197, 18.5600349], [73.7886061, 18.5601216], [73.7885785, 18.5601478], [73.7885535, 18.5601714], [73.7885096, 18.5602321], [73.7884472, 18.560324], [73.7883574, 18.5604225], [73.7882032, 18.5605874], [73.7881287, 18.5606516], [73.7880625, 18.5607087], [73.7878321, 18.5609074], [73.7877593, 18.5609697], [73.7873748, 18.5612241], [73.7873478, 18.561242], [73.7872241, 18.5613119], [73.7871045, 18.5613669], [73.786998, 18.5614053], [73.7868758, 18.5614261], [73.7863799, 18.5614481]]}}, {"type": "Feature", "id": 52877109, "properties": {"id": 52877109, "name": "University Road", "highway": "primary", "ref": "", "oneway": "yes", "length_km": 0.341}, "geometry": {"type": "LineString", "coordinates": [[73.8150029, 18.5603422], [73.8151472, 18.5601613], [73.8157911, 18.5593541], [73.8158115, 18.5593285], [73.8164792, 18.5584451], [73.8169212, 18.5578602]]}}, {"type": "Feature", "id": 52877158, "properties": {"id": 52877158, "name": "Gopal Hari Deshmukh Marg", "highway": "primary", "ref": "", "oneway": "yes", "length_km": 1.13}, "geometry": {"type": "LineString", "coordinates": [[73.82647, 18.5424108], [73.8263786, 18.5424319], [73.8262815, 18.5424543], [73.8260935, 18.5425139], [73.8259306, 18.5425968], [73.8257796, 18.5426784], [73.8256444, 18.5427799], [73.8255675, 18.5428534], [73.8255108, 18.5429122], [73.8253956, 18.5430446], [73.8251637, 18.5433444], [73.8250897, 18.5434282], [73.8249605, 18.5435597], [73.8248128, 18.5436787], [73.824708, 18.5437566], [73.8246072, 18.5438304], [73.8244155, 18.5439621], [73.822921, 18.5450604], [73.8228491, 18.5451071], [73.8227669, 18.5451604], [73.8226534, 18.5452241], [73.8224271, 18.5453069], [73.8220878, 18.5454199], [73.8215125, 18.5455859], [73.8212533, 18.5456629], [73.821233, 18.5456701], [73.8211467, 18.5457008], [73.8206794, 18.5458742], [73.8202868, 18.5460208], [73.820122, 18.5460837], [73.8195833, 18.5462899], [73.8191956, 18.5464586], [73.8187477, 18.5466535], [73.8186032, 18.546709], [73.8185087, 18.5467394], [73.8181265, 18.5468623], [73.817971, 18.5469133], [73.817229, 18.5470592], [73.8171414, 18.5470725]]}}, {"type": "Feature", "id": 53013817, "properties": {"id": 53013817, "name": "Babasaheb Ambedkar Marg", "highway": "primary", "ref": "", "oneway": "yes", "length_km": 0.813}, "geometry": {"type": "LineString", "coordinates": [[73.8701424, 18.5241546], [73.8702408, 18.5239752], [73.8703116, 18.5238139], [73.870415, 18.5235794], [73.8705193, 18.5233916], [73.8709039, 18.5226985], [73.8711325, 18.5222603], [73.8711587, 18.5222102], [73.8712306, 18.5220423], [73.8715115, 18.5214006], [73.8717059, 18.5209793], [73.8718131, 18.5208392], [73.8719524, 18.5207474], [73.8721216, 18.5206861], [73.8723072, 18.5206188], [73.8725571, 18.5205268], [73.872612, 18.5205055], [73.8726853, 18.5204771], [73.8730115, 18.5203756], [73.8731267, 18.5203397], [73.8740905, 18.5200398], [73.8753903, 18.5196387], [73.8754366, 18.5196244]]}}, {"type": "Feature", "id": 53086555, "properties": {"id": 53086555, "name": "Jawaharlal Nehru Marg", "highway": "primary", "ref": "", "oneway": "yes", "length_km": 0.76}, "geometry": {"type": "LineString", "coordinates": [[73.8694034, 18.4980907], [73.8694087, 18.4979376], [73.8693661, 18.4966873], [73.8693537, 18.4965111], [73.8693497, 18.4962424], [73.8693215, 18.4940362], [73.8693085, 18.4931161], [73.8693095, 18.4930145], [73.8693149, 18.4928666], [73.8693331, 18.4927495], [73.8694051, 18.4924424], [73.8694161, 18.4923998], [73.8694614, 18.4922241], [73.8696819, 18.4913697], [73.8696581, 18.4912862]]}}, {"type": "Feature", "id": 53088328, "properties": {"id": 53088328, "name": "Sambhaji Bridge", "highway": "primary", "ref": "", "oneway": "yes", "length_km": 0.154}, "geometry": {"type": "LineString", "coordinates": [[73.8426566, 18.5141723], [73.8433907, 18.5132494], [73.8435407, 18.5130608]]}}, {"type": "Feature", "id": 53090145, "properties": {"id": 53090145, "name": "Bajirao Road", "highway": "trunk", "ref": "NH60;NH65", "oneway": "yes", "length_km": 0.22}, "geometry": {"type": "LineString", "coordinates": [[73.8545274, 18.5185586], [73.854503, 18.5193346], [73.8544934, 18.5196781], [73.8544757, 18.520077], [73.8544921, 18.5201569], [73.8545318, 18.520228], [73.8546077, 18.5202924], [73.8546735, 18.5203423], [73.8547714, 18.5204263]]}}, {"type": "Feature", "id": 53099469, "properties": {"id": 53099469, "name": "Raja Bahadur Mill Marg", "highway": "trunk", "ref": "NH753F", "oneway": "yes", "length_km": 1.275}, "geometry": {"type": "LineString", "coordinates": [[73.8756056, 18.5306955], [73.875512, 18.5306032], [73.8752944, 18.5304231], [73.8751029, 18.5302568], [73.874801, 18.5299824], [73.8747063, 18.5298961], [73.8745938, 18.5298131], [73.8744978, 18.5297688], [73.8743549, 18.5297383], [73.8740423, 18.5297264], [73.8724479, 18.5296475], [73.8721383, 18.5296301], [73.8720639, 18.5296259], [73.8711643, 18.5295824], [73.8707517, 18.5295858], [73.870448, 18.5295909], [73.8701854, 18.5296112], [73.870021, 18.5296282], [73.8697513, 18.5296756], [73.8694512, 18.5297349], [73.8692618, 18.5297806], [73.8685204, 18.5300042], [73.8683132, 18.5300516], [73.8681101, 18.5300787], [73.8678791, 18.5301008], [73.8676452, 18.530105], [73.8670881, 18.5300814], [73.8659381, 18.5300328], [73.864747, 18.5299825], [73.8642039, 18.5299503], [73.8639181, 18.5299232]]}}, {"type": "Feature", "id": 53199255, "properties": {"id": 53199255, "name": "Wakad Road", "highway": "primary", "ref": "", "oneway": "yes", "length_km": 0.181}, "geometry": {"type": "LineString", "coordinates": [[73.7611396, 18.5925073], [73.7612047, 18.5925393], [73.7615808, 18.592521], [73.761693, 18.5925107], [73.7623592, 18.5924057], [73.7625188, 18.5923805], [73.7626728, 18.5923685], [73.7628419, 18.5923513]]}}, {"type": "Feature", "id": 54032380, "properties": {"id": 54032380, "name": "General Thimayya Road", "highway": "primary", "ref": "", "oneway": "no", "length_km": 0.463}, "geometry": {"type": "LineString", "coordinates": [[73.8521528, 18.5623927], [73.85213, 18.5623377], [73.8519177, 18.5621886], [73.8514668, 18.5618957], [73.8509806, 18.5615798], [73.8505083, 18.561273], [73.8490913, 18.5603525], [73.8489351, 18.5602511], [73.8487021, 18.5600877], [73.8485573, 18.5599987]]}}, {"type": "Feature", "id": 54937122, "properties": {"id": 54937122, "name": "Kaspate Vasti Road", "highway": "primary", "ref": "", "oneway": "no", "length_km": 0.154}, "geometry": {"type": "LineString", "coordinates": [[73.7733601, 18.5904252], [73.773364, 18.5906143], [73.7733677, 18.5907308], [73.7733782, 18.5910555], [73.7733846, 18.5912526], [73.7733874, 18.5913393], [73.7734056, 18.5916112], [73.7734129, 18.5918105]]}}, {"type": "Feature", "id": 55071670, "properties": {"id": 55071670, "name": "Undri Pisoli Road", "highway": "trunk", "ref": "NH548DD", "oneway": "no", "length_km": 0.505}, "geometry": {"type": "LineString", "coordinates": [[73.8991327, 18.4509487], [73.8994603, 18.4508492], [73.8997022, 18.4507384], [73.8998402, 18.4506762], [73.8998746, 18.4506607], [73.9000249, 18.4505907], [73.9000886, 18.450561], [73.9002121, 18.4505035], [73.9006361, 18.450306], [73.9006875, 18.4502821], [73.9008484, 18.4502316], [73.9009693, 18.4501937], [73.9010426, 18.4501707], [73.9014258, 18.4500955], [73.9015532, 18.4500705], [73.90181, 18.4500134], [73.9018347, 18.4500035], [73.9020697, 18.449909], [73.9025235, 18.4496689], [73.9026536, 18.4496001], [73.9028649, 18.4495235], [73.9031465, 18.4494695], [73.9032116, 18.4494648], [73.903308, 18.449452], [73.9034506, 18.4494267], [73.9035399, 18.4494059], [73.9036097, 18.4493834]]}}, {"type": "Feature", "id": 60884947, "properties": {"id": 60884947, "name": "Baner to NH4 merge", "highway": "primary_link", "ref": "", "oneway": "yes", "length_km": 0.038}, "geometry": {"type": "LineString", "coordinates": [[73.766567, 18.5686919], [73.7664999, 18.56869], [73.7664571, 18.5686892], [73.7664159, 18.5686743], [73.7663796, 18.5686517], [73.7663532, 18.5686251], [73.7663383, 18.5685953], [73.7663196, 18.5685099]]}}, {"type": "Feature", "id": 60884951, "properties": {"id": 60884951, "name": "Baner Exit Ramp", "highway": "primary", "ref": "", "oneway": "yes", "length_km": 0.323}, "geometry": {"type": "LineString", "coordinates": [[73.7649973, 18.5717722], [73.7652085, 18.5713597], [73.7653003, 18.5712039], [73.7653586, 18.5710774], [73.7654136, 18.5709306], [73.7657468, 18.5700413], [73.7660749, 18.5691656], [73.7661124, 18.5690656]]}}, {"type": "Feature", "id": 60979273, "properties": {"id": 60979273, "name": "To NH4 Bypass", "highway": "primary_link", "ref": "", "oneway": "yes", "length_km": 0.357}, "geometry": {"type": "LineString", "coordinates": [[73.7607847, 18.5924187], [73.760691, 18.5923677], [73.7602963, 18.5923128], [73.759164, 18.592155], [73.7586925, 18.5920893], [73.7584826, 18.5920605], [73.7583133, 18.5920427], [73.7580309, 18.5920197], [73.7575535, 18.5919809], [73.757478, 18.591956], [73.7574403, 18.5919255]]}}, {"type": "Feature", "id": 60979344, "properties": {"id": 60979344, "name": "Katraj - Dehu Road Bypass", "highway": "trunk", "ref": "NH48", "oneway": "yes", "length_km": 0.651}, "geometry": {"type": "LineString", "coordinates": [[73.7803705, 18.5399166], [73.7802805, 18.5400231], [73.780091, 18.5402003], [73.7798571, 18.540387], [73.7795786, 18.5405891], [73.7792105, 18.5408467], [73.7780843, 18.5416208], [73.7777287, 18.5418635], [73.7774164, 18.5421044], [73.7771021, 18.5423615], [73.7767593, 18.5426649], [73.7756036, 18.5436469]]}}, {"type": "Feature", "id": 60989947, "properties": {"id": 60989947, "name": "Sant Dyaneshwar Marg", "highway": "primary", "ref": "", "oneway": "yes", "length_km": 0.24}, "geometry": {"type": "LineString", "coordinates": [[73.8781045, 18.5725529], [73.8780513, 18.5727324], [73.878025, 18.5727865], [73.8780009, 18.5728359], [73.8771222, 18.5744976]]}}, {"type": "Feature", "id": 60990785, "properties": {"id": 60990785, "name": "Vishrantwadi - Airport Road", "highway": "primary", "ref": "", "oneway": "yes", "length_km": 0.407}, "geometry": {"type": "LineString", "coordinates": [[73.8840557, 18.5734022], [73.8847152, 18.5735065], [73.8848734, 18.5735166], [73.8851192, 18.573536], [73.885209, 18.5735409], [73.8853082, 18.5735464], [73.8855978, 18.5735561], [73.8860364, 18.5735884], [73.8879058, 18.5738249]]}}, {"type": "Feature", "id": 60991570, "properties": {"id": 60991570, "name": "Shivaji Road", "highway": "trunk", "ref": "NH60;NH65", "oneway": "no", "length_km": 0.007}, "geometry": {"type": "LineString", "coordinates": [[73.8550363, 18.5217074], [73.855011, 18.5217641]]}}, {"type": "Feature", "id": 60991571, "properties": {"id": 60991571, "name": "Shivaji Road", "highway": "trunk", "ref": "NH60;NH65", "oneway": "yes", "length_km": 0.299}, "geometry": {"type": "LineString", "coordinates": [[73.8554326, 18.5210055], [73.8555358, 18.5208561], [73.8556954, 18.5206653], [73.8558408, 18.5205286], [73.856029, 18.5203046], [73.8560368, 18.5202954], [73.856056, 18.5202656], [73.8561095, 18.5201824], [73.8561283, 18.5200921], [73.8561483, 18.5197231], [73.8561747, 18.5192133], [73.8562076, 18.5186487], [73.8562138, 18.518542]]}}, {"type": "Feature", "id": 61970171, "properties": {"id": 61970171, "name": "Jagannath Shankarsheth Marg", "highway": "primary", "ref": "", "oneway": "yes", "length_km": 0.152}, "geometry": {"type": "LineString", "coordinates": [[73.873207, 18.5018375], [73.8728363, 18.5017925], [73.8725456, 18.5017573], [73.8718564, 18.5017324], [73.8717665, 18.5017292]]}}, {"type": "Feature", "id": 62745421, "properties": {"id": 62745421, "name": "Katraj - Dehu Road Bypass", "highway": "trunk", "ref": "NH48", "oneway": "yes", "length_km": 0.272}, "geometry": {"type": "LineString", "coordinates": [[73.8088302, 18.4751868], [73.8072692, 18.4769249], [73.8071562, 18.4770516]]}}, {"type": "Feature", "id": 62745430, "properties": {"id": 62745430, "name": "Katraj - Dehu Road Bypass", "highway": "trunk", "ref": "NH48", "oneway": "yes", "length_km": 0.396}, "geometry": {"type": "LineString", "coordinates": [[73.805801, 18.4785577], [73.8033733, 18.4812929]]}}, {"type": "Feature", "id": 65486017, "properties": {"id": 65486017, "name": "Castellino Marg", "highway": "trunk", "ref": "NH65", "oneway": "yes", "length_km": 0.249}, "geometry": {"type": "LineString", "coordinates": [[73.878698, 18.5030725], [73.8786606, 18.5031832], [73.8786076, 18.5033552], [73.8785951, 18.5034084], [73.8785342, 18.5036671], [73.8784826, 18.5039631], [73.8784505, 18.5041475], [73.878437, 18.5042751], [73.8784147, 18.5044872], [73.8784129, 18.5045039], [73.8784359, 18.504916], [73.8784541, 18.5052406], [73.8784568, 18.5052897]]}}, {"type": "Feature", "id": 68336294, "properties": {"id": 68336294, "name": "Katraj - Dehu Road Bypass", "highway": "trunk", "ref": "NH48", "oneway": "yes", "length_km": 0.561}, "geometry": {"type": "LineString", "coordinates": [[73.776266, 18.527345], [73.776475, 18.5274421], [73.7767126, 18.5275674], [73.7769523, 18.5277055], [73.7771617, 18.5278453], [73.7774249, 18.528051], [73.7776343, 18.5282382], [73.7776856, 18.5282878], [73.7778506, 18.5284472], [73.7780832, 18.528699], [73.7783278, 18.5290249], [73.7785448, 18.5293824], [73.7786267, 18.5295264], [73.7787242, 18.5297351], [73.7793618, 18.5312591]]}}, {"type": "Feature", "id": 68336530, "properties": {"id": 68336530, "name": "Katraj - Dehu Road Bypass", "highway": "trunk", "ref": "NH48", "oneway": "yes", "length_km": 0.98}, "geometry": {"type": "LineString", "coordinates": [[73.7794928, 18.5312068], [73.7788553, 18.5296829], [73.7787544, 18.529467], [73.7786699, 18.5293185], [73.7784391, 18.5289563], [73.7781874, 18.5286209], [73.7779479, 18.5283616], [73.7778062, 18.5282247], [73.7777271, 18.5281484], [73.7775127, 18.5279566], [73.7772422, 18.5277452], [73.777025, 18.5276002], [73.7767793, 18.5274586], [73.7765395, 18.5273321], [73.77633, 18.5272321], [73.776084, 18.5271398], [73.7742386, 18.5264506], [73.7738359, 18.5262887], [73.7735272, 18.5261443], [73.7732274, 18.5259752], [73.7729632, 18.5257911], [73.7728137, 18.5256757]]}}, {"type": "Feature", "id": 68336690, "properties": {"id": 68336690, "name": "Katraj - Dehu Road Bypass", "highway": "trunk", "ref": "NH48", "oneway": "yes", "length_km": 0.802}, "geometry": {"type": "LineString", "coordinates": [[73.7728137, 18.5256757], [73.7726953, 18.5255786], [73.7724557, 18.5253614], [73.7722532, 18.525148], [73.77205, 18.5249101], [73.7718363, 18.5246302], [73.770045, 18.5223253], [73.769899, 18.5221239], [73.7698063, 18.5219794], [73.7697198, 18.5218403], [73.7696643, 18.5217217], [73.7696099, 18.5215898], [73.7695572, 18.5214471], [73.7694267, 18.5210051], [73.7693156, 18.5205875], [73.7692247, 18.5202413], [73.7691487, 18.5199104], [73.7690833, 18.519533]]}}, {"type": "Feature", "id": 68336927, "properties": {"id": 68336927, "name": "Katraj - Dehu Road Bypass", "highway": "trunk", "ref": "NH48", "oneway": "yes", "length_km": 0.1}, "geometry": {"type": "LineString", "coordinates": [[73.7875263, 18.5074983], [73.7881204, 18.5075182], [73.7884811, 18.5075227]]}}, {"type": "Feature", "id": 68572755, "properties": {"id": 68572755, "name": "Katraj - Dehu Road Bypass", "highway": "trunk", "ref": "NH48", "oneway": "yes", "length_km": 0.405}, "geometry": {"type": "LineString", "coordinates": [[73.8033982, 18.4814094], [73.8058933, 18.4786297]]}}, {"type": "Feature", "id": 68573155, "properties": {"id": 68573155, "name": "Katraj - Dehu Road Bypass", "highway": "trunk", "ref": "NH48", "oneway": "yes", "length_km": 0.263}, "geometry": {"type": "LineString", "coordinates": [[73.807305, 18.4770673], [73.8078209, 18.4765055], [73.8084546, 18.4757893], [73.8089247, 18.475258]]}}, {"type": "Feature", "id": 68573252, "properties": {"id": 68573252, "name": "Katraj - Dehu Road Bypass", "highway": "trunk", "ref": "NH48", "oneway": "yes", "length_km": 0.158}, "geometry": {"type": "LineString", "coordinates": [[73.8089247, 18.475258], [73.8098873, 18.4741676]]}}, {"type": "Feature", "id": 68573683, "properties": {"id": 68573683, "name": "Katraj - Dehu Road Bypass", "highway": "trunk", "ref": "NH48", "oneway": "yes", "length_km": 0.371}, "geometry": {"type": "LineString", "coordinates": [[73.8098873, 18.4741676], [73.810024, 18.4740136], [73.8102066, 18.4737944], [73.8107553, 18.4731506], [73.8112293, 18.4726129], [73.8119356, 18.4718288], [73.8121471, 18.4716019]]}}, {"type": "Feature", "id": 68573693, "properties": {"id": 68573693, "name": "Katraj - Dehu Road Bypass", "highway": "trunk", "ref": "NH48", "oneway": "yes", "length_km": 0.859}, "geometry": {"type": "LineString", "coordinates": [[73.8130316, 18.47068], [73.8154735, 18.4679437], [73.8156416, 18.4677554], [73.8183305, 18.4647807]]}}, {"type": "Feature", "id": 68707642, "properties": {"id": 68707642, "name": "Katraj - Dehu Road Bypass", "highway": "trunk", "ref": "NH48", "oneway": "yes", "length_km": 0.243}, "geometry": {"type": "LineString", "coordinates": [[73.8183305, 18.4647807], [73.8195068, 18.4633973], [73.8197935, 18.4630867]]}}, {"type": "Feature", "id": 70130675, "properties": {"id": 70130675, "name": "Lohgaon Road", "highway": "primary", "ref": "", "oneway": "yes", "length_km": 0.032}, "geometry": {"type": "LineString", "coordinates": [[73.9210745, 18.5930572], [73.9211808, 18.5930566], [73.9212336, 18.593016], [73.9213302, 18.5929386]]}}, {"type": "Feature", "id": 95806118, "properties": {"id": 95806118, "name": "Unnamed Arterial", "highway": "primary", "ref": "", "oneway": "no", "length_km": 0.019}, "geometry": {"type": "LineString", "coordinates": [[73.815697, 18.5099286], [73.8156723, 18.5099722], [73.8156125, 18.5100779]]}}, {"type": "Feature", "id": 99999247, "properties": {"id": 99999247, "name": "Hinjawadi Service Road", "highway": "primary", "ref": "", "oneway": "yes", "length_km": 1.596}, "geometry": {"type": "LineString", "coordinates": [[73.7645441, 18.5718374], [73.7643389, 18.572333], [73.7640945, 18.5729859], [73.7636668, 18.5741404], [73.7633119, 18.5750984], [73.7628923, 18.5762311], [73.7626139, 18.5769828], [73.7613097, 18.5804338], [73.7610853, 18.5810278], [73.7608761, 18.5815813], [73.7608031, 18.5817762], [73.7606805, 18.582109], [73.7594708, 18.5853946]]}}, {"type": "Feature", "id": 106234143, "properties": {"id": 106234143, "name": "Solapur Road", "highway": "trunk", "ref": "NH65", "oneway": "yes", "length_km": 0.073}, "geometry": {"type": "LineString", "coordinates": [[73.8994549, 18.5065216], [73.8987579, 18.5065235]]}}, {"type": "Feature", "id": 106234144, "properties": {"id": 106234144, "name": "Solapur Road", "highway": "trunk", "ref": "NH65", "oneway": "yes", "length_km": 0.028}, "geometry": {"type": "LineString", "coordinates": [[73.8997169, 18.5065167], [73.8994549, 18.5065216]]}}, {"type": "Feature", "id": 106481474, "properties": {"id": 106481474, "name": "Satara Road", "highway": "trunk", "ref": "NH60", "oneway": "yes", "length_km": 0.038}, "geometry": {"type": "LineString", "coordinates": [[73.8567764, 18.4769456], [73.8569864, 18.4772277]]}}, {"type": "Feature", "id": 106481476, "properties": {"id": 106481476, "name": "Satara Road", "highway": "trunk", "ref": "NH60", "oneway": "yes", "length_km": 0.457}, "geometry": {"type": "LineString", "coordinates": [[73.8569864, 18.4772277], [73.857091, 18.477475], [73.857139, 18.4777499], [73.8571692, 18.4781963], [73.8571733, 18.4782575], [73.8571669, 18.4784329], [73.8571665, 18.4786544], [73.8571676, 18.4787221], [73.8571699, 18.4788187], [73.857161, 18.4791274], [73.8571538, 18.4793802], [73.8571416, 18.4798046], [73.8571363, 18.4799869], [73.857131, 18.4801704], [73.8571293, 18.4801954], [73.8571121, 18.480447], [73.8570929, 18.4806767], [73.8571103, 18.4811634], [73.8571123, 18.48126], [73.8571136, 18.4813147]]}}, {"type": "Feature", "id": 106893857, "properties": {"id": 106893857, "name": "Dange Chowk Underpass", "highway": "primary", "ref": "", "oneway": "yes", "length_km": 0.255}, "geometry": {"type": "LineString", "coordinates": [[73.7632072, 18.6133446], [73.7641877, 18.6143337], [73.7648811, 18.6150063]]}}, {"type": "Feature", "id": 108095100, "properties": {"id": 108095100, "name": "Paud Road", "highway": "primary", "ref": "", "oneway": "yes", "length_km": 0.503}, "geometry": {"type": "LineString", "coordinates": [[73.8239595, 18.5066149], [73.8239475, 18.5066294], [73.8237297, 18.5068896], [73.8233481, 18.5073528], [73.8231382, 18.5076076], [73.8230469, 18.5077166], [73.8228517, 18.5079609], [73.8227701, 18.5080631], [73.8223464, 18.5085496], [73.8219579, 18.5089857], [73.8217809, 18.5091844], [73.8215792, 18.5093953], [73.8214272, 18.5095542], [73.821286, 18.5096881], [73.821128, 18.5098379], [73.8208627, 18.5100699]]}}, {"type": "Feature", "id": 108095110, "properties": {"id": 108095110, "name": "Jan Mohammed Road", "highway": "primary", "ref": "", "oneway": "yes", "length_km": 0.119}, "geometry": {"type": "LineString", "coordinates": [[73.8787166, 18.5081186], [73.8789731, 18.5080949], [73.878998, 18.5080741], [73.8790175, 18.5080577], [73.8791786, 18.50763], [73.8792747, 18.5074146], [73.8793321, 18.5073491]]}}, {"type": "Feature", "id": 108228411, "properties": {"id": 108228411, "name": "Moledina Road", "highway": "primary", "ref": "", "oneway": "yes", "length_km": 0.465}, "geometry": {"type": "LineString", "coordinates": [[73.8754366, 18.5196244], [73.8758061, 18.5195127], [73.8761161, 18.5194189], [73.8765339, 18.5192926], [73.8766432, 18.5192597], [73.8777146, 18.5189347], [73.8781478, 18.5188049], [73.87883, 18.518597], [73.8792485, 18.5184694], [73.879389, 18.5184255], [73.8794339, 18.5184115], [73.8796553, 18.5183397]]}}, {"type": "Feature", "id": 116838511, "properties": {"id": 116838511, "name": "Kharadi Bypass", "highway": "trunk", "ref": "", "oneway": "yes", "length_km": 0.066}, "geometry": {"type": "LineString", "coordinates": [[73.9341338, 18.5374827], [73.9342017, 18.5377864], [73.9341993, 18.5379889], [73.9341716, 18.5380709]]}}, {"type": "Feature", "id": 116839303, "properties": {"id": 116839303, "name": "Mundhwa Bridge", "highway": "trunk", "ref": "", "oneway": "yes", "length_km": 0.303}, "geometry": {"type": "LineString", "coordinates": [[73.9335264, 18.5348157], [73.9337933, 18.5359911], [73.9339609, 18.5367282], [73.9341338, 18.5374827]]}}, {"type": "Feature", "id": 116841840, "properties": {"id": 116841840, "name": "Mundhwa Road Railway Flyover", "highway": "trunk", "ref": "", "oneway": "yes", "length_km": 0.619}, "geometry": {"type": "LineString", "coordinates": [[73.9322181, 18.5240783], [73.9322235, 18.5243306], [73.9322181, 18.5249509], [73.9322288, 18.525846], [73.9322181, 18.5267263], [73.9322343, 18.5275297], [73.9323043, 18.5282144], [73.9323684, 18.5289027], [73.9323827, 18.5296526]]}}, {"type": "Feature", "id": 116841849, "properties": {"id": 116841849, "name": "Mundhwa Road Railway Flyover", "highway": "trunk", "ref": "", "oneway": "yes", "length_km": 0.62}, "geometry": {"type": "LineString", "coordinates": [[73.9324753, 18.5296467], [73.9324735, 18.5295398], [73.9324651, 18.5290335], [73.9324628, 18.5288978], [73.9324556, 18.5288208], [73.9324043, 18.5282681], [73.9323985, 18.5282061], [73.9323287, 18.5275245], [73.9323093, 18.5273053], [73.9323126, 18.526726], [73.9323234, 18.525846], [73.9323126, 18.5249508], [73.932318, 18.5243302], [73.9323056, 18.524068]]}}, {"type": "Feature", "id": 116841852, "properties": {"id": 116841852, "name": "Magarpatta Road", "highway": "trunk", "ref": "", "oneway": "yes", "length_km": 0.383}, "geometry": {"type": "LineString", "coordinates": [[73.9323765, 18.5297494], [73.9323485, 18.5300068], [73.9323161, 18.5303051], [73.9322794, 18.5306448], [73.9322492, 18.5309245], [73.932205, 18.5313333], [73.9321894, 18.5314775], [73.9321948, 18.531572], [73.9322236, 18.5317034], [73.9323075, 18.5318321], [73.9324402, 18.5319771], [73.932639, 18.5322279], [73.9327317, 18.5323805], [73.9328488, 18.5325967], [73.9329788, 18.532989]]}}, {"type": "Feature", "id": 117218163, "properties": {"id": 117218163, "name": "Unnamed Arterial", "highway": "trunk_link", "ref": "", "oneway": "yes", "length_km": 0.06}, "geometry": {"type": "LineString", "coordinates": [[73.8888563, 18.5463816], [73.8889074, 18.5462377], [73.8889367, 18.5461844], [73.8889805, 18.5461349], [73.8890352, 18.5460962], [73.8891104, 18.5460594], [73.889228, 18.5460284]]}}, {"type": "Feature", "id": 117218164, "properties": {"id": 117218164, "name": "Unnamed Arterial", "highway": "primary", "ref": "", "oneway": "yes", "length_km": 0.071}, "geometry": {"type": "LineString", "coordinates": [[73.8882554, 18.5458016], [73.8884546, 18.5459151], [73.8885222, 18.5459622], [73.8885774, 18.5460165], [73.8886366, 18.5460811], [73.8886849, 18.5461447], [73.8887299, 18.5462372]]}}, {"type": "Feature", "id": 117218625, "properties": {"id": 117218625, "name": "Bund Garden Road", "highway": "trunk", "ref": "", "oneway": "yes", "length_km": 0.031}, "geometry": {"type": "LineString", "coordinates": [[73.8853713, 18.542118], [73.8854049, 18.5419809], [73.8853839, 18.5418409]]}}, {"type": "Feature", "id": 117370810, "properties": {"id": 117370810, "name": "Sant Dyaneshwar Marg", "highway": "primary", "ref": "", "oneway": "yes", "length_km": 0.462}, "geometry": {"type": "LineString", "coordinates": [[73.8776899, 18.5654335], [73.8791366, 18.5669624], [73.8792361, 18.5670691], [73.8793381, 18.5672081], [73.8793876, 18.5673228], [73.8794085, 18.5674056], [73.8794204, 18.5675001], [73.8794047, 18.5678366], [73.8793907, 18.5679575], [73.8792451, 18.5686685], [73.8792021, 18.5688421], [73.8791673, 18.5689714]]}}, {"type": "Feature", "id": 117370813, "properties": {"id": 117370813, "name": "Sant Dyaneshwar Marg", "highway": "primary", "ref": "", "oneway": "yes", "length_km": 0.978}, "geometry": {"type": "LineString", "coordinates": [[73.8777771, 18.5653622], [73.8775703, 18.5651452], [73.8774483, 18.5650055], [73.8773501, 18.5648798], [73.8772278, 18.5646763], [73.8771555, 18.5645232], [73.8771072, 18.5643383], [73.8770496, 18.5640839], [73.8769891, 18.5637848], [73.8766535, 18.56108], [73.8763984, 18.5594178], [73.8761032, 18.5583016], [73.8760712, 18.5582084], [73.8756714, 18.5570429], [73.8756096, 18.556904]]}}, {"type": "Feature", "id": 117373974, "properties": {"id": 117373974, "name": "Deccan College Road", "highway": "primary", "ref": "", "oneway": "yes", "length_km": 0.965}, "geometry": {"type": "LineString", "coordinates": [[73.8635811, 18.5536352], [73.86409, 18.5532984], [73.8641264, 18.5532747], [73.8650351, 18.5526822], [73.8668537, 18.5514962], [73.8675857, 18.5510189], [73.8677563, 18.5509071], [73.8709232, 18.5488457], [73.8710518, 18.5487727], [73.8711582, 18.5487116]]}}, {"type": "Feature", "id": 117373975, "properties": {"id": 117373975, "name": "Unnamed Arterial", "highway": "primary", "ref": "", "oneway": "yes", "length_km": 0.108}, "geometry": {"type": "LineString", "coordinates": [[73.8576574, 18.5574551], [73.8586137, 18.5571025]]}}, {"type": "Feature", "id": 117373976, "properties": {"id": 117373976, "name": "Deccan College Road", "highway": "primary", "ref": "", "oneway": "yes", "length_km": 0.499}, "geometry": {"type": "LineString", "coordinates": [[73.8674989, 18.5509011], [73.8671487, 18.5511295], [73.8649319, 18.552575], [73.8640041, 18.55318], [73.8635708, 18.5534376]]}}, {"type": "Feature", "id": 117373979, "properties": {"id": 117373979, "name": "New Holkar Bridge", "highway": "primary", "ref": "", "oneway": "yes", "length_km": 0.163}, "geometry": {"type": "LineString", "coordinates": [[73.8635708, 18.5534376], [73.8634039, 18.5535599], [73.8624246, 18.554426]]}}, {"type": "Feature", "id": 117373982, "properties": {"id": 117373982, "name": "Elphinstone Road", "highway": "primary", "ref": "", "oneway": "yes", "length_km": 0.446}, "geometry": {"type": "LineString", "coordinates": [[73.8524273, 18.562486], [73.8526319, 18.5619901], [73.8527713, 18.5616723], [73.8528732, 18.561464], [73.8531377, 18.5609281], [73.8536976, 18.5597944], [73.8537422, 18.5597086], [73.8540724, 18.5590487], [73.8541245, 18.5589603], [73.8542229, 18.558847]]}}, {"type": "Feature", "id": 117373984, "properties": {"id": 117373984, "name": "Elphinstone Road", "highway": "primary", "ref": "", "oneway": "yes", "length_km": 0.394}, "geometry": {"type": "LineString", "coordinates": [[73.8542229, 18.558847], [73.854333, 18.5587464], [73.8544428, 18.5586712], [73.8545758, 18.5586077], [73.8553359, 18.5583124], [73.8561558, 18.557997], [73.8567621, 18.5577843], [73.8574206, 18.5575448], [73.8576574, 18.5574551]]}}, {"type": "Feature", "id": 118012066, "properties": {"id": 118012066, "name": "Unnamed Arterial", "highway": "primary", "ref": "", "oneway": "no", "length_km": 0.321}, "geometry": {"type": "LineString", "coordinates": [[73.8474329, 18.5308178], [73.8476025, 18.5313981], [73.8476697, 18.5316133], [73.8478256, 18.5321127], [73.8478725, 18.5322537], [73.8480112, 18.5323819], [73.8482579, 18.5325497], [73.8485356, 18.5326649], [73.8486012, 18.5326921], [73.8490151, 18.5328572], [73.8491661, 18.5329041]]}}, {"type": "Feature", "id": 118265724, "properties": {"id": 118265724, "name": "Solapur Road", "highway": "trunk", "ref": "NH65", "oneway": "yes", "length_km": 0.027}, "geometry": {"type": "LineString", "coordinates": [[73.8994625, 18.5066159], [73.8997213, 18.5066113]]}}, {"type": "Feature", "id": 118265726, "properties": {"id": 118265726, "name": "Solapur Road", "highway": "trunk", "ref": "NH65", "oneway": "no", "length_km": 0.036}, "geometry": {"type": "LineString", "coordinates": [[73.8842332, 18.5064859], [73.8840588, 18.5064332], [73.8839033, 18.5064063]]}}, {"type": "Feature", "id": 118265732, "properties": {"id": 118265732, "name": "Solapur Road", "highway": "trunk", "ref": "NH65", "oneway": "yes", "length_km": 0.02}, "geometry": {"type": "LineString", "coordinates": [[73.9243843, 18.5033069], [73.9245662, 18.5032571]]}}, {"type": "Feature", "id": 118265734, "properties": {"id": 118265734, "name": "Unnamed Arterial", "highway": "trunk_link", "ref": "", "oneway": "yes", "length_km": 0.039}, "geometry": {"type": "LineString", "coordinates": [[73.8973893, 18.5066828], [73.8973036, 18.5067351], [73.8972744, 18.5067643], [73.8972587, 18.5067941], [73.8972531, 18.506827], [73.8972642, 18.5068629], [73.8972831, 18.5068935], [73.8973408, 18.5069468]]}}, {"type": "Feature", "id": 118265738, "properties": {"id": 118265738, "name": "Solapur Road", "highway": "trunk", "ref": "NH65", "oneway": "yes", "length_km": 0.077}, "geometry": {"type": "LineString", "coordinates": [[73.9245662, 18.5032571], [73.9246489, 18.5032345], [73.925143, 18.5030993], [73.9252101, 18.5030809], [73.9252675, 18.5030652]]}}, {"type": "Feature", "id": 118265742, "properties": {"id": 118265742, "name": "Solapur Road", "highway": "trunk", "ref": "NH65", "oneway": "yes", "length_km": 0.204}, "geometry": {"type": "LineString", "coordinates": [[73.9225192, 18.5038134], [73.9226541, 18.5037775], [73.923402, 18.5035756], [73.9243514, 18.5033159], [73.9243843, 18.5033069]]}}, {"type": "Feature", "id": 118265743, "properties": {"id": 118265743, "name": "Solapur Road", "highway": "trunk", "ref": "NH65", "oneway": "yes", "length_km": 0.074}, "geometry": {"type": "LineString", "coordinates": [[73.8987599, 18.506675], [73.8991231, 18.5066448], [73.8994625, 18.5066159]]}}, {"type": "Feature", "id": 120006332, "properties": {"id": 120006332, "name": "Gangadham - Shatrunjay Road", "highway": "primary", "ref": "", "oneway": "yes", "length_km": 0.845}, "geometry": {"type": "LineString", "coordinates": [[73.8765774, 18.4668415], [73.8765017, 18.4670759], [73.8764751, 18.4671864], [73.8763583, 18.4675267], [73.8762761, 18.4678329], [73.8762398, 18.4679776], [73.8762008, 18.4681334], [73.8761636, 18.468226], [73.8760516, 18.4685915], [73.8759802, 18.4688248], [73.8758189, 18.4692923], [73.875742, 18.4695589], [73.8754347, 18.4704477], [73.8754236, 18.4704795], [73.8752491, 18.4709781], [73.8752006, 18.4711032], [73.8751497, 18.4712429], [73.8751312, 18.4712938], [73.8751004, 18.4714125], [73.8750909, 18.4714944], [73.8750742, 18.4716869], [73.875055, 18.4717912], [73.8749408, 18.4721526], [73.874902, 18.4722451], [73.8748561, 18.4723952], [73.8747988, 18.4725576], [73.8747785, 18.4726881], [73.8747545, 18.472925], [73.8747449, 18.4730732], [73.8746848, 18.4733438], [73.874636, 18.4736252], [73.8746135, 18.4737536], [73.8745515, 18.473968], [73.8744551, 18.4741548]]}}, {"type": "Feature", "id": 121897351, "properties": {"id": 121897351, "name": "Unnamed Arterial", "highway": "trunk_link", "ref": "", "oneway": "yes", "length_km": 0.031}, "geometry": {"type": "LineString", "coordinates": [[73.8551804, 18.5209285], [73.85522, 18.5209647], [73.8552549, 18.5209966], [73.855277, 18.5210131], [73.8553065, 18.5210239], [73.8553206, 18.5210265], [73.855336, 18.5210258], [73.8553729, 18.5210182], [73.8553839, 18.5210159], [73.8554326, 18.5210055]]}}, {"type": "Feature", "id": 122024105, "properties": {"id": 122024105, "name": "National Games Marg", "highway": "primary", "ref": "", "oneway": "no", "length_km": 1.002}, "geometry": {"type": "LineString", "coordinates": [[73.8944704, 18.5652337], [73.894536, 18.5653], [73.8954477, 18.5662218], [73.89564, 18.566432], [73.8965347, 18.567481], [73.8966076, 18.5675747], [73.8966765, 18.5676632], [73.8969634, 18.5680448], [73.8971165, 18.5682595], [73.8972258, 18.5684125], [73.8974849, 18.5688312], [73.8975892, 18.5690351], [73.8978581, 18.5695727], [73.8981997, 18.5702633], [73.8982251, 18.5703064], [73.8983539, 18.5705474], [73.8984533, 18.5707096], [73.8987035, 18.5710621], [73.8989553, 18.5714171], [73.8991769, 18.5717107], [73.8997788, 18.5725073], [73.8998578, 18.5726289]]}}, {"type": "Feature", "id": 123607556, "properties": {"id": 123607556, "name": "Satara Road", "highway": "trunk", "ref": "", "oneway": "yes", "length_km": 0.017}, "geometry": {"type": "LineString", "coordinates": [[73.85797, 18.4485382], [73.8580944, 18.4486426]]}}, {"type": "Feature", "id": 123607565, "properties": {"id": 123607565, "name": "Katraj Kondhwa Road", "highway": "trunk", "ref": "NH548DD", "oneway": "yes", "length_km": 0.029}, "geometry": {"type": "LineString", "coordinates": [[73.8585756, 18.448212], [73.8586801, 18.4481776], [73.8588323, 18.4481275]]}}, {"type": "Feature", "id": 123612104, "properties": {"id": 123612104, "name": "Katraj - Dehu Road Bypass", "highway": "trunk", "ref": "NH48", "oneway": "yes", "length_km": 1.724}, "geometry": {"type": "LineString", "coordinates": [[73.7593754, 18.5863596], [73.7594297, 18.5862165], [73.7611537, 18.5816714], [73.7613156, 18.581238], [73.7628731, 18.5770694], [73.763606, 18.5750766], [73.7636641, 18.5749317], [73.7637153, 18.5747936], [73.7643537, 18.5730726], [73.7648717, 18.5717285]]}}, {"type": "Feature", "id": 125858138, "properties": {"id": 125858138, "name": "Old Pune\u2013Mumbai Highway", "highway": "trunk", "ref": "NH60;NH65", "oneway": "yes", "length_km": 0.056}, "geometry": {"type": "LineString", "coordinates": [[73.8364629, 18.5743426], [73.8365742, 18.5740406], [73.8366491, 18.5738666]]}}, {"type": "Feature", "id": 125858140, "properties": {"id": 125858140, "name": "Harris Bridge", "highway": "trunk", "ref": "NH60;NH65", "oneway": "yes", "length_km": 0.057}, "geometry": {"type": "LineString", "coordinates": [[73.835642, 18.576567], [73.8358169, 18.5760826]]}}, {"type": "Feature", "id": 125859502, "properties": {"id": 125859502, "name": "Unnamed Arterial", "highway": "trunk_link", "ref": "", "oneway": "yes", "length_km": 0.124}, "geometry": {"type": "LineString", "coordinates": [[73.8359356, 18.5736447], [73.8358645, 18.5737296], [73.8358473, 18.5737983], [73.8358068, 18.5738831], [73.8357586, 18.5740306], [73.8356918, 18.5741971], [73.835684, 18.5742304], [73.8356804, 18.5742633], [73.8356882, 18.574298], [73.8357138, 18.5743266], [73.8357571, 18.5743463], [73.8360993, 18.574393]]}}, {"type": "Feature", "id": 125860931, "properties": {"id": 125860931, "name": "Unnamed Arterial", "highway": "primary", "ref": "", "oneway": "yes", "length_km": 1.306}, "geometry": {"type": "LineString", "coordinates": [[73.8258223, 18.6029427], [73.8259273, 18.6027772], [73.8260642, 18.6025286], [73.8262788, 18.602139], [73.8263428, 18.6020227], [73.826557, 18.6015781], [73.8265946, 18.6015001], [73.8266774, 18.6013282], [73.8269032, 18.6008596], [73.8269232, 18.600818], [73.8270305, 18.6005808], [73.8271058, 18.6004141], [73.8272574, 18.6000789], [73.8273248, 18.5999299], [73.8276095, 18.5993004], [73.8279204, 18.5986129], [73.827956, 18.5985342], [73.8280143, 18.5984053], [73.8280375, 18.5983539], [73.8282074, 18.597978], [73.8285847, 18.5971436], [73.8288745, 18.5965028], [73.8288997, 18.5964471], [73.8289295, 18.5963825], [73.8289882, 18.596255], [73.8290421, 18.5961346], [73.8291509, 18.5959088], [73.8292161, 18.5957736], [73.8293136, 18.5955371], [73.8293899, 18.5953693], [73.8295492, 18.5950188], [73.8297239, 18.5946343], [73.8297446, 18.594589], [73.8300823, 18.5938505], [73.8303107, 18.5933509], [73.8308453, 18.5921819]]}}, {"type": "Feature", "id": 125863718, "properties": {"id": 125863718, "name": "Old Pune\u2013Mumbai Highway", "highway": "trunk", "ref": "NH60;NH65", "oneway": "yes", "length_km": 0.177}, "geometry": {"type": "LineString", "coordinates": [[73.8256086, 18.6030583], [73.8257212, 18.6028636], [73.8258617, 18.6026357], [73.8261779, 18.6020953], [73.8262951, 18.6018862], [73.8264089, 18.6016508]]}}, {"type": "Feature", "id": 125863745, "properties": {"id": 125863745, "name": "Unnamed Arterial", "highway": "primary_link", "ref": "", "oneway": "no", "length_km": 0.037}, "geometry": {"type": "LineString", "coordinates": [[73.8289882, 18.596255], [73.8286633, 18.5961194]]}}, {"type": "Feature", "id": 126349346, "properties": {"id": 126349346, "name": "Tarkeswar Bridge", "highway": "trunk", "ref": "", "oneway": "yes", "length_km": 0.274}, "geometry": {"type": "LineString", "coordinates": [[73.8848304, 18.5445337], [73.8853713, 18.542118]]}}, {"type": "Feature", "id": 127056175, "properties": {"id": 127056175, "name": "Old Mumbai Pune Highway", "highway": "trunk", "ref": "NH65", "oneway": "yes", "length_km": 0.715}, "geometry": {"type": "LineString", "coordinates": [[73.8111059, 18.6200385], [73.8118922, 18.6191164], [73.8153316, 18.6150865], [73.8153821, 18.6150236]]}}, {"type": "Feature", "id": 127056177, "properties": {"id": 127056177, "name": "NH60;NH65", "highway": "trunk", "ref": "NH60;NH65", "oneway": "yes", "length_km": 0.067}, "geometry": {"type": "LineString", "coordinates": [[73.8242061, 18.604602], [73.8237962, 18.6050645]]}}, {"type": "Feature", "id": 127056178, "properties": {"id": 127056178, "name": "Unnamed Arterial", "highway": "primary", "ref": "", "oneway": "yes", "length_km": 0.568}, "geometry": {"type": "LineString", "coordinates": [[73.8327153, 18.5871149], [73.8326264, 18.5874426], [73.8325708, 18.5876057], [73.8325486, 18.5876642], [73.832487, 18.5878263], [73.8323389, 18.5881869], [73.8321624, 18.5885644], [73.831833, 18.5892691], [73.8317805, 18.5893823], [73.8313872, 18.5902187], [73.8312, 18.5906163], [73.8310212, 18.5910036], [73.830637, 18.591836]]}}, {"type": "Feature", "id": 127056180, "properties": {"id": 127056180, "name": "Service Road", "highway": "primary", "ref": "", "oneway": "yes", "length_km": 0.581}, "geometry": {"type": "LineString", "coordinates": [[73.8145926, 18.6156226], [73.8143466, 18.615908], [73.8136092, 18.6167634], [73.8126243, 18.617906], [73.8120261, 18.6186], [73.8110875, 18.6196723]]}}, {"type": "Feature", "id": 127056183, "properties": {"id": 127056183, "name": "Old Pune\u2013Mumbai Highway", "highway": "trunk", "ref": "NH65", "oneway": "yes", "length_km": 0.675}, "geometry": {"type": "LineString", "coordinates": [[73.822087, 18.6071076], [73.822003, 18.6072031], [73.8217402, 18.607502], [73.8190117, 18.6106799], [73.8180282, 18.6118253]]}}, {"type": "Feature", "id": 127056184, "properties": {"id": 127056184, "name": "Old Mumbai Pune Highway", "highway": "trunk", "ref": "NH65", "oneway": "yes", "length_km": 0.666}, "geometry": {"type": "LineString", "coordinates": [[73.8181176, 18.6118566], [73.8220614, 18.6073563], [73.8220886, 18.6073261], [73.8221673, 18.6072388]]}}, {"type": "Feature", "id": 127056185, "properties": {"id": 127056185, "name": "Old Mumbai Pune Highway", "highway": "trunk", "ref": "NH65", "oneway": "yes", "length_km": 0.715}, "geometry": {"type": "LineString", "coordinates": [[73.8153017, 18.6149715], [73.8152552, 18.6150206], [73.8118206, 18.6190484], [73.8110139, 18.6199812]]}}, {"type": "Feature", "id": 127056187, "properties": {"id": 127056187, "name": "Old Mumbai Pune Highway", "highway": "trunk", "ref": "NH65", "oneway": "yes", "length_km": 0.452}, "geometry": {"type": "LineString", "coordinates": [[73.8180282, 18.6118253], [73.8164226, 18.6136614], [73.8160527, 18.614088], [73.8153017, 18.6149715]]}}, {"type": "Feature", "id": 127088943, "properties": {"id": 127088943, "name": "Unnamed Arterial", "highway": "primary", "ref": "", "oneway": "yes", "length_km": 0.929}, "geometry": {"type": "LineString", "coordinates": [[73.8110875, 18.6196723], [73.810259, 18.6206477], [73.8082446, 18.6230162], [73.8072424, 18.6241992], [73.8069892, 18.6244973], [73.8065706, 18.6249901], [73.8060398, 18.6256151], [73.8055485, 18.6261935]]}}, {"type": "Feature", "id": 127088944, "properties": {"id": 127088944, "name": "Old Pune\u2013Mumbai Highway", "highway": "trunk", "ref": "NH65", "oneway": "yes", "length_km": 0.576}, "geometry": {"type": "LineString", "coordinates": [[73.8110139, 18.6199812], [73.8075476, 18.6240038]]}}, {"type": "Feature", "id": 127223568, "properties": {"id": 127223568, "name": "Old Mumbai Pune Highway", "highway": "trunk", "ref": "NH65", "oneway": "yes", "length_km": 0.454}, "geometry": {"type": "LineString", "coordinates": [[73.8153821, 18.6150236], [73.8161459, 18.6141578], [73.8164073, 18.6138615], [73.8166412, 18.6135896], [73.8176928, 18.6123614], [73.8181176, 18.6118566]]}}, {"type": "Feature", "id": 129700440, "properties": {"id": 129700440, "name": "Unnamed Arterial", "highway": "primary", "ref": "", "oneway": "yes", "length_km": 0.021}, "geometry": {"type": "LineString", "coordinates": [[73.7848819, 18.5922593], [73.7850134, 18.5923965]]}}, {"type": "Feature", "id": 142798261, "properties": {"id": 142798261, "name": "Katraj - Dehu Road Bypass", "highway": "trunk", "ref": "NH48", "oneway": "yes", "length_km": 0.493}, "geometry": {"type": "LineString", "coordinates": [[73.8033733, 18.4812929], [73.8029336, 18.4817459], [73.8025795, 18.4821123], [73.8023213, 18.482372], [73.8020967, 18.4825956], [73.8011794, 18.4833842], [73.8005464, 18.4838624], [73.7999427, 18.484306]]}}, {"type": "Feature", "id": 147823413, "properties": {"id": 147823413, "name": "Bund Garden Road", "highway": "trunk", "ref": "NH753F", "oneway": "yes", "length_km": 0.039}, "geometry": {"type": "LineString", "coordinates": [[73.8853993, 18.5415921], [73.8852767, 18.5414793], [73.8851036, 18.5413814]]}}, {"type": "Feature", "id": 147823414, "properties": {"id": 147823414, "name": "Nagar Road", "highway": "trunk", "ref": "NH753F", "oneway": "yes", "length_km": 0.475}, "geometry": {"type": "LineString", "coordinates": [[73.8843047, 18.5451618], [73.8845113, 18.5451329], [73.8846193, 18.5451096], [73.8847018, 18.5450873], [73.8847801, 18.5450723], [73.8848721, 18.5450834], [73.8858538, 18.5453047], [73.8860742, 18.5453544], [73.8866796, 18.5454728], [73.8867506, 18.5454867], [73.8870689, 18.5455512], [73.8874994, 18.5456384], [73.8875487, 18.5456484], [73.8876549, 18.5456749], [73.8878401, 18.5457138], [73.8880079, 18.545748], [73.8881924, 18.545788], [73.8882554, 18.5458016], [73.8887178, 18.5459019]]}}, {"type": "Feature", "id": 147823423, "properties": {"id": 147823423, "name": "Deccan College Road", "highway": "primary", "ref": "", "oneway": "yes", "length_km": 0.739}, "geometry": {"type": "LineString", "coordinates": [[73.8832866, 18.5447898], [73.8831839, 18.5449043], [73.8831245, 18.5449511], [73.883033, 18.5449511], [73.8829314, 18.5449065], [73.8827594, 18.5448047], [73.8823033, 18.5445164], [73.8820356, 18.5443816], [73.8816334, 18.5442331], [73.8814585, 18.5441797], [73.8810399, 18.5440898], [73.8806692, 18.5440373], [73.8804607, 18.5439978], [73.8802853, 18.5439508], [73.8798826, 18.5438165], [73.8795068, 18.5436895], [73.8793139, 18.5436547], [73.8790988, 18.5436478], [73.8790165, 18.5436605], [73.8789107, 18.5436769], [73.8787322, 18.5437337], [73.8784672, 18.5438605], [73.8781458, 18.544083], [73.8777289, 18.5443715], [73.8770866, 18.5447788], [73.8769808, 18.544849]]}}, {"type": "Feature", "id": 151709674, "properties": {"id": 151709674, "name": "NH548DD", "highway": "trunk", "ref": "NH548DD", "oneway": "yes", "length_km": 0.052}, "geometry": {"type": "LineString", "coordinates": [[73.9165145, 18.4505768], [73.9163447, 18.4506906], [73.9162678, 18.4507126], [73.9161848, 18.4507172], [73.9160669, 18.4506991]]}}, {"type": "Feature", "id": 151717155, "properties": {"id": 151717155, "name": "Atal Bihari Vajpayee saheb Flyover", "highway": "trunk", "ref": "NH65", "oneway": "yes", "length_km": 0.604}, "geometry": {"type": "LineString", "coordinates": [[73.8669209, 18.5006961], [73.8679958, 18.5011655], [73.868202, 18.5012419], [73.8685169, 18.5013359], [73.8694093, 18.5015663], [73.8698269, 18.5016548], [73.8705462, 18.5017981], [73.8706978, 18.5018214], [73.8711051, 18.5018678], [73.8713119, 18.5018729], [73.8724677, 18.5019036]]}}, {"type": "Feature", "id": 151717156, "properties": {"id": 151717156, "name": "Jagannath Shankarsheth Marg", "highway": "primary", "ref": "", "oneway": "yes", "length_km": 0.584}, "geometry": {"type": "LineString", "coordinates": [[73.8663582, 18.5004324], [73.8666005, 18.5005766], [73.8668359, 18.5007167], [73.8669816, 18.5008034], [73.8672224, 18.500926], [73.8676465, 18.5011092], [73.8678396, 18.5011926], [73.8678761, 18.5012084], [73.868238, 18.5013261], [73.8683591, 18.5013655], [73.8691271, 18.5015825], [73.8692255, 18.5016058], [73.8699423, 18.501749], [73.8700957, 18.5017815], [73.8705306, 18.5018626], [73.8707117, 18.5018866], [73.8708732, 18.501908], [73.8709499, 18.5019171], [73.871155, 18.5019413], [73.871614, 18.5019531]]}}, {"type": "Feature", "id": 158141801, "properties": {"id": 158141801, "name": "Unnamed Arterial", "highway": "trunk_link", "ref": "", "oneway": "yes", "length_km": 0.021}, "geometry": {"type": "LineString", "coordinates": [[73.8191907, 18.4635177], [73.8189917, 18.46351]]}}, {"type": "Feature", "id": 158141806, "properties": {"id": 158141806, "name": "Katraj - Dehu Road Bypass", "highway": "trunk", "ref": "NH548DD", "oneway": "yes", "length_km": 0.664}, "geometry": {"type": "LineString", "coordinates": [[73.8237489, 18.4593442], [73.8236831, 18.4594329], [73.8236545, 18.4594693], [73.8236382, 18.4594886], [73.8235576, 18.4595846], [73.8234712, 18.4596856], [73.8232434, 18.4599219], [73.8230999, 18.4600491], [73.8228866, 18.460217], [73.8226278, 18.4603939], [73.8219153, 18.4608554], [73.8215221, 18.4611456], [73.8213069, 18.4613044], [73.8210361, 18.4615042], [73.8210066, 18.461526], [73.8208903, 18.4616255], [73.8207094, 18.4617801], [73.8205367, 18.4619278], [73.8203647, 18.4620748], [73.820214, 18.4622037], [73.8199271, 18.462449], [73.8198492, 18.4625364], [73.8197834, 18.4626102], [73.8195892, 18.4628281], [73.819443, 18.4630055], [73.8193622, 18.4631034], [73.8193243, 18.46318], [73.8192911, 18.4632802], [73.8192592, 18.4634439]]}}, {"type": "Feature", "id": 158151267, "properties": {"id": 158151267, "name": "Unnamed Arterial", "highway": "primary", "ref": "", "oneway": "yes", "length_km": 0.159}, "geometry": {"type": "LineString", "coordinates": [[73.8183921, 18.6032367], [73.818312, 18.603188], [73.8179805, 18.6029877], [73.8171192, 18.6024671]]}}, {"type": "Feature", "id": 158227823, "properties": {"id": 158227823, "name": "Solapur Road", "highway": "trunk", "ref": "NH65", "oneway": "yes", "length_km": 0.212}, "geometry": {"type": "LineString", "coordinates": [[73.9252675, 18.5030652], [73.9258843, 18.5029188], [73.926147, 18.502856], [73.9262565, 18.5028299], [73.9272165, 18.5025779]]}}, {"type": "Feature", "id": 158227825, "properties": {"id": 158227825, "name": "Magarpatta Road Flyover", "highway": "trunk", "ref": "", "oneway": "yes", "length_km": 0.127}, "geometry": {"type": "LineString", "coordinates": [[73.9286944, 18.5020542], [73.9280064, 18.5022337], [73.9276547, 18.5023664], [73.9275965, 18.5023878], [73.9275469, 18.5024112]]}}, {"type": "Feature", "id": 158227829, "properties": {"id": 158227829, "name": "Kharadi Bypass", "highway": "trunk", "ref": "", "oneway": "yes", "length_km": 0.347}, "geometry": {"type": "LineString", "coordinates": [[73.9277538, 18.5055373], [73.9277271, 18.5051545], [73.9277701, 18.5050344], [73.9277394, 18.5046219], [73.9277043, 18.5041511], [73.92769, 18.5039695], [73.9276795, 18.5038083], [73.9276656, 18.5036098], [73.9276382, 18.5032168], [73.9276356, 18.5031825], [73.9276121, 18.5028761], [73.9276048, 18.5027754], [73.9276019, 18.502736], [73.9276069, 18.5026699], [73.9276209, 18.5026102], [73.9276495, 18.5025376], [73.9276983, 18.5024451]]}}, {"type": "Feature", "id": 158227836, "properties": {"id": 158227836, "name": "Solapur Road", "highway": "trunk", "ref": "NH65", "oneway": "yes", "length_km": 0.349}, "geometry": {"type": "LineString", "coordinates": [[73.9309448, 18.5016044], [73.9305191, 18.501651], [73.9300513, 18.5017216], [73.9298141, 18.5017089], [73.9296373, 18.5017314], [73.9294864, 18.5017651], [73.9287721, 18.5019486], [73.9277021, 18.5022439]]}}, {"type": "Feature", "id": 158227840, "properties": {"id": 158227840, "name": "Kharadi Bypass", "highway": "trunk", "ref": "", "oneway": "yes", "length_km": 0.285}, "geometry": {"type": "LineString", "coordinates": [[73.9273855, 18.5027134], [73.9274034, 18.5028931], [73.9274255, 18.5031628], [73.927468, 18.5036248], [73.9274942, 18.5039091], [73.9275192, 18.5041811], [73.9275664, 18.5046774], [73.9276041, 18.5050957], [73.9276114, 18.5051839], [73.9276659, 18.5052509]]}}, {"type": "Feature", "id": 158252408, "properties": {"id": 158252408, "name": "Paud Road", "highway": "primary", "ref": "SH60", "oneway": "yes", "length_km": 0.515}, "geometry": {"type": "LineString", "coordinates": [[73.8148093, 18.5097787], [73.8150415, 18.5098336], [73.8154838, 18.5100124], [73.8156125, 18.5100779], [73.8156715, 18.5101179], [73.8158318, 18.5102108], [73.8162137, 18.5104064], [73.8163829, 18.5104788], [73.8164459, 18.5105057], [73.8166005, 18.5105719], [73.8168837, 18.5106939], [73.817011, 18.5107291], [73.8172596, 18.5107978], [73.8173743, 18.5108103], [73.8176792, 18.5108351], [73.8178058, 18.5108286], [73.8182394, 18.5107964], [73.8183928, 18.510796], [73.8185112, 18.5108084], [73.8185961, 18.5108358], [73.8186638, 18.5108678], [73.8187779, 18.5109242], [73.8189032, 18.5109673], [73.8191034, 18.511], [73.8193818, 18.5110238], [73.8194321, 18.5110281]]}}, {"type": "Feature", "id": 158330081, "properties": {"id": 158330081, "name": "Vishnushastri Chiplunkar Path", "highway": "primary", "ref": "", "oneway": "no", "length_km": 0.52}, "geometry": {"type": "LineString", "coordinates": [[73.8295683, 18.5107026], [73.8294056, 18.5110527], [73.8293689, 18.5111417], [73.829187, 18.5115823], [73.829145, 18.5116797], [73.8290292, 18.5120222], [73.8288952, 18.5125841], [73.8288624, 18.5127376], [73.8288338, 18.5128714], [73.8287785, 18.5132178], [73.8287649, 18.5133398], [73.8287503, 18.5134707], [73.8287372, 18.5135886], [73.8287282, 18.5137178], [73.8287121, 18.5139482], [73.8287053, 18.5142146], [73.8287056, 18.5143278], [73.8287201, 18.5145352], [73.8287663, 18.5149658], [73.8287919, 18.5151339], [73.8288222, 18.5152551]]}}, {"type": "Feature", "id": 158333165, "properties": {"id": 158333165, "name": "Sinhgad Road exit", "highway": "trunk_link", "ref": "", "oneway": "yes", "length_km": 0.413}, "geometry": {"type": "LineString", "coordinates": [[73.8171278, 18.4663414], [73.8172121, 18.4662501], [73.817858, 18.4654941], [73.8178805, 18.4654678], [73.817937, 18.4654017], [73.8179995, 18.4653285], [73.8182387, 18.4650486], [73.8183103, 18.4649648], [73.8188371, 18.4643484], [73.8189817, 18.4641791], [73.8192576, 18.4638667], [73.8195068, 18.4633973]]}}, {"type": "Feature", "id": 158852436, "properties": {"id": 158852436, "name": "Satara Road", "highway": "trunk", "ref": "NH60", "oneway": "yes", "length_km": 0.548}, "geometry": {"type": "LineString", "coordinates": [[73.8573855, 18.4870259], [73.8573917, 18.4871016], [73.857366, 18.4876693], [73.8573435, 18.4880826], [73.8573316, 18.4888788], [73.8573356, 18.4891039], [73.8573484, 18.4892711], [73.8573643, 18.4893622], [73.8573924, 18.4894924], [73.857433, 18.4898064], [73.8574351, 18.4898227], [73.8575565, 18.490761], [73.8575817, 18.490921], [73.8575991, 18.4912153], [73.8575785, 18.4915081], [73.8575782, 18.4916615], [73.8575785, 18.4917261], [73.8575843, 18.4919353], [73.8575846, 18.4919459]]}}, {"type": "Feature", "id": 159292038, "properties": {"id": 159292038, "name": "Magarpatta Road Flyover", "highway": "trunk", "ref": "", "oneway": "yes", "length_km": 0.149}, "geometry": {"type": "LineString", "coordinates": [[73.9275451, 18.5037123], [73.9276565, 18.5050503]]}}, {"type": "Feature", "id": 159292043, "properties": {"id": 159292043, "name": "Magarpatta Road Flyover", "highway": "trunk", "ref": "", "oneway": "yes", "length_km": 0.114}, "geometry": {"type": "LineString", "coordinates": [[73.9274034, 18.5024838], [73.927283, 18.5024386], [73.9271941, 18.5024069], [73.9271406, 18.5024026], [73.9270848, 18.5024033], [73.927021, 18.502416], [73.9263567, 18.5025952]]}}, {"type": "Feature", "id": 159889519, "properties": {"id": 159889519, "name": "Bajirao Road", "highway": "trunk", "ref": "NH60;NH65", "oneway": "yes", "length_km": 0.265}, "geometry": {"type": "LineString", "coordinates": [[73.8538574, 18.5164569], [73.8539039, 18.5169543], [73.8539624, 18.5175805], [73.8539774, 18.517793], [73.8539897, 18.5179678], [73.8540003, 18.5181184], [73.854053, 18.5182565], [73.8540701, 18.5183013], [73.8541945, 18.5184495], [73.8543296, 18.5185271], [73.8545274, 18.5185586]]}}, {"type": "Feature", "id": 159964357, "properties": {"id": 159964357, "name": "Gangadham - Shatrunjay Road", "highway": "primary", "ref": "", "oneway": "no", "length_km": 1.141}, "geometry": {"type": "LineString", "coordinates": [[73.8776717, 18.4611757], [73.8776743, 18.4610939], [73.8776721, 18.4607794], [73.8776778, 18.46057], [73.8776885, 18.4601748], [73.8776901, 18.4601173], [73.8776881, 18.4599372], [73.8777286, 18.4596192], [73.8777663, 18.4593239], [73.8779232, 18.4582695], [73.8779487, 18.4580747], [73.8780098, 18.457656], [73.8780172, 18.4576171], [73.8780546, 18.4574212], [73.8781204, 18.457169], [73.8781814, 18.4569429], [73.8782734, 18.4566018], [73.8783745, 18.4562267], [73.8785268, 18.4556618], [73.8786581, 18.4551751], [73.8787115, 18.4550174], [73.8787462, 18.4549042], [73.8787851, 18.4548003], [73.8788256, 18.4546708], [73.8788433, 18.454614], [73.8788745, 18.4545142], [73.8788784, 18.4544952], [73.8789128, 18.4543551], [73.8789248, 18.4542705], [73.8789636, 18.4540408], [73.8790215, 18.4536985], [73.8790996, 18.4532285], [73.8793233, 18.4518812], [73.879439, 18.4511849], [73.8794484, 18.4510623]]}}, {"type": "Feature", "id": 160384082, "properties": {"id": 160384082, "name": "Katraj - Dehu Road Bypass", "highway": "trunk", "ref": "NH548DD", "oneway": "yes", "length_km": 1.144}, "geometry": {"type": "LineString", "coordinates": [[73.8260433, 18.4585639], [73.8264014, 18.4584074], [73.8265774, 18.4583305], [73.8269153, 18.4581855], [73.8285129, 18.4575197], [73.8286614, 18.4574553], [73.828804, 18.4574031], [73.8290335, 18.4573191], [73.8298531, 18.4570191], [73.8303476, 18.456851], [73.8306004, 18.456765], [73.8307993, 18.4566974], [73.8329762, 18.4559572], [73.8348384, 18.4553725], [73.836184, 18.4549197], [73.8362193, 18.4549079]]}}, {"type": "Feature", "id": 160384083, "properties": {"id": 160384083, "name": "Solapur Road", "highway": "trunk", "ref": "NH65", "oneway": "yes", "length_km": 0.024}, "geometry": {"type": "LineString", "coordinates": [[73.8987579, 18.5065235], [73.89853, 18.5065557]]}}, {"type": "Feature", "id": 160384084, "properties": {"id": 160384084, "name": "Solapur Road", "highway": "trunk", "ref": "NH65", "oneway": "yes", "length_km": 0.19}, "geometry": {"type": "LineString", "coordinates": [[73.9029186, 18.5064541], [73.9023383, 18.5064484], [73.9016633, 18.5064724], [73.9012155, 18.5064883], [73.9011103, 18.506493]]}}, {"type": "Feature", "id": 160385579, "properties": {"id": 160385579, "name": "Solapur Road Flyover", "highway": "trunk", "ref": "NH65", "oneway": "yes", "length_km": 0.096}, "geometry": {"type": "LineString", "coordinates": [[73.919531, 18.5046528], [73.9204085, 18.5043985]]}}, {"type": "Feature", "id": 160385582, "properties": {"id": 160385582, "name": "Mundhwa Road", "highway": "trunk", "ref": "", "oneway": "yes", "length_km": 0.043}, "geometry": {"type": "LineString", "coordinates": [[73.9322903, 18.5239328], [73.9322684, 18.5237064], [73.9322656, 18.5236843], [73.9322571, 18.5236217], [73.9322473, 18.5235493]]}}, {"type": "Feature", "id": 160786199, "properties": {"id": 160786199, "name": "Mundhwa Road", "highway": "trunk", "ref": "", "oneway": "yes", "length_km": 1.191}, "geometry": {"type": "LineString", "coordinates": [[73.9276687, 18.5055428], [73.9276701, 18.5055652], [73.9276777, 18.5056854], [73.9276866, 18.5058257], [73.9277003, 18.505929], [73.9277142, 18.5059872], [73.9277278, 18.5060439], [73.927764, 18.5061493], [73.9277869, 18.5061991], [73.9278118, 18.5062533], [73.9278729, 18.5063451], [73.9279348, 18.5064202], [73.9280311, 18.5065249], [73.9280689, 18.5065681], [73.9284762, 18.5070203], [73.9289206, 18.5075133], [73.9290031, 18.5076043], [73.9290666, 18.5076743], [73.9292705, 18.5079201], [73.9294797, 18.508181], [73.9295822, 18.5083095], [73.9296493, 18.5083889], [73.9297243, 18.5084778], [73.9297546, 18.5085136], [73.9298116, 18.5085747], [73.9305103, 18.5093396], [73.9311635, 18.5100538], [73.9319514, 18.5109152], [73.9320569, 18.5110449], [73.9321441, 18.5111541], [73.9322211, 18.5112682], [73.9322767, 18.5113919], [73.9323205, 18.5115457], [73.9323498, 18.5116811], [73.9323744, 18.5119333], [73.9324618, 18.5143275], [73.9324762, 18.5144711], [73.932481, 18.5145194], [73.9325228, 18.5147136]]}}, {"type": "Feature", "id": 161054548, "properties": {"id": 161054548, "name": "Katraj Flyover", "highway": "trunk", "ref": "NH548DD", "oneway": "yes", "length_km": 0.444}, "geometry": {"type": "LineString", "coordinates": [[73.8638019, 18.4481313], [73.8635489, 18.4480301], [73.863423, 18.4479888], [73.86249, 18.4477809], [73.8615621, 18.4476314], [73.8607546, 18.4475654], [73.8606052, 18.4475698], [73.8604449, 18.4475873], [73.8596623, 18.4477217]]}}, {"type": "Feature", "id": 161054551, "properties": {"id": 161054551, "name": "Satara Road", "highway": "trunk", "ref": "NH60", "oneway": "yes", "length_km": 0.095}, "geometry": {"type": "LineString", "coordinates": [[73.8586277, 18.4480809], [73.858673, 18.4479471], [73.8588421, 18.4474329], [73.8588971, 18.4472678]]}}, {"type": "Feature", "id": 161198699, "properties": {"id": 161198699, "name": "Saswad Road", "highway": "trunk_link", "ref": "NH965", "oneway": "yes", "length_km": 0.197}, "geometry": {"type": "LineString", "coordinates": [[73.9395071, 18.4997766], [73.9395647, 18.4997136], [73.9396144, 18.4996685], [73.9396854, 18.4996113], [73.9397988, 18.4995279], [73.9401399, 18.4992314], [73.9402324, 18.499151], [73.9407686, 18.4987284], [73.9407966, 18.4987064], [73.940822, 18.4986828], [73.9408395, 18.4986549], [73.9408442, 18.4986021], [73.9408422, 18.4985697]]}}, {"type": "Feature", "id": 161198712, "properties": {"id": 161198712, "name": "Solapur Road", "highway": "trunk", "ref": "NH65", "oneway": "yes", "length_km": 0.296}, "geometry": {"type": "LineString", "coordinates": [[73.9413061, 18.5004738], [73.9418294, 18.5004101], [73.9421719, 18.5003684], [73.9423697, 18.5003431], [73.9424468, 18.5003333], [73.942734, 18.5002967], [73.9428416, 18.5002839], [73.9430944, 18.5002539], [73.9433408, 18.5002247], [73.943545, 18.5002005], [73.9441009, 18.5001346]]}}, {"type": "Feature", "id": 161200834, "properties": {"id": 161200834, "name": "Solapur Road", "highway": "trunk", "ref": "NH65", "oneway": "yes", "length_km": 0.352}, "geometry": {"type": "LineString", "coordinates": [[73.8997213, 18.5066113], [73.9002829, 18.5065963], [73.9008095, 18.5065902], [73.9010536, 18.5065744], [73.9011134, 18.5065724], [73.9012128, 18.5065668], [73.9023461, 18.5065469], [73.9028764, 18.5065656], [73.9030717, 18.5065721]]}}, {"type": "Feature", "id": 162972237, "properties": {"id": 162972237, "name": "Solapur Road", "highway": "trunk", "ref": "NH65", "oneway": "yes", "length_km": 0.17}, "geometry": {"type": "LineString", "coordinates": [[73.8965181, 18.5068209], [73.896944, 18.5068747], [73.8971369, 18.5068985], [73.8973408, 18.5069468], [73.8975563, 18.5070247], [73.8978685, 18.5071306], [73.8979257, 18.5071493], [73.8979697, 18.5071637], [73.8980784, 18.5071993]]}}, {"type": "Feature", "id": 164920332, "properties": {"id": 164920332, "name": "Katraj - Dehu Road Bypass", "highway": "trunk", "ref": "NH48", "oneway": "yes", "length_km": 1.923}, "geometry": {"type": "LineString", "coordinates": [[73.8376573, 18.4335857], [73.8376786, 18.4338703], [73.8377277, 18.4341707], [73.8378423, 18.4345099], [73.8380286, 18.4349561], [73.8381017, 18.4351437], [73.8384352, 18.4359651], [73.8394017, 18.4382923], [73.839518, 18.4386773], [73.8395835, 18.4391315], [73.8395977, 18.4394112], [73.8395809, 18.4396982], [73.8395376, 18.4400291], [73.8394485, 18.4403483], [73.839301, 18.4407377], [73.8390505, 18.4411938], [73.8382963, 18.4421648], [73.8365662, 18.4442768], [73.8340015, 18.4479464], [73.8337241, 18.448348], [73.8333514, 18.4487613]]}}, {"type": "Feature", "id": 164926756, "properties": {"id": 164926756, "name": "Katraj - Dehu Road Bypass", "highway": "trunk", "ref": "NH48", "oneway": "yes", "length_km": 0.487}, "geometry": {"type": "LineString", "coordinates": [[73.8000051, 18.484378], [73.8010698, 18.483621], [73.8020029, 18.4828688], [73.8024032, 18.4824616], [73.8027185, 18.4821336], [73.803251, 18.4815791], [73.8033982, 18.4814094]]}}, {"type": "Feature", "id": 164927361, "properties": {"id": 164927361, "name": "NDA Road", "highway": "primary", "ref": "SH59", "oneway": "no", "length_km": 2.065}, "geometry": {"type": "LineString", "coordinates": [[73.7735877, 18.4645822], [73.7736614, 18.4646312], [73.7737513, 18.4646553], [73.7740539, 18.464709], [73.77434, 18.4647597], [73.7743575, 18.4647616], [73.7746481, 18.4647994], [73.7751929, 18.464869], [73.7756771, 18.4649632], [73.7757453, 18.4649801], [73.7757836, 18.4649896], [73.7759641, 18.4650344], [73.7761927, 18.4651018], [73.7762189, 18.4651095], [73.7763284, 18.4651732], [73.7764948, 18.4652699], [73.7765931, 18.465327], [73.7768996, 18.4655394], [73.7769712, 18.465589], [73.7770839, 18.4656692], [73.777163, 18.465762], [73.7771952, 18.4658447], [73.7772194, 18.4659834], [73.7772153, 18.4663294], [73.7772354, 18.4664756], [73.7772824, 18.4665634], [73.7773991, 18.4666296], [73.777611, 18.4666868], [73.7780817, 18.4667428], [73.7782026, 18.4667498], [73.7786101, 18.4667733], [73.7787236, 18.4667812], [73.778885, 18.4667924], [73.7789802, 18.4668026], [73.7790741, 18.4668115], [73.7791854, 18.4668127], [73.7794029, 18.466828], [73.7794563, 18.4668318], [73.7797417, 18.4668342], [73.7799311, 18.4668166], [73.780092, 18.4667911], [73.7801185, 18.4667827], [73.7804026, 18.4666924], [73.7808621, 18.4665559], [73.7816188, 18.4663312], [73.7821318, 18.4661704], [73.782337, 18.4661411], [73.7825472, 18.4661378], [73.7827058, 18.4661704], [73.7827772, 18.4662108], [73.7830117, 18.4663437], [73.7830223, 18.4663497], [73.7834313, 18.4666737], [73.7835763, 18.4667954], [73.7837511, 18.466942], [73.7840244, 18.4671495], [73.7842481, 18.4673317], [73.7844586, 18.4675251], [73.7845726, 18.4676179], [73.7847677, 18.4677948], [73.7851425, 18.4681273], [73.7852442, 18.4682262], [73.7852783, 18.4682595], [73.7854653, 18.468442], [73.7855171, 18.4684925], [73.7855222, 18.4684975], [73.7855348, 18.4685098], [73.785549, 18.4685236], [73.7858628, 18.4687526], [73.7861306, 18.4688884], [73.7867477, 18.4691607], [73.7871811, 18.4694764], [73.7879401, 18.4700564], [73.7883371, 18.4702981], [73.7901645, 18.4711924], [73.7902796, 18.4712446]]}}, {"type": "Feature", "id": 164927362, "properties": {"id": 164927362, "name": "NDA Road", "highway": "primary", "ref": "SH59", "oneway": "yes", "length_km": 0.732}, "geometry": {"type": "LineString", "coordinates": [[73.7960482, 18.4759904], [73.7960752, 18.4760623], [73.79645, 18.4764408], [73.7965646, 18.4765503], [73.7966827, 18.4766632], [73.7967757, 18.4767467], [73.7968465, 18.4768103], [73.79696, 18.4769122], [73.7973921, 18.4773197], [73.7976675, 18.4775693], [73.7977439, 18.4776433], [73.7978913, 18.477786], [73.7981795, 18.4780714], [73.7982838, 18.478163], [73.79839, 18.4782431], [73.7984321, 18.4782739], [73.798742, 18.4785009], [73.7988527, 18.478605], [73.7989467, 18.4787267], [73.7991149, 18.4789377], [73.799198, 18.4790346], [73.7993781, 18.4792417], [73.7994447, 18.4792994], [73.7994623, 18.4793152], [73.7995703, 18.4793855], [73.8001523, 18.4797341], [73.800202, 18.4797639], [73.8004671, 18.479943], [73.800964, 18.4803042], [73.8011048, 18.480392], [73.801152, 18.4804214]]}}, {"type": "Feature", "id": 164927363, "properties": {"id": 164927363, "name": "NDA Road", "highway": "primary", "ref": "SH59", "oneway": "no", "length_km": 0.804}, "geometry": {"type": "LineString", "coordinates": [[73.7960482, 18.4759904], [73.7959178, 18.4758622], [73.7957285, 18.4756949], [73.7954155, 18.4754548], [73.7950721, 18.4751953], [73.7947878, 18.4749918], [73.7946269, 18.4748621], [73.7943962, 18.4746077], [73.7941092, 18.4743253], [73.7932496, 18.4735747], [73.7921089, 18.472658], [73.7918346, 18.4724376], [73.791066, 18.4718031], [73.7905755, 18.4714395], [73.7902796, 18.4712446]]}}, {"type": "Feature", "id": 168955087, "properties": {"id": 168955087, "name": "Solapur Road", "highway": "primary", "ref": "", "oneway": "yes", "length_km": 0.395}, "geometry": {"type": "LineString", "coordinates": [[73.9335509, 18.5015844], [73.9339032, 18.5015311], [73.9343817, 18.5014588], [73.9345833, 18.5014298], [73.935268, 18.5013158], [73.9362344, 18.5011626], [73.937156, 18.5010495], [73.937212, 18.5010446], [73.9372677, 18.5010383]]}}, {"type": "Feature", "id": 169701639, "properties": {"id": 169701639, "name": "New Holkar Bridge", "highway": "primary", "ref": "", "oneway": "yes", "length_km": 0.187}, "geometry": {"type": "LineString", "coordinates": [[73.8622791, 18.5547862], [73.8635811, 18.5536352]]}}, {"type": "Feature", "id": 169704106, "properties": {"id": 169704106, "name": "Sangamwadi Road", "highway": "primary", "ref": "", "oneway": "yes", "length_km": 0.591}, "geometry": {"type": "LineString", "coordinates": [[73.8607807, 18.5336428], [73.8610202, 18.5338495], [73.8611426, 18.5340066], [73.8612031, 18.5341761], [73.8612871, 18.5344025], [73.8613246, 18.5345035], [73.8613496, 18.5345709], [73.861611, 18.5352749], [73.861636, 18.5353422], [73.8617921, 18.5356338], [73.8621818, 18.5363317], [73.8624278, 18.5367722], [73.8625729, 18.5369516], [73.862832, 18.5371928], [73.8633198, 18.5375223], [73.8633666, 18.537554], [73.8637288, 18.5377949], [73.8639134, 18.5378426]]}}, {"type": "Feature", "id": 170237919, "properties": {"id": 170237919, "name": "Jagannath Shankarsheth Marg", "highway": "trunk", "ref": "NH65", "oneway": "yes", "length_km": 0.186}, "geometry": {"type": "LineString", "coordinates": [[73.8634344, 18.4999895], [73.8641161, 18.4999441], [73.8641846, 18.4999426], [73.8643169, 18.4999428], [73.8645836, 18.4999581], [73.8649109, 18.5000041], [73.8651528, 18.5000496], [73.86519, 18.5000566]]}}, {"type": "Feature", "id": 170318602, "properties": {"id": 170318602, "name": "Shivaji Road", "highway": "trunk", "ref": "NH60;NH65", "oneway": "yes", "length_km": 0.133}, "geometry": {"type": "LineString", "coordinates": [[73.8562542, 18.516866], [73.8562547, 18.5168173], [73.8562603, 18.5162856], [73.8562699, 18.5160609], [73.8562748, 18.5159465], [73.8562835, 18.5157412], [73.8562866, 18.5156694]]}}, {"type": "Feature", "id": 171483561, "properties": {"id": 171483561, "name": "Bund Garden Road", "highway": "trunk", "ref": "NH753F", "oneway": "yes", "length_km": 0.838}, "geometry": {"type": "LineString", "coordinates": [[73.8796807, 18.5347471], [73.8798113, 18.5349154], [73.87994, 18.5350876], [73.8802173, 18.5354792], [73.8804662, 18.5358764], [73.8805888, 18.5360721], [73.8807342, 18.5362754], [73.8808024, 18.5363708], [73.8809282, 18.5365786], [73.8809479, 18.5366111], [73.8809724, 18.5366516], [73.8811467, 18.5369443], [73.8812741, 18.5371461], [73.8815421, 18.5375773], [73.8815696, 18.5376215], [73.8817235, 18.5378627], [73.8819006, 18.5381403], [73.8819429, 18.5382012], [73.8820466, 18.5383504], [73.8821921, 18.5385599], [73.8825944, 18.5391856], [73.8830461, 18.5398877], [73.8835654, 18.5406502], [73.883654, 18.5407803], [73.8837397, 18.5409034], [73.8838076, 18.5409711], [73.8838737, 18.5410084], [73.8839966, 18.5410514]]}}, {"type": "Feature", "id": 171483563, "properties": {"id": 171483563, "name": "Elphinstone Road", "highway": "primary", "ref": "", "oneway": "no", "length_km": 1.112}, "geometry": {"type": "LineString", "coordinates": [[73.8428898, 18.5692341], [73.8432174, 18.5690724], [73.8444615, 18.5685295], [73.8450463, 18.5682149], [73.8460907, 18.5676696], [73.8462093, 18.5676077], [73.8463566, 18.5675308], [73.8463976, 18.5675094], [73.8464549, 18.5674795], [73.8469744, 18.5672083], [73.8475818, 18.5668912], [73.8478969, 18.566715], [73.8483972, 18.5664351], [73.84856, 18.5663145], [73.8488116, 18.566128], [73.8488778, 18.5660789], [73.8491607, 18.5658351], [73.8495151, 18.5655642], [73.8496627, 18.5654514], [73.8498718, 18.5652915], [73.8501458, 18.5650821], [73.850468, 18.5648359], [73.8507062, 18.5646499], [73.8509442, 18.564464], [73.8510166, 18.5644058], [73.8512255, 18.5642483], [73.8514824, 18.5640407], [73.85151, 18.5640191], [73.8515538, 18.5639847], [73.8516665, 18.5638834], [73.8517278, 18.5638197]]}}, {"type": "Feature", "id": 171483564, "properties": {"id": 171483564, "name": "Deccan College Road", "highway": "primary", "ref": "", "oneway": "yes", "length_km": 0.017}, "geometry": {"type": "LineString", "coordinates": [[73.8711582, 18.5487116], [73.8712918, 18.5486245]]}}, {"type": "Feature", "id": 171484819, "properties": {"id": 171484819, "name": "Unnamed Arterial", "highway": "primary", "ref": "", "oneway": "no", "length_km": 0.114}, "geometry": {"type": "LineString", "coordinates": [[73.8474419, 18.559289], [73.847354, 18.5593078], [73.8463897, 18.5595364]]}}, {"type": "Feature", "id": 172659213, "properties": {"id": 172659213, "name": "Sinhagad Road", "highway": "primary", "ref": "", "oneway": "yes", "length_km": 1.264}, "geometry": {"type": "LineString", "coordinates": [[73.8187482, 18.4678215], [73.8190944, 18.4682028], [73.8191988, 18.468319], [73.8195715, 18.4687542], [73.8199067, 18.469205], [73.8199927, 18.4693464], [73.8200817, 18.4695193], [73.8201661, 18.4697356], [73.8202903, 18.4700521], [73.8203351, 18.4701504], [73.8205855, 18.4708048], [73.8206624, 18.4710007], [73.8207232, 18.4711556], [73.8209081, 18.4716267], [73.8209336, 18.4716857], [73.8209507, 18.4717253], [73.8210007, 18.4718413], [73.8211314, 18.4721444], [73.8212606, 18.4724879], [73.8214958, 18.473113], [73.8215499, 18.4732414], [73.8216746, 18.4734793], [73.8218831, 18.473871], [73.8219689, 18.4740342], [73.8222051, 18.4745615], [73.8226549, 18.4756178], [73.8228836, 18.4761667], [73.8230927, 18.4766684], [73.8233233, 18.4771456], [73.8233412, 18.4771783], [73.823827, 18.4780688]]}}, {"type": "Feature", "id": 173042802, "properties": {"id": 173042802, "name": "Navale Flyover", "highway": "trunk", "ref": "NH48", "oneway": "yes", "length_km": 0.186}, "geometry": {"type": "LineString", "coordinates": [[73.8197935, 18.4630867], [73.8203359, 18.462531], [73.8210213, 18.4618795]]}}, {"type": "Feature", "id": 173042803, "properties": {"id": 173042803, "name": "Katraj - Dehu Road Bypass", "highway": "trunk", "ref": "NH48", "oneway": "yes", "length_km": 1.931}, "geometry": {"type": "LineString", "coordinates": [[73.8334662, 18.4488612], [73.8338457, 18.4484343], [73.834128, 18.4480254], [73.8366893, 18.4443606], [73.8384172, 18.4422515], [73.8391795, 18.4412701], [73.8394402, 18.4407955], [73.8395932, 18.4403912], [73.8396867, 18.4400564], [73.8397318, 18.439711], [73.8397494, 18.4394116], [73.8397372, 18.4391724], [73.8397344, 18.4391183], [73.8396666, 18.4386476], [73.8395454, 18.438246], [73.8385764, 18.435913], [73.8381698, 18.434904], [73.837985, 18.4344615], [73.8378765, 18.4341402], [73.8378191, 18.4338904], [73.8377975, 18.4336199]]}}, {"type": "Feature", "id": 173045975, "properties": {"id": 173045975, "name": "Bankimchandra Chatopadhyay Path Underpass", "highway": "primary", "ref": "", "oneway": "yes", "length_km": 0.024}, "geometry": {"type": "LineString", "coordinates": [[73.8542239, 18.5289571], [73.8544409, 18.5288888]]}}, {"type": "Feature", "id": 173045977, "properties": {"id": 173045977, "name": "Bankimchandra Chatopadhyay Path", "highway": "trunk", "ref": "NH60;65", "oneway": "yes", "length_km": 0.139}, "geometry": {"type": "LineString", "coordinates": [[73.8513813, 18.5297022], [73.8516878, 18.5295977], [73.8519026, 18.5295375], [73.8524322, 18.529369], [73.8525063, 18.5293199], [73.8525257, 18.5292719], [73.8525373, 18.529202]]}}, {"type": "Feature", "id": 189105301, "properties": {"id": 189105301, "name": "Castellino Marg", "highway": "trunk", "ref": "NH65", "oneway": "yes", "length_km": 0.171}, "geometry": {"type": "LineString", "coordinates": [[73.8784676, 18.5055888], [73.8785196, 18.505674], [73.8785685, 18.5057542], [73.8787154, 18.5061616], [73.8789606, 18.5066313], [73.8791263, 18.5068923], [73.8791847, 18.5069615]]}}, {"type": "Feature", "id": 195709756, "properties": {"id": 195709756, "name": "Solapur Road", "highway": "trunk", "ref": "", "oneway": "yes", "length_km": 0.159}, "geometry": {"type": "LineString", "coordinates": [[73.9412878, 18.5003877], [73.9410441, 18.5003674], [73.9409847, 18.5003754], [73.9407273, 18.5004052], [73.9403303, 18.5004517], [73.9401965, 18.5004674], [73.9401099, 18.5004775], [73.9400399, 18.5004857], [73.9397825, 18.5005224]]}}, {"type": "Feature", "id": 195712757, "properties": {"id": 195712757, "name": "Dr. Rajendra Prasad Path", "highway": "trunk", "ref": "NH60;NH65", "oneway": "yes", "length_km": 0.044}, "geometry": {"type": "LineString", "coordinates": [[73.8530366, 18.5293921], [73.8526879, 18.5291657]]}}, {"type": "Feature", "id": 198565127, "properties": {"id": 198565127, "name": "Gopal Hari Deshmukh Marg", "highway": "primary", "ref": "", "oneway": "yes", "length_km": 1.204}, "geometry": {"type": "LineString", "coordinates": [[73.8094698, 18.5500876], [73.8095508, 18.5500598], [73.8096761, 18.5500169], [73.8102816, 18.5498085], [73.8108951, 18.5495934], [73.8113022, 18.5494227], [73.8113433, 18.5494057], [73.8116684, 18.5492709], [73.8117443, 18.5492394], [73.8122455, 18.549053], [73.8125655, 18.5489342], [73.8129031, 18.5488014], [73.8129594, 18.5487793], [73.8132116, 18.5486603], [73.8142769, 18.5481859], [73.8144247, 18.54813], [73.8147273, 18.548013], [73.8148416, 18.5479669], [73.8162014, 18.5474423], [73.8164877, 18.5473367], [73.8165763, 18.5473056], [73.8169948, 18.5471806], [73.817152, 18.547141], [73.8172368, 18.5471252], [73.8179185, 18.5469906], [73.8179899, 18.5469739], [73.8181491, 18.546931], [73.8185541, 18.5468007], [73.8186296, 18.5467764], [73.8187775, 18.5467196], [73.8189641, 18.5466399], [73.8192149, 18.5465329], [73.8197847, 18.5462899], [73.8201296, 18.5461553]]}}, {"type": "Feature", "id": 198565129, "properties": {"id": 198565129, "name": "Ganeshkhind Road", "highway": "primary", "ref": "", "oneway": "yes", "length_km": 0.53}, "geometry": {"type": "LineString", "coordinates": [[73.8377663, 18.5354929], [73.8372934, 18.5358397], [73.8370054, 18.5360645], [73.8367737, 18.5362453], [73.8366326, 18.5363555], [73.8363603, 18.5365786], [73.8361355, 18.5367628], [73.8360867, 18.5368012], [73.8359182, 18.5369339], [73.835879, 18.5369648], [73.8358127, 18.5370136], [73.8356735, 18.5370611], [73.8355669, 18.5371363], [73.8354905, 18.5371939], [73.8354668, 18.5372116], [73.8352658, 18.537369], [73.834991, 18.5375803], [73.834701, 18.5378058], [73.8343666, 18.5380766], [73.8338498, 18.5384953]]}}, {"type": "Feature", "id": 198565130, "properties": {"id": 198565130, "name": "University Road", "highway": "primary", "ref": "", "oneway": "yes", "length_km": 0.2}, "geometry": {"type": "LineString", "coordinates": [[73.8273601, 18.5435829], [73.8277736, 18.5430616], [73.8280928, 18.5428349], [73.8287258, 18.5423444]]}}, {"type": "Feature", "id": 198565137, "properties": {"id": 198565137, "name": "Bharatratna Atal Bihari Vajpayee Flyover", "highway": "primary", "ref": "", "oneway": "yes", "length_km": 0.283}, "geometry": {"type": "LineString", "coordinates": [[73.8448242, 18.5314544], [73.8456037, 18.5312518], [73.8469371, 18.5309311], [73.8474329, 18.5308178]]}}, {"type": "Feature", "id": 198565138, "properties": {"id": 198565138, "name": "Bharatratna Atal Bihari Vajpayee Flyover", "highway": "primary", "ref": "", "oneway": "yes", "length_km": 0.229}, "geometry": {"type": "LineString", "coordinates": [[73.8468898, 18.5308663], [73.845583, 18.531178], [73.8447836, 18.5313877]]}}, {"type": "Feature", "id": 198565141, "properties": {"id": 198565141, "name": "Ganeshkhind Road", "highway": "primary", "ref": "", "oneway": "yes", "length_km": 0.205}, "geometry": {"type": "LineString", "coordinates": [[73.8427942, 18.5321878], [73.8429337, 18.5321499], [73.8431934, 18.5320456], [73.8437706, 18.5318534], [73.8439474, 18.531806], [73.8443224, 18.531687], [73.8445136, 18.5316263], [73.8446399, 18.5315869]]}}, {"type": "Feature", "id": 198565142, "properties": {"id": 198565142, "name": "Ganeshkhind Road", "highway": "primary", "ref": "SH60", "oneway": "yes", "length_km": 0.287}, "geometry": {"type": "LineString", "coordinates": [[73.8472471, 18.5307668], [73.8471061, 18.5307416], [73.8467736, 18.5308234], [73.8463036, 18.5309391], [73.8461714, 18.5309716], [73.8457926, 18.5310648], [73.8451675, 18.5312179], [73.844717, 18.5313348], [73.8447061, 18.5313376], [73.8446039, 18.5313657]]}}, {"type": "Feature", "id": 198565144, "properties": {"id": 198565144, "name": "Ganeshkhind Road", "highway": "primary", "ref": "", "oneway": "yes", "length_km": 0.232}, "geometry": {"type": "LineString", "coordinates": [[73.8362253, 18.5368688], [73.8364593, 18.5366877], [73.8369408, 18.5363163], [73.8375068, 18.535873], [73.8378514, 18.5355831], [73.8379237, 18.5355265]]}}, {"type": "Feature", "id": 198565145, "properties": {"id": 198565145, "name": "Ganeshkhind Road", "highway": "primary", "ref": "", "oneway": "yes", "length_km": 0.294}, "geometry": {"type": "LineString", "coordinates": [[73.8308138, 18.5409297], [73.8315381, 18.540459], [73.8320659, 18.5401141], [73.8324888, 18.5398257], [73.832627, 18.53974], [73.8331051, 18.539409]]}}, {"type": "Feature", "id": 198565148, "properties": {"id": 198565148, "name": "K. B. Joshi Path", "highway": "primary", "ref": "", "oneway": "no", "length_km": 0.369}, "geometry": {"type": "LineString", "coordinates": [[73.8462675, 18.5329455], [73.8466708, 18.5333274], [73.847586, 18.5342392], [73.8480663, 18.5347178], [73.8483159, 18.5349646], [73.8483736, 18.5350217], [73.8485327, 18.5351567], [73.8487364, 18.5353032]]}}, {"type": "Feature", "id": 198570657, "properties": {"id": 198570657, "name": "Karve Road", "highway": "primary_link", "ref": "", "oneway": "yes", "length_km": 0.025}, "geometry": {"type": "LineString", "coordinates": [[73.8247396, 18.5056786], [73.8247604, 18.5057508], [73.8247563, 18.5058439], [73.8247428, 18.5059042]]}}, {"type": "Feature", "id": 198570658, "properties": {"id": 198570658, "name": "Karve Road", "highway": "primary", "ref": "", "oneway": "yes", "length_km": 0.264}, "geometry": {"type": "LineString", "coordinates": [[73.8277499, 18.5068374], [73.8277113, 18.5067669], [73.8275696, 18.5066977], [73.8274084, 18.5066228], [73.8273346, 18.5065882], [73.8270742, 18.5064652], [73.8268738, 18.5063705], [73.8266398, 18.5062599], [73.8264711, 18.5061802], [73.8261091, 18.50604], [73.8260649, 18.5060229], [73.8259057, 18.5059628], [73.8257476, 18.5059096], [73.8256693, 18.5058858], [73.8255015, 18.5058269]]}}, {"type": "Feature", "id": 198570659, "properties": {"id": 198570659, "name": "Paud Road", "highway": "primary", "ref": "SH60", "oneway": "yes", "length_km": 0.021}, "geometry": {"type": "LineString", "coordinates": [[73.824106, 18.506482], [73.8239595, 18.5066149]]}}, {"type": "Feature", "id": 198580672, "properties": {"id": 198580672, "name": "Karve Road", "highway": "primary", "ref": "", "oneway": "yes", "length_km": 0.335}, "geometry": {"type": "LineString", "coordinates": [[73.8255015, 18.5058269], [73.82536, 18.5057671], [73.8253314, 18.5057569], [73.8251283, 18.5056806], [73.8249668, 18.5056211], [73.8248371, 18.5055812], [73.8246496, 18.5055291], [73.8245486, 18.5055014], [73.8243601, 18.5054496], [73.8238103, 18.5052987], [73.8234338, 18.5051954], [73.8229598, 18.5050348], [73.8229127, 18.5050188], [73.8224968, 18.5048352]]}}, {"type": "Feature", "id": 198580673, "properties": {"id": 198580673, "name": "Karve Road", "highway": "primary", "ref": "", "oneway": "yes", "length_km": 0.337}, "geometry": {"type": "LineString", "coordinates": [[73.8224464, 18.5049439], [73.8228555, 18.5051196], [73.8228899, 18.5051336], [73.8229144, 18.5051421], [73.8233974, 18.5053094], [73.823778, 18.5054138], [73.8242118, 18.5055329], [73.8247396, 18.5056786], [73.8248999, 18.5057227], [73.8249303, 18.5057328], [73.8250144, 18.5057537], [73.8251172, 18.5057928], [73.8253149, 18.505853], [73.8254443, 18.5059744]]}}, {"type": "Feature", "id": 198586095, "properties": {"id": 198586095, "name": "V. S. Khandekar Chowk", "highway": "primary", "ref": "", "oneway": "no", "length_km": 0.059}, "geometry": {"type": "LineString", "coordinates": [[73.8304365, 18.5202624], [73.8304484, 18.5202747], [73.8304625, 18.5202845], [73.8304785, 18.5202915], [73.8304956, 18.5202955], [73.8305131, 18.5202962], [73.8305305, 18.5202936], [73.8305469, 18.5202879], [73.830562, 18.5202792], [73.8305749, 18.5202679], [73.8305852, 18.5202545], [73.8305926, 18.5202393], [73.8305968, 18.5202231], [73.8305975, 18.5202065], [73.8305948, 18.5201901], [73.8305888, 18.5201744], [73.8305796, 18.5201602], [73.8305677, 18.5201479], [73.8305535, 18.5201381], [73.8305376, 18.5201311], [73.8305205, 18.5201272], [73.830503, 18.5201265], [73.8304856, 18.5201291], [73.8304691, 18.5201348], [73.8304541, 18.5201435], [73.8304412, 18.5201547], [73.8304308, 18.5201682], [73.8304234, 18.5201833], [73.8304193, 18.5201995], [73.8304186, 18.5202162], [73.8304213, 18.5202326], [73.8304273, 18.5202483], [73.8304365, 18.5202624]]}}, {"type": "Feature", "id": 198710754, "properties": {"id": 198710754, "name": "Katraj - Dehu Road Bypass", "highway": "trunk", "ref": "NH48", "oneway": "yes", "length_km": 0.097}, "geometry": {"type": "LineString", "coordinates": [[73.7884801, 18.5074329], [73.7881158, 18.5074227], [73.7875561, 18.5073809]]}}, {"type": "Feature", "id": 198710755, "properties": {"id": 198710755, "name": "Katraj - Dehu Road Bypass", "highway": "trunk", "ref": "NH48", "oneway": "yes", "length_km": 0.931}, "geometry": {"type": "LineString", "coordinates": [[73.7903202, 18.4994633], [73.7895666, 18.498548], [73.7894331, 18.4983642], [73.7892922, 18.4982147], [73.7887032, 18.4975198], [73.7885128, 18.4972807], [73.7882996, 18.4969067], [73.7881695, 18.4966333], [73.7880445, 18.4963085], [73.7879802, 18.4960377], [73.7879586, 18.4959422], [73.7879157, 18.4953521], [73.7879264, 18.4949349], [73.7879801, 18.4945991], [73.7880981, 18.494182], [73.7882268, 18.4938259], [73.7884092, 18.4934901], [73.7893987, 18.4921527]]}}, {"type": "Feature", "id": 198710756, "properties": {"id": 198710756, "name": "Paud Road", "highway": "primary", "ref": "NH753F", "oneway": "yes", "length_km": 0.146}, "geometry": {"type": "LineString", "coordinates": [[73.7888812, 18.5079316], [73.7882105, 18.5077568], [73.7880806, 18.5076972], [73.7880188, 18.5076481], [73.7879778, 18.5075939], [73.7878816, 18.5073203], [73.7878275, 18.5072435]]}}, {"type": "Feature", "id": 198710757, "properties": {"id": 198710757, "name": "Paud Road", "highway": "primary", "ref": "NH753F", "oneway": "yes", "length_km": 0.129}, "geometry": {"type": "LineString", "coordinates": [[73.7878275, 18.5072435], [73.7878208, 18.5073379], [73.7879173, 18.5076241], [73.787971, 18.5077016], [73.7880541, 18.5077576], [73.7881923, 18.5078237], [73.7884024, 18.5078849], [73.7885135, 18.5079138], [73.7886172, 18.5079657]]}}, {"type": "Feature", "id": 198711949, "properties": {"id": 198711949, "name": "Unnamed Arterial", "highway": "primary_link", "ref": "", "oneway": "yes", "length_km": 0.018}, "geometry": {"type": "LineString", "coordinates": [[73.8255015, 18.5058269], [73.8254821, 18.5058754], [73.8254776, 18.5059034], [73.8254821, 18.5059364], [73.8254856, 18.5059537], [73.8255005, 18.5059803]]}}, {"type": "Feature", "id": 199252452, "properties": {"id": 199252452, "name": "Svatantryaveer Savarkar Flyover", "highway": "primary", "ref": "SH60", "oneway": "yes", "length_km": 0.137}, "geometry": {"type": "LineString", "coordinates": [[73.8274723, 18.506745], [73.8264464, 18.5062579], [73.8262996, 18.5061966]]}}, {"type": "Feature", "id": 199252453, "properties": {"id": 199252453, "name": "Paud Road", "highway": "primary", "ref": "SH60", "oneway": "yes", "length_km": 0.106}, "geometry": {"type": "LineString", "coordinates": [[73.8208627, 18.5100699], [73.820789, 18.510117], [73.8206316, 18.5102078], [73.82057, 18.5102394], [73.8204766, 18.5102873], [73.8202282, 18.5103863], [73.82001, 18.5104364], [73.8199426, 18.5104436]]}}, {"type": "Feature", "id": 199252454, "properties": {"id": 199252454, "name": "Paud Road", "highway": "primary", "ref": "SH60", "oneway": "yes", "length_km": 0.679}, "geometry": {"type": "LineString", "coordinates": [[73.8209269, 18.5101359], [73.8209852, 18.510085], [73.8210609, 18.5100188], [73.8211937, 18.5099027], [73.8212513, 18.5098481], [73.8214958, 18.5096161], [73.8215153, 18.5095958], [73.8216941, 18.5094089], [73.8218522, 18.5092436], [73.8219784, 18.5091019], [73.8221406, 18.5089198], [73.8224191, 18.5086072], [73.8228443, 18.5081191], [73.823126, 18.5077704], [73.8232132, 18.5076625], [73.8238044, 18.5069449], [73.82385, 18.5068943], [73.8239219, 18.5068145], [73.8241929, 18.5065138], [73.8243286, 18.5063784], [73.8245067, 18.5062416], [73.8246721, 18.5061344], [73.8248775, 18.506045], [73.8250982, 18.505985], [73.825141, 18.505981], [73.8252363, 18.5059771], [73.8253395, 18.5059733], [73.8254443, 18.5059744]]}}, {"type": "Feature", "id": 199252457, "properties": {"id": 199252457, "name": "Paud Road", "highway": "primary", "ref": "SH60", "oneway": "yes", "length_km": 0.797}, "geometry": {"type": "LineString", "coordinates": [[73.8146874, 18.5096221], [73.8145895, 18.5095959], [73.8144337, 18.5095652], [73.8141727, 18.5095138], [73.8138666, 18.5094675], [73.813652, 18.5094518], [73.8136349, 18.5094506], [73.8133425, 18.509426], [73.8125209, 18.5093847], [73.8123739, 18.509376], [73.8122645, 18.5093744], [73.8121853, 18.5093574], [73.8120584, 18.5093326], [73.8119342, 18.509304], [73.8117981, 18.5092618], [73.8116629, 18.5092062], [73.8115558, 18.5091539], [73.8114645, 18.5091067], [73.8113746, 18.5090523], [73.8113155, 18.5090069], [73.8108419, 18.5086228], [73.8107643, 18.5085631], [73.8106441, 18.50848], [73.8105408, 18.5084225], [73.8104221, 18.508362], [73.8103079, 18.5083137], [73.8101841, 18.5082715], [73.8101073, 18.5082494], [73.8100559, 18.5082377], [73.8099072, 18.5082098], [73.8093982, 18.5081499], [73.8092591, 18.5081264], [73.8091689, 18.5081093], [73.8091131, 18.5080904], [73.8089644, 18.508039], [73.8088369, 18.5079797], [73.8087286, 18.5079201], [73.8083986, 18.5076916], [73.8082742, 18.5076143], [73.8081268, 18.5075402], [73.8080241, 18.5074897], [73.8078914, 18.5074413], [73.8077689, 18.5074053], [73.8076731, 18.5073824]]}}, {"type": "Feature", "id": 199252458, "properties": {"id": 199252458, "name": "Paud Road", "highway": "primary", "ref": "SH60", "oneway": "yes", "length_km": 0.657}, "geometry": {"type": "LineString", "coordinates": [[73.7950431, 18.5078508], [73.7949284, 18.5078543], [73.794831, 18.5078638], [73.7946807, 18.5078809], [73.7945681, 18.5078937], [73.793065, 18.5080718], [73.7927685, 18.5081069], [73.7924456, 18.5081451], [73.7922558, 18.5081676], [73.7922352, 18.50817], [73.7920887, 18.5081874], [73.7919305, 18.508208], [73.7914555, 18.5082624], [73.7912495, 18.5082868], [73.7912333, 18.5082888], [73.7909203, 18.5083281], [73.7906684, 18.5083557], [73.7902958, 18.5083234], [73.7896726, 18.5081898], [73.7894973, 18.5081507], [73.7888812, 18.5079316]]}}, {"type": "Feature", "id": 199252459, "properties": {"id": 199252459, "name": "Paud Road", "highway": "primary", "ref": "SH60", "oneway": "yes", "length_km": 0.574}, "geometry": {"type": "LineString", "coordinates": [[73.7902787, 18.5084257], [73.7906702, 18.5084596], [73.7910351, 18.5084164], [73.7915652, 18.5083544], [73.791948, 18.5083082], [73.7920894, 18.5082915], [73.7924545, 18.5082485], [73.7930771, 18.5081752], [73.7934504, 18.5081313], [73.7937403, 18.5080972], [73.7944043, 18.5080175], [73.7945814, 18.5079962], [73.7946977, 18.507983], [73.794831, 18.5079661], [73.7949231, 18.5079574], [73.7957057, 18.5079364]]}}, {"type": "Feature", "id": 199252466, "properties": {"id": 199252466, "name": "SH60", "highway": "primary", "ref": "SH60", "oneway": "no", "length_km": 0.046}, "geometry": {"type": "LineString", "coordinates": [[73.8027698, 18.5068733], [73.8027496, 18.506891], [73.8027366, 18.506914], [73.8027319, 18.5069396], [73.8027362, 18.5069654], [73.802749, 18.5069885], [73.8027689, 18.5070064], [73.8027939, 18.5070174], [73.8028178, 18.5070203], [73.8028416, 18.5070168], [73.8028661, 18.5070051], [73.8028855, 18.5069866], [73.8028976, 18.5069632], [73.8029011, 18.5069373], [73.8028957, 18.5069118], [73.8028819, 18.5068892], [73.8028613, 18.506872]]}}, {"type": "Feature", "id": 199637794, "properties": {"id": 199637794, "name": "Dandekar Bridge", "highway": "primary", "ref": "", "oneway": "yes", "length_km": 0.069}, "geometry": {"type": "LineString", "coordinates": [[73.8454219, 18.5026953], [73.8455176, 18.5020843]]}}, {"type": "Feature", "id": 199637795, "properties": {"id": 199637795, "name": "Dandekar Bridge", "highway": "primary", "ref": "", "oneway": "yes", "length_km": 0.068}, "geometry": {"type": "LineString", "coordinates": [[73.8454237, 18.5020724], [73.8453685, 18.5024249], [73.8453472, 18.5025608], [73.8453282, 18.5026821]]}}, {"type": "Feature", "id": 199637801, "properties": {"id": 199637801, "name": "Lalbahadur Shashtri Marg", "highway": "primary", "ref": "", "oneway": "yes", "length_km": 0.11}, "geometry": {"type": "LineString", "coordinates": [[73.8455741, 18.5010918], [73.845551, 18.5011964], [73.8455279, 18.501355], [73.8454593, 18.5018274], [73.8454237, 18.5020724]]}}, {"type": "Feature", "id": 199637802, "properties": {"id": 199637802, "name": "Lalbahadur Shashtri Marg", "highway": "primary", "ref": "", "oneway": "yes", "length_km": 0.107}, "geometry": {"type": "LineString", "coordinates": [[73.8455176, 18.5020843], [73.8456212, 18.5013729], [73.8456423, 18.5012279], [73.8456542, 18.5011988], [73.8456603, 18.5011816], [73.8456647, 18.5011673], [73.8456759, 18.5011355]]}}, {"type": "Feature", "id": 199637805, "properties": {"id": 199637805, "name": "Lalbahadur Shashtri Marg", "highway": "primary", "ref": "", "oneway": "yes", "length_km": 0.024}, "geometry": {"type": "LineString", "coordinates": [[73.845434, 18.5029138], [73.8454179, 18.502832], [73.8454151, 18.5027805], [73.8454138, 18.5027565], [73.8454219, 18.5026953]]}}, {"type": "Feature", "id": 199637807, "properties": {"id": 199637807, "name": "Lalbahadur Shashtri Marg", "highway": "primary", "ref": "", "oneway": "yes", "length_km": 0.025}, "geometry": {"type": "LineString", "coordinates": [[73.8453282, 18.5026821], [73.8453161, 18.5027716], [73.8453136, 18.5027897], [73.8452914, 18.5029064]]}}, {"type": "Feature", "id": 199637809, "properties": {"id": 199637809, "name": "Lalbahadur Shashtri Marg", "highway": "primary", "ref": "", "oneway": "yes", "length_km": 0.486}, "geometry": {"type": "LineString", "coordinates": [[73.8448023, 18.5051285], [73.8447836, 18.5051981], [73.8447152, 18.505452], [73.8445894, 18.505937], [73.8445409, 18.5061213], [73.8444018, 18.5066492], [73.8443324, 18.5069124], [73.8442157, 18.5073504], [73.8441808, 18.5074814], [73.8441695, 18.5075245], [73.8439963, 18.5081881], [73.8439794, 18.5082528], [73.8439567, 18.5083192], [73.8439414, 18.508364], [73.8437515, 18.5088111], [73.8437042, 18.5089319], [73.8436083, 18.5092109], [73.8435704, 18.5093475]]}}, {"type": "Feature", "id": 199637812, "properties": {"id": 199637812, "name": "Sinhagad Road", "highway": "primary", "ref": "", "oneway": "yes", "length_km": 0.161}, "geometry": {"type": "LineString", "coordinates": [[73.8456647, 18.5011304], [73.8456194, 18.5011111], [73.8455741, 18.5010918], [73.8455139, 18.5010439], [73.8454815, 18.5010181], [73.8446652, 18.5003684], [73.8444762, 18.500218]]}}, {"type": "Feature", "id": 199637813, "properties": {"id": 199637813, "name": "Sinhagad Road", "highway": "primary", "ref": "", "oneway": "yes", "length_km": 0.277}, "geometry": {"type": "LineString", "coordinates": [[73.8435885, 18.4996634], [73.8445888, 18.5004448], [73.8446733, 18.5005108], [73.8452737, 18.5009798], [73.8454692, 18.5011325], [73.845551, 18.5011964], [73.8455967, 18.5012122], [73.8456423, 18.5012279]]}}, {"type": "Feature", "id": 199637814, "properties": {"id": 199637814, "name": "Sinhagad Road", "highway": "primary", "ref": "", "oneway": "yes", "length_km": 0.033}, "geometry": {"type": "LineString", "coordinates": [[73.8185424, 18.4675919], [73.8187482, 18.4678215]]}}, {"type": "Feature", "id": 199637815, "properties": {"id": 199637815, "name": "Sinhagad Road", "highway": "primary", "ref": "", "oneway": "yes", "length_km": 0.029}, "geometry": {"type": "LineString", "coordinates": [[73.8188938, 18.4677258], [73.818702, 18.467544]]}}, {"type": "Feature", "id": 199637816, "properties": {"id": 199637816, "name": "Sinhagad Road", "highway": "primary", "ref": "", "oneway": "yes", "length_km": 2.509}, "geometry": {"type": "LineString", "coordinates": [[73.8433231, 18.4993648], [73.8432446, 18.4993206], [73.8426671, 18.4990082], [73.8422274, 18.4987703], [73.842063, 18.4986664], [73.8405332, 18.4975595], [73.840159, 18.4972866], [73.8396969, 18.4969495], [73.8386787, 18.4961812], [73.8384635, 18.4960189], [73.8382488, 18.4958365], [73.8376575, 18.4953534], [73.8376011, 18.4953093], [73.8375084, 18.4952367], [73.8374276, 18.4951734], [73.8371943, 18.4949627], [73.8355985, 18.4934963], [73.8355381, 18.4934392], [73.8353922, 18.4933], [73.8353219, 18.4932329], [73.8352151, 18.4931297], [73.83513, 18.4930475], [73.8350482, 18.4929718], [73.8349571, 18.4928585], [73.8348574, 18.4927345], [73.8347931, 18.4926593], [73.834661, 18.4925048], [73.8343605, 18.4922172], [73.8341568, 18.4920222], [73.8337268, 18.4915755], [73.8331955, 18.4910236], [73.8329003, 18.4907169], [73.8327537, 18.4905646], [73.8325544, 18.4903576], [73.8323579, 18.4901535], [73.8322556, 18.4900532], [73.8322405, 18.4900426], [73.831834, 18.4897729], [73.831109, 18.4892999], [73.8308962, 18.489166], [73.8300233, 18.4886402], [73.8298054, 18.4884967], [73.8297267, 18.4884201], [73.8296923, 18.4883867], [73.8292065, 18.4877711], [73.8291299, 18.4876785], [73.8289368, 18.4873973], [73.8285073, 18.4865989], [73.8284413, 18.4864657], [73.8284024, 18.4863078], [73.8283159, 18.4859583], [73.8282885, 18.4857918], [73.8281819, 18.4852057], [73.8281111, 18.4848518], [73.8280234, 18.4844915], [73.8279664, 18.4842607], [73.8275949, 18.4832583]]}}, {"type": "Feature", "id": 199637817, "properties": {"id": 199637817, "name": "Sinhagad Road", "highway": "primary", "ref": "", "oneway": "yes", "length_km": 0.14}, "geometry": {"type": "LineString", "coordinates": [[73.818702, 18.467544], [73.8186372, 18.4674836], [73.8185551, 18.467409], [73.8178825, 18.4667754], [73.8178499, 18.4667475], [73.817749, 18.4666612]]}}, {"type": "Feature", "id": 199637818, "properties": {"id": 199637818, "name": "Sinhagad Road", "highway": "primary", "ref": "", "oneway": "yes", "length_km": 0.051}, "geometry": {"type": "LineString", "coordinates": [[73.8171278, 18.4663414], [73.8174969, 18.4666434]]}}, {"type": "Feature", "id": 199637821, "properties": {"id": 199637821, "name": "Barrister Nath Pai Chowk", "highway": "primary", "ref": "", "oneway": "no", "length_km": 0.062}, "geometry": {"type": "LineString", "coordinates": [[73.8454562, 18.5029566], [73.8454446, 18.5029311], [73.845434, 18.5029138], [73.8454205, 18.5029018], [73.8453979, 18.5028893], [73.8453727, 18.5028845], [73.8453429, 18.5028865], [73.8453107, 18.5028945], [73.8452914, 18.5029064], [73.845275, 18.5029374], [73.8452667, 18.5029831], [73.8452296, 18.5031907], [73.8452336, 18.5032281], [73.8452509, 18.5032546]]}}, {"type": "Feature", "id": 199637823, "properties": {"id": 199637823, "name": "Unnamed Arterial", "highway": "primary", "ref": "", "oneway": "no", "length_km": 0.016}, "geometry": {"type": "LineString", "coordinates": [[73.8209507, 18.4717253], [73.821092, 18.4716668]]}}, {"type": "Feature", "id": 206492415, "properties": {"id": 206492415, "name": "Karve Road", "highway": "primary", "ref": "SH59", "oneway": "yes", "length_km": 0.069}, "geometry": {"type": "LineString", "coordinates": [[73.8047798, 18.4802827], [73.8047995, 18.480284], [73.8052775, 18.4803164], [73.8054349, 18.4803318]]}}, {"type": "Feature", "id": 206492416, "properties": {"id": 206492416, "name": "Karve Road", "highway": "primary", "ref": "SH59", "oneway": "yes", "length_km": 0.6}, "geometry": {"type": "LineString", "coordinates": [[73.8099001, 18.483736], [73.8098563, 18.4836888], [73.8097493, 18.4835537], [73.8097194, 18.4835202], [73.8095648, 18.4833759], [73.8093828, 18.4832122], [73.8091396, 18.4830252], [73.808815, 18.4827892], [73.8087826, 18.4827656], [73.8078779, 18.4820879], [73.8078408, 18.4820601], [73.8071232, 18.4815281], [73.8071072, 18.4815162], [73.806927, 18.4813807], [73.8066188, 18.4811209], [73.8063626, 18.4809049], [73.8062384, 18.4808002], [73.8060803, 18.4806519], [73.8059068, 18.48046], [73.8058427, 18.4804013], [73.8058099, 18.4803713], [73.8056858, 18.480302], [73.8055981, 18.4802683], [73.80556, 18.4802536]]}}, {"type": "Feature", "id": 206492417, "properties": {"id": 206492417, "name": "Karve Road", "highway": "primary", "ref": "", "oneway": "yes", "length_km": 0.574}, "geometry": {"type": "LineString", "coordinates": [[73.8151001, 18.4910662], [73.8151412, 18.4916363], [73.815149, 18.4918444], [73.8151713, 18.4924401], [73.8151705, 18.4925791], [73.815148, 18.4927772], [73.8151233, 18.4929304], [73.8150817, 18.4930573], [73.8150169, 18.4931378], [73.8146819, 18.4933175], [73.8139531, 18.4936806], [73.8138729, 18.4937205], [73.8136939, 18.4938396], [73.8135627, 18.4939429], [73.8133674, 18.494143], [73.8132144, 18.494359], [73.8131781, 18.4945468], [73.8131718, 18.4948008], [73.8132053, 18.4950357], [73.8132615, 18.49529]]}}, {"type": "Feature", "id": 206538198, "properties": {"id": 206538198, "name": "Weikfield Circle", "highway": "primary", "ref": "", "oneway": "yes", "length_km": 0.055}, "geometry": {"type": "LineString", "coordinates": [[73.9037852, 18.5786411], [73.9037939, 18.5786543], [73.9038052, 18.5786657], [73.9038187, 18.5786748], [73.9038337, 18.5786812], [73.9038498, 18.5786847], [73.9038664, 18.5786851], [73.9038826, 18.5786825], [73.903898, 18.578677], [73.903912, 18.5786686], [73.9039241, 18.5786578], [73.9039336, 18.5786452], [73.9039403, 18.5786309], [73.903944, 18.5786156], [73.9039445, 18.5786001], [73.9039417, 18.5785846], [73.9039359, 18.57857], [73.903927, 18.5785567], [73.9039158, 18.5785454], [73.9039023, 18.5785363], [73.9038873, 18.5785299], [73.9038711, 18.5785264], [73.9038547, 18.578526], [73.9038384, 18.5785286], [73.903823, 18.5785341], [73.903809, 18.5785424], [73.903797, 18.5785532], [73.9037875, 18.5785659], [73.9037807, 18.5785802], [73.903777, 18.5785955], [73.9037765, 18.578611], [73.9037793, 18.5786265], [73.9037852, 18.5786411]]}}, {"type": "Feature", "id": 206994679, "properties": {"id": 206994679, "name": "Bund Garden Road", "highway": "trunk", "ref": "NH753F", "oneway": "yes", "length_km": 0.408}, "geometry": {"type": "LineString", "coordinates": [[73.8768113, 18.5319499], [73.8771147, 18.5322228], [73.877741, 18.5327627], [73.877997, 18.5329833], [73.8783718, 18.5333064], [73.8785617, 18.5334709], [73.8787226, 18.5336043], [73.878822, 18.5336882], [73.8788959, 18.5337541], [73.87897, 18.5338526], [73.8790245, 18.5339291], [73.8790652, 18.5339862], [73.8792991, 18.5343326], [73.8794574, 18.5345671], [73.8794755, 18.5345946]]}}, {"type": "Feature", "id": 206994684, "properties": {"id": 206994684, "name": "Mangaldas Road", "highway": "primary", "ref": "", "oneway": "yes", "length_km": 0.739}, "geometry": {"type": "LineString", "coordinates": [[73.8854517, 18.5379929], [73.8853428, 18.53786], [73.8845356, 18.536642], [73.884254, 18.5363284], [73.8838134, 18.5359514], [73.8837698, 18.5359141], [73.8834685, 18.5357176], [73.8834173, 18.5356883], [73.8830158, 18.5354705], [73.8829479, 18.5354391], [73.8826886, 18.5353193], [73.8825099, 18.5352367], [73.8822753, 18.5351497], [73.8822023, 18.5351226], [73.8821763, 18.535113], [73.8820586, 18.5350693], [73.8816015, 18.5349622], [73.8815873, 18.5349589], [73.8815265, 18.5349514], [73.8809537, 18.5348811], [73.8808815, 18.5348724], [73.880479, 18.5348237], [73.8797711, 18.5347558]]}}, {"type": "Feature", "id": 206994685, "properties": {"id": 206994685, "name": "Old Pune\u2013Mumbai Highway", "highway": "trunk", "ref": "NH60;65", "oneway": "yes", "length_km": 0.062}, "geometry": {"type": "LineString", "coordinates": [[73.8530058, 18.5295113], [73.8530661, 18.5295394], [73.853391, 18.529732], [73.8534561, 18.5297828], [73.853494, 18.5298152]]}}, {"type": "Feature", "id": 206994687, "properties": {"id": 206994687, "name": "Old Pune\u2013Mumbai Highway", "highway": "trunk", "ref": "NH60;65", "oneway": "yes", "length_km": 0.034}, "geometry": {"type": "LineString", "coordinates": [[73.8547819, 18.5302834], [73.855012, 18.5302978], [73.8551033, 18.5302656]]}}, {"type": "Feature", "id": 206994688, "properties": {"id": 206994688, "name": "New Sangam Bridge", "highway": "trunk", "ref": "NH753F", "oneway": "yes", "length_km": 0.21}, "geometry": {"type": "LineString", "coordinates": [[73.8617018, 18.52963], [73.8596991, 18.5296667]]}}, {"type": "Feature", "id": 206994689, "properties": {"id": 206994689, "name": "New Sangam Bridge", "highway": "trunk", "ref": "NH753F", "oneway": "yes", "length_km": 0.21}, "geometry": {"type": "LineString", "coordinates": [[73.8597049, 18.5297506], [73.8617042, 18.5297166]]}}, {"type": "Feature", "id": 206994695, "properties": {"id": 206994695, "name": "Raja Bahadur Mill Marg", "highway": "trunk", "ref": "NH753F", "oneway": "yes", "length_km": 0.07}, "geometry": {"type": "LineString", "coordinates": [[73.8617042, 18.5297166], [73.8619138, 18.5297355], [73.8623685, 18.5297766]]}}, {"type": "Feature", "id": 206994696, "properties": {"id": 206994696, "name": "NH753F", "highway": "trunk", "ref": "NH753F", "oneway": "yes", "length_km": 0.026}, "geometry": {"type": "LineString", "coordinates": [[73.8594626, 18.5297337], [73.8595338, 18.5297412], [73.8597049, 18.5297506]]}}, {"type": "Feature", "id": 206994701, "properties": {"id": 206994701, "name": "NH753F", "highway": "trunk", "ref": "NH753F", "oneway": "yes", "length_km": 0.027}, "geometry": {"type": "LineString", "coordinates": [[73.8594626, 18.5297337], [73.8595304, 18.5297711], [73.8596226, 18.5298095], [73.8597002, 18.529834]]}}, {"type": "Feature", "id": 207164102, "properties": {"id": 207164102, "name": "Babasaheb Ambedkar Bridge", "highway": "trunk", "ref": "NH753F", "oneway": "yes", "length_km": 0.37}, "geometry": {"type": "LineString", "coordinates": [[73.8840574, 18.541454], [73.8833053, 18.5447096]]}}, {"type": "Feature", "id": 207164104, "properties": {"id": 207164104, "name": "Tarkeswar Bridge", "highway": "trunk", "ref": "NH753F", "oneway": "yes", "length_km": 0.277}, "geometry": {"type": "LineString", "coordinates": [[73.8847262, 18.5445351], [73.8852788, 18.5420988]]}}, {"type": "Feature", "id": 207164105, "properties": {"id": 207164105, "name": "Bund Garden Bridge", "highway": "trunk", "ref": "", "oneway": "yes", "length_km": 0.059}, "geometry": {"type": "LineString", "coordinates": [[73.8843047, 18.5451618], [73.884438, 18.5450684], [73.8845346, 18.5449853], [73.8846775, 18.5447753]]}}, {"type": "Feature", "id": 207164106, "properties": {"id": 207164106, "name": "Bund Garden Road", "highway": "trunk", "ref": "NH753F", "oneway": "yes", "length_km": 0.031}, "geometry": {"type": "LineString", "coordinates": [[73.8852788, 18.5420988], [73.885288, 18.5420538], [73.8853083, 18.5419551], [73.8853839, 18.5418409]]}}, {"type": "Feature", "id": 207164107, "properties": {"id": 207164107, "name": "NH753F", "highway": "trunk", "ref": "NH753F", "oneway": "yes", "length_km": 0.009}, "geometry": {"type": "LineString", "coordinates": [[73.8833053, 18.5447096], [73.8832866, 18.5447898]]}}, {"type": "Feature", "id": 207872392, "properties": {"id": 207872392, "name": "Gopal Krushna Gokhale Path", "highway": "primary", "ref": "SH60", "oneway": "yes", "length_km": 0.01}, "geometry": {"type": "LineString", "coordinates": [[73.8423542, 18.5144652], [73.8423273, 18.5145486]]}}, {"type": "Feature", "id": 207872394, "properties": {"id": 207872394, "name": "Jangli Maharaj Path", "highway": "primary", "ref": "SH60", "oneway": "yes", "length_km": 0.09}, "geometry": {"type": "LineString", "coordinates": [[73.842195, 18.5154916], [73.842198, 18.5154498], [73.8421996, 18.5154274], [73.842331, 18.5149415], [73.8423882, 18.5147303], [73.8423955, 18.5147031]]}}, {"type": "Feature", "id": 207872397, "properties": {"id": 207872397, "name": "Karve Road", "highway": "primary", "ref": "SH60", "oneway": "yes", "length_km": 0.089}, "geometry": {"type": "LineString", "coordinates": [[73.8421877, 18.5143298], [73.8420705, 18.5142216], [73.8416486, 18.5138321], [73.8415826, 18.5137712]]}}, {"type": "Feature", "id": 207872398, "properties": {"id": 207872398, "name": "Karve Road", "highway": "primary_link", "ref": "", "oneway": "yes", "length_km": 0.041}, "geometry": {"type": "LineString", "coordinates": [[73.8421049, 18.5144052], [73.8421788, 18.5145016], [73.8421909, 18.514522], [73.8422366, 18.5145987], [73.8422725, 18.5146698], [73.842282, 18.5146947], [73.8422946, 18.5147275]]}}, {"type": "Feature", "id": 207872405, "properties": {"id": 207872405, "name": "Sambhaji Bridge", "highway": "primary", "ref": "", "oneway": "yes", "length_km": 0.162}, "geometry": {"type": "LineString", "coordinates": [[73.8434984, 18.5129534], [73.8433187, 18.5131784], [73.8425702, 18.5141157]]}}, {"type": "Feature", "id": 207872406, "properties": {"id": 207872406, "name": "Sambhaji Bridge", "highway": "primary", "ref": "", "oneway": "yes", "length_km": 0.036}, "geometry": {"type": "LineString", "coordinates": [[73.8437398, 18.5127202], [73.8436903, 18.512779], [73.8436559, 18.5128146], [73.8435797, 18.512879], [73.8434984, 18.5129534]]}}, {"type": "Feature", "id": 207872407, "properties": {"id": 207872407, "name": "Sambhaji Bridge", "highway": "primary", "ref": "", "oneway": "yes", "length_km": 0.021}, "geometry": {"type": "LineString", "coordinates": [[73.8425702, 18.5141157], [73.8424559, 18.5142662]]}}, {"type": "Feature", "id": 207872408, "properties": {"id": 207872408, "name": "Sambhaji Bridge", "highway": "primary_link", "ref": "", "oneway": "yes", "length_km": 0.03}, "geometry": {"type": "LineString", "coordinates": [[73.8424559, 18.5142662], [73.8423773, 18.5143032], [73.8423421, 18.5143197], [73.8423027, 18.514336], [73.8422646, 18.5143419], [73.8422454, 18.5143449], [73.8421877, 18.5143298]]}}, {"type": "Feature", "id": 207872409, "properties": {"id": 207872409, "name": "Lalbahadur Shashtri Marg", "highway": "primary", "ref": "", "oneway": "yes", "length_km": 0.193}, "geometry": {"type": "LineString", "coordinates": [[73.8438536, 18.5128013], [73.8439059, 18.5126926], [73.8439041, 18.5126481], [73.8438925, 18.5123643], [73.8438919, 18.5123493], [73.8438559, 18.5122071], [73.8438235, 18.5121486], [73.843809, 18.5121216], [73.8438038, 18.5121131], [73.8437612, 18.5120436], [73.8436814, 18.5119244], [73.8435756, 18.5117839], [73.8434914, 18.5116917], [73.84341, 18.5115996], [73.843336, 18.5115101], [73.8432912, 18.5114346], [73.843265, 18.5113482], [73.8432633, 18.5113271], [73.8432571, 18.5112473]]}}, {"type": "Feature", "id": 208004479, "properties": {"id": 208004479, "name": "Holkar Bridge", "highway": "primary", "ref": "", "oneway": "yes", "length_km": 1.085}, "geometry": {"type": "LineString", "coordinates": [[73.8597213, 18.5565175], [73.8595037, 18.5566103], [73.8590918, 18.5568175], [73.8586069, 18.5570249], [73.8576223, 18.557392], [73.8561217, 18.5579437], [73.8553273, 18.5582456], [73.8545387, 18.5585501], [73.8544109, 18.5586112], [73.8542794, 18.5586962], [73.8541845, 18.5587836], [73.8540474, 18.5589305], [73.8540029, 18.5590195], [73.8536831, 18.5596815], [73.8536394, 18.5597715], [73.853195, 18.5606712], [73.8527142, 18.561657], [73.8524544, 18.5622167], [73.8523558, 18.5624431]]}}, {"type": "Feature", "id": 208004481, "properties": {"id": 208004481, "name": "Unnamed Arterial", "highway": "primary", "ref": "", "oneway": "yes", "length_km": 0.103}, "geometry": {"type": "LineString", "coordinates": [[73.8608566, 18.5562087], [73.8610867, 18.5560464], [73.8611751, 18.5559692], [73.8612805, 18.5558768], [73.8614451, 18.5557177], [73.8615657, 18.5555687]]}}, {"type": "Feature", "id": 208004483, "properties": {"id": 208004483, "name": "Unnamed Arterial", "highway": "primary", "ref": "", "oneway": "yes", "length_km": 0.256}, "geometry": {"type": "LineString", "coordinates": [[73.8586137, 18.5571025], [73.8590314, 18.556939], [73.859162, 18.5568805], [73.8596803, 18.5566244], [73.8599444, 18.5565442], [73.8606574, 18.5562993], [73.8608566, 18.5562087]]}}, {"type": "Feature", "id": 208004485, "properties": {"id": 208004485, "name": "Holkar Bridge", "highway": "primary", "ref": "", "oneway": "yes", "length_km": 0.099}, "geometry": {"type": "LineString", "coordinates": [[73.861651, 18.5554464], [73.8620773, 18.5549795], [73.8622791, 18.5547862]]}}, {"type": "Feature", "id": 208004768, "properties": {"id": 208004768, "name": "Sangamwadi Bridge", "highway": "primary", "ref": "", "oneway": "yes", "length_km": 0.366}, "geometry": {"type": "LineString", "coordinates": [[73.8540177, 18.5322077], [73.8541451, 18.5322687], [73.854247, 18.5323056], [73.8543972, 18.5323335], [73.8550074, 18.5324378], [73.8574144, 18.532902]]}}, {"type": "Feature", "id": 208004773, "properties": {"id": 208004773, "name": "Old Pune\u2013Mumbai Highway", "highway": "trunk", "ref": "NH60;NH65", "oneway": "yes", "length_km": 0.733}, "geometry": {"type": "LineString", "coordinates": [[73.8511605, 18.5490768], [73.8512645, 18.5489063], [73.8514207, 18.5485619], [73.8517215, 18.5476736], [73.8517706, 18.547536], [73.8518256, 18.5472336], [73.8518386, 18.5471356], [73.8518454, 18.5470839], [73.8518773, 18.5467136], [73.851887, 18.546515], [73.851772, 18.5447537], [73.8517597, 18.5443005], [73.8517576, 18.5442461], [73.8517411, 18.5440322], [73.8516582, 18.5429567], [73.8516224, 18.542596]]}}, {"type": "Feature", "id": 208049746, "properties": {"id": 208049746, "name": "Ganeshkhind Road", "highway": "primary", "ref": "", "oneway": "yes", "length_km": 0.313}, "geometry": {"type": "LineString", "coordinates": [[73.8330541, 18.5390896], [73.8327481, 18.5393033], [73.8325174, 18.5394592], [73.832437, 18.539517], [73.832298, 18.5396165], [73.8314403, 18.5401866], [73.830632, 18.5407308]]}}, {"type": "Feature", "id": 208056825, "properties": {"id": 208056825, "name": "Don Bosco Road", "highway": "trunk_link", "ref": "", "oneway": "yes", "length_km": 0.029}, "geometry": {"type": "LineString", "coordinates": [[73.8960634, 18.5520977], [73.8960832, 18.5521521], [73.8960832, 18.5522186], [73.8960607, 18.5522674], [73.8959942, 18.5523163]]}}, {"type": "Feature", "id": 208089916, "properties": {"id": 208089916, "name": "Tanaji Malusare Path", "highway": "primary", "ref": "", "oneway": "yes", "length_km": 0.209}, "geometry": {"type": "LineString", "coordinates": [[73.8538981, 18.4996771], [73.8538182, 18.4996444], [73.8537165, 18.4996074], [73.8534508, 18.4995218], [73.8522511, 18.4991353], [73.8521093, 18.4990942], [73.8520661, 18.4990838], [73.8520094, 18.4990728]]}}, {"type": "Feature", "id": 208089925, "properties": {"id": 208089925, "name": "Chimaji Appa Peshwe Path", "highway": "trunk", "ref": "NH60;NH65", "oneway": "yes", "length_km": 0.13}, "geometry": {"type": "LineString", "coordinates": [[73.8538229, 18.5026015], [73.8537652, 18.5031046], [73.8537455, 18.5032899], [73.853689, 18.5037682]]}}, {"type": "Feature", "id": 208089944, "properties": {"id": 208089944, "name": "Chimaji Appa Peshwe Path", "highway": "trunk", "ref": "NH60;NH65", "oneway": "yes", "length_km": 0.04}, "geometry": {"type": "LineString", "coordinates": [[73.853689, 18.5037682], [73.8537257, 18.5038932], [73.8537065, 18.5041235]]}}, {"type": "Feature", "id": 208089946, "properties": {"id": 208089946, "name": "Chimaji Appa Peshwe Path", "highway": "trunk", "ref": "NH60;NH65", "oneway": "yes", "length_km": 0.05}, "geometry": {"type": "LineString", "coordinates": [[73.8536161, 18.504011], [73.8535959, 18.5042516], [73.8535877, 18.504333], [73.8536228, 18.5044604]]}}, {"type": "Feature", "id": 208089948, "properties": {"id": 208089948, "name": "Balaji Vishwanath Path", "highway": "trunk", "ref": "NH60;NH65", "oneway": "yes", "length_km": 0.103}, "geometry": {"type": "LineString", "coordinates": [[73.8539688, 18.5016894], [73.8539439, 18.5017975], [73.8539185, 18.5019545], [73.8538919, 18.5022214], [73.8538641, 18.5025304], [73.8538229, 18.5026015]]}}, {"type": "Feature", "id": 208089950, "properties": {"id": 208089950, "name": "Chimaji Appa Peshwe Path", "highway": "primary", "ref": "", "oneway": "yes", "length_km": 0.168}, "geometry": {"type": "LineString", "coordinates": [[73.8537765, 18.4997341], [73.853821, 18.4997934], [73.8538263, 18.4998204], [73.8538963, 18.5001755], [73.8539029, 18.5002576], [73.8539144, 18.50044], [73.8539125, 18.5005626], [73.8539117, 18.5005904], [73.8539031, 18.5008791], [73.8539006, 18.5009637], [73.8538841, 18.5012289]]}}, {"type": "Feature", "id": 208099366, "properties": {"id": 208099366, "name": "Bankimchandra Chatopadhyay Path Underpass", "highway": "primary", "ref": "", "oneway": "yes", "length_km": 0.053}, "geometry": {"type": "LineString", "coordinates": [[73.8527065, 18.5293732], [73.853193, 18.5292352]]}}, {"type": "Feature", "id": 208099367, "properties": {"id": 208099367, "name": "Old Pune\u2013Mumbai Highway", "highway": "trunk_link", "ref": "", "oneway": "yes", "length_km": 0.417}, "geometry": {"type": "LineString", "coordinates": [[73.8523748, 18.5335314], [73.8524113, 18.5335053], [73.8525438, 18.5334106], [73.8528965, 18.5328892], [73.8529203, 18.5328593], [73.8530722, 18.532668], [73.85326, 18.5324429], [73.8535847, 18.532124], [73.8537192, 18.5319904], [73.8537555, 18.5319546], [73.8539003, 18.5318127], [73.8541353, 18.5315825], [73.8546065, 18.5311209], [73.8549176, 18.5308153], [73.8549367, 18.5307037]]}}, {"type": "Feature", "id": 208242474, "properties": {"id": 208242474, "name": "Old Pune\u2013Mumbai Highway", "highway": "trunk", "ref": "NH60;NH65", "oneway": "yes", "length_km": 0.023}, "geometry": {"type": "LineString", "coordinates": [[73.851024, 18.5490935], [73.8509341, 18.5492794]]}}, {"type": "Feature", "id": 208249901, "properties": {"id": 208249901, "name": "Ganeshkhind Road", "highway": "primary", "ref": "", "oneway": "yes", "length_km": 0.032}, "geometry": {"type": "LineString", "coordinates": [[73.830632, 18.5407308], [73.8304874, 18.5408277], [73.8303796, 18.5408999]]}}, {"type": "Feature", "id": 208249905, "properties": {"id": 208249905, "name": "University Road", "highway": "primary", "ref": "", "oneway": "yes", "length_km": 0.137}, "geometry": {"type": "LineString", "coordinates": [[73.814936, 18.5602356], [73.8149177, 18.5602597], [73.8148627, 18.560329], [73.8148572, 18.5603359], [73.8147655, 18.5604514], [73.8141678, 18.5612277]]}}, {"type": "Feature", "id": 208249906, "properties": {"id": 208249906, "name": "University Road", "highway": "primary", "ref": "", "oneway": "yes", "length_km": 0.057}, "geometry": {"type": "LineString", "coordinates": [[73.8139615, 18.5617214], [73.8140249, 18.5616177], [73.8142086, 18.5613316], [73.8142394, 18.5612836]]}}, {"type": "Feature", "id": 208249907, "properties": {"id": 208249907, "name": "University Road", "highway": "primary", "ref": "", "oneway": "yes", "length_km": 1.955}, "geometry": {"type": "LineString", "coordinates": [[73.825547, 18.5457679], [73.824724, 18.5469038], [73.8237509, 18.5482537], [73.8234708, 18.5486422], [73.8215112, 18.5513606], [73.821162, 18.5518201], [73.8205362, 18.5526838], [73.8195596, 18.5540317], [73.8193987, 18.5542538], [73.8191906, 18.554541], [73.8190533, 18.5547307], [73.8185473, 18.5554349], [73.8180465, 18.5561466], [73.817952, 18.5562718], [73.8173939, 18.5570236], [73.8168321, 18.5577556], [73.8168021, 18.5577946], [73.8164172, 18.5583119], [73.8160237, 18.5588408], [73.8157043, 18.5592701], [73.8152579, 18.5598505], [73.8151215, 18.5600278], [73.814936, 18.5602356]]}}, {"type": "Feature", "id": 208249910, "properties": {"id": 208249910, "name": "Unnamed Arterial", "highway": "primary_link", "ref": "", "oneway": "yes", "length_km": 0.037}, "geometry": {"type": "LineString", "coordinates": [[73.8279662, 18.5423097], [73.8280846, 18.5423104], [73.8281292, 18.5423199], [73.8281673, 18.5423392], [73.8281813, 18.5423702], [73.8281794, 18.5424004], [73.8281602, 18.5424711]]}}, {"type": "Feature", "id": 208249911, "properties": {"id": 208249911, "name": "Unnamed Arterial", "highway": "primary_link", "ref": "", "oneway": "no", "length_km": 0.026}, "geometry": {"type": "LineString", "coordinates": [[73.8201367, 18.5106415], [73.8200546, 18.5105085], [73.82001, 18.5104364]]}}, {"type": "Feature", "id": 210343959, "properties": {"id": 210343959, "name": "Gopal Hari Deshmukh Marg", "highway": "primary", "ref": "", "oneway": "yes", "length_km": 1.347}, "geometry": {"type": "LineString", "coordinates": [[73.8095225, 18.5499886], [73.8094426, 18.5500119], [73.8093524, 18.5500359], [73.8088051, 18.5501129], [73.8077609, 18.5502889], [73.8070591, 18.5504118], [73.8066621, 18.5504681], [73.8060406, 18.5505861], [73.8058773, 18.550624], [73.8054185, 18.5507884], [73.8051319, 18.5509309], [73.8049718, 18.5510326], [73.8049268, 18.5510648], [73.8044865, 18.5514033], [73.8043869, 18.5514789], [73.8043078, 18.5515389], [73.804176, 18.5516565], [73.8041476, 18.5516845], [73.8040901, 18.551741], [73.8040634, 18.5517657], [73.8037096, 18.5521568], [73.8035254, 18.552346], [73.8033676, 18.5525084], [73.803047, 18.5527747], [73.8029271, 18.552876], [73.8028486, 18.5529521], [73.8027757, 18.5530312], [73.80271, 18.5531101], [73.8026666, 18.5531661], [73.8026084, 18.553241], [73.8024655, 18.5534431], [73.8024455, 18.5534688], [73.8023675, 18.553569], [73.8022513, 18.5537073], [73.8022247, 18.553739], [73.8020278, 18.5539317], [73.8020129, 18.5539463], [73.8018713, 18.5540542], [73.8012382, 18.5544822], [73.8012019, 18.5545031], [73.8011384, 18.5545354], [73.8010489, 18.5545699], [73.8005057, 18.5547495], [73.8003936, 18.554794], [73.8002999, 18.5548314], [73.8001499, 18.5548914], [73.7999287, 18.5549798], [73.7998231, 18.5550077], [73.799768, 18.5550149], [73.7996913, 18.5550249], [73.7995775, 18.5550241], [73.7994079, 18.5550028], [73.7990644, 18.554948], [73.7989016, 18.554922], [73.7988464, 18.5549132], [73.7987117, 18.5548917], [73.7986858, 18.5548876], [73.7985609, 18.554884], [73.7985003, 18.5548823]]}}, {"type": "Feature", "id": 210757924, "properties": {"id": 210757924, "name": "Harris Bridge", "highway": "trunk", "ref": "NH60;NH65", "oneway": "yes", "length_km": 0.259}, "geometry": {"type": "LineString", "coordinates": [[73.8363157, 18.5742928], [73.8354883, 18.5764888]]}}, {"type": "Feature", "id": 210757925, "properties": {"id": 210757925, "name": "Old Pune\u2013Mumbai Highway", "highway": "trunk", "ref": "NH60;NH65", "oneway": "yes", "length_km": 0.052}, "geometry": {"type": "LineString", "coordinates": [[73.837388, 18.571401], [73.8372423, 18.5717964], [73.8372255, 18.571842]]}}, {"type": "Feature", "id": 210757931, "properties": {"id": 210757931, "name": "Old Pune\u2013Mumbai Highway", "highway": "trunk", "ref": "NH60;NH65", "oneway": "yes", "length_km": 0.914}, "geometry": {"type": "LineString", "coordinates": [[73.8505742, 18.5501548], [73.8505368, 18.5502456], [73.8504216, 18.5505258], [73.8502131, 18.5508885], [73.8496853, 18.5517415], [73.8496497, 18.5518007], [73.8495582, 18.5519386], [73.8490965, 18.5527018], [73.8471155, 18.5563994], [73.8468856, 18.5568276], [73.8467167, 18.5571164], [73.8466556, 18.5572357], [73.8465645, 18.5573859], [73.8465231, 18.5574397]]}}, {"type": "Feature", "id": 210757935, "properties": {"id": 210757935, "name": "Old Pune\u2013Mumbai Highway", "highway": "trunk", "ref": "NH60;NH65", "oneway": "yes", "length_km": 0.724}, "geometry": {"type": "LineString", "coordinates": [[73.8464611, 18.5576296], [73.8465541, 18.5575234], [73.8465912, 18.5574789], [73.8467422, 18.5572963], [73.8469662, 18.5569136], [73.8471569, 18.556549], [73.8472414, 18.5563956], [73.8478185, 18.5552871], [73.8479337, 18.5550673], [73.8483437, 18.5542854], [73.8491716, 18.5527402], [73.8496316, 18.5519798], [73.8497003, 18.5518788]]}}, {"type": "Feature", "id": 210757941, "properties": {"id": 210757941, "name": "Old Pune\u2013Mumbai Highway", "highway": "trunk", "ref": "NH60;NH65", "oneway": "yes", "length_km": 0.132}, "geometry": {"type": "LineString", "coordinates": [[73.8283636, 18.5973725], [73.8288616, 18.5962841]]}}, {"type": "Feature", "id": 210757947, "properties": {"id": 210757947, "name": "Old Pune\u2013Mumbai Highway", "highway": "trunk", "ref": "NH60;NH65", "oneway": "yes", "length_km": 0.815}, "geometry": {"type": "LineString", "coordinates": [[73.8465231, 18.5574397], [73.846395, 18.5575821], [73.846288, 18.5577012], [73.8462256, 18.5577665], [73.8461925, 18.5578011], [73.8439348, 18.5595164], [73.8436281, 18.5597945], [73.8434109, 18.5600729], [73.843004, 18.5607163], [73.8427103, 18.5611946], [73.8425238, 18.5614779], [73.8423737, 18.5616991], [73.842266, 18.5618576], [73.8420499, 18.5621584], [73.841894, 18.5623919], [73.8415044, 18.5629281]]}}, {"type": "Feature", "id": 210757952, "properties": {"id": 210757952, "name": "Old Pune\u2013Mumbai Highway", "highway": "trunk", "ref": "NH60;NH65", "oneway": "yes", "length_km": 0.618}, "geometry": {"type": "LineString", "coordinates": [[73.8425876, 18.5617151], [73.8427196, 18.5615056], [73.8430369, 18.5609724], [73.8431712, 18.560765], [73.8434981, 18.5601734], [73.8435665, 18.5600819], [73.8437516, 18.5598555], [73.8439986, 18.5596348], [73.8458402, 18.5581762], [73.8462519, 18.5578593], [73.846291, 18.5578184], [73.8463525, 18.5577542], [73.8464611, 18.5576296]]}}, {"type": "Feature", "id": 210757957, "properties": {"id": 210757957, "name": "Old Pune\u2013Mumbai Highway", "highway": "trunk", "ref": "NH60;NH65", "oneway": "yes", "length_km": 0.021}, "geometry": {"type": "LineString", "coordinates": [[73.8354883, 18.5764888], [73.835432, 18.5766678]]}}, {"type": "Feature", "id": 210757961, "properties": {"id": 210757961, "name": "Old Pune\u2013Mumbai Highway", "highway": "trunk", "ref": "NH60;NH65", "oneway": "yes", "length_km": 0.288}, "geometry": {"type": "LineString", "coordinates": [[73.8372255, 18.571842], [73.8372152, 18.5718673], [73.8372083, 18.5718843], [73.8371937, 18.5719242], [73.8370746, 18.5722146], [73.8369149, 18.5725979], [73.8367557, 18.5730578], [73.8367245, 18.5731806], [73.8363157, 18.5742928]]}}, {"type": "Feature", "id": 210788735, "properties": {"id": 210788735, "name": "Old Pune\u2013Mumbai Highway", "highway": "primary", "ref": "", "oneway": "yes", "length_km": 0.346}, "geometry": {"type": "LineString", "coordinates": [[73.8352583, 18.5771421], [73.8352154, 18.5773205], [73.835147, 18.5775595], [73.8350894, 18.5777578], [73.8350303, 18.5780133], [73.8347218, 18.579194], [73.8344828, 18.5801756]]}}, {"type": "Feature", "id": 210788741, "properties": {"id": 210788741, "name": "Old Pune\u2013Mumbai Highway", "highway": "trunk", "ref": "NH60;NH65", "oneway": "yes", "length_km": 0.091}, "geometry": {"type": "LineString", "coordinates": [[73.8328359, 18.587468], [73.8330754, 18.5866833]]}}, {"type": "Feature", "id": 210788749, "properties": {"id": 210788749, "name": "Old Pune\u2013Mumbai Highway", "highway": "trunk", "ref": "NH60;NH65", "oneway": "yes", "length_km": 0.159}, "geometry": {"type": "LineString", "coordinates": [[73.829438, 18.5947875], [73.8288381, 18.5960986]]}}, {"type": "Feature", "id": 210788753, "properties": {"id": 210788753, "name": "Old Pune\u2013Mumbai Highway", "highway": "trunk", "ref": "NH60;NH65", "oneway": "yes", "length_km": 0.008}, "geometry": {"type": "LineString", "coordinates": [[73.8320109, 18.5893766], [73.832043, 18.5893081]]}}, {"type": "Feature", "id": 210788759, "properties": {"id": 210788759, "name": "Old Pune\u2013Mumbai Highway", "highway": "trunk", "ref": "NH60;NH65", "oneway": "yes", "length_km": 0.009}, "geometry": {"type": "LineString", "coordinates": [[73.831922, 18.5892577], [73.8318894, 18.5893309]]}}, {"type": "Feature", "id": 210788763, "properties": {"id": 210788763, "name": "Old Pune\u2013Mumbai Highway", "highway": "trunk", "ref": "NH60;NH65", "oneway": "yes", "length_km": 0.131}, "geometry": {"type": "LineString", "coordinates": [[73.8287685, 18.5962507], [73.8282724, 18.597335]]}}, {"type": "Feature", "id": 210788767, "properties": {"id": 210788767, "name": "Old Pune\u2013Mumbai Highway", "highway": "trunk", "ref": "NH60;NH65", "oneway": "yes", "length_km": 0.018}, "geometry": {"type": "LineString", "coordinates": [[73.8288616, 18.5962841], [73.82893, 18.5961348]]}}, {"type": "Feature", "id": 210788770, "properties": {"id": 210788770, "name": "Old Pune\u2013Mumbai Highway", "highway": "trunk", "ref": "NH60;NH65", "oneway": "yes", "length_km": 0.158}, "geometry": {"type": "LineString", "coordinates": [[73.82893, 18.5961348], [73.8295294, 18.5948247]]}}, {"type": "Feature", "id": 210788777, "properties": {"id": 210788777, "name": "Old Pune\u2013Mumbai Highway", "highway": "trunk", "ref": "NH60;NH65", "oneway": "yes", "length_km": 0.018}, "geometry": {"type": "LineString", "coordinates": [[73.8288381, 18.5960986], [73.8287685, 18.5962507]]}}, {"type": "Feature", "id": 210788781, "properties": {"id": 210788781, "name": "Old Pune\u2013Mumbai Highway", "highway": "trunk", "ref": "NH60;NH65", "oneway": "yes", "length_km": 0.157}, "geometry": {"type": "LineString", "coordinates": [[73.8314151, 18.5906781], [73.8315009, 18.5904909], [73.8319124, 18.5895924], [73.8320109, 18.5893766]]}}, {"type": "Feature", "id": 210788785, "properties": {"id": 210788785, "name": "Old Pune\u2013Mumbai Highway", "highway": "trunk", "ref": "NH60;NH65", "oneway": "yes", "length_km": 0.157}, "geometry": {"type": "LineString", "coordinates": [[73.8318894, 18.5893309], [73.8317807, 18.5895685], [73.8313264, 18.5906388]]}}, {"type": "Feature", "id": 210788790, "properties": {"id": 210788790, "name": "NH60;NH65", "highway": "trunk", "ref": "NH60;NH65", "oneway": "yes", "length_km": 0.289}, "geometry": {"type": "LineString", "coordinates": [[73.8237962, 18.6050645], [73.8223737, 18.6067686], [73.8223293, 18.6068218], [73.822087, 18.6071076]]}}, {"type": "Feature", "id": 210788793, "properties": {"id": 210788793, "name": "NH60;NH65", "highway": "trunk", "ref": "NH60;NH65", "oneway": "yes", "length_km": 0.257}, "geometry": {"type": "LineString", "coordinates": [[73.8224317, 18.606945], [73.8227093, 18.6066255], [73.8229517, 18.6063485], [73.8234289, 18.6058031], [73.8238836, 18.6052509], [73.823977, 18.6051465]]}}, {"type": "Feature", "id": 210788797, "properties": {"id": 210788797, "name": "Old Pune\u2013Mumbai Highway", "highway": "trunk", "ref": "NH60;NH65", "oneway": "yes", "length_km": 0.335}, "geometry": {"type": "LineString", "coordinates": [[73.8306946, 18.5920172], [73.8302155, 18.5930603], [73.8300484, 18.5934315], [73.829438, 18.5947875]]}}, {"type": "Feature", "id": 210788805, "properties": {"id": 210788805, "name": "Old Pune\u2013Mumbai Highway", "highway": "trunk", "ref": "NH60;NH65", "oneway": "yes", "length_km": 0.33}, "geometry": {"type": "LineString", "coordinates": [[73.8295294, 18.5948247], [73.8299077, 18.5939844], [73.8303069, 18.5930976], [73.830766, 18.5920952]]}}, {"type": "Feature", "id": 210788808, "properties": {"id": 210788808, "name": "Old Pune\u2013Mumbai Highway", "highway": "trunk", "ref": "NH60;NH65", "oneway": "yes", "length_km": 0.219}, "geometry": {"type": "LineString", "coordinates": [[73.8326944, 18.5874253], [73.8326396, 18.5875973], [73.8325419, 18.5878604], [73.8322753, 18.5884759], [73.831922, 18.5892577]]}}, {"type": "Feature", "id": 210788813, "properties": {"id": 210788813, "name": "Old Pune\u2013Mumbai Highway", "highway": "trunk", "ref": "NH60;NH65", "oneway": "yes", "length_km": 0.221}, "geometry": {"type": "LineString", "coordinates": [[73.832043, 18.5893081], [73.8323262, 18.5887056], [73.8325963, 18.5881151], [73.8326852, 18.5878984], [73.8327637, 18.587686], [73.8328359, 18.587468]]}}, {"type": "Feature", "id": 210788816, "properties": {"id": 210788816, "name": "Unnamed Arterial", "highway": "primary", "ref": "", "oneway": "yes", "length_km": 0.442}, "geometry": {"type": "LineString", "coordinates": [[73.8201187, 18.6092248], [73.8189112, 18.6105969], [73.8179411, 18.6116994], [73.8179281, 18.6117144], [73.8174335, 18.6122874]]}}, {"type": "Feature", "id": 210788821, "properties": {"id": 210788821, "name": "Unnamed Arterial", "highway": "primary", "ref": "", "oneway": "yes", "length_km": 1.787}, "geometry": {"type": "LineString", "coordinates": [[73.8113892, 18.6198894], [73.8115098, 18.6197502], [73.8122849, 18.6188559], [73.8125179, 18.6185831], [73.8142353, 18.6165726], [73.8149988, 18.6156891], [73.8150475, 18.6156327], [73.8158228, 18.6147357], [73.8162893, 18.6141958], [73.8168053, 18.6135986], [73.8169588, 18.613421], [73.817349, 18.6129694], [73.8174751, 18.6128235], [73.8174849, 18.6128121], [73.8175024, 18.6127919], [73.8180929, 18.6121086], [73.8184071, 18.611745], [73.8191665, 18.6108662], [73.8198333, 18.6100708], [73.8209379, 18.6087655], [73.8210158, 18.6086731], [73.8212166, 18.608435], [73.82141, 18.6082056], [73.8214679, 18.608137], [73.8219352, 18.6075572], [73.8220614, 18.6073563]]}}, {"type": "Feature", "id": 210788827, "properties": {"id": 210788827, "name": "Old Pune\u2013Mumbai Highway", "highway": "trunk", "ref": "NH60;NH65", "oneway": "yes", "length_km": 0.014}, "geometry": {"type": "LineString", "coordinates": [[73.8255507, 18.6031711], [73.8256086, 18.6030583]]}}, {"type": "Feature", "id": 210788835, "properties": {"id": 210788835, "name": "Old Pune\u2013Mumbai Highway", "highway": "trunk", "ref": "NH60;NH65", "oneway": "yes", "length_km": 0.015}, "geometry": {"type": "LineString", "coordinates": [[73.8255323, 18.6029989], [73.825445, 18.6031057]]}}, {"type": "Feature", "id": 210788839, "properties": {"id": 210788839, "name": "Old Pune\u2013Mumbai Highway", "highway": "trunk", "ref": "NH60;NH65", "oneway": "yes", "length_km": 0.517}, "geometry": {"type": "LineString", "coordinates": [[73.8282724, 18.597335], [73.8263181, 18.6016118]]}}, {"type": "Feature", "id": 210788845, "properties": {"id": 210788845, "name": "NH60;NH65", "highway": "trunk", "ref": "NH60;NH65", "oneway": "yes", "length_km": 0.063}, "geometry": {"type": "LineString", "coordinates": [[73.823977, 18.6051465], [73.8243625, 18.6047106]]}}, {"type": "Feature", "id": 210788849, "properties": {"id": 210788849, "name": "Old Pune\u2013Mumbai Highway", "highway": "trunk", "ref": "NH60;NH65", "oneway": "yes", "length_km": 0.517}, "geometry": {"type": "LineString", "coordinates": [[73.8264089, 18.6016508], [73.8266292, 18.6011687], [73.8270451, 18.6002584], [73.8283636, 18.5973725]]}}, {"type": "Feature", "id": 210788855, "properties": {"id": 210788855, "name": "Old Pune\u2013Mumbai Highway", "highway": "trunk", "ref": "NH60;NH65", "oneway": "yes", "length_km": 0.202}, "geometry": {"type": "LineString", "coordinates": [[73.8253911, 18.6031735], [73.825184, 18.6034251], [73.8242061, 18.604602]]}}, {"type": "Feature", "id": 210788861, "properties": {"id": 210788861, "name": "Old Pune\u2013Mumbai Highway", "highway": "trunk", "ref": "NH60;NH65", "oneway": "yes", "length_km": 0.212}, "geometry": {"type": "LineString", "coordinates": [[73.8243625, 18.6047106], [73.8253377, 18.6034911], [73.8254381, 18.6033513], [73.8255507, 18.6031711]]}}, {"type": "Feature", "id": 210788866, "properties": {"id": 210788866, "name": "Old Pune\u2013Mumbai Highway", "highway": "trunk", "ref": "NH60;NH65", "oneway": "yes", "length_km": 0.175}, "geometry": {"type": "LineString", "coordinates": [[73.8263181, 18.6016118], [73.8262058, 18.6018439], [73.8260903, 18.60205], [73.8257746, 18.6025897], [73.8256466, 18.6028138], [73.8255323, 18.6029989]]}}, {"type": "Feature", "id": 210788871, "properties": {"id": 210788871, "name": "Bharatratna J.R.D Tata Flyover", "highway": "trunk", "ref": "", "oneway": "yes", "length_km": 1.083}, "geometry": {"type": "LineString", "coordinates": [[73.8252524, 18.6034956], [73.8239436, 18.6050957], [73.8224339, 18.606857], [73.8223606, 18.6069498], [73.8222734, 18.6070571], [73.8222118, 18.6072018], [73.8221767, 18.6073398], [73.8221764, 18.607468], [73.8222054, 18.6076193], [73.8222538, 18.6077705], [73.8236579, 18.6120426]]}}, {"type": "Feature", "id": 210788875, "properties": {"id": 210788875, "name": "Unnamed Arterial", "highway": "trunk_link", "ref": "", "oneway": "yes", "length_km": 0.054}, "geometry": {"type": "LineString", "coordinates": [[73.8312, 18.5906163], [73.8311187, 18.5910939]]}}, {"type": "Feature", "id": 210788877, "properties": {"id": 210788877, "name": "Unnamed Arterial", "highway": "trunk_link", "ref": "", "oneway": "yes", "length_km": 0.075}, "geometry": {"type": "LineString", "coordinates": [[73.8297239, 18.5946343], [73.8299077, 18.5939844]]}}, {"type": "Feature", "id": 210788881, "properties": {"id": 210788881, "name": "Unnamed Arterial", "highway": "trunk_link", "ref": "", "oneway": "yes", "length_km": 0.046}, "geometry": {"type": "LineString", "coordinates": [[73.826557, 18.6015781], [73.8266292, 18.6011687]]}}, {"type": "Feature", "id": 210788885, "properties": {"id": 210788885, "name": "Unnamed Arterial", "highway": "trunk_link", "ref": "", "oneway": "yes", "length_km": 0.065}, "geometry": {"type": "LineString", "coordinates": [[73.8300484, 18.5934315], [73.8296813, 18.5939063]]}}, {"type": "Feature", "id": 210788886, "properties": {"id": 210788886, "name": "Unnamed Arterial", "highway": "trunk_link", "ref": "", "oneway": "yes", "length_km": 0.049}, "geometry": {"type": "LineString", "coordinates": [[73.8309015, 18.5917994], [73.8311803, 18.5914494]]}}, {"type": "Feature", "id": 210788891, "properties": {"id": 210788891, "name": "Unnamed Arterial", "highway": "primary_link", "ref": "", "oneway": "no", "length_km": 0.034}, "geometry": {"type": "LineString", "coordinates": [[73.831833, 18.5892691], [73.83213, 18.58939]]}}, {"type": "Feature", "id": 210809972, "properties": {"id": 210809972, "name": "Unnamed Arterial", "highway": "primary", "ref": "", "oneway": "yes", "length_km": 0.08}, "geometry": {"type": "LineString", "coordinates": [[73.8150603, 18.615056], [73.8145926, 18.6156226]]}}, {"type": "Feature", "id": 210809986, "properties": {"id": 210809986, "name": "Unnamed Arterial", "highway": "trunk_link", "ref": "", "oneway": "yes", "length_km": 0.054}, "geometry": {"type": "LineString", "coordinates": [[73.8120261, 18.6186], [73.8118206, 18.6190484]]}}, {"type": "Feature", "id": 210809987, "properties": {"id": 210809987, "name": "Unnamed Arterial", "highway": "primary", "ref": "", "oneway": "yes", "length_km": 0.085}, "geometry": {"type": "LineString", "coordinates": [[73.8171305, 18.6126644], [73.8166173, 18.6132573]]}}, {"type": "Feature", "id": 210809989, "properties": {"id": 210809989, "name": "Unnamed Arterial", "highway": "primary", "ref": "", "oneway": "yes", "length_km": 0.171}, "geometry": {"type": "LineString", "coordinates": [[73.8160927, 18.6138632], [73.8150603, 18.615056]]}}, {"type": "Feature", "id": 210809990, "properties": {"id": 210809990, "name": "Underpass", "highway": "primary", "ref": "", "oneway": "no", "length_km": 0.054}, "geometry": {"type": "LineString", "coordinates": [[73.8110875, 18.6196723], [73.8108666, 18.6197085], [73.8108129, 18.6197319], [73.8106614, 18.6199008]]}}, {"type": "Feature", "id": 210809991, "properties": {"id": 210809991, "name": "Underpass", "highway": "primary", "ref": "", "oneway": "no", "length_km": 0.044}, "geometry": {"type": "LineString", "coordinates": [[73.8106614, 18.6199008], [73.8104603, 18.6201251], [73.8104487, 18.6201636], [73.8104545, 18.6201953], [73.8104763, 18.62022]]}}, {"type": "Feature", "id": 210809993, "properties": {"id": 210809993, "name": "Unnamed Arterial", "highway": "primary_link", "ref": "", "oneway": "yes", "length_km": 0.217}, "geometry": {"type": "LineString", "coordinates": [[73.8162893, 18.6141958], [73.8164265, 18.614117], [73.8165054, 18.6140958], [73.8165624, 18.6141014], [73.8166066, 18.6141286], [73.8166354, 18.6141758], [73.8166557, 18.6142623], [73.8168368, 18.6155009], [73.8168931, 18.6157218]]}}, {"type": "Feature", "id": 210809994, "properties": {"id": 210809994, "name": "Unnamed Arterial", "highway": "primary_link", "ref": "", "oneway": "yes", "length_km": 0.238}, "geometry": {"type": "LineString", "coordinates": [[73.8169861, 18.6157142], [73.8169919, 18.6155121], [73.8169712, 18.6152859], [73.81687, 18.6144245], [73.8167799, 18.6140009], [73.8167615, 18.6139056], [73.8167499, 18.6137862], [73.81676, 18.6137264], [73.8168053, 18.6135986]]}}, {"type": "Feature", "id": 211087058, "properties": {"id": 211087058, "name": "Karve Road", "highway": "primary", "ref": "", "oneway": "yes", "length_km": 0.46}, "geometry": {"type": "LineString", "coordinates": [[73.8171626, 18.5024749], [73.8172526, 18.5024992], [73.8175359, 18.5025759], [73.8182737, 18.5027956], [73.818325, 18.5028109], [73.8184862, 18.5028637], [73.8185493, 18.5028843], [73.8188923, 18.5029965], [73.8193983, 18.5031887], [73.819604, 18.5032756], [73.8197788, 18.5033697], [73.8199255, 18.5034847], [73.8199879, 18.5035336], [73.8201261, 18.5036332], [73.8201874, 18.5036759], [73.8204658, 18.50387], [73.8209124, 18.5041481], [73.8210131, 18.5042108], [73.8210758, 18.5042498]]}}, {"type": "Feature", "id": 211087059, "properties": {"id": 211087059, "name": "Karve Road", "highway": "primary", "ref": "", "oneway": "yes", "length_km": 0.149}, "geometry": {"type": "LineString", "coordinates": [[73.8223874, 18.5047862], [73.8218502, 18.5045456], [73.8218149, 18.5045273], [73.8214983, 18.5043633], [73.8212938, 18.5042432], [73.8211972, 18.5041865], [73.8211361, 18.5041519]]}}, {"type": "Feature", "id": 211087060, "properties": {"id": 211087060, "name": "Karve Road", "highway": "primary", "ref": "", "oneway": "yes", "length_km": 0.013}, "geometry": {"type": "LineString", "coordinates": [[73.8224968, 18.5048352], [73.8223874, 18.5047862]]}}, {"type": "Feature", "id": 211087062, "properties": {"id": 211087062, "name": "Karve Road", "highway": "primary", "ref": "", "oneway": "yes", "length_km": 0.015}, "geometry": {"type": "LineString", "coordinates": [[73.8223205, 18.5048883], [73.8224464, 18.5049439]]}}, {"type": "Feature", "id": 211087065, "properties": {"id": 211087065, "name": "Karve Road", "highway": "primary", "ref": "", "oneway": "yes", "length_km": 0.659}, "geometry": {"type": "LineString", "coordinates": [[73.8171741, 18.5023542], [73.8169707, 18.5022992], [73.8162217, 18.5021337], [73.8158312, 18.5020691], [73.8156079, 18.5020321], [73.8155591, 18.5020191], [73.8155337, 18.5020124], [73.8154312, 18.5019524], [73.8153762, 18.5019202], [73.815297, 18.5018709], [73.8152346, 18.5018326], [73.8151114, 18.5017568], [73.8149027, 18.5016285], [73.8146905, 18.5014916], [73.8145485, 18.5013547], [73.8145166, 18.5013239], [73.814381, 18.5011478], [73.8142484, 18.500913], [73.8142206, 18.5008518], [73.8139965, 18.5003583], [73.8139095, 18.5001667], [73.8137983, 18.4998551], [73.8137798, 18.4998033], [73.8137614, 18.4996757], [73.8137326, 18.4994763], [73.8137334, 18.4994333], [73.8137365, 18.4992732], [73.8137452, 18.4988146], [73.8137474, 18.4987188], [73.8137512, 18.4986636], [73.8137583, 18.49856], [73.8137589, 18.498551], [73.8137642, 18.4984857], [73.8137772, 18.4983261]]}}, {"type": "Feature", "id": 211087067, "properties": {"id": 211087067, "name": "Paud Road", "highway": "primary", "ref": "SH60", "oneway": "yes", "length_km": 0.544}, "geometry": {"type": "LineString", "coordinates": [[73.8197657, 18.5104527], [73.8197074, 18.5104556], [73.8196197, 18.5104592], [73.8195239, 18.5104613], [73.8193204, 18.5104659], [73.8192808, 18.5104643], [73.818857, 18.5104466], [73.8188416, 18.510446], [73.8186128, 18.5104363], [73.8183933, 18.5104003], [73.8179111, 18.5103462], [73.8174796, 18.5102896], [73.817114, 18.5102141], [73.8161281, 18.5100067], [73.8159142, 18.5099666], [73.815697, 18.5099286], [73.8155267, 18.5098763], [73.8153563, 18.5098191], [73.8152236, 18.5097809], [73.8150333, 18.5097259], [73.8148444, 18.5096633], [73.8146874, 18.5096221]]}}, {"type": "Feature", "id": 211087075, "properties": {"id": 211087075, "name": "Paud Road", "highway": "primary", "ref": "SH60", "oneway": "yes", "length_km": 0.019}, "geometry": {"type": "LineString", "coordinates": [[73.8199426, 18.5104436], [73.8197657, 18.5104527]]}}, {"type": "Feature", "id": 211087076, "properties": {"id": 211087076, "name": "Paud Road", "highway": "primary", "ref": "", "oneway": "yes", "length_km": 0.007}, "geometry": {"type": "LineString", "coordinates": [[73.8194321, 18.5110281], [73.8194983, 18.5110272]]}}, {"type": "Feature", "id": 211087079, "properties": {"id": 211087079, "name": "Paud Road", "highway": "primary", "ref": "SH60", "oneway": "yes", "length_km": 0.18}, "geometry": {"type": "LineString", "coordinates": [[73.8194983, 18.5110272], [73.8195328, 18.5110203], [73.8195687, 18.5110037], [73.8196501, 18.5109531], [73.8201367, 18.5106415], [73.8204471, 18.5104437], [73.820579, 18.5103594], [73.8207859, 18.5102385], [73.8209269, 18.5101359]]}}, {"type": "Feature", "id": 211275132, "properties": {"id": 211275132, "name": "Atal Bihari Vajpayee saheb Flyover", "highway": "trunk", "ref": "NH65", "oneway": "yes", "length_km": 0.6}, "geometry": {"type": "LineString", "coordinates": [[73.8724703, 18.5018183], [73.8713141, 18.5017876], [73.8711116, 18.5017826], [73.8707104, 18.5017369], [73.8705627, 18.5017142], [73.8698459, 18.5015714], [73.8694309, 18.5014835], [73.8685423, 18.501254], [73.8682319, 18.5011614], [73.868031, 18.5010869], [73.8669586, 18.5006186]]}}, {"type": "Feature", "id": 211275136, "properties": {"id": 211275136, "name": "Jagannath Shankarsheth Marg", "highway": "trunk", "ref": "NH65", "oneway": "yes", "length_km": 0.247}, "geometry": {"type": "LineString", "coordinates": [[73.8634222, 18.4998645], [73.8633201, 18.4998806], [73.8632296, 18.4998949], [73.8631709, 18.4999036], [73.863097, 18.4999158], [73.8629535, 18.499932], [73.8628917, 18.499939], [73.8619463, 18.5000456], [73.8618772, 18.5000597], [73.8618071, 18.5000741], [73.8614555, 18.500146], [73.8613237, 18.5001702], [73.8611471, 18.5002025], [73.8611014, 18.5002109]]}}, {"type": "Feature", "id": 211275140, "properties": {"id": 211275140, "name": "Jagannath Shankarsheth Marg", "highway": "primary", "ref": "", "oneway": "yes", "length_km": 0.323}, "geometry": {"type": "LineString", "coordinates": [[73.8692881, 18.5013536], [73.8691944, 18.5013328], [73.8688443, 18.5012552], [73.8685013, 18.5011573], [73.8683125, 18.5011035], [73.8680415, 18.5010071], [73.8679922, 18.5009896], [73.8673248, 18.5007031], [73.8670574, 18.5005867], [73.8667532, 18.5004818], [73.8664002, 18.5003601]]}}, {"type": "Feature", "id": 211275143, "properties": {"id": 211275143, "name": "Jagannath Shankarsheth Marg", "highway": "trunk", "ref": "NH65", "oneway": "yes", "length_km": 0.066}, "geometry": {"type": "LineString", "coordinates": [[73.8663582, 18.5004324], [73.8669209, 18.5006961]]}}, {"type": "Feature", "id": 211275147, "properties": {"id": 211275147, "name": "Jagannath Shankarsheth Marg", "highway": "primary", "ref": "", "oneway": "yes", "length_km": 0.013}, "geometry": {"type": "LineString", "coordinates": [[73.871614, 18.5019531], [73.8717378, 18.5019562]]}}, {"type": "Feature", "id": 211275149, "properties": {"id": 211275149, "name": "Jagannath Shankarsheth Marg", "highway": "trunk", "ref": "NH65", "oneway": "yes", "length_km": 0.065}, "geometry": {"type": "LineString", "coordinates": [[73.8669586, 18.5006186], [73.8664002, 18.5003601]]}}, {"type": "Feature", "id": 211275152, "properties": {"id": 211275152, "name": "Jagannath Shankarsheth Marg", "highway": "trunk", "ref": "NH65", "oneway": "yes", "length_km": 0.077}, "geometry": {"type": "LineString", "coordinates": [[73.8724677, 18.5019036], [73.8732032, 18.5019233]]}}, {"type": "Feature", "id": 211275155, "properties": {"id": 211275155, "name": "Jagannath Shankarsheth Marg", "highway": "primary", "ref": "", "oneway": "yes", "length_km": 0.012}, "geometry": {"type": "LineString", "coordinates": [[73.8717665, 18.5017292], [73.8716527, 18.5017251]]}}, {"type": "Feature", "id": 211275158, "properties": {"id": 211275158, "name": "Jagannath Shankarsheth Marg", "highway": "trunk", "ref": "NH65", "oneway": "yes", "length_km": 0.077}, "geometry": {"type": "LineString", "coordinates": [[73.873207, 18.5018375], [73.8724703, 18.5018183]]}}, {"type": "Feature", "id": 211275161, "properties": {"id": 211275161, "name": "Jagannath Shankarsheth Marg", "highway": "trunk", "ref": "NH65", "oneway": "yes", "length_km": 0.03}, "geometry": {"type": "LineString", "coordinates": [[73.8655004, 18.5000008], [73.8654068, 18.4999785], [73.8652209, 18.4999434]]}}, {"type": "Feature", "id": 211275164, "properties": {"id": 211275164, "name": "Jagannath Shankarsheth Marg", "highway": "primary", "ref": "", "oneway": "yes", "length_km": 0.154}, "geometry": {"type": "LineString", "coordinates": [[73.8717378, 18.5019562], [73.87255, 18.501977], [73.8727285, 18.5019623], [73.8732032, 18.5019233]]}}, {"type": "Feature", "id": 211275169, "properties": {"id": 211275169, "name": "Jagannath Shankarsheth Marg", "highway": "trunk", "ref": "NH65", "oneway": "yes", "length_km": 0.03}, "geometry": {"type": "LineString", "coordinates": [[73.86519, 18.5000566], [73.8653773, 18.5000919], [73.865468, 18.5001135]]}}, {"type": "Feature", "id": 211275171, "properties": {"id": 211275171, "name": "Jagannath Shankarsheth Marg", "highway": "trunk", "ref": "NH65", "oneway": "yes", "length_km": 0.1}, "geometry": {"type": "LineString", "coordinates": [[73.865468, 18.5001135], [73.8657488, 18.5001804], [73.8659677, 18.500271], [73.8660451, 18.500303], [73.8662584, 18.5003964], [73.8663582, 18.5004324]]}}, {"type": "Feature", "id": 211275172, "properties": {"id": 211275172, "name": "Jagannath Shankarsheth Marg", "highway": "trunk", "ref": "NH65", "oneway": "yes", "length_km": 0.103}, "geometry": {"type": "LineString", "coordinates": [[73.8664002, 18.5003601], [73.8661886, 18.5002411], [73.8660893, 18.500194], [73.8658401, 18.5000912], [73.8657853, 18.5000686], [73.8655004, 18.5000008]]}}, {"type": "Feature", "id": 211275173, "properties": {"id": 211275173, "name": "Jagannath Shankarsheth Marg", "highway": "trunk", "ref": "NH65", "oneway": "yes", "length_km": 0.198}, "geometry": {"type": "LineString", "coordinates": [[73.8732032, 18.5019233], [73.8735743, 18.5019335], [73.8737643, 18.5019362], [73.8745071, 18.5019445], [73.8747044, 18.5019467], [73.8747638, 18.5019538], [73.8747908, 18.5019585], [73.8749487, 18.5019862], [73.8750841, 18.5020134]]}}, {"type": "Feature", "id": 211275174, "properties": {"id": 211275174, "name": "Jagannath Shankarsheth Marg", "highway": "trunk", "ref": "NH65", "oneway": "yes", "length_km": 0.321}, "geometry": {"type": "LineString", "coordinates": [[73.8762137, 18.5022281], [73.8761431, 18.5021888], [73.8761186, 18.5021751], [73.875637, 18.5020658], [73.8751985, 18.5019652], [73.8750937, 18.50194], [73.8749691, 18.5019157], [73.8747686, 18.5018801], [73.8746922, 18.5018738], [73.8745524, 18.5018703], [73.874494, 18.5018689], [73.8742722, 18.5018634], [73.8737673, 18.5018509], [73.8737038, 18.5018494], [73.873207, 18.5018375]]}}, {"type": "Feature", "id": 211275175, "properties": {"id": 211275175, "name": "Jagannath Shankarsheth Marg", "highway": "trunk", "ref": "NH65", "oneway": "yes", "length_km": 0.19}, "geometry": {"type": "LineString", "coordinates": [[73.8652209, 18.4999434], [73.8650256, 18.4999065], [73.8649343, 18.4998893], [73.8645963, 18.4998419], [73.8643202, 18.499826], [73.8641122, 18.4998273], [73.8640108, 18.4998328], [73.8635684, 18.4998566], [73.8634222, 18.4998645]]}}, {"type": "Feature", "id": 211275192, "properties": {"id": 211275192, "name": "Unnamed Arterial", "highway": "trunk_link", "ref": "", "oneway": "yes", "length_km": 0.073}, "geometry": {"type": "LineString", "coordinates": [[73.8589959, 18.5004347], [73.8587961, 18.500361], [73.8587128, 18.5003047], [73.8586552, 18.5002452], [73.8586097, 18.5001875], [73.8584809, 18.500024]]}}, {"type": "Feature", "id": 211275193, "properties": {"id": 211275193, "name": "Unnamed Arterial", "highway": "trunk_link", "ref": "", "oneway": "yes", "length_km": 0.053}, "geometry": {"type": "LineString", "coordinates": [[73.8584909, 18.5009078], [73.8585647, 18.5008115], [73.8586178, 18.5007677], [73.8586694, 18.5007339], [73.8586953, 18.500717], [73.8588862, 18.5006236]]}}, {"type": "Feature", "id": 211598942, "properties": {"id": 211598942, "name": "Bhosari Flyover", "highway": "trunk", "ref": "NH60", "oneway": "yes", "length_km": 1.477}, "geometry": {"type": "LineString", "coordinates": [[73.8518237, 18.628622], [73.8520374, 18.6282196], [73.8521219, 18.628032], [73.8522869, 18.6273937], [73.8523197, 18.6266984], [73.8522614, 18.626257], [73.8519119, 18.6252622], [73.8517873, 18.6249077], [73.8516452, 18.6245231], [73.8515602, 18.6242377], [73.8514758, 18.6237839], [73.8513885, 18.623198], [73.8513011, 18.622642], [73.8512111, 18.6220791], [73.8511232, 18.621675], [73.8509959, 18.6212086], [73.8504694, 18.6193418], [73.8503334, 18.6189106], [73.8499396, 18.617917], [73.8497426, 18.6174412], [73.8495968, 18.6171418], [73.8494382, 18.6169071], [73.8492547, 18.6166746], [73.8490939, 18.6165081], [73.848794, 18.6162996], [73.8485838, 18.616203]]}}, {"type": "Feature", "id": 211598943, "properties": {"id": 211598943, "name": "Bhosari Flyover", "highway": "trunk", "ref": "NH60", "oneway": "yes", "length_km": 1.456}, "geometry": {"type": "LineString", "coordinates": [[73.8485851, 18.6163015], [73.8487421, 18.6163805], [73.8490271, 18.6165787], [73.849178, 18.6167348], [73.8493563, 18.6169609], [73.8495093, 18.6171872], [73.849651, 18.6174782], [73.8498467, 18.6179508], [73.850239, 18.6189408], [73.8503736, 18.6193675], [73.8506474, 18.6203907], [73.8508997, 18.6212325], [73.8510262, 18.6216964], [73.8511131, 18.6220957], [73.8512027, 18.622656], [73.85129, 18.6232116], [73.8513775, 18.6237986], [73.851463, 18.6242588], [73.8515503, 18.6245515], [73.8516931, 18.6249382], [73.8521638, 18.626278], [73.8522199, 18.6267022], [73.8521879, 18.6273802], [73.8520272, 18.628002], [73.8519467, 18.6281806], [73.8517372, 18.6285871]]}}, {"type": "Feature", "id": 211598949, "properties": {"id": 211598949, "name": "Pune Nashik Road", "highway": "trunk", "ref": "NH60", "oneway": "yes", "length_km": 3.331}, "geometry": {"type": "LineString", "coordinates": [[73.8485838, 18.616203], [73.8484246, 18.6161248], [73.8482047, 18.6160307], [73.847578, 18.6158027], [73.8474346, 18.6157643], [73.8472288, 18.6157093], [73.8471829, 18.6157001], [73.8470362, 18.6156705], [73.8469872, 18.6156606], [73.8468411, 18.6156381], [73.8466108, 18.6156178], [73.8462541, 18.6156032], [73.8459512, 18.6156036], [73.845529, 18.6156362], [73.8451496, 18.6157093], [73.8426984, 18.6161921], [73.8418816, 18.616364], [73.8417055, 18.6164193], [73.8413931, 18.6165164], [73.8409938, 18.616683], [73.8384391, 18.6178193], [73.8380993, 18.6179449], [73.8378514, 18.6180128], [73.8375284, 18.6180711], [73.8303396, 18.6189763], [73.8302054, 18.6189837], [73.8301447, 18.6189871], [73.8301036, 18.6189901], [73.8300153, 18.6189964], [73.8294883, 18.6189702], [73.8292191, 18.6189395], [73.8289914, 18.618897], [73.8287454, 18.6188376], [73.826681, 18.6180086], [73.8263859, 18.6178538], [73.8261417, 18.6176959], [73.8259007, 18.6174597], [73.8257426, 18.6172552], [73.8256138, 18.6170219], [73.8255342, 18.6168288], [73.8249531, 18.6151014], [73.8244552, 18.6136211], [73.8236234, 18.6109502], [73.8235042, 18.6105673], [73.8234245, 18.6102586]]}}, {"type": "Feature", "id": 211598951, "properties": {"id": 211598951, "name": "Pune Nashik Road", "highway": "trunk", "ref": "NH60", "oneway": "yes", "length_km": 2.956}, "geometry": {"type": "LineString", "coordinates": [[73.8243603, 18.6136491], [73.8245071, 18.6140857], [73.8248591, 18.615132], [73.8254402, 18.6168599], [73.825523, 18.6170611], [73.8256579, 18.6173053], [73.8257736, 18.6174548], [73.8258245, 18.6175206], [73.8260772, 18.6177684], [73.8263336, 18.6179342], [73.8266373, 18.6180936], [73.8269337, 18.6182126], [73.8287135, 18.6189273], [73.8289695, 18.618989], [73.8292035, 18.6190327], [73.8294797, 18.6190643], [73.8299221, 18.6190862], [73.8300159, 18.6190909], [73.8300908, 18.6190863], [73.830108, 18.6190852], [73.8301462, 18.6190829], [73.8302091, 18.619079], [73.8303495, 18.6190702], [73.8375443, 18.6181643], [73.8378746, 18.6181047], [73.8381313, 18.6180343], [73.8384421, 18.6179194], [73.8384784, 18.617906], [73.841035, 18.6167689], [73.8414288, 18.6166046], [73.841732, 18.61651], [73.8418626, 18.6164693], [73.841908, 18.6164551], [73.8427193, 18.6162843], [73.8432134, 18.616187], [73.8433443, 18.6161612], [73.8451181, 18.615812], [73.8453115, 18.6157728], [73.8453791, 18.6157602], [73.845543, 18.6157298], [73.8459553, 18.615698], [73.846252, 18.6156976], [73.846604, 18.6157119], [73.8467879, 18.6157281], [73.8468285, 18.6157317], [73.8469688, 18.6157534], [73.8472049, 18.615801], [73.8475466, 18.6158924], [73.8478826, 18.6160139], [73.8484199, 18.6162339], [73.8485851, 18.6163015]]}}, {"type": "Feature", "id": 211598952, "properties": {"id": 211598952, "name": "Pune Nashik Road", "highway": "trunk", "ref": "NH60", "oneway": "yes", "length_km": 0.033}, "geometry": {"type": "LineString", "coordinates": [[73.822087, 18.6071076], [73.822112, 18.6071484], [73.8221673, 18.6072388], [73.8222099, 18.6073814]]}}, {"type": "Feature", "id": 211598957, "properties": {"id": 211598957, "name": "Unnamed Arterial", "highway": "primary", "ref": "", "oneway": "yes", "length_km": 1.498}, "geometry": {"type": "LineString", "coordinates": [[73.8484199, 18.6162339], [73.8486667, 18.6164329], [73.8488156, 18.6165498], [73.8489778, 18.6166782], [73.8491669, 18.6168676], [73.8492769, 18.617015], [73.8493788, 18.6171917], [73.8498081, 18.6181835], [73.8499301, 18.6184743], [73.8499695, 18.6185563], [73.8500901, 18.6188564], [73.8501641, 18.6190409], [73.8501828, 18.6190873], [73.850457, 18.6199552], [73.8505924, 18.6204034], [73.8506311, 18.6205453], [73.8508227, 18.6212482], [73.8508653, 18.6213949], [73.8508889, 18.6214762], [73.850948, 18.6217086], [73.8510377, 18.6221065], [73.8510538, 18.6222117], [73.8510781, 18.6223707], [73.8511223, 18.6226599], [73.8511773, 18.6233973], [73.8511966, 18.6237116], [73.8512041, 18.6237935], [73.8512424, 18.624016], [73.851327, 18.6243291], [73.8516881, 18.6253439], [73.8519565, 18.626104], [73.8520155, 18.6262711], [73.8520354, 18.626366], [73.8520648, 18.6265345], [73.8520837, 18.6266423], [73.8520842, 18.626703], [73.8520856, 18.6268875], [73.8520771, 18.6270919], [73.852061, 18.6272317], [73.8520356, 18.6273855], [73.852002, 18.6275596], [73.8519189, 18.627815], [73.8517995, 18.6281594], [73.8516439, 18.6285127], [73.8515943, 18.6286373], [73.8515715, 18.6287173], [73.8515454, 18.6288921]]}}, {"type": "Feature", "id": 212751758, "properties": {"id": 212751758, "name": "Tanaji Malusare Path", "highway": "primary", "ref": "", "oneway": "yes", "length_km": 0.021}, "geometry": {"type": "LineString", "coordinates": [[73.8520094, 18.4990728], [73.8518191, 18.49903]]}}, {"type": "Feature", "id": 212751759, "properties": {"id": 212751759, "name": "Tanaji Malusare Path", "highway": "primary", "ref": "", "oneway": "yes", "length_km": 0.021}, "geometry": {"type": "LineString", "coordinates": [[73.8517989, 18.4991223], [73.8519915, 18.4991646]]}}, {"type": "Feature", "id": 212751760, "properties": {"id": 212751760, "name": "Tanaji Malusare Path", "highway": "primary", "ref": "", "oneway": "yes", "length_km": 0.717}, "geometry": {"type": "LineString", "coordinates": [[73.8518191, 18.49903], [73.8517485, 18.4990165], [73.8515694, 18.4989816], [73.8513855, 18.4989739], [73.851255, 18.4989847], [73.8511222, 18.4990174], [73.8510192, 18.4990642], [73.8509058, 18.4991463], [73.8507803, 18.4992584], [73.8503624, 18.4995979], [73.850258, 18.4996693], [73.8500527, 18.4998098], [73.8499148, 18.4999058], [73.8496434, 18.5000947], [73.8494581, 18.5002236], [73.8493972, 18.5002629], [73.849241, 18.5003638], [73.8488061, 18.5006447], [73.8486879, 18.5007038], [73.8485352, 18.5007584], [73.8478279, 18.5009491], [73.8471654, 18.5011277], [73.8470828, 18.5011442], [73.8470215, 18.5011564], [73.8469228, 18.501167], [73.8468029, 18.5011707], [73.8466763, 18.5011746], [73.8465103, 18.5011685], [73.8463065, 18.501161], [73.8459119, 18.5011494], [73.8458282, 18.5011469], [73.8456759, 18.5011355], [73.8456647, 18.5011304]]}}, {"type": "Feature", "id": 212751761, "properties": {"id": 212751761, "name": "Tanaji Malusare Path", "highway": "primary", "ref": "", "oneway": "yes", "length_km": 0.198}, "geometry": {"type": "LineString", "coordinates": [[73.8519915, 18.4991646], [73.8520817, 18.4991848], [73.8522206, 18.4992251], [73.8536845, 18.4996967], [73.8537533, 18.4997201], [73.8537765, 18.4997341]]}}, {"type": "Feature", "id": 213830158, "properties": {"id": 213830158, "name": "Jawaharlal Nehru Marg", "highway": "primary", "ref": "", "oneway": "yes", "length_km": 1.235}, "geometry": {"type": "LineString", "coordinates": [[73.8723252, 18.4804618], [73.8722225, 18.4807215], [73.8721909, 18.4808198], [73.8721504, 18.4809737], [73.8720739, 18.4813833], [73.8719572, 18.4817393], [73.8718325, 18.4821201], [73.8717171, 18.4824724], [73.8716722, 18.4826753], [73.8716582, 18.4827626], [73.8716294, 18.4829413], [73.8716245, 18.4829618], [73.8715648, 18.4832122], [73.871518, 18.4834085], [73.8713981, 18.4839115], [73.8707367, 18.4866619], [73.8704819, 18.487736], [73.8701093, 18.4892768], [73.8700768, 18.4894011], [73.8700536, 18.4894894], [73.8699041, 18.4901403], [73.8698583, 18.4903397], [73.8697075, 18.4909024], [73.8696414, 18.491149], [73.8696024, 18.4912749]]}}, {"type": "Feature", "id": 213830160, "properties": {"id": 213830160, "name": "Jawaharlal Nehru Marg", "highway": "primary", "ref": "", "oneway": "yes", "length_km": 0.313}, "geometry": {"type": "LineString", "coordinates": [[73.8692881, 18.5013536], [73.8693033, 18.5012644], [73.8693993, 18.5007392], [73.8694131, 18.5006389], [73.8694351, 18.5004788], [73.8694508, 18.5002701], [73.8694424, 18.4997969], [73.8694391, 18.4996137], [73.8694243, 18.498784], [73.8694201, 18.4985488]]}}, {"type": "Feature", "id": 213830174, "properties": {"id": 213830174, "name": "Unnamed Arterial", "highway": "trunk_link", "ref": "", "oneway": "yes", "length_km": 0.05}, "geometry": {"type": "LineString", "coordinates": [[73.8118922, 18.6191164], [73.8122849, 18.6188559]]}}, {"type": "Feature", "id": 213842737, "properties": {"id": 213842737, "name": "Jawaharlal Nehru Marg", "highway": "primary", "ref": "", "oneway": "yes", "length_km": 0.338}, "geometry": {"type": "LineString", "coordinates": [[73.8693227, 18.4985555], [73.8693466, 18.4995645], [73.8693578, 18.5000374], [73.869356, 18.5002675], [73.8693467, 18.5003927], [73.8693409, 18.5004698], [73.8693152, 18.5006567], [73.8693057, 18.5007257], [73.8692099, 18.5012491], [73.8691997, 18.5013041], [73.8691944, 18.5013328], [73.8691271, 18.5015825]]}}, {"type": "Feature", "id": 214062135, "properties": {"id": 214062135, "name": "Magarpatta Road Flyover", "highway": "trunk", "ref": "", "oneway": "yes", "length_km": 0.149}, "geometry": {"type": "LineString", "coordinates": [[73.9277195, 18.5050465], [73.9276197, 18.5037075]]}}, {"type": "Feature", "id": 214062136, "properties": {"id": 214062136, "name": "Pune-Solapur Road", "highway": "trunk", "ref": "NH65", "oneway": "yes", "length_km": 1.12}, "geometry": {"type": "LineString", "coordinates": [[73.9135764, 18.5060934], [73.913014, 18.5061366], [73.9127962, 18.5061587], [73.9126052, 18.5061788], [73.9121251, 18.5062091], [73.9116931, 18.506228], [73.9114961, 18.5062366], [73.911339, 18.5062389], [73.9086552, 18.5062788], [73.9084009, 18.5062919], [73.9080614, 18.5063101], [73.9070306, 18.5063652], [73.9069172, 18.506385], [73.9068686, 18.5063867], [73.9065525, 18.5063981], [73.9065236, 18.5063991], [73.9064333, 18.5064023], [73.9063563, 18.5064051], [73.9061497, 18.5064125], [73.9061295, 18.5064132], [73.9057253, 18.5064115], [73.905687, 18.5064113], [73.9051219, 18.5064089], [73.9050314, 18.5064085], [73.9042422, 18.5064281], [73.9040105, 18.5064294], [73.9038368, 18.5064304], [73.9029186, 18.5064541]]}}, {"type": "Feature", "id": 214062138, "properties": {"id": 214062138, "name": "Solapur Road", "highway": "trunk", "ref": "NH65", "oneway": "yes", "length_km": 0.102}, "geometry": {"type": "LineString", "coordinates": [[73.925522, 18.5028333], [73.9254192, 18.5028618], [73.9252178, 18.5029176], [73.9247486, 18.5030476], [73.9245936, 18.5030906]]}}, {"type": "Feature", "id": 214062139, "properties": {"id": 214062139, "name": "Solapur Road", "highway": "trunk", "ref": "NH65", "oneway": "yes", "length_km": 0.021}, "geometry": {"type": "LineString", "coordinates": [[73.9245936, 18.5030906], [73.9243988, 18.5031439]]}}, {"type": "Feature", "id": 214062140, "properties": {"id": 214062140, "name": "Solapur Road", "highway": "primary", "ref": "", "oneway": "yes", "length_km": 0.017}, "geometry": {"type": "LineString", "coordinates": [[73.9372677, 18.5010383], [73.9374331, 18.501024]]}}, {"type": "Feature", "id": 214062142, "properties": {"id": 214062142, "name": "Solapur Road", "highway": "primary", "ref": "", "oneway": "yes", "length_km": 0.011}, "geometry": {"type": "LineString", "coordinates": [[73.9372574, 18.5008378], [73.9372211, 18.500841], [73.9371707, 18.5008455], [73.9371547, 18.5008469]]}}, {"type": "Feature", "id": 214062143, "properties": {"id": 214062143, "name": "Solapur Road", "highway": "trunk", "ref": "NH65", "oneway": "yes", "length_km": 0.033}, "geometry": {"type": "LineString", "coordinates": [[73.9219224, 18.5037953], [73.9216223, 18.503876]]}}, {"type": "Feature", "id": 214062145, "properties": {"id": 214062145, "name": "Solapur Road", "highway": "trunk", "ref": "NH65", "oneway": "yes", "length_km": 0.27}, "geometry": {"type": "LineString", "coordinates": [[73.9243988, 18.5031439], [73.9242225, 18.5031922], [73.9236201, 18.503357], [73.9234498, 18.5034036], [73.9233592, 18.5034284], [73.9232443, 18.5034571], [73.9228906, 18.5035456], [73.922854, 18.5035547], [73.9226535, 18.5036045], [73.9225777, 18.5036234], [73.9223412, 18.5036821], [73.921964, 18.5037841], [73.9219224, 18.5037953]]}}, {"type": "Feature", "id": 214062150, "properties": {"id": 214062150, "name": "Solapur Road", "highway": "trunk", "ref": "NH65", "oneway": "yes", "length_km": 0.175}, "geometry": {"type": "LineString", "coordinates": [[73.9440851, 18.5000278], [73.9429389, 18.5001657], [73.9427198, 18.5001943], [73.9424294, 18.500229]]}}, {"type": "Feature", "id": 214062151, "properties": {"id": 214062151, "name": "Solapur Road Flyover", "highway": "trunk", "ref": "NH65", "oneway": "yes", "length_km": 0.626}, "geometry": {"type": "LineString", "coordinates": [[73.9194889, 18.5044967], [73.9178765, 18.5049664], [73.9155225, 18.5056374], [73.9142789, 18.5059658], [73.9137671, 18.5060773]]}}, {"type": "Feature", "id": 214062152, "properties": {"id": 214062152, "name": "Solapur Road", "highway": "primary", "ref": "", "oneway": "yes", "length_km": 0.413}, "geometry": {"type": "LineString", "coordinates": [[73.9374331, 18.501024], [73.9380842, 18.5009716], [73.938213, 18.500958], [73.9384676, 18.5009251], [73.938815, 18.5008803], [73.9394713, 18.5008084], [73.9396641, 18.5007832], [73.9399908, 18.5007453], [73.9401636, 18.5007253], [73.9404129, 18.5006919], [73.9406618, 18.5006528], [73.9410754, 18.5005808], [73.9413061, 18.5004738]]}}, {"type": "Feature", "id": 214062153, "properties": {"id": 214062153, "name": "Solapur Road", "highway": "trunk", "ref": "NH65", "oneway": "yes", "length_km": 0.171}, "geometry": {"type": "LineString", "coordinates": [[73.9211004, 18.5040222], [73.9208291, 18.5041075], [73.9204504, 18.5042183], [73.9203575, 18.5042436], [73.9195433, 18.5044803]]}}, {"type": "Feature", "id": 214062155, "properties": {"id": 214062155, "name": "Solapur Road", "highway": "primary", "ref": "", "oneway": "yes", "length_km": 0.377}, "geometry": {"type": "LineString", "coordinates": [[73.9370037, 18.5008603], [73.9366739, 18.5008897], [73.9366122, 18.5008952], [73.9361985, 18.5009499], [73.93604, 18.5009709], [73.9358217, 18.5009997], [73.9355057, 18.5010415], [73.9354761, 18.501046], [73.9349242, 18.5011299], [73.9347386, 18.5011581], [73.9345558, 18.501184], [73.9334514, 18.5013234]]}}, {"type": "Feature", "id": 214062156, "properties": {"id": 214062156, "name": "Solapur Road Flyover", "highway": "trunk", "ref": "NH65", "oneway": "yes", "length_km": 0.882}, "geometry": {"type": "LineString", "coordinates": [[73.9327106, 18.5015713], [73.9331042, 18.5015452], [73.9335021, 18.5015025], [73.9359198, 18.5011403], [73.9364916, 18.5010516], [73.9367209, 18.5010299], [73.937024, 18.5010045], [73.938057, 18.5009096], [73.9386235, 18.5008412], [73.9408038, 18.5005406], [73.9410334, 18.5005101]]}}, {"type": "Feature", "id": 214062158, "properties": {"id": 214062158, "name": "Solapur Road Flyover", "highway": "trunk", "ref": "NH65", "oneway": "yes", "length_km": 0.883}, "geometry": {"type": "LineString", "coordinates": [[73.9410342, 18.5004256], [73.9407805, 18.5004635], [73.9380434, 18.5008494], [73.9370252, 18.5009433], [73.9363086, 18.5010086], [73.9359073, 18.5010558], [73.93349, 18.5014179], [73.933097, 18.5014601], [73.9327064, 18.5014869]]}}, {"type": "Feature", "id": 214062159, "properties": {"id": 214062159, "name": "Magarpatta Road Flyover", "highway": "trunk", "ref": "", "oneway": "yes", "length_km": 0.023}, "geometry": {"type": "LineString", "coordinates": [[73.9257302, 18.5027709], [73.925522, 18.5028333]]}}, {"type": "Feature", "id": 214062161, "properties": {"id": 214062161, "name": "Magarpatta Road Flyover", "highway": "trunk", "ref": "", "oneway": "yes", "length_km": 0.059}, "geometry": {"type": "LineString", "coordinates": [[73.9300513, 18.5017216], [73.9298264, 18.5017629], [73.9295071, 18.5018371]]}}, {"type": "Feature", "id": 214062162, "properties": {"id": 214062162, "name": "Saswad Road", "highway": "trunk_link", "ref": "NH965", "oneway": "yes", "length_km": 0.093}, "geometry": {"type": "LineString", "coordinates": [[73.9397825, 18.5005224], [73.9396785, 18.5003325], [73.9395815, 18.5001624], [73.9395228, 18.5000532], [73.9394886, 18.5000049], [73.9394556, 18.4999554], [73.939457, 18.4998764], [73.9395071, 18.4997766]]}}, {"type": "Feature", "id": 214062163, "properties": {"id": 214062163, "name": "Magarpatta Road Flyover", "highway": "trunk", "ref": "", "oneway": "yes", "length_km": 0.012}, "geometry": {"type": "LineString", "coordinates": [[73.9277271, 18.5051545], [73.9277195, 18.5050465]]}}, {"type": "Feature", "id": 214062164, "properties": {"id": 214062164, "name": "Magarpatta Road Flyover", "highway": "trunk", "ref": "", "oneway": "yes", "length_km": 0.013}, "geometry": {"type": "LineString", "coordinates": [[73.9276565, 18.5050503], [73.9276655, 18.5051684]]}}, {"type": "Feature", "id": 214062166, "properties": {"id": 214062166, "name": "Solapur Road Flyover Ramp", "highway": "trunk", "ref": "NH965", "oneway": "yes", "length_km": 0.297}, "geometry": {"type": "LineString", "coordinates": [[73.9401449, 18.4990679], [73.9392918, 18.4997836], [73.9386132, 18.5004093], [73.9384241, 18.5005683], [73.9382914, 18.5006688], [73.9380434, 18.5008494]]}}, {"type": "Feature", "id": 214946472, "properties": {"id": 214946472, "name": "Breman Chowk - Khadki Bazar Road", "highway": "primary", "ref": "", "oneway": "yes", "length_km": 1.671}, "geometry": {"type": "LineString", "coordinates": [[73.8294812, 18.5625847], [73.8288016, 18.5626214], [73.828729, 18.5626232], [73.8284349, 18.5626309], [73.8256792, 18.562712], [73.8249636, 18.5627215], [73.8234771, 18.5627601], [73.8218701, 18.5627994], [73.8202387, 18.5628392], [73.8201399, 18.5628416], [73.819457, 18.5628583], [73.8192672, 18.5628581], [73.8191249, 18.5628579], [73.8184827, 18.5628569], [73.8180258, 18.5628562], [73.8173189, 18.5628322], [73.8171063, 18.5628127], [73.8168809, 18.5627575], [73.8167384, 18.562701], [73.8160503, 18.5622611], [73.8158654, 18.5620765], [73.8157448, 18.5619318], [73.8155826, 18.5617239], [73.815555, 18.5616815], [73.8154723, 18.5615548], [73.8153814, 18.5613942], [73.8153098, 18.5612433], [73.8152482, 18.5610949], [73.8150991, 18.5605621], [73.8150844, 18.5605096], [73.8150619, 18.560458], [73.8150029, 18.5603422]]}}, {"type": "Feature", "id": 214946476, "properties": {"id": 214946476, "name": "Breman Chowk - Khadki Bazar Road", "highway": "primary", "ref": "", "oneway": "yes", "length_km": 0.038}, "geometry": {"type": "LineString", "coordinates": [[73.8407013, 18.5617029], [73.8410609, 18.5616878]]}}, {"type": "Feature", "id": 214946478, "properties": {"id": 214946478, "name": "Breman Chowk - Khadki Bazar Road", "highway": "primary", "ref": "", "oneway": "no", "length_km": 0.58}, "geometry": {"type": "LineString", "coordinates": [[73.8443024, 18.556651], [73.8441763, 18.557101], [73.8441394, 18.5572257], [73.8439422, 18.5576678], [73.8437652, 18.5580302], [73.8431132, 18.5593572], [73.8429326, 18.5595829], [73.8422351, 18.5602522], [73.8422003, 18.5602869], [73.8420516, 18.5604353], [73.8415383, 18.56109]]}}, {"type": "Feature", "id": 215804390, "properties": {"id": 215804390, "name": "Mangaldas Road", "highway": "primary", "ref": "", "oneway": "yes", "length_km": 0.748}, "geometry": {"type": "LineString", "coordinates": [[73.8855836, 18.5378715], [73.8854609, 18.5378595], [73.885419, 18.5378146], [73.8852701, 18.5375898], [73.8846084, 18.5365913], [73.8843187, 18.5362688], [73.8838726, 18.5358872], [73.8838254, 18.5358468], [73.8836016, 18.5357034], [73.8835434, 18.5356661], [73.8834649, 18.5356158], [73.8830579, 18.535395], [73.8825461, 18.5351585], [73.8823101, 18.5350709], [73.8820859, 18.5349878], [73.8816055, 18.5348753], [73.8809895, 18.5348164], [73.8808793, 18.5348043], [73.880655, 18.5347761], [73.8804157, 18.5347538], [73.8797834, 18.5347018]]}}, {"type": "Feature", "id": 215804392, "properties": {"id": 215804392, "name": "Bankimchandra Chatopadhyay Path Underpass", "highway": "primary", "ref": "", "oneway": "yes", "length_km": 0.113}, "geometry": {"type": "LineString", "coordinates": [[73.853193, 18.5292352], [73.8542239, 18.5289571]]}}, {"type": "Feature", "id": 215804399, "properties": {"id": 215804399, "name": "Bankimchandra Chatopadhyay Path Underpass", "highway": "primary", "ref": "", "oneway": "yes", "length_km": 0.125}, "geometry": {"type": "LineString", "coordinates": [[73.8515699, 18.5296985], [73.8527065, 18.5293732]]}}, {"type": "Feature", "id": 216506269, "properties": {"id": 216506269, "name": "Congress Bhavan Path", "highway": "primary", "ref": "", "oneway": "yes", "length_km": 0.092}, "geometry": {"type": "LineString", "coordinates": [[73.8485919, 18.5225665], [73.8485404, 18.5225374], [73.8485111, 18.5225208], [73.8484302, 18.5225], [73.8483443, 18.5224777], [73.8482532, 18.5224581], [73.8481357, 18.5224375], [73.8480156, 18.5224164], [73.847923, 18.5223956], [73.8479103, 18.5223927], [73.84776, 18.522334]]}}, {"type": "Feature", "id": 216506275, "properties": {"id": 216506275, "name": "Moledina Road", "highway": "primary", "ref": "", "oneway": "yes", "length_km": 0.467}, "geometry": {"type": "LineString", "coordinates": [[73.8796426, 18.5182575], [73.8793864, 18.5183293], [73.8791994, 18.5183886], [73.8786533, 18.5185619], [73.8778497, 18.5188044], [73.8774695, 18.5189191], [73.8770569, 18.5190436], [73.8766169, 18.5191764], [73.8765066, 18.5192113], [73.8764038, 18.5192438], [73.8762388, 18.5192935], [73.8761575, 18.519318], [73.8754992, 18.5195193], [73.8754121, 18.5195459]]}}, {"type": "Feature", "id": 216506280, "properties": {"id": 216506280, "name": "Babasaheb Ambedkar Marg", "highway": "primary", "ref": "", "oneway": "yes", "length_km": 0.326}, "geometry": {"type": "LineString", "coordinates": [[73.8701592, 18.523918], [73.8700688, 18.5240685], [73.8699608, 18.5241851], [73.8698569, 18.5242754], [73.8691249, 18.5246513], [73.8687455, 18.5248461], [73.8686624, 18.5248888], [73.8685849, 18.5249211], [73.868366, 18.5250124], [73.8680317, 18.5251847], [73.8677894, 18.5253096], [73.8675481, 18.5254339]]}}, {"type": "Feature", "id": 216506283, "properties": {"id": 216506283, "name": "Babasaheb Ambedkar Marg", "highway": "primary", "ref": "", "oneway": "yes", "length_km": 0.796}, "geometry": {"type": "LineString", "coordinates": [[73.8754121, 18.5195459], [73.8753672, 18.5195599], [73.8751278, 18.5196344], [73.8747335, 18.5197572], [73.8740681, 18.5199643], [73.8737184, 18.5200713], [73.8736526, 18.5200914], [73.8734185, 18.520163], [73.8731687, 18.5202395], [73.8730819, 18.520266], [73.8728727, 18.5203287], [73.8728123, 18.5203485], [73.8726548, 18.5203967], [73.8725587, 18.5204334], [73.8725004, 18.5204556], [73.8722746, 18.5205392], [73.8721652, 18.5205789], [73.8719101, 18.5206714], [73.8717492, 18.5207774], [73.871685, 18.5208613], [73.8716273, 18.5209366], [73.8714286, 18.5213672], [73.8712237, 18.5218454], [73.8711593, 18.5219958], [73.8710765, 18.5221754], [73.8709267, 18.5224695], [73.8708271, 18.5226652], [73.8704168, 18.5233948], [73.8703336, 18.5235428], [73.8702287, 18.5237755], [73.8701592, 18.523918]]}}, {"type": "Feature", "id": 216506286, "properties": {"id": 216506286, "name": "Unnamed Arterial", "highway": "primary", "ref": "", "oneway": "yes", "length_km": 0.012}, "geometry": {"type": "LineString", "coordinates": [[73.8633998, 18.5277988], [73.8633747, 18.5279009]]}}, {"type": "Feature", "id": 216582075, "properties": {"id": 216582075, "name": "Rajgopalachari Chowk", "highway": "primary", "ref": "", "oneway": "yes", "length_km": 0.04}, "geometry": {"type": "LineString", "coordinates": [[73.8682272, 18.5196114], [73.8682429, 18.5196263], [73.8682614, 18.5196381], [73.8682819, 18.5196462], [73.8683038, 18.5196504], [73.868326, 18.5196505], [73.8683479, 18.5196464], [73.8683685, 18.5196384], [73.868387, 18.5196267], [73.8684028, 18.5196119], [73.8684152, 18.5195943], [73.8684238, 18.5195749], [73.8684282, 18.5195542], [73.8684283, 18.5195331], [73.868424, 18.5195124], [73.8684155, 18.5194928], [73.8684032, 18.5194753], [73.8683915, 18.5194603]]}}, {"type": "Feature", "id": 216957618, "properties": {"id": 216957618, "name": "Satara Road", "highway": "trunk", "ref": "NH60", "oneway": "yes", "length_km": 0.482}, "geometry": {"type": "LineString", "coordinates": [[73.8573088, 18.4813147], [73.8573071, 18.4812527], [73.8573037, 18.481158], [73.8573081, 18.4810553], [73.8573128, 18.4803213], [73.8573241, 18.4798426], [73.8573316, 18.4795264], [73.8573339, 18.4791879], [73.8573356, 18.4789324], [73.8573302, 18.4787085], [73.8573208, 18.4785762], [73.8573204, 18.4785379], [73.8573182, 18.4783206], [73.8573101, 18.478184], [73.8572836, 18.4777399], [73.8572665, 18.4775211], [73.8572464, 18.4773844], [73.8572142, 18.4772712], [73.8571475, 18.4771472], [73.8571009, 18.4770868], [73.8570466, 18.4770251]]}}, {"type": "Feature", "id": 216957620, "properties": {"id": 216957620, "name": "Satara Road", "highway": "trunk", "ref": "NH60", "oneway": "yes", "length_km": 0.029}, "geometry": {"type": "LineString", "coordinates": [[73.8570466, 18.4770251], [73.8568743, 18.4768171]]}}, {"type": "Feature", "id": 216957621, "properties": {"id": 216957621, "name": "Satara Road", "highway": "trunk", "ref": "NH60", "oneway": "yes", "length_km": 0.045}, "geometry": {"type": "LineString", "coordinates": [[73.8584065, 18.4986752], [73.8583456, 18.4982739]]}}, {"type": "Feature", "id": 216957622, "properties": {"id": 216957622, "name": "Satara Road", "highway": "trunk", "ref": "NH60", "oneway": "yes", "length_km": 0.044}, "geometry": {"type": "LineString", "coordinates": [[73.8580563, 18.4983432], [73.8580775, 18.4984966], [73.858088, 18.4985728], [73.8581053, 18.4987045], [73.8581094, 18.4987356]]}}, {"type": "Feature", "id": 216957623, "properties": {"id": 216957623, "name": "Satara Road", "highway": "trunk", "ref": "NH60", "oneway": "yes", "length_km": 0.027}, "geometry": {"type": "LineString", "coordinates": [[73.8583456, 18.4982739], [73.8583087, 18.4980334]]}}, {"type": "Feature", "id": 216957624, "properties": {"id": 216957624, "name": "Satara Road", "highway": "trunk", "ref": "NH60", "oneway": "yes", "length_km": 0.375}, "geometry": {"type": "LineString", "coordinates": [[73.8568743, 18.4768171], [73.8567764, 18.4766874], [73.8566463, 18.4765029], [73.8565524, 18.4763579], [73.8564773, 18.476218], [73.8564183, 18.4760832], [73.8563888, 18.4759229], [73.8563754, 18.4757143], [73.8563646, 18.4754815], [73.8563652, 18.4752164], [73.8563817, 18.474981], [73.85639, 18.474584], [73.8564002, 18.4744627], [73.8564451, 18.4737135], [73.8564651, 18.473562]]}}, {"type": "Feature", "id": 216957625, "properties": {"id": 216957625, "name": "Satara Road", "highway": "trunk", "ref": "NH60", "oneway": "yes", "length_km": 0.69}, "geometry": {"type": "LineString", "coordinates": [[73.857814, 18.4683105], [73.8578546, 18.4680046], [73.8578747, 18.4678177], [73.8579646, 18.4670404], [73.8579945, 18.4665981], [73.8580166, 18.4663666], [73.8580477, 18.4659583], [73.8580737, 18.4656272], [73.8581254, 18.465127], [73.8581443, 18.4649441], [73.8582355, 18.4641592], [73.8582558, 18.46398], [73.8582703, 18.4638514], [73.8582867, 18.4636876], [73.8582958, 18.463597], [73.8583052, 18.4634838], [73.8583033, 18.4632196], [73.8583029, 18.4631859], [73.8582751, 18.4625272], [73.8582488, 18.4622081], [73.8581941, 18.4621361]]}}, {"type": "Feature", "id": 216957626, "properties": {"id": 216957626, "name": "Satara Road", "highway": "trunk", "ref": "NH60", "oneway": "yes", "length_km": 0.013}, "geometry": {"type": "LineString", "coordinates": [[73.8576126, 18.487039], [73.8576197, 18.4869255]]}}, {"type": "Feature", "id": 216957627, "properties": {"id": 216957627, "name": "Satara Road", "highway": "trunk", "ref": "NH60", "oneway": "yes", "length_km": 0.01}, "geometry": {"type": "LineString", "coordinates": [[73.8585447, 18.5005474], [73.8585493, 18.5004551]]}}, {"type": "Feature", "id": 216972738, "properties": {"id": 216972738, "name": "Satara Road", "highway": "trunk", "ref": "NH60", "oneway": "yes", "length_km": 0.089}, "geometry": {"type": "LineString", "coordinates": [[73.8589932, 18.4464613], [73.8588926, 18.4468074], [73.8587976, 18.4471515], [73.8587894, 18.447181], [73.8587737, 18.4472369]]}}, {"type": "Feature", "id": 216972750, "properties": {"id": 216972750, "name": "Sadguru Shankar Maharaj Uddanpul", "highway": "trunk", "ref": "", "oneway": "yes", "length_km": 1.213}, "geometry": {"type": "LineString", "coordinates": [[73.8580604, 18.4625342], [73.8580927, 18.4630268], [73.8580918, 18.4633215], [73.8581165, 18.4635598], [73.8581252, 18.4637803], [73.8581109, 18.4639855], [73.8580897, 18.4641894], [73.8580414, 18.4646696], [73.8578258, 18.4666504], [73.8576897, 18.4679407], [73.8575803, 18.4685778], [73.8574296, 18.4693816], [73.8573564, 18.4696791], [73.8571773, 18.4702293], [73.8570524, 18.4706703], [73.8568897, 18.4711634], [73.8566144, 18.4720927], [73.8565113, 18.4724814], [73.856324, 18.4732743]]}}, {"type": "Feature", "id": 216972784, "properties": {"id": 216972784, "name": "NH548DD", "highway": "trunk", "ref": "NH548DD", "oneway": "yes", "length_km": 0.012}, "geometry": {"type": "LineString", "coordinates": [[73.85839, 18.4483162], [73.8584917, 18.4482617]]}}, {"type": "Feature", "id": 217109898, "properties": {"id": 217109898, "name": "Kondhwa Marg", "highway": "primary", "ref": "", "oneway": "yes", "length_km": 0.565}, "geometry": {"type": "LineString", "coordinates": [[73.8838334, 18.4942028], [73.8830577, 18.4951307], [73.88303, 18.4951602], [73.882661, 18.4955531], [73.882257, 18.4959683], [73.8820032, 18.4962647], [73.8813932, 18.4971782], [73.881007, 18.4977567], [73.8807512, 18.4981833], [73.8806596, 18.4982907]]}}, {"type": "Feature", "id": 217109903, "properties": {"id": 217109903, "name": "Kondhwa Marg", "highway": "primary", "ref": "", "oneway": "no", "length_km": 0.289}, "geometry": {"type": "LineString", "coordinates": [[73.8866119, 18.4899288], [73.8867652, 18.4894874], [73.8868321, 18.4892947], [73.8868939, 18.4891581], [73.8869961, 18.4889657], [73.887452, 18.4877384], [73.8875023, 18.4876293], [73.8875577, 18.4875414], [73.8875829, 18.4875013]]}}, {"type": "Feature", "id": 217109905, "properties": {"id": 217109905, "name": "Kondhwa Marg", "highway": "primary", "ref": "", "oneway": "yes", "length_km": 0.441}, "geometry": {"type": "LineString", "coordinates": [[73.8877351, 18.487364], [73.8878409, 18.4873144], [73.8881814, 18.486931], [73.8883331, 18.4867871], [73.8884359, 18.4866896], [73.8889399, 18.4862066], [73.889171, 18.4859644], [73.8892081, 18.4859018], [73.8893112, 18.4857466], [73.8901732, 18.4843917], [73.8902201, 18.4842173]]}}, {"type": "Feature", "id": 217109906, "properties": {"id": 217109906, "name": "Kondhwa Marg", "highway": "primary", "ref": "", "oneway": "yes", "length_km": 0.44}, "geometry": {"type": "LineString", "coordinates": [[73.8901303, 18.4841753], [73.890067, 18.4842287], [73.8899948, 18.4842896], [73.8898698, 18.484486], [73.8896716, 18.4847976], [73.8891961, 18.4855451], [73.8891348, 18.4856413], [73.8890433, 18.4857738], [73.8889844, 18.4858591], [73.8887874, 18.4860717], [73.8883851, 18.4864573], [73.8882882, 18.4865502], [73.8880277, 18.4867972], [73.8877139, 18.4871506], [73.8876815, 18.4871871], [73.8876439, 18.4873258]]}}, {"type": "Feature", "id": 217112808, "properties": {"id": 217112808, "name": "University Road", "highway": "primary", "ref": "", "oneway": "yes", "length_km": 0.6}, "geometry": {"type": "LineString", "coordinates": [[73.8138811, 18.5616884], [73.8136278, 18.5622243], [73.8135653, 18.5623638], [73.813544, 18.5624112], [73.8134493, 18.5626451], [73.8133753, 18.5628279], [73.8132909, 18.5630363], [73.8132649, 18.5631006], [73.8130986, 18.563486], [73.8130047, 18.5637038], [73.8129582, 18.563813], [73.8128645, 18.5640329], [73.8127337, 18.56434], [73.8126193, 18.5646114], [73.8125812, 18.5647019], [73.8124054, 18.565138], [73.8122658, 18.5654843], [73.8121354, 18.5657955], [73.8120664, 18.5659603], [73.8120365, 18.5660315], [73.8119584, 18.5662174], [73.8117842, 18.5666319], [73.8117526, 18.5667072]]}}, {"type": "Feature", "id": 217271036, "properties": {"id": 217271036, "name": "Kamgar Putala", "highway": "primary", "ref": "", "oneway": "yes", "length_km": 0.058}, "geometry": {"type": "LineString", "coordinates": [[73.8576849, 18.528093], [73.8576721, 18.5280727], [73.8576538, 18.5280567], [73.8576315, 18.5280491], [73.857607, 18.5280421], [73.8575822, 18.5280448], [73.8575593, 18.5280539], [73.8575399, 18.5280688], [73.8575258, 18.5280882], [73.8575181, 18.5281107], [73.8575173, 18.5281343], [73.8575236, 18.5281571], [73.8575364, 18.5281774], [73.8575547, 18.5281934], [73.857577, 18.5282039], [73.8576015, 18.528208], [73.8576263, 18.5282053], [73.8576492, 18.5281962], [73.8576685, 18.5281813], [73.8576827, 18.5281618], [73.8576904, 18.5281394], [73.8576912, 18.5281158], [73.8576849, 18.528093]]}}, {"type": "Feature", "id": 217384604, "properties": {"id": 217384604, "name": "Jagannath Shankarsheth Marg", "highway": "trunk", "ref": "NH65", "oneway": "yes", "length_km": 0.522}, "geometry": {"type": "LineString", "coordinates": [[73.8585447, 18.5005474], [73.8586217, 18.5005446], [73.8586361, 18.5005473], [73.8586657, 18.5005582], [73.8586943, 18.5005768], [73.8587115, 18.5005904], [73.8587189, 18.5005963], [73.8587414, 18.5006072], [73.8587695, 18.5006135], [73.8588862, 18.5006236], [73.8591735, 18.5006114], [73.8595344, 18.500596], [73.8597777, 18.5005678], [73.8600409, 18.5005373], [73.8604067, 18.5004916], [73.8606016, 18.5004627], [73.8611068, 18.5003731], [73.8614526, 18.5002903], [73.8614971, 18.5002713], [73.8616714, 18.5001969], [73.8618095, 18.5001715], [73.8620241, 18.5001422], [73.8628381, 18.5000634], [73.8632432, 18.500015], [73.8634344, 18.4999895]]}}, {"type": "Feature", "id": 217397129, "properties": {"id": 217397129, "name": "Castellino Marg", "highway": "trunk", "ref": "NH65", "oneway": "yes", "length_km": 0.009}, "geometry": {"type": "LineString", "coordinates": [[73.8784623, 18.5055116], [73.8784676, 18.5055888]]}}, {"type": "Feature", "id": 217431355, "properties": {"id": 217431355, "name": "Gopal Krushna Gokhale Path", "highway": "primary", "ref": "SH60", "oneway": "yes", "length_km": 0.026}, "geometry": {"type": "LineString", "coordinates": [[73.8420954, 18.5154719], [73.8420323, 18.5156952]]}}, {"type": "Feature", "id": 217431356, "properties": {"id": 217431356, "name": "Gopal Krushna Gokhale Path", "highway": "primary", "ref": "SH60", "oneway": "yes", "length_km": 0.042}, "geometry": {"type": "LineString", "coordinates": [[73.8420323, 18.5156952], [73.8420199, 18.515744], [73.8419601, 18.5160631]]}}, {"type": "Feature", "id": 217431357, "properties": {"id": 217431357, "name": "Jangli Maharaj Path", "highway": "primary", "ref": "SH60", "oneway": "yes", "length_km": 0.906}, "geometry": {"type": "LineString", "coordinates": [[73.84776, 18.522334], [73.8477133, 18.5222841], [73.8472873, 18.521802], [73.8467783, 18.5211909], [73.8462268, 18.5205121], [73.8461982, 18.5204755], [73.8459681, 18.5201809], [73.8459313, 18.5201337], [73.845741, 18.5199074], [73.8455859, 18.5197229], [73.8455402, 18.5196671], [73.8455096, 18.5196297], [73.8452299, 18.5192878], [73.8452166, 18.5192716], [73.8450745, 18.5190977], [73.845058, 18.5190779], [73.8449453, 18.518943], [73.8448748, 18.5188597], [73.8445137, 18.5184331], [73.844453, 18.5183614], [73.8443332, 18.5182265], [73.8441676, 18.51804], [73.8440581, 18.5179167], [73.8439365, 18.5177797], [73.8438682, 18.5177042], [73.843389, 18.5171739], [73.8433202, 18.5170977], [73.843278, 18.5170442], [73.8431972, 18.5169421], [73.8431323, 18.5168602], [73.8429832, 18.5166679], [73.8428465, 18.5164965], [73.8426665, 18.5162708], [73.8426276, 18.5162175], [73.8425655, 18.5161409], [73.8424595, 18.5160044], [73.8424086, 18.5159336]]}}, {"type": "Feature", "id": 217431358, "properties": {"id": 217431358, "name": "Gopal Krushna Gokhale Path", "highway": "primary", "ref": "SH60", "oneway": "yes", "length_km": 0.03}, "geometry": {"type": "LineString", "coordinates": [[73.8422851, 18.5157436], [73.842248, 18.515677], [73.842223, 18.5156314], [73.8422064, 18.5155789], [73.842195, 18.5154916]]}}, {"type": "Feature", "id": 217431367, "properties": {"id": 217431367, "name": "Unnamed Arterial", "highway": "primary_link", "ref": "", "oneway": "yes", "length_km": 0.022}, "geometry": {"type": "LineString", "coordinates": [[73.8420429, 18.5158823], [73.8419601, 18.5160631]]}}, {"type": "Feature", "id": 217431383, "properties": {"id": 217431383, "name": "Unnamed Arterial", "highway": "primary_link", "ref": "", "oneway": "yes", "length_km": 0.012}, "geometry": {"type": "LineString", "coordinates": [[73.8424086, 18.5159336], [73.8423167, 18.515868]]}}, {"type": "Feature", "id": 218110075, "properties": {"id": 218110075, "name": "Narubhau Limaye Path", "highway": "primary", "ref": "", "oneway": "yes", "length_km": 0.039}, "geometry": {"type": "LineString", "coordinates": [[73.8416601, 18.5172509], [73.8416985, 18.5173733], [73.8417267, 18.5174222], [73.8417401, 18.5174455], [73.8417969, 18.5174902], [73.8418682, 18.5175166]]}}, {"type": "Feature", "id": 218681348, "properties": {"id": 218681348, "name": "Jawaharlal Nehru Marg", "highway": "primary", "ref": "", "oneway": "yes", "length_km": 0.539}, "geometry": {"type": "LineString", "coordinates": [[73.8685449, 18.5064061], [73.8685433, 18.5063321], [73.8685425, 18.5061739], [73.8685418, 18.506035], [73.868546, 18.5059077], [73.8685545, 18.5056546], [73.8686099, 18.5051176], [73.868613, 18.5050757], [73.8686606, 18.5046508], [73.8686807, 18.5045154], [73.8687337, 18.504159], [73.8687667, 18.5039376], [73.868795, 18.503765], [73.8688161, 18.503636], [73.8688781, 18.5033356], [73.8689575, 18.5029401], [73.8689915, 18.5027708], [73.8690185, 18.5026362], [73.8690259, 18.5025996], [73.869052, 18.5024695], [73.8690675, 18.5023923], [73.8691437, 18.5020557], [73.8691478, 18.5020331], [73.8692255, 18.5016058]]}}, {"type": "Feature", "id": 218681349, "properties": {"id": 218681349, "name": "Jawaharlal Nehru Marg", "highway": "primary", "ref": "", "oneway": "yes", "length_km": 0.025}, "geometry": {"type": "LineString", "coordinates": [[73.8685392, 18.5066321], [73.8685454, 18.5065008], [73.8685449, 18.5064061]]}}, {"type": "Feature", "id": 218681350, "properties": {"id": 218681350, "name": "Jawaharlal Nehru Marg", "highway": "primary", "ref": "", "oneway": "yes", "length_km": 0.024}, "geometry": {"type": "LineString", "coordinates": [[73.8684699, 18.50641], [73.8684696, 18.5064995], [73.8684637, 18.5066254]]}}, {"type": "Feature", "id": 218681351, "properties": {"id": 218681351, "name": "Jawaharlal Nehru Marg", "highway": "primary", "ref": "", "oneway": "yes", "length_km": 0.544}, "geometry": {"type": "LineString", "coordinates": [[73.8682866, 18.5104892], [73.8683222, 18.5106643], [73.8683312, 18.5107087], [73.8684223, 18.5110136], [73.8685099, 18.5112267], [73.8686331, 18.5114984], [73.8686865, 18.5117288], [73.8686938, 18.5119092], [73.868717, 18.5124843], [73.8687188, 18.5126575], [73.8687073, 18.5127839], [73.8686897, 18.512977], [73.868686, 18.5130535], [73.8686493, 18.5133687], [73.8686378, 18.5136364], [73.8686254, 18.513924], [73.8686196, 18.5139913], [73.8685895, 18.5146357], [73.8685799, 18.5153275]]}}, {"type": "Feature", "id": 227095231, "properties": {"id": 227095231, "name": "Bajirao Road", "highway": "trunk", "ref": "NH60;NH65", "oneway": "yes", "length_km": 0.038}, "geometry": {"type": "LineString", "coordinates": [[73.8538452, 18.5133364], [73.8538184, 18.5136736]]}}, {"type": "Feature", "id": 227095232, "properties": {"id": 227095232, "name": "Bajirao Road", "highway": "trunk", "ref": "NH60;NH65", "oneway": "yes", "length_km": 0.095}, "geometry": {"type": "LineString", "coordinates": [[73.8538184, 18.5136736], [73.8537862, 18.5140175], [73.8537421, 18.5145251]]}}, {"type": "Feature", "id": 227095234, "properties": {"id": 227095234, "name": "East Street", "highway": "primary", "ref": "", "oneway": "no", "length_km": 0.014}, "geometry": {"type": "LineString", "coordinates": [[73.8798807, 18.5136716], [73.8798974, 18.5135454]]}}, {"type": "Feature", "id": 227095235, "properties": {"id": 227095235, "name": "Vishwanath Dinkar Narawane Path", "highway": "primary", "ref": "", "oneway": "yes", "length_km": 0.049}, "geometry": {"type": "LineString", "coordinates": [[73.8295683, 18.5107026], [73.829522, 18.5106436], [73.8292477, 18.5104864], [73.8291833, 18.5104733]]}}, {"type": "Feature", "id": 227095239, "properties": {"id": 227095239, "name": "Sangamwadi Bridge", "highway": "primary", "ref": "", "oneway": "yes", "length_km": 0.259}, "geometry": {"type": "LineString", "coordinates": [[73.8574636, 18.5328289], [73.856263, 18.5325882], [73.8550491, 18.5323475]]}}, {"type": "Feature", "id": 227095253, "properties": {"id": 227095253, "name": "Unnamed Arterial", "highway": "primary", "ref": "", "oneway": "yes", "length_km": 0.079}, "geometry": {"type": "LineString", "coordinates": [[73.8586975, 18.5328678], [73.859452, 18.5328428]]}}, {"type": "Feature", "id": 227937839, "properties": {"id": 227937839, "name": "Navale Flyover", "highway": "trunk", "ref": "NH48", "oneway": "yes", "length_km": 0.322}, "geometry": {"type": "LineString", "coordinates": [[73.8210213, 18.4618795], [73.8214577, 18.4615098], [73.8222937, 18.4609071], [73.8232358, 18.4602694], [73.8234511, 18.4601079]]}}, {"type": "Feature", "id": 227937845, "properties": {"id": 227937845, "name": "Navale Flyover", "highway": "trunk", "ref": "NH48", "oneway": "yes", "length_km": 0.395}, "geometry": {"type": "LineString", "coordinates": [[73.824274, 18.4591223], [73.8246698, 18.4585568], [73.8253554, 18.457577], [73.826378, 18.4561703]]}}, {"type": "Feature", "id": 227937848, "properties": {"id": 227937848, "name": "Navale Flyover", "highway": "trunk", "ref": "NH48", "oneway": "yes", "length_km": 0.14}, "geometry": {"type": "LineString", "coordinates": [[73.8234511, 18.4601079], [73.8236465, 18.4599281], [73.8238013, 18.4597484], [73.824274, 18.4591223]]}}, {"type": "Feature", "id": 227937866, "properties": {"id": 227937866, "name": "Navale Flyover", "highway": "trunk", "ref": "NH48", "oneway": "yes", "length_km": 0.137}, "geometry": {"type": "LineString", "coordinates": [[73.8241477, 18.4590428], [73.8236911, 18.4596703], [73.8235452, 18.4598399], [73.8233555, 18.4600144]]}}, {"type": "Feature", "id": 229849144, "properties": {"id": 229849144, "name": "Gopal Krushna Gokhale Path", "highway": "primary", "ref": "SH60", "oneway": "yes", "length_km": 0.375}, "geometry": {"type": "LineString", "coordinates": [[73.8428724, 18.5281876], [73.8429394, 18.5282545], [73.8429785, 18.528313], [73.8430071, 18.5283703], [73.8430613, 18.528479], [73.8431139, 18.5285758], [73.8432412, 18.52881], [73.8432837, 18.5288883], [73.8435569, 18.529392], [73.8438741, 18.5299751], [73.8444605, 18.5310545], [73.8445264, 18.5311809]]}}, {"type": "Feature", "id": 229849145, "properties": {"id": 229849145, "name": "Gopal Krushna Gokhale Path", "highway": "primary", "ref": "SH60", "oneway": "yes", "length_km": 0.268}, "geometry": {"type": "LineString", "coordinates": [[73.8428724, 18.5281876], [73.8428855, 18.5282775], [73.8429221, 18.5283397], [73.842952, 18.5283947], [73.8431534, 18.5287655], [73.8434711, 18.5293849], [73.8436111, 18.5296577], [73.8439815, 18.5303614]]}}, {"type": "Feature", "id": 229849166, "properties": {"id": 229849166, "name": "Breman Chowk - Khadki Bazar Road", "highway": "primary", "ref": "", "oneway": "yes", "length_km": 0.067}, "geometry": {"type": "LineString", "coordinates": [[73.8410609, 18.5616878], [73.8410983, 18.5616743], [73.841124, 18.5616618], [73.8411513, 18.5616457], [73.8414522, 18.561269], [73.8414473, 18.5612312]]}}, {"type": "Feature", "id": 229904828, "properties": {"id": 229904828, "name": "Dr. Rajendra Prasad Path", "highway": "trunk", "ref": "NH60;NH65", "oneway": "yes", "length_km": 0.216}, "geometry": {"type": "LineString", "coordinates": [[73.8525031, 18.5289808], [73.8518334, 18.5280802], [73.8515163, 18.5277091], [73.8513502, 18.5275179], [73.8512688, 18.5274241]]}}, {"type": "Feature", "id": 229904829, "properties": {"id": 229904829, "name": "Bankimchandra Chatopadhyay Path", "highway": "primary", "ref": "", "oneway": "yes", "length_km": 0.334}, "geometry": {"type": "LineString", "coordinates": [[73.8544409, 18.5288888], [73.854979, 18.5287429], [73.8558726, 18.5285005], [73.8567777, 18.5282551], [73.8573116, 18.5282027], [73.8575236, 18.5281571]]}}, {"type": "Feature", "id": 229970355, "properties": {"id": 229970355, "name": "H. K. Firodia Bridge", "highway": "trunk", "ref": "NH60;65", "oneway": "yes", "length_km": 0.039}, "geometry": {"type": "LineString", "coordinates": [[73.853494, 18.5298152], [73.853744, 18.5300748]]}}, {"type": "Feature", "id": 229970356, "properties": {"id": 229970356, "name": "Old Pune\u2013Mumbai Highway", "highway": "trunk_link", "ref": "NH60;65", "oneway": "yes", "length_km": 0.029}, "geometry": {"type": "LineString", "coordinates": [[73.8547819, 18.5302834], [73.8548445, 18.5303207], [73.854878, 18.5303496], [73.8548985, 18.5303766], [73.8549297, 18.5304853]]}}, {"type": "Feature", "id": 229970357, "properties": {"id": 229970357, "name": "Old Pune\u2013Mumbai Highway", "highway": "trunk", "ref": "NH60;65", "oneway": "yes", "length_km": 0.106}, "geometry": {"type": "LineString", "coordinates": [[73.853744, 18.5300748], [73.8537803, 18.5301119], [73.853838, 18.5301477], [73.8540241, 18.5302121], [73.8540626, 18.5302221], [73.8541769, 18.5302447], [73.8547032, 18.5302788]]}}, {"type": "Feature", "id": 229970360, "properties": {"id": 229970360, "name": "Old Pune\u2013Mumbai Highway", "highway": "trunk", "ref": "NH60;NH65", "oneway": "yes", "length_km": 0.019}, "geometry": {"type": "LineString", "coordinates": [[73.8531929, 18.5294751], [73.8531362, 18.5294465], [73.8530366, 18.5293921]]}}, {"type": "Feature", "id": 230078113, "properties": {"id": 230078113, "name": "Deccan College Road", "highway": "primary", "ref": "", "oneway": "yes", "length_km": 0.753}, "geometry": {"type": "LineString", "coordinates": [[73.8770571, 18.5449576], [73.8771609, 18.5448887], [73.8775763, 18.5446033], [73.8777874, 18.5444582], [73.8778961, 18.544383], [73.8780391, 18.5442841], [73.8785202, 18.5439511], [73.8787721, 18.5438305], [73.8789368, 18.5437781], [73.8791082, 18.5437516], [73.8793067, 18.543758], [73.8794852, 18.5437901], [73.8798543, 18.5439149], [73.88026, 18.5440501], [73.8804417, 18.5440989], [73.8806562, 18.5441396], [73.8810257, 18.5441918], [73.8814367, 18.5442801], [73.8816049, 18.5443315], [73.8816397, 18.5443443], [73.8819993, 18.5444771], [73.882258, 18.5446074], [73.8827113, 18.5448939], [73.8828894, 18.5449993], [73.8829762, 18.5450378], [73.8830953, 18.5450907], [73.8831307, 18.545098], [73.8832526, 18.5451234], [73.8833937, 18.5451527], [73.8835394, 18.5451447]]}}, {"type": "Feature", "id": 230078115, "properties": {"id": 230078115, "name": "Sangamwadi Road", "highway": "primary", "ref": "", "oneway": "yes", "length_km": 1.505}, "geometry": {"type": "LineString", "coordinates": [[73.8771609, 18.5448887], [73.8770866, 18.5447788], [73.8763414, 18.5437007], [73.8761811, 18.5434801], [73.875987, 18.5433316], [73.8759075, 18.5432936], [73.8756233, 18.5431576], [73.8728605, 18.5420248], [73.8724346, 18.5418502], [73.872003, 18.5416973], [73.871586, 18.5415909], [73.8693339, 18.5410337], [73.8682894, 18.5407753], [73.8677627, 18.5406207], [73.8671478, 18.5403777], [73.8664134, 18.5400174], [73.8660255, 18.5397691], [73.8658161, 18.5396045], [73.8650529, 18.5388649], [73.8648552, 18.538738]]}}, {"type": "Feature", "id": 230078116, "properties": {"id": 230078116, "name": "Sangamwadi Road", "highway": "primary", "ref": "", "oneway": "yes", "length_km": 1.504}, "geometry": {"type": "LineString", "coordinates": [[73.8648552, 18.538738], [73.8649196, 18.5389127], [73.8649589, 18.5389537], [73.8657266, 18.5396975], [73.8659459, 18.5398699], [73.8663456, 18.5401258], [73.8670917, 18.5404918], [73.8677175, 18.540739], [73.868253, 18.5408963], [73.8699719, 18.5413216], [73.871552, 18.5417125], [73.8719625, 18.5418172], [73.872385, 18.5419669], [73.8755671, 18.5432715], [73.8759146, 18.5434378], [73.8760828, 18.5435665], [73.8762315, 18.5437713], [73.8766202, 18.5443304], [73.8769808, 18.544849], [73.8770571, 18.5449576]]}}, {"type": "Feature", "id": 230078119, "properties": {"id": 230078119, "name": "NH753F", "highway": "trunk", "ref": "NH753F", "oneway": "yes", "length_km": 0.05}, "geometry": {"type": "LineString", "coordinates": [[73.8832866, 18.5447898], [73.8833305, 18.5449523], [73.8833772, 18.5450314], [73.8834378, 18.5450903], [73.8835394, 18.5451447]]}}, {"type": "Feature", "id": 232745957, "properties": {"id": 232745957, "name": "Rajiv Gandhi Bridge", "highway": "primary", "ref": "", "oneway": "yes", "length_km": 0.137}, "geometry": {"type": "LineString", "coordinates": [[73.8115463, 18.5685258], [73.8116323, 18.5672972]]}}, {"type": "Feature", "id": 232745960, "properties": {"id": 232745960, "name": "University Road", "highway": "primary", "ref": "", "oneway": "yes", "length_km": 0.454}, "geometry": {"type": "LineString", "coordinates": [[73.8116323, 18.5672972], [73.8116529, 18.5671822], [73.8118067, 18.5668212], [73.8118453, 18.5667154], [73.8118697, 18.56665], [73.8119856, 18.5663469], [73.8121179, 18.5659845], [73.8123138, 18.5655044], [73.8124418, 18.5651992], [73.8124767, 18.5651159], [73.8126458, 18.5647556], [73.8126962, 18.5646416], [73.8128457, 18.5643018], [73.8128641, 18.5642587], [73.8129727, 18.5640112], [73.8130595, 18.5638126], [73.8132005, 18.5634899]]}}, {"type": "Feature", "id": 232745961, "properties": {"id": 232745961, "name": "University Road", "highway": "primary", "ref": "", "oneway": "yes", "length_km": 0.069}, "geometry": {"type": "LineString", "coordinates": [[73.8117526, 18.5667072], [73.8117188, 18.5667876], [73.8115614, 18.5671569], [73.8115378, 18.5672913]]}}, {"type": "Feature", "id": 232745966, "properties": {"id": 232745966, "name": "Aundh Ravet Road", "highway": "primary", "ref": "", "oneway": "yes", "length_km": 0.265}, "geometry": {"type": "LineString", "coordinates": [[73.8090069, 18.5701929], [73.8090576, 18.570109], [73.8092211, 18.5698821], [73.8093585, 18.569762], [73.8095052, 18.5696822], [73.8097222, 18.5696133], [73.810805, 18.5693352], [73.8110238, 18.5692504], [73.8111908, 18.5691612]]}}, {"type": "Feature", "id": 232879053, "properties": {"id": 232879053, "name": "Breman Chowk - Khadki Bazar Road", "highway": "primary", "ref": "", "oneway": "yes", "length_km": 0.108}, "geometry": {"type": "LineString", "coordinates": [[73.8464981, 18.5583864], [73.8466739, 18.5578634], [73.8467048, 18.5577537], [73.8467108, 18.5576523], [73.8466976, 18.5576022], [73.8466611, 18.5575537], [73.8465912, 18.5574789]]}}, {"type": "Feature", "id": 232879057, "properties": {"id": 232879057, "name": "Unnamed Arterial", "highway": "primary", "ref": "", "oneway": "yes", "length_km": 0.035}, "geometry": {"type": "LineString", "coordinates": [[73.8443727, 18.5565935], [73.8443606, 18.5565698], [73.8443377, 18.556555], [73.84431, 18.5565531], [73.844285, 18.5565646], [73.8442694, 18.5565863], [73.8442674, 18.5566125], [73.8442795, 18.5566362], [73.8443024, 18.556651], [73.8443301, 18.5566529], [73.844355, 18.5566415], [73.8443706, 18.5566197], [73.8443725, 18.5565963], [73.8443727, 18.5565935]]}}, {"type": "Feature", "id": 232879059, "properties": {"id": 232879059, "name": "Bharatratna J.R.D Tata Flyover", "highway": "primary", "ref": "", "oneway": "yes", "length_km": 0.196}, "geometry": {"type": "LineString", "coordinates": [[73.8225643, 18.6080712], [73.8231177, 18.6097567]]}}, {"type": "Feature", "id": 232879062, "properties": {"id": 232879062, "name": "Bharatratna J.R.D Tata Flyover", "highway": "primary", "ref": "", "oneway": "yes", "length_km": 0.197}, "geometry": {"type": "LineString", "coordinates": [[73.823257, 18.6097161], [73.8226934, 18.6080273]]}}, {"type": "Feature", "id": 232879068, "properties": {"id": 232879068, "name": "Bharatratna J.R.D Tata Flyover", "highway": "primary", "ref": "", "oneway": "yes", "length_km": 0.204}, "geometry": {"type": "LineString", "coordinates": [[73.8183587, 18.6033871], [73.8199756, 18.6044057]]}}, {"type": "Feature", "id": 232879070, "properties": {"id": 232879070, "name": "Bharatratna J.R.D Tata Flyover", "highway": "primary", "ref": "", "oneway": "yes", "length_km": 0.204}, "geometry": {"type": "LineString", "coordinates": [[73.8200654, 18.6042748], [73.8184406, 18.6032662]]}}, {"type": "Feature", "id": 232879084, "properties": {"id": 232879084, "name": "Bharatratna J.R.D Tata Flyover", "highway": "primary", "ref": "", "oneway": "yes", "length_km": 0.34}, "geometry": {"type": "LineString", "coordinates": [[73.8199756, 18.6044057], [73.8201424, 18.6045231], [73.8204382, 18.60477], [73.8206657, 18.6049838], [73.8208792, 18.6051859], [73.8210606, 18.605364], [73.8214061, 18.6057905], [73.8215737, 18.606003], [73.8217321, 18.6062412], [73.8220291, 18.6067417]]}}, {"type": "Feature", "id": 232879086, "properties": {"id": 232879086, "name": "Bharatratna J.R.D Tata Flyover", "highway": "primary", "ref": "", "oneway": "yes", "length_km": 0.511}, "geometry": {"type": "LineString", "coordinates": [[73.8226934, 18.6080273], [73.8224491, 18.6072478], [73.8222987, 18.6068924], [73.8221735, 18.6066144], [73.8221011, 18.6064704], [73.8219535, 18.606213], [73.8217553, 18.6059062], [73.8215488, 18.6056244], [73.8211936, 18.6052126], [73.8210277, 18.6050561], [73.8208666, 18.6049042], [73.8207552, 18.6048037], [73.8206553, 18.6047214], [73.8204089, 18.6045277], [73.8200654, 18.6042748]]}}, {"type": "Feature", "id": 233735600, "properties": {"id": 233735600, "name": "Paud Road", "highway": "primary", "ref": "NH753F", "oneway": "yes", "length_km": 0.142}, "geometry": {"type": "LineString", "coordinates": [[73.7878275, 18.5072435], [73.7878081, 18.5071578], [73.7877672, 18.5070747], [73.7876786, 18.5070073], [73.7875545, 18.5069508], [73.7874037, 18.5069017], [73.787175, 18.506833], [73.7869729, 18.5067926], [73.7867787, 18.5067634], [73.7866686, 18.5067581]]}}, {"type": "Feature", "id": 233840282, "properties": {"id": 233840282, "name": "Bhosari Telco Road", "highway": "primary", "ref": "", "oneway": "yes", "length_km": 0.438}, "geometry": {"type": "LineString", "coordinates": [[73.8451181, 18.615812], [73.8427391, 18.6183885], [73.8425872, 18.6185691], [73.8423953, 18.6188048]]}}, {"type": "Feature", "id": 236178702, "properties": {"id": 236178702, "name": "Bharatratna J.R.D Tata Flyover Ramp", "highway": "primary_link", "ref": "", "oneway": "yes", "length_km": 0.061}, "geometry": {"type": "LineString", "coordinates": [[73.8206657, 18.6049838], [73.8206312, 18.60505], [73.8206263, 18.6050816], [73.8206315, 18.6051086], [73.8206354, 18.6051457], [73.8206356, 18.6051764], [73.8206123, 18.6052542], [73.8205811, 18.6053396], [73.8205715, 18.605374], [73.8205669, 18.60541], [73.8205662, 18.6054432], [73.8205689, 18.6054719], [73.8205819, 18.6055135]]}}, {"type": "Feature", "id": 236178711, "properties": {"id": 236178711, "name": "Bharatratna J.R.D Tata Flyover Ramp", "highway": "primary_link", "ref": "", "oneway": "yes", "length_km": 0.165}, "geometry": {"type": "LineString", "coordinates": [[73.8218846, 18.605575], [73.8218265, 18.6055212], [73.8215561, 18.6050085], [73.8215055, 18.6049452], [73.8214339, 18.604882], [73.8213163, 18.6048304], [73.8212026, 18.6048217], [73.8210906, 18.604842], [73.8209917, 18.604848], [73.8208852, 18.6048368], [73.8207552, 18.6048037]]}}, {"type": "Feature", "id": 238567526, "properties": {"id": 238567526, "name": "New Holkar Bridge", "highway": "primary", "ref": "", "oneway": "yes", "length_km": 0.376}, "geometry": {"type": "LineString", "coordinates": [[73.8624246, 18.554426], [73.8622655, 18.5545968], [73.8621054, 18.5547669], [73.8619762, 18.5549076], [73.8614342, 18.555576], [73.8613611, 18.5556556], [73.8612791, 18.5557301], [73.8611955, 18.5558045], [73.8610429, 18.555929], [73.8609413, 18.5560097], [73.8608543, 18.5560733], [73.860758, 18.5561278], [73.8606099, 18.5561957], [73.8604431, 18.5562516], [73.8597213, 18.5565175]]}}, {"type": "Feature", "id": 238567586, "properties": {"id": 238567586, "name": "Unnamed Arterial", "highway": "primary", "ref": "", "oneway": "yes", "length_km": 0.29}, "geometry": {"type": "LineString", "coordinates": [[73.8614119, 18.5554821], [73.8611639, 18.555719], [73.8609632, 18.555876], [73.860758, 18.5560088], [73.8604455, 18.5561617], [73.8599764, 18.5563207], [73.8595411, 18.5564586], [73.8593332, 18.5565803], [73.8592062, 18.5566969], [73.8590918, 18.5568175]]}}, {"type": "Feature", "id": 238749724, "properties": {"id": 238749724, "name": "Unnamed Arterial", "highway": "primary_link", "ref": "", "oneway": "yes", "length_km": 0.266}, "geometry": {"type": "LineString", "coordinates": [[73.7848044, 18.5923681], [73.784771, 18.5924209], [73.7845349, 18.5928099], [73.784103, 18.593524], [73.7840146, 18.5936717], [73.7837787, 18.5941006], [73.783666, 18.5942931], [73.7836164, 18.594473]]}}, {"type": "Feature", "id": 238749726, "properties": {"id": 238749726, "name": "Aundh Ravet Road", "highway": "primary", "ref": "", "oneway": "yes", "length_km": 2.122}, "geometry": {"type": "LineString", "coordinates": [[73.7509417, 18.6344131], [73.7510613, 18.6341466], [73.7512585, 18.6336673], [73.7513027, 18.6335599], [73.7513229, 18.6335147], [73.7514444, 18.6332433], [73.751493, 18.6331473], [73.7516044, 18.632927], [73.7516978, 18.6327424], [73.7517862, 18.6325576], [73.7520556, 18.63195], [73.7522558, 18.6314983], [73.7523393, 18.6313377], [73.7524655, 18.6311129], [73.7525506, 18.6309845], [73.7526524, 18.6308393], [73.7528837, 18.6305351], [73.7531723, 18.6301754], [73.7534084, 18.6298812], [73.7534364, 18.6298483], [73.7542467, 18.6288952], [73.7543325, 18.628787], [73.7544567, 18.6286303], [73.7561068, 18.626625], [73.756348, 18.6263319], [73.7565891, 18.6260396], [73.7568073, 18.6257737], [73.7568639, 18.6257049], [73.7570539, 18.625474], [73.7571063, 18.6254104], [73.7571471, 18.6253608], [73.7572337, 18.6252555], [73.7575035, 18.6249276], [73.7575133, 18.6249157], [73.7576273, 18.6247772], [73.7578395, 18.6245194], [73.757893, 18.6244544], [73.7579224, 18.6244187], [73.7581214, 18.6241769], [73.7581314, 18.6241647], [73.7581482, 18.6241443], [73.7587909, 18.6233848], [73.7591765, 18.6228946], [73.7593332, 18.6226964], [73.7594216, 18.6225847], [73.7597727, 18.622115], [73.760923, 18.6208424], [73.7609822, 18.6207659], [73.7614878, 18.6201422], [73.7625218, 18.6188665]]}}, {"type": "Feature", "id": 238749727, "properties": {"id": 238749727, "name": "Shree Chatrapati Shivaji Maharaj Flyover", "highway": "primary", "ref": "", "oneway": "yes", "length_km": 0.962}, "geometry": {"type": "LineString", "coordinates": [[73.7682482, 18.6116945], [73.7626266, 18.6185417]]}}, {"type": "Feature", "id": 238749728, "properties": {"id": 238749728, "name": "Shree Chatrapati Shivaji Maharaj Flyover", "highway": "primary", "ref": "", "oneway": "yes", "length_km": 0.963}, "geometry": {"type": "LineString", "coordinates": [[73.7627311, 18.6186246], [73.7683604, 18.6117773]]}}, {"type": "Feature", "id": 238749729, "properties": {"id": 238749729, "name": "Maharastra Bhushan DR Shree Nanasahesb Dharmadhikari Flyover", "highway": "primary", "ref": "", "oneway": "yes", "length_km": 0.779}, "geometry": {"type": "LineString", "coordinates": [[73.7750525, 18.6053519], [73.7780747, 18.6029433], [73.7783709, 18.602695], [73.7785223, 18.6025342], [73.7786829, 18.6023275], [73.7788081, 18.6021457], [73.7796039, 18.6009569], [73.7799435, 18.6004495], [73.7800626, 18.6002716]]}}, {"type": "Feature", "id": 238749730, "properties": {"id": 238749730, "name": "Maharastra Bhushan DR Shree Nanasahesb Dharmadhikari Flyover", "highway": "primary", "ref": "", "oneway": "yes", "length_km": 0.774}, "geometry": {"type": "LineString", "coordinates": [[73.7799341, 18.6001953], [73.7794711, 18.600887], [73.7786803, 18.6020683], [73.7785583, 18.6022455], [73.7784044, 18.6024435], [73.7782637, 18.602593], [73.7779757, 18.6028344], [73.774955, 18.6052418]]}}, {"type": "Feature", "id": 238836092, "properties": {"id": 238836092, "name": "Shivaji Road", "highway": "trunk", "ref": "NH60;NH65", "oneway": "yes", "length_km": 0.111}, "geometry": {"type": "LineString", "coordinates": [[73.8532798, 18.5257947], [73.8533112, 18.5257293], [73.853329, 18.525692], [73.8533327, 18.5256843], [73.8533509, 18.5256424], [73.8535932, 18.5250855], [73.8536433, 18.5249691], [73.8536863, 18.5248748]]}}, {"type": "Feature", "id": 238836096, "properties": {"id": 238836096, "name": "Unnamed Arterial", "highway": "primary_link", "ref": "", "oneway": "yes", "length_km": 0.04}, "geometry": {"type": "LineString", "coordinates": [[73.7649066, 18.569582], [73.7650009, 18.5696059], [73.7650572, 18.5696289], [73.7651059, 18.5696708], [73.7651335, 18.5697095], [73.7651591, 18.5698048]]}}, {"type": "Feature", "id": 238836097, "properties": {"id": 238836097, "name": "Sadguru Morya Gosavi Underpass", "highway": "trunk", "ref": "NH60", "oneway": "yes", "length_km": 0.027}, "geometry": {"type": "LineString", "coordinates": [[73.852555, 18.5264612], [73.8524613, 18.5265799], [73.8523911, 18.5266513]]}}, {"type": "Feature", "id": 239844585, "properties": {"id": 239844585, "name": "Gopal Hari Deshmukh Marg", "highway": "primary", "ref": "", "oneway": "yes", "length_km": 1.922}, "geometry": {"type": "LineString", "coordinates": [[73.7661124, 18.5690656], [73.7666607, 18.5687556], [73.7667689, 18.5686987], [73.7667955, 18.5686847], [73.7669506, 18.5685982], [73.7669993, 18.56857], [73.7673827, 18.5683572], [73.7675291, 18.5682735], [73.7677777, 18.5681314], [73.767883, 18.5680593], [73.7679468, 18.5679988], [73.7680011, 18.5679339], [73.7680559, 18.567848], [73.7681728, 18.5676137], [73.7682484, 18.5674623], [73.768301, 18.5673759], [73.7683629, 18.5672983], [73.7684143, 18.5672429], [73.7684978, 18.5671661], [73.7685758, 18.5671095], [73.7686802, 18.5670561], [73.7688184, 18.566994], [73.7694235, 18.5667956], [73.7698442, 18.5666512], [73.7701328, 18.5665521], [73.7702736, 18.5665037], [73.7704705, 18.5664365], [73.7706084, 18.5663854], [73.7707968, 18.5663155], [73.7711608, 18.5661732], [73.771193, 18.5661597], [73.771277, 18.5661248], [73.7714399, 18.5660571], [73.7715056, 18.566029], [73.7715469, 18.5660114], [73.7716667, 18.5659607], [73.7717667, 18.5659183], [73.7717773, 18.5659138], [73.7720035, 18.565818], [73.7722379, 18.5657187], [73.7725514, 18.5655859], [73.7726815, 18.5655367], [73.7727877, 18.5654966], [73.7730171, 18.5654142], [73.7732009, 18.5653481], [73.7733602, 18.5652874], [73.7735793, 18.5652039], [73.7737625, 18.5651341], [73.7738291, 18.5651086], [73.7739348, 18.5650682], [73.7739615, 18.5650571], [73.774115, 18.5649933], [73.7743352, 18.5649018], [73.7745199, 18.5648298], [73.7747534, 18.5647451], [73.774802, 18.5647258], [73.7749427, 18.5646756], [73.775075, 18.5646329], [73.7752205, 18.5645983], [73.7754197, 18.5645448], [73.7755779, 18.5645062], [73.7757129, 18.5644733], [73.7758523, 18.5644433], [73.7759205, 18.5644287], [73.7760887, 18.5644003], [73.7762768, 18.5643686], [73.776426, 18.5643486], [73.7765825, 18.5643276], [73.7766889, 18.5643133], [73.7768069, 18.5642957], [73.7769105, 18.5642825], [73.7773039, 18.5642349], [73.7773663, 18.5642269], [73.7775164, 18.5642123], [73.777627, 18.5642044], [73.7777075, 18.5642015], [73.7777874, 18.5641987], [73.7778784, 18.5641977], [73.7779567, 18.5641969], [73.7782978, 18.5642102], [73.7785761, 18.5642211], [73.7787193, 18.5642271], [73.77877, 18.5642292], [73.7788073, 18.5642303], [73.7789633, 18.564235], [73.7791906, 18.564235], [73.7792551, 18.5642341], [73.7794357, 18.5642315], [73.7796121, 18.5642289], [73.7801492, 18.5642212], [73.7805025, 18.564219], [73.7808619, 18.5642109], [73.781008, 18.5642062], [73.7811393, 18.5641896], [73.7811616, 18.5641853], [73.78131, 18.5641568], [73.7814001, 18.5641337], [73.781511, 18.5641054], [73.7815835, 18.564082], [73.7819497, 18.5639639], [73.7824616, 18.5637988], [73.7825799, 18.5637556], [73.7826835, 18.5637099], [73.7827143, 18.5636915], [73.7827704, 18.5636581], [73.7828947, 18.5635726]]}}, {"type": "Feature", "id": 239844586, "properties": {"id": 239844586, "name": "Gopal Hari Deshmukh Marg", "highway": "primary", "ref": "", "oneway": "yes", "length_km": 0.045}, "geometry": {"type": "LineString", "coordinates": [[73.7981066, 18.5549737], [73.7985366, 18.5549718]]}}, {"type": "Feature", "id": 239844587, "properties": {"id": 239844587, "name": "Gopal Hari Deshmukh Marg", "highway": "primary", "ref": "", "oneway": "yes", "length_km": 0.045}, "geometry": {"type": "LineString", "coordinates": [[73.7985003, 18.5548823], [73.7980672, 18.5548903]]}}, {"type": "Feature", "id": 239844588, "properties": {"id": 239844588, "name": "Gopal Hari Deshmukh Marg", "highway": "primary", "ref": "", "oneway": "yes", "length_km": 1.337}, "geometry": {"type": "LineString", "coordinates": [[73.7985366, 18.5549718], [73.798708, 18.5549873], [73.7988371, 18.5550052], [73.7993955, 18.5550828], [73.7995713, 18.5551049], [73.7996968, 18.5551058], [73.7998404, 18.5550871], [73.7999568, 18.5550563], [73.8000721, 18.5550102], [73.8001856, 18.5549649], [73.8004262, 18.5548687], [73.8005363, 18.554825], [73.8006661, 18.5547821], [73.8010791, 18.5546456], [73.8011318, 18.5546252], [73.8011755, 18.5546083], [73.8012246, 18.5545829], [73.801284, 18.5545505], [73.8019228, 18.5541186], [73.8020704, 18.5540062], [73.8022889, 18.5537925], [73.8024352, 18.5536182], [73.8025103, 18.5535217], [73.8025352, 18.5534896], [73.8026782, 18.5532876], [73.8027353, 18.553214], [73.8027779, 18.5531591], [73.8028413, 18.5530829], [73.8029113, 18.553007], [73.802986, 18.5529346], [73.8031036, 18.5528352], [73.8034271, 18.5525664], [73.8035916, 18.5523994], [73.8037732, 18.5522107], [73.8041263, 18.5518204], [73.8041533, 18.551794], [73.8042357, 18.5517142], [73.8043638, 18.5516], [73.8044566, 18.5515295], [73.8045398, 18.5514664], [73.8049276, 18.5511723], [73.8050224, 18.5510978], [73.8051756, 18.5510004], [73.8054535, 18.5508623], [73.8059026, 18.5507013], [73.8060581, 18.5506653], [73.8084614, 18.550266], [73.8093672, 18.5501155], [73.8094698, 18.5500876]]}}, {"type": "Feature", "id": 239984385, "properties": {"id": 239984385, "name": "Bund Garden Bridge", "highway": "trunk", "ref": "NH753F", "oneway": "yes", "length_km": 0.027}, "geometry": {"type": "LineString", "coordinates": [[73.8846775, 18.5447753], [73.8846914, 18.5447066], [73.8847047, 18.5446409], [73.8847262, 18.5445351]]}}, {"type": "Feature", "id": 240145850, "properties": {"id": 240145850, "name": "Unnamed Arterial", "highway": "primary", "ref": "", "oneway": "yes", "length_km": 0.93}, "geometry": {"type": "LineString", "coordinates": [[73.8057801, 18.6263765], [73.8064179, 18.625639], [73.8065022, 18.6255415], [73.8066091, 18.6254178], [73.8069281, 18.6250488], [73.8070058, 18.624959], [73.8071935, 18.6247419], [73.8072908, 18.6246294], [73.8079519, 18.6238648], [73.8081278, 18.6236614], [73.8084947, 18.6232371], [73.8086582, 18.623048], [73.8105217, 18.6208927], [73.8110384, 18.6202951], [73.8113892, 18.6198894]]}}, {"type": "Feature", "id": 242052499, "properties": {"id": 242052499, "name": "Unnamed Arterial", "highway": "primary_link", "ref": "", "oneway": "yes", "length_km": 0.061}, "geometry": {"type": "LineString", "coordinates": [[73.8409901, 18.6197686], [73.8410546, 18.6197819], [73.8410901, 18.6198007], [73.8411174, 18.6198272], [73.8411457, 18.6198624], [73.8411713, 18.6198964], [73.8411919, 18.6199289], [73.8412068, 18.6199656], [73.8412328, 18.6200344], [73.8412708, 18.6202028]]}}, {"type": "Feature", "id": 242682760, "properties": {"id": 242682760, "name": "Unnamed Arterial", "highway": "primary", "ref": "", "oneway": "yes", "length_km": 0.477}, "geometry": {"type": "LineString", "coordinates": [[73.8174335, 18.6122874], [73.8170952, 18.6125888], [73.81519, 18.6148163], [73.8148909, 18.615166], [73.8148067, 18.6152645], [73.8147444, 18.6153374], [73.8146926, 18.615398], [73.8145926, 18.6156226]]}}, {"type": "Feature", "id": 242690106, "properties": {"id": 242690106, "name": "Aundh Ravet Road", "highway": "primary", "ref": "", "oneway": "yes", "length_km": 0.068}, "geometry": {"type": "LineString", "coordinates": [[73.7685632, 18.611512], [73.7686881, 18.6113487], [73.7687954, 18.6112083], [73.7688758, 18.6111066], [73.7689481, 18.6110244]]}}, {"type": "Feature", "id": 242690107, "properties": {"id": 242690107, "name": "Aundh Ravet Road", "highway": "primary", "ref": "", "oneway": "yes", "length_km": 2.129}, "geometry": {"type": "LineString", "coordinates": [[73.7623868, 18.6187676], [73.7623383, 18.6188276], [73.7621353, 18.6190692], [73.7619633, 18.619291], [73.761889, 18.6193749], [73.7615895, 18.619713], [73.7608571, 18.6206549], [73.7608255, 18.6206955], [73.7607906, 18.6207403], [73.7605868, 18.6209658], [73.7599641, 18.6216547], [73.7596386, 18.6220148], [73.7590401, 18.6227975], [73.7590145, 18.6228285], [73.7587107, 18.623197], [73.7581053, 18.62392], [73.7579413, 18.6241157], [73.7578867, 18.6241963], [73.7575234, 18.6246367], [73.7573802, 18.6248103], [73.7573348, 18.6248652], [73.7571677, 18.6250674], [73.7570939, 18.6251421], [73.7565543, 18.6258096], [73.7561393, 18.6263118], [73.7559745, 18.6265121], [73.7555272, 18.6270559], [73.7550612, 18.6276224], [73.7547803, 18.6279638], [73.754532, 18.6282574], [73.7543212, 18.6285321], [73.754216, 18.6286648], [73.754112, 18.6287959], [73.7538682, 18.6290698], [73.7533593, 18.6296415], [73.7532686, 18.6297434], [73.7531443, 18.6298727], [73.7529152, 18.6301988], [73.752907, 18.6302104], [73.7527465, 18.6304389], [73.7525121, 18.6307472], [73.7524073, 18.6308967], [73.7523177, 18.6310318], [73.7521874, 18.631264], [73.7521005, 18.6314312], [73.7517454, 18.6320957], [73.7516004, 18.6324261], [73.7515293, 18.6325879], [73.7514553, 18.6327384], [73.7512888, 18.6331767], [73.7511446, 18.6334989], [73.7510589, 18.6337074], [73.7509962, 18.6338598], [73.7509083, 18.6340735], [73.7508105, 18.6343741]]}}, {"type": "Feature", "id": 243952354, "properties": {"id": 243952354, "name": "Vishnushastri Chiplunkar Path", "highway": "primary", "ref": "", "oneway": "yes", "length_km": 0.409}, "geometry": {"type": "LineString", "coordinates": [[73.8288247, 18.5154149], [73.8292625, 18.5165829], [73.829402, 18.5169405], [73.8295741, 18.5173875], [73.8298995, 18.5179829], [73.8299921, 18.51819], [73.8300968, 18.5184128], [73.8301846, 18.5185919], [73.8302342, 18.5187294], [73.8302583, 18.5188317]]}}, {"type": "Feature", "id": 243952356, "properties": {"id": 243952356, "name": "Vishnushastri Chiplunkar Path", "highway": "primary", "ref": "", "oneway": "yes", "length_km": 0.115}, "geometry": {"type": "LineString", "coordinates": [[73.8305376, 18.5201311], [73.8304652, 18.5199128], [73.8304278, 18.5196455], [73.8304118, 18.5194558], [73.8303857, 18.5191108]]}}, {"type": "Feature", "id": 244141049, "properties": {"id": 244141049, "name": "National Games Marg", "highway": "primary", "ref": "", "oneway": "yes", "length_km": 0.05}, "geometry": {"type": "LineString", "coordinates": [[73.9038873, 18.5785299], [73.9035778, 18.5782748], [73.9035203, 18.5782543]]}}, {"type": "Feature", "id": 244141069, "properties": {"id": 244141069, "name": "Unnamed Arterial", "highway": "primary", "ref": "", "oneway": "yes", "length_km": 0.037}, "geometry": {"type": "LineString", "coordinates": [[73.9037765, 18.578611], [73.9037685, 18.5787522], [73.9037603, 18.5788054], [73.9037245, 18.5789383]]}}, {"type": "Feature", "id": 244141070, "properties": {"id": 244141070, "name": "Unnamed Arterial", "highway": "primary", "ref": "", "oneway": "yes", "length_km": 0.033}, "geometry": {"type": "LineString", "coordinates": [[73.9037701, 18.5789499], [73.9038125, 18.5788194], [73.9038353, 18.5787707], [73.903898, 18.578677]]}}, {"type": "Feature", "id": 244141072, "properties": {"id": 244141072, "name": "National Games Marg", "highway": "primary", "ref": "", "oneway": "yes", "length_km": 0.047}, "geometry": {"type": "LineString", "coordinates": [[73.9035203, 18.5782543], [73.9035509, 18.5783134], [73.9037122, 18.5784818], [73.903744, 18.5785258], [73.903777, 18.5785955]]}}, {"type": "Feature", "id": 244401344, "properties": {"id": 244401344, "name": "Unnamed Arterial", "highway": "trunk_link", "ref": "", "oneway": "yes", "length_km": 0.05}, "geometry": {"type": "LineString", "coordinates": [[73.8535892, 18.5049437], [73.853624, 18.5050382], [73.8536635, 18.5051065], [73.8537041, 18.5051395], [73.8537575, 18.5051615], [73.8537936, 18.5051718], [73.8538297, 18.5051821], [73.8539292, 18.5051831]]}}, {"type": "Feature", "id": 245590253, "properties": {"id": 245590253, "name": "Unnamed Arterial", "highway": "trunk_link", "ref": "", "oneway": "yes", "length_km": 0.058}, "geometry": {"type": "LineString", "coordinates": [[73.8370746, 18.5722146], [73.836857, 18.5723809], [73.8367922, 18.5724372], [73.8366801, 18.5725799]]}}, {"type": "Feature", "id": 245590255, "properties": {"id": 245590255, "name": "Unnamed Arterial", "highway": "trunk_link", "ref": "", "oneway": "yes", "length_km": 0.027}, "geometry": {"type": "LineString", "coordinates": [[73.8366801, 18.5725799], [73.8367383, 18.5725591], [73.8368054, 18.5725456], [73.8368392, 18.5725451], [73.8368663, 18.5725553], [73.8369149, 18.5725979]]}}, {"type": "Feature", "id": 246580194, "properties": {"id": 246580194, "name": "Karve Road", "highway": "primary", "ref": "", "oneway": "yes", "length_km": 0.466}, "geometry": {"type": "LineString", "coordinates": [[73.8211361, 18.5041519], [73.8209794, 18.5040544], [73.8205371, 18.5037792], [73.8202879, 18.5036045], [73.8200613, 18.5034384], [73.8198463, 18.5032698], [73.8198208, 18.5032561], [73.8196575, 18.5031682], [73.8194768, 18.5030919], [73.8194444, 18.5030782], [73.8189336, 18.5028841], [73.8185865, 18.5027712], [73.8185243, 18.5027507], [73.8183674, 18.5026978], [73.8183094, 18.5026814], [73.8175699, 18.5024613], [73.8171741, 18.5023542]]}}, {"type": "Feature", "id": 246580195, "properties": {"id": 246580195, "name": "Karve Road", "highway": "primary", "ref": "SH60", "oneway": "yes", "length_km": 0.129}, "geometry": {"type": "LineString", "coordinates": [[73.8405299, 18.513159], [73.8405749, 18.5131772], [73.8406368, 18.5132022], [73.8407609, 18.513253], [73.8409232, 18.5133433], [73.8410905, 18.513455], [73.8412146, 18.5135751], [73.8413569, 18.5137105], [73.8414998, 18.5138464]]}}, {"type": "Feature", "id": 246580196, "properties": {"id": 246580196, "name": "Karve Road", "highway": "primary", "ref": "SH60", "oneway": "yes", "length_km": 0.176}, "geometry": {"type": "LineString", "coordinates": [[73.8292539, 18.5075347], [73.8292374, 18.5075253], [73.8289997, 18.5073892], [73.8287298, 18.507273], [73.8284528, 18.5071341], [73.8282275, 18.5070243], [73.8280532, 18.5069363], [73.8279419, 18.5068934], [73.8277499, 18.5068374]]}}, {"type": "Feature", "id": 246580197, "properties": {"id": 246580197, "name": "Karve Road", "highway": "primary", "ref": "", "oneway": "yes", "length_km": 0.149}, "geometry": {"type": "LineString", "coordinates": [[73.8210758, 18.5042498], [73.8211432, 18.5042902], [73.8212325, 18.5043437], [73.8214458, 18.5044714], [73.8215228, 18.5045113], [73.8218035, 18.5046567], [73.8223205, 18.5048883]]}}, {"type": "Feature", "id": 246580198, "properties": {"id": 246580198, "name": "Karve Road", "highway": "primary", "ref": "SH60", "oneway": "yes", "length_km": 0.365}, "geometry": {"type": "LineString", "coordinates": [[73.8405641, 18.5130809], [73.840485, 18.5130505], [73.8402424, 18.5129587], [73.839788, 18.5127867], [73.8397044, 18.5127507], [73.8395117, 18.5126677], [73.8393448, 18.5125958], [73.8393109, 18.5125812], [73.838844, 18.5123529], [73.8382004, 18.512039], [73.8374298, 18.5116572]]}}, {"type": "Feature", "id": 246580199, "properties": {"id": 246580199, "name": "Karve Road", "highway": "primary", "ref": "SH60", "oneway": "yes", "length_km": 0.365}, "geometry": {"type": "LineString", "coordinates": [[73.8374021, 18.5117398], [73.8376948, 18.5118848], [73.838159, 18.5121148], [73.8384649, 18.512264], [73.838803, 18.5124289], [73.8389841, 18.5125175], [73.8392716, 18.5126581], [73.8395503, 18.5127781], [73.8397526, 18.5128652], [73.8398134, 18.5128882], [73.840448, 18.5131284], [73.8405299, 18.513159]]}}, {"type": "Feature", "id": 246580200, "properties": {"id": 246580200, "name": "Karve Road", "highway": "primary", "ref": "SH60", "oneway": "yes", "length_km": 0.02}, "geometry": {"type": "LineString", "coordinates": [[73.8340112, 18.5100129], [73.833847, 18.5099225]]}}, {"type": "Feature", "id": 246580201, "properties": {"id": 246580201, "name": "Karve Road", "highway": "primary", "ref": "SH60", "oneway": "yes", "length_km": 0.06}, "geometry": {"type": "LineString", "coordinates": [[73.8308014, 18.5084885], [73.8309043, 18.5085415], [73.831221, 18.5087046], [73.8313026, 18.5087466]]}}, {"type": "Feature", "id": 246580202, "properties": {"id": 246580202, "name": "Karve Road", "highway": "primary", "ref": "SH60", "oneway": "yes", "length_km": 0.007}, "geometry": {"type": "LineString", "coordinates": [[73.8371543, 18.5115179], [73.8370964, 18.5114881]]}}, {"type": "Feature", "id": 246580203, "properties": {"id": 246580203, "name": "Karve Road", "highway": "primary", "ref": "SH60", "oneway": "yes", "length_km": 0.335}, "geometry": {"type": "LineString", "coordinates": [[73.8342614, 18.5102375], [73.8345419, 18.5103781], [73.8348422, 18.5105082], [73.8351707, 18.5106504], [73.8353717, 18.5107436], [73.8358146, 18.5109719], [73.8360965, 18.5110991], [73.8361462, 18.5111245], [73.8363573, 18.5112168], [73.8364074, 18.5112415], [73.8366571, 18.5113644], [73.8368919, 18.51148], [73.8371095, 18.5115919]]}}, {"type": "Feature", "id": 246580204, "properties": {"id": 246580204, "name": "Vishnushastri Chiplunkar Path", "highway": "primary", "ref": "", "oneway": "yes", "length_km": 0.288}, "geometry": {"type": "LineString", "coordinates": [[73.8299082, 18.5177954], [73.8295737, 18.5171409], [73.8295553, 18.5170929], [73.8293817, 18.5166402], [73.8293003, 18.5164281], [73.8291786, 18.5161083], [73.8289046, 18.5153885]]}}, {"type": "Feature", "id": 246996012, "properties": {"id": 246996012, "name": "Kasarwadi - Pimple Gurav Road", "highway": "primary", "ref": "", "oneway": "no", "length_km": 0.774}, "geometry": {"type": "LineString", "coordinates": [[73.8215788, 18.60632], [73.8214125, 18.6065902], [73.8208831, 18.6074143], [73.820768, 18.6075908], [73.8206962, 18.607701], [73.8204995, 18.6079538], [73.8201911, 18.6083503], [73.8196804, 18.6090068], [73.8195435, 18.6091584], [73.8194266, 18.6092765], [73.8179358, 18.6105314], [73.8178021, 18.6106439], [73.8176636, 18.610781], [73.8175328, 18.6109428], [73.817482, 18.6110215], [73.8174713, 18.611058], [73.8174697, 18.6110886], [73.817482, 18.6111149], [73.8175805, 18.6112373], [73.8177338, 18.6113761], [73.8178855, 18.6116212], [73.8179281, 18.6117144]]}}, {"type": "Feature", "id": 248228810, "properties": {"id": 248228810, "name": "Sinhagad Road", "highway": "primary", "ref": "", "oneway": "yes", "length_km": 0.022}, "geometry": {"type": "LineString", "coordinates": [[73.817749, 18.4666612], [73.8177111, 18.4666336], [73.8175831, 18.4665403]]}}, {"type": "Feature", "id": 248228811, "properties": {"id": 248228811, "name": "Sinhagad Road", "highway": "primary", "ref": "", "oneway": "no", "length_km": 0.043}, "geometry": {"type": "LineString", "coordinates": [[73.7880584, 18.4452083], [73.7878533, 18.4450969], [73.7876992, 18.4450132]]}}, {"type": "Feature", "id": 248228813, "properties": {"id": 248228813, "name": "Sinhagad Road", "highway": "primary", "ref": "", "oneway": "yes", "length_km": 0.023}, "geometry": {"type": "LineString", "coordinates": [[73.8174969, 18.4666434], [73.8176382, 18.466744], [73.8176745, 18.4667699]]}}, {"type": "Feature", "id": 248228815, "properties": {"id": 248228815, "name": "Sinhagad Road", "highway": "primary", "ref": "", "oneway": "yes", "length_km": 0.051}, "geometry": {"type": "LineString", "coordinates": [[73.8175831, 18.4665403], [73.8175223, 18.4664928], [73.8172121, 18.4662501]]}}, {"type": "Feature", "id": 248228816, "properties": {"id": 248228816, "name": "Sinhagad Road", "highway": "primary", "ref": "", "oneway": "yes", "length_km": 0.979}, "geometry": {"type": "LineString", "coordinates": [[73.809084, 18.458571], [73.8089357, 18.4584677], [73.8087377, 18.4583475], [73.8085618, 18.4582543], [73.8084278, 18.4581903], [73.8083678, 18.45817], [73.8082449, 18.4581283], [73.8080499, 18.4580742], [73.808007, 18.4580654], [73.8078237, 18.4580278], [73.8073813, 18.4579371], [73.8069659, 18.4578519], [73.8059821, 18.4576502], [73.8059143, 18.4576363], [73.805858, 18.4576248], [73.8055903, 18.4575699], [73.8054395, 18.457539], [73.8049308, 18.4574347], [73.8047431, 18.4573962], [73.8042321, 18.4572914], [73.8038895, 18.4572328], [73.8035929, 18.4571969], [73.8033525, 18.4571771], [73.8032889, 18.4571719], [73.8031903, 18.4571693], [73.8025527, 18.4571528], [73.8023816, 18.4571484], [73.8022168, 18.4571391], [73.8021003, 18.4571209], [73.8019427, 18.4570826], [73.8017904, 18.4570392], [73.8016695, 18.4570089], [73.8013769, 18.4569357], [73.8010529, 18.4568546], [73.80097, 18.4568339], [73.8008613, 18.4568033], [73.8005973, 18.4567282], [73.8003663, 18.4566625], [73.8001826, 18.4566102], [73.8000706, 18.4566224]]}}, {"type": "Feature", "id": 248228818, "properties": {"id": 248228818, "name": "Sinhagad Road", "highway": "primary", "ref": "", "oneway": "yes", "length_km": 0.853}, "geometry": {"type": "LineString", "coordinates": [[73.8000706, 18.4566224], [73.8001596, 18.456688], [73.8002493, 18.4567138], [73.8008373, 18.4568827], [73.8009458, 18.4569139], [73.8016287, 18.4570827], [73.8017665, 18.4571168], [73.8019198, 18.4571605], [73.8020828, 18.4572001], [73.8022073, 18.4572196], [73.8022986, 18.4572272], [73.8023779, 18.4572291], [73.8025539, 18.4572348], [73.8030687, 18.4572519], [73.8037045, 18.4573002], [73.8038765, 18.4573127], [73.8039376, 18.4573232], [73.8042155, 18.4573707], [73.804444, 18.4574171], [73.8057849, 18.4576896], [73.8058993, 18.4577128], [73.8060882, 18.4577512], [73.806657, 18.4578667], [73.8069485, 18.4579259], [73.8073411, 18.4580084], [73.8079944, 18.4581456]]}}, {"type": "Feature", "id": 248228819, "properties": {"id": 248228819, "name": "Sinhagad Road", "highway": "primary", "ref": "", "oneway": "yes", "length_km": 0.511}, "geometry": {"type": "LineString", "coordinates": [[73.8172121, 18.4662501], [73.8168366, 18.46598], [73.8166811, 18.4658682], [73.8166259, 18.4658097], [73.8165317, 18.4656943], [73.8164036, 18.4655092], [73.8160591, 18.4650114], [73.8159762, 18.4648677], [73.8159005, 18.4647177], [73.8158819, 18.4646808], [73.8156904, 18.4643182], [73.8154024, 18.4637803], [73.8149954, 18.4629898], [73.8148805, 18.4627666], [73.8147343, 18.4624621], [73.8146841, 18.4623834]]}}, {"type": "Feature", "id": 248228820, "properties": {"id": 248228820, "name": "Sinhagad Road", "highway": "primary", "ref": "", "oneway": "yes", "length_km": 0.129}, "geometry": {"type": "LineString", "coordinates": [[73.8176745, 18.4667699], [73.8177866, 18.4668647], [73.8185424, 18.4675919]]}}, {"type": "Feature", "id": 248228826, "properties": {"id": 248228826, "name": "Sinhagad Road", "highway": "primary", "ref": "", "oneway": "no", "length_km": 0.885}, "geometry": {"type": "LineString", "coordinates": [[73.7733165, 18.4388602], [73.77372, 18.439025], [73.7740178, 18.439138], [73.7745601, 18.4393614], [73.774608, 18.4393811], [73.7747632, 18.4394376], [73.774797, 18.4394442], [73.7749202, 18.4394684], [73.7750772, 18.439477], [73.7752387, 18.4395048], [73.7752559, 18.4395078], [73.7754003, 18.4395455], [73.7755555, 18.4396088], [73.7756493, 18.4396807], [73.775754, 18.4397852], [73.7758749, 18.4399598], [73.776021, 18.4402041], [73.7760807, 18.440304], [73.7761619, 18.4404204], [73.7762251, 18.4404632], [73.7763171, 18.4405008], [73.7767647, 18.4406344], [73.7768856, 18.4406823], [73.7770462, 18.4407833], [73.7771726, 18.4409083], [73.7772736, 18.441071], [73.7774228, 18.4413139], [73.7774673, 18.4413862], [73.7774839, 18.4414133], [73.7776608, 18.4417013], [73.7780451, 18.4423269], [73.7780923, 18.4423838], [73.7781778, 18.442448], [73.7783297, 18.4425242], [73.7784662, 18.4425739], [73.7797939, 18.4429519], [73.7799873, 18.4430095]]}}, {"type": "Feature", "id": 248228827, "properties": {"id": 248228827, "name": "Narveer Tanaji Malusare Marg (Sinhagad Road)", "highway": "primary", "ref": "", "oneway": "yes", "length_km": 0.244}, "geometry": {"type": "LineString", "coordinates": [[73.8117686, 18.4600724], [73.8116231, 18.4599631], [73.8114341, 18.4598471], [73.8113201, 18.459805], [73.8111479, 18.459735], [73.8110089, 18.4596971], [73.8105445, 18.4595505], [73.8104888, 18.4595331], [73.8099918, 18.4593783], [73.8098028, 18.4592929], [73.8096564, 18.4591956]]}}, {"type": "Feature", "id": 248228828, "properties": {"id": 248228828, "name": "Dhayari Phata Over Bridge", "highway": "primary", "ref": "", "oneway": "yes", "length_km": 0.36}, "geometry": {"type": "LineString", "coordinates": [[73.8116656, 18.4601895], [73.811983, 18.4604708], [73.8124472, 18.4608066], [73.8126206, 18.4609206], [73.8129441, 18.4611061], [73.8135112, 18.4614575], [73.8136756, 18.4615657], [73.8138314, 18.4616788], [73.8139724, 18.4617959], [73.8143909, 18.4621432]]}}, {"type": "Feature", "id": 248228829, "properties": {"id": 248228829, "name": "Narveer Tanaji Malusare Marg (Sinhagad Road)", "highway": "primary", "ref": "", "oneway": "yes", "length_km": 0.299}, "geometry": {"type": "LineString", "coordinates": [[73.8103131, 18.4596657], [73.8104291, 18.4597565], [73.8106809, 18.4598199], [73.8111098, 18.4599491], [73.8112103, 18.4599854], [73.8112534, 18.460001], [73.8113614, 18.4600697], [73.8115023, 18.4601559], [73.8116467, 18.4602771], [73.8119586, 18.4605461], [73.8122272, 18.460767], [73.8124242, 18.460883], [73.8126242, 18.4610076], [73.8127063, 18.4610471]]}}, {"type": "Feature", "id": 248228830, "properties": {"id": 248228830, "name": "Dhayari Phata Over Bridge", "highway": "primary", "ref": "", "oneway": "yes", "length_km": 0.359}, "geometry": {"type": "LineString", "coordinates": [[73.8144227, 18.462104], [73.8138679, 18.4616335], [73.8137137, 18.4615144], [73.813547, 18.4614046], [73.8129791, 18.4610527], [73.8126567, 18.4608678], [73.8124862, 18.4607557], [73.8120259, 18.4604228], [73.8117109, 18.4601435]]}}, {"type": "Feature", "id": 248228832, "properties": {"id": 248228832, "name": "Sinhagad Road", "highway": "primary", "ref": "", "oneway": "yes", "length_km": 0.177}, "geometry": {"type": "LineString", "coordinates": [[73.8090567, 18.4586717], [73.8091432, 18.4587416], [73.8092237, 18.4588151], [73.8093257, 18.4589259], [73.8096168, 18.4593131], [73.8097351, 18.4594142], [73.8098152, 18.459477], [73.8098999, 18.4595282], [73.80998, 18.4595705], [73.8100786, 18.4596085], [73.810172, 18.459635], [73.8103131, 18.4596657]]}}, {"type": "Feature", "id": 248228833, "properties": {"id": 248228833, "name": "Dhayari Phata Over Bridge", "highway": "primary", "ref": "", "oneway": "yes", "length_km": 0.245}, "geometry": {"type": "LineString", "coordinates": [[73.8117109, 18.4601435], [73.811669, 18.4600943], [73.8115598, 18.4600111], [73.8114483, 18.4599419], [73.8113415, 18.4598879], [73.811188, 18.459826], [73.8110604, 18.459785], [73.8106157, 18.4596671], [73.8103859, 18.4596052], [73.8101372, 18.4595299], [73.8100461, 18.4595044], [73.8099632, 18.4594634], [73.8098885, 18.4594214], [73.8098196, 18.4593627], [73.8096996, 18.459253], [73.8096564, 18.4591956]]}}, {"type": "Feature", "id": 249210792, "properties": {"id": 249210792, "name": "Unnamed Arterial", "highway": "primary_link", "ref": "", "oneway": "no", "length_km": 0.016}, "geometry": {"type": "LineString", "coordinates": [[73.8207232, 18.4711556], [73.8208666, 18.4711031]]}}, {"type": "Feature", "id": 250116179, "properties": {"id": 250116179, "name": "Karve Road", "highway": "primary", "ref": "SH60", "oneway": "yes", "length_km": 0.021}, "geometry": {"type": "LineString", "coordinates": [[73.8313753, 18.5086051], [73.8312923, 18.5085624], [73.8312011, 18.5085154]]}}, {"type": "Feature", "id": 250116182, "properties": {"id": 250116182, "name": "Karve Road", "highway": "primary", "ref": "SH60", "oneway": "yes", "length_km": 0.128}, "geometry": {"type": "LineString", "coordinates": [[73.8415826, 18.5137712], [73.8414452, 18.5136406], [73.8412876, 18.5134908], [73.8411516, 18.5133826], [73.8409691, 18.5132699], [73.8408017, 18.5131767], [73.8406731, 18.5131241], [73.8406095, 18.513099]]}}, {"type": "Feature", "id": 250116186, "properties": {"id": 250116186, "name": "Karve Road", "highway": "primary", "ref": "SH60", "oneway": "yes", "length_km": 0.027}, "geometry": {"type": "LineString", "coordinates": [[73.8335799, 18.5098963], [73.8337057, 18.5099593], [73.8338081, 18.5100105]]}}, {"type": "Feature", "id": 250116188, "properties": {"id": 250116188, "name": "Karve Road", "highway": "primary", "ref": "SH60", "oneway": "yes", "length_km": 0.117}, "geometry": {"type": "LineString", "coordinates": [[73.8414998, 18.5138464], [73.8415661, 18.5139077], [73.8421049, 18.5144052], [73.8422077, 18.514481], [73.8422113, 18.5144837], [73.8422596, 18.5145142], [73.8423273, 18.5145486]]}}, {"type": "Feature", "id": 250140471, "properties": {"id": 250140471, "name": "Karve Road", "highway": "primary", "ref": "SH59", "oneway": "yes", "length_km": 0.593}, "geometry": {"type": "LineString", "coordinates": [[73.805548, 18.4803513], [73.8055806, 18.4803639], [73.8056528, 18.4803916], [73.8057558, 18.4804492], [73.8058375, 18.4805239], [73.8060104, 18.4807152], [73.8061747, 18.4808694], [73.8065553, 18.4811902], [73.8068685, 18.4814543], [73.8070696, 18.4815959], [73.8077856, 18.4821361], [73.8078242, 18.482165], [73.8087279, 18.4828419], [73.8090843, 18.4831011], [73.8093222, 18.4832841], [73.8094997, 18.4834437], [73.8096492, 18.4835833], [73.8097553, 18.4837129], [73.8098273, 18.4838017]]}}, {"type": "Feature", "id": 250140473, "properties": {"id": 250140473, "name": "Karve Road", "highway": "primary", "ref": "SH59", "oneway": "yes", "length_km": 0.014}, "geometry": {"type": "LineString", "coordinates": [[73.80556, 18.4802536], [73.8054291, 18.480231]]}}, {"type": "Feature", "id": 250140476, "properties": {"id": 250140476, "name": "Karve Road", "highway": "primary", "ref": "SH59", "oneway": "yes", "length_km": 0.012}, "geometry": {"type": "LineString", "coordinates": [[73.8054349, 18.4803318], [73.805548, 18.4803513]]}}, {"type": "Feature", "id": 250140478, "properties": {"id": 250140478, "name": "Karve Road", "highway": "primary", "ref": "SH59", "oneway": "yes", "length_km": 0.068}, "geometry": {"type": "LineString", "coordinates": [[73.8054291, 18.480231], [73.8052642, 18.4802149], [73.804779, 18.4801929]]}}, {"type": "Feature", "id": 250162139, "properties": {"id": 250162139, "name": "Gopal Hari Deshmukh Marg", "highway": "primary", "ref": "", "oneway": "yes", "length_km": 0.021}, "geometry": {"type": "LineString", "coordinates": [[73.7839807, 18.5623955], [73.7840667, 18.5622281]]}}, {"type": "Feature", "id": 250162140, "properties": {"id": 250162140, "name": "Gopal Hari Deshmukh Marg", "highway": "primary", "ref": "", "oneway": "yes", "length_km": 0.018}, "geometry": {"type": "LineString", "coordinates": [[73.783998, 18.5621732], [73.7839222, 18.5623192]]}}, {"type": "Feature", "id": 250162145, "properties": {"id": 250162145, "name": "Gopal Hari Deshmukh Marg", "highway": "primary", "ref": "", "oneway": "yes", "length_km": 1.912}, "geometry": {"type": "LineString", "coordinates": [[73.7828427, 18.5635085], [73.7827226, 18.563591], [73.7826851, 18.5636134], [73.7826426, 18.5636387], [73.7825591, 18.5636781], [73.7824325, 18.5637228], [73.7822302, 18.5637881], [73.7814861, 18.564028], [73.7814226, 18.5640443], [73.7812904, 18.5640781], [73.7811252, 18.5641098], [73.7810009, 18.5641255], [73.7808597, 18.5641301], [73.7808297, 18.5641305], [73.7804174, 18.564136], [73.7799159, 18.5641435], [73.7796976, 18.5641468], [73.7796067, 18.5641481], [73.779436, 18.5641506], [73.77919, 18.5641542], [73.7789646, 18.5641542], [73.7787733, 18.5641484], [73.7787233, 18.5641463], [73.7785801, 18.5641404], [73.7784042, 18.5641335], [73.7780993, 18.5641216], [73.7779581, 18.5641161], [73.7778091, 18.5641176], [73.7777854, 18.5641178], [73.7776221, 18.5641236], [73.7775088, 18.5641318], [73.7773562, 18.5641466], [73.7771415, 18.564174], [73.7768749, 18.5642099], [73.7767712, 18.5642232], [73.7766773, 18.5642332], [73.7765201, 18.5642543], [73.7763921, 18.5642715], [73.7762633, 18.5642888], [73.7759036, 18.5643495], [73.7756929, 18.5643947], [73.7753984, 18.5644585], [73.7751946, 18.5645064], [73.7750487, 18.5645544], [73.7749126, 18.5645951], [73.7747603, 18.5646516], [73.7745721, 18.5647243], [73.7740649, 18.5649203], [73.7738157, 18.5650238], [73.7737306, 18.5650591], [73.7736905, 18.5650744], [73.7731699, 18.5652727], [73.7729362, 18.5653567], [73.7727568, 18.5654212], [73.7725182, 18.5655114], [73.7720665, 18.5657027], [73.7715806, 18.5659086], [73.7715515, 18.5659192], [73.7714716, 18.5659583], [73.7714083, 18.5659865], [73.7711273, 18.5660988], [73.7709731, 18.5661591], [73.7707649, 18.5662405], [73.7704405, 18.5663609], [73.7702451, 18.5664275], [73.7697721, 18.5665869], [73.7694207, 18.5667053], [73.7691679, 18.5667905], [73.768999, 18.5668445], [73.7688125, 18.5669041], [73.7686416, 18.566984], [73.7685294, 18.5670414], [73.7684419, 18.5671048], [73.7683525, 18.5671872], [73.7682968, 18.5672472], [73.7682298, 18.5673311], [73.7681728, 18.5674247], [73.7680981, 18.5675745], [73.7679807, 18.5678097], [73.7679309, 18.5678876], [73.767883, 18.567945], [73.7678275, 18.5679976], [73.7677307, 18.5680639], [73.7676448, 18.5681156], [73.767468, 18.5682109], [73.7671107, 18.5684034], [73.7669746, 18.568478], [73.7667326, 18.5686105], [73.7666374, 18.5686582], [73.766567, 18.5686919], [73.7661526, 18.5689557]]}}, {"type": "Feature", "id": 250162151, "properties": {"id": 250162151, "name": "Gopal Hari Deshmukh Marg", "highway": "primary", "ref": "", "oneway": "yes", "length_km": 1.427}, "geometry": {"type": "LineString", "coordinates": [[73.7840667, 18.5622281], [73.7840871, 18.5621983], [73.7841117, 18.5621623], [73.7841822, 18.5620815], [73.7843071, 18.5619733], [73.7844189, 18.561899], [73.7845249, 18.5618392], [73.7846074, 18.5617985], [73.784707, 18.5617642], [73.7847874, 18.5617445], [73.7848255, 18.5617351], [73.7851579, 18.5616944], [73.7856288, 18.5616368], [73.785783, 18.5616122], [73.7858884, 18.561594], [73.7861551, 18.561548], [73.7862837, 18.5615334], [73.7863819, 18.561529], [73.7865427, 18.5615218], [73.7868853, 18.5615066], [73.7869388, 18.5614975], [73.7870209, 18.5614836], [73.7871384, 18.5614412], [73.7872091, 18.5614087], [73.7872646, 18.5613832], [73.7873941, 18.56131], [73.7877332, 18.5610856], [73.7878125, 18.5610331], [73.7878904, 18.5609664], [73.7881166, 18.5607671], [73.7881743, 18.5607158], [73.7882604, 18.5606393], [73.7884195, 18.560478], [73.7885157, 18.5603726], [73.7885806, 18.5602769], [73.7887699, 18.5601004], [73.7889137, 18.5600108], [73.7889683, 18.5599768], [73.7890321, 18.5599374], [73.7893324, 18.5597522], [73.7894066, 18.5597124], [73.7894611, 18.5596832], [73.7896075, 18.559613], [73.7899264, 18.559476], [73.7902912, 18.5593408], [73.7905061, 18.5592647], [73.7908578, 18.559145], [73.7911647, 18.5590423], [73.791292, 18.558992], [73.7914081, 18.5589428], [73.7915723, 18.5588608], [73.7917583, 18.5587546], [73.7918043, 18.5587342], [73.7921391, 18.5585194], [73.7922288, 18.5584465], [73.7923542, 18.5583644], [73.7929539, 18.5579717], [73.7931788, 18.5578244], [73.7933021, 18.5577368], [73.7934534, 18.5576167], [73.7937653, 18.5573477], [73.7938462, 18.5572779], [73.7939426, 18.55718], [73.7939814, 18.5571318], [73.79417, 18.5568911], [73.794241, 18.5567967], [73.7947589, 18.5560906], [73.7949246, 18.5558647], [73.7950002, 18.5557825], [73.7950675, 18.5557164], [73.7951689, 18.5556275]]}}, {"type": "Feature", "id": 250317049, "properties": {"id": 250317049, "name": "Paud Road", "highway": "primary", "ref": "NH753F", "oneway": "no", "length_km": 0.034}, "geometry": {"type": "LineString", "coordinates": [[73.7601464, 18.5024936], [73.7603849, 18.5027037]]}}, {"type": "Feature", "id": 250317050, "properties": {"id": 250317050, "name": "Paud Road", "highway": "primary", "ref": "NH753F", "oneway": "no", "length_km": 1.671}, "geometry": {"type": "LineString", "coordinates": [[73.7603849, 18.5027037], [73.7606403, 18.5029527], [73.7608492, 18.5030983], [73.7609142, 18.5031436], [73.7611409, 18.5032874], [73.7614748, 18.5034565], [73.7620231, 18.50366], [73.7629486, 18.5040043], [73.7638539, 18.5043556], [73.7647581, 18.5047025], [73.7650423, 18.5048115], [73.765865, 18.5051181], [73.7661727, 18.5052243], [73.7665549, 18.5053222], [73.7669707, 18.5054444], [73.7671423, 18.5054999], [73.7673023, 18.5055984], [73.7674719, 18.5057013], [73.7677431, 18.5059326], [73.7679511, 18.506117], [73.7681159, 18.5063286], [73.7681868, 18.5064563], [73.7681999, 18.5064814], [73.7683362, 18.506765], [73.768415, 18.5068661], [73.7685022, 18.5069348], [73.7686497, 18.5070124], [73.7689501, 18.5071599], [73.7690533, 18.5072177], [73.7692845, 18.5073474], [73.7693685, 18.5074121], [73.7695058, 18.5075165], [73.7695367, 18.5075401], [73.7696099, 18.5075961], [73.7697239, 18.5076787], [73.7698366, 18.5077283], [73.7699774, 18.5077576], [73.7701824, 18.5077696], [73.7702161, 18.5077716], [73.7704399, 18.5077683], [73.7704763, 18.5077678], [73.7705437, 18.5077615], [73.7706006, 18.5077562], [73.7706472, 18.5077518], [73.7707204, 18.5077449], [73.7710677, 18.5077156], [73.7712101, 18.5077004], [73.7712225, 18.5076991], [73.7719307, 18.5076233], [73.7722934, 18.5075845], [73.7723874, 18.5075745], [73.7726201, 18.5075434], [73.7729746, 18.5074946], [73.7730727, 18.5074829], [73.7733174, 18.5074606], [73.773404, 18.5074552], [73.7738174, 18.5074296], [73.7740847, 18.5074192], [73.7745727, 18.5074003], [73.7746411, 18.5073977]]}}, {"type": "Feature", "id": 250952416, "properties": {"id": 250952416, "name": "Aundh Ravet Road", "highway": "primary", "ref": "", "oneway": "yes", "length_km": 1.025}, "geometry": {"type": "LineString", "coordinates": [[73.8044162, 18.5755035], [73.8024604, 18.5773642], [73.80186, 18.5779378], [73.8006873, 18.5790583], [73.8001939, 18.5795297], [73.7995803, 18.58013], [73.799216, 18.5804911], [73.797925, 18.5817261], [73.7978443, 18.5817936], [73.7978175, 18.5818159], [73.7976279, 18.5819871], [73.7975476, 18.5820596]]}}, {"type": "Feature", "id": 250952417, "properties": {"id": 250952417, "name": "Aundh Ravet Road", "highway": "primary", "ref": "", "oneway": "yes", "length_km": 0.465}, "geometry": {"type": "LineString", "coordinates": [[73.807358, 18.5723856], [73.8068739, 18.5729284], [73.8065734, 18.5732398], [73.806438, 18.5733962], [73.8060441, 18.5739208], [73.8053671, 18.5746697], [73.8044162, 18.5755035]]}}, {"type": "Feature", "id": 250952420, "properties": {"id": 250952420, "name": "Wakad Road", "highway": "primary", "ref": "", "oneway": "yes", "length_km": 0.567}, "geometry": {"type": "LineString", "coordinates": [[73.7905017, 18.5867286], [73.7901422, 18.5868811], [73.7895951, 18.5870578], [73.7883022, 18.5873947], [73.7879402, 18.587493], [73.785286, 18.5880317]]}}, {"type": "Feature", "id": 250952421, "properties": {"id": 250952421, "name": "Wakad Flyover", "highway": "primary", "ref": "", "oneway": "yes", "length_km": 0.054}, "geometry": {"type": "LineString", "coordinates": [[73.7600939, 18.5923809], [73.7606051, 18.5924527]]}}, {"type": "Feature", "id": 250952422, "properties": {"id": 250952422, "name": "Wakad Flyover", "highway": "primary", "ref": "", "oneway": "yes", "length_km": 0.575}, "geometry": {"type": "LineString", "coordinates": [[73.760617, 18.5924008], [73.7600979, 18.5923354], [73.759262, 18.592213], [73.759189, 18.5922039], [73.7587069, 18.5921417], [73.7585786, 18.5921257], [73.7582804, 18.5920875], [73.7574965, 18.5920089], [73.757061, 18.591971], [73.756816, 18.5919667], [73.7563485, 18.5919634], [73.7561617, 18.591963], [73.7556697, 18.591967], [73.7551698, 18.5919558]]}}, {"type": "Feature", "id": 250952423, "properties": {"id": 250952423, "name": "Wakad Road", "highway": "primary", "ref": "", "oneway": "yes", "length_km": 1.243}, "geometry": {"type": "LineString", "coordinates": [[73.7656898, 18.5918494], [73.7659376, 18.591707], [73.7660214, 18.5916588], [73.7661182, 18.5915953], [73.7663642, 18.591436], [73.766575, 18.5913018], [73.7667762, 18.5911889], [73.7668734, 18.5911423], [73.7672359, 18.5909684], [73.7678492, 18.5906734], [73.7684136, 18.5904152], [73.7685291, 18.5903624], [73.7686306, 18.5902999], [73.7686435, 18.5902952], [73.768783, 18.5902445], [73.768938, 18.590207], [73.7691167, 18.5901879], [73.7692417, 18.5901828], [73.7693407, 18.5901787], [73.7696984, 18.5901778], [73.7699529, 18.5901771], [73.7706161, 18.590175], [73.7707604, 18.590174], [73.7718178, 18.5901724], [73.7720052, 18.590177], [73.7723932, 18.5901865], [73.7727305, 18.5901913], [73.773269, 18.5901659], [73.7734101, 18.5901516], [73.7735021, 18.5901242], [73.7737715, 18.590044], [73.7738653, 18.5900182], [73.7739406, 18.58999], [73.7740084, 18.5899647], [73.7741547, 18.58991], [73.7742513, 18.5898694], [73.7747002, 18.5896805], [73.7748031, 18.5896396], [73.7751001, 18.589513], [73.7754766, 18.5893784], [73.7758029, 18.5892771], [73.7759096, 18.5892486], [73.7760193, 18.5892258], [73.7761957, 18.5891907], [73.7762834, 18.5891733], [73.7763699, 18.5891661], [73.7766235, 18.5891448], [73.7766751, 18.5891409], [73.7768168, 18.5891461], [73.7768846, 18.5891486]]}}, {"type": "Feature", "id": 250952424, "properties": {"id": 250952424, "name": "Wakad Road", "highway": "primary", "ref": "", "oneway": "yes", "length_km": 1.556}, "geometry": {"type": "LineString", "coordinates": [[73.7768019, 18.588904], [73.7766163, 18.5889223], [73.7762465, 18.5889606], [73.7759732, 18.5890145], [73.7757399, 18.5890698], [73.775401, 18.5891749], [73.7750139, 18.5893134], [73.7746081, 18.5894833], [73.7740668, 18.5897111], [73.7739679, 18.5897481], [73.7739456, 18.5897564], [73.7737917, 18.5898139], [73.7736851, 18.5898432], [73.773583, 18.5898713], [73.7734796, 18.5898955], [73.7733819, 18.5899179], [73.7732541, 18.5899436], [73.7731405, 18.5899554], [73.7730182, 18.5899694], [73.7727297, 18.5899757], [73.7723978, 18.589971], [73.7721397, 18.5899647], [73.7718205, 18.5899568], [73.7714765, 18.5899577], [73.7710942, 18.5899587], [73.7707929, 18.5899595], [73.770454, 18.5899603], [73.7693355, 18.5899631], [73.7692647, 18.589966], [73.7690991, 18.5899728], [73.7688969, 18.5899945], [73.7688329, 18.59001], [73.768714, 18.5900387], [73.7685706, 18.5900847], [73.7685461, 18.5900973], [73.7685225, 18.5901095], [73.7684378, 18.590153], [73.7683021, 18.5902205], [73.7682315, 18.5902556], [73.7680617, 18.5903401], [73.7675719, 18.5905839], [73.7673678, 18.5906748], [73.7671578, 18.5907715], [73.766996, 18.5908398], [73.7666832, 18.590994], [73.7666283, 18.5910213], [73.7664535, 18.5911194], [73.7664195, 18.5911411], [73.7662303, 18.5912615], [73.7660998, 18.5913589], [73.7659934, 18.5914383], [73.7659109, 18.5915152], [73.7658881, 18.5915353], [73.765822, 18.5916377], [73.7656845, 18.5917338], [73.7655979, 18.5917801], [73.7653341, 18.5918944], [73.7652874, 18.5919131], [73.7652048, 18.5919463], [73.7649726, 18.5920077], [73.7647054, 18.5920535], [73.7644238, 18.5920816], [73.7643016, 18.5920871], [73.763911, 18.5921048], [73.7635741, 18.5921269], [73.7634451, 18.5921422], [73.7632469, 18.5921658], [73.762972, 18.5921926], [73.7627755, 18.5921942]]}}, {"type": "Feature", "id": 250952425, "properties": {"id": 250952425, "name": "Wakad Road", "highway": "primary", "ref": "", "oneway": "yes", "length_km": 0.306}, "geometry": {"type": "LineString", "coordinates": [[73.7628419, 18.5923513], [73.7629438, 18.5923312], [73.762977, 18.5923247], [73.7632592, 18.5922549], [73.7635832, 18.5922164], [73.7639166, 18.5921945], [73.764431, 18.5921712], [73.7647189, 18.5921425], [73.7649939, 18.5920954], [73.7652303, 18.5920328], [73.765379, 18.5919798], [73.7654728, 18.5919415], [73.7655266, 18.5919195], [73.7656898, 18.5918494]]}}, {"type": "Feature", "id": 250952426, "properties": {"id": 250952426, "name": "Wakad Road", "highway": "primary", "ref": "", "oneway": "yes", "length_km": 0.212}, "geometry": {"type": "LineString", "coordinates": [[73.7627755, 18.5921942], [73.7625733, 18.5922005], [73.7625197, 18.5922048], [73.7624343, 18.5922041], [73.7618641, 18.5922908], [73.7615167, 18.5923487], [73.7613429, 18.5923723], [73.7611841, 18.5923925], [73.7611069, 18.5924381], [73.760924, 18.5924271], [73.7607847, 18.5924187]]}}, {"type": "Feature", "id": 250957607, "properties": {"id": 250957607, "name": "Rahatani Road", "highway": "primary", "ref": "", "oneway": "yes", "length_km": 0.29}, "geometry": {"type": "LineString", "coordinates": [[73.7903442, 18.5971436], [73.7901564, 18.5970643], [73.7901212, 18.5969988], [73.790087, 18.5969688], [73.7900009, 18.5968934], [73.7892203, 18.5961547], [73.7891176, 18.5960543], [73.7890086, 18.5959476], [73.7885419, 18.5954912], [73.788358, 18.5953521]]}}, {"type": "Feature", "id": 250957617, "properties": {"id": 250957617, "name": "Wakad - Nashik Phata BRTS Road | Wakad - Bhosari BRTS Road | Nashik Phata Road", "highway": "primary", "ref": "", "oneway": "yes", "length_km": 0.813}, "geometry": {"type": "LineString", "coordinates": [[73.7904866, 18.5972601], [73.7905968, 18.5971619], [73.790695, 18.5971265], [73.7908746, 18.5970241], [73.7911931, 18.5969332], [73.7915874, 18.5968436], [73.7919636, 18.5967914], [73.7924409, 18.5967698], [73.7929034, 18.5967837], [73.7942972, 18.5968364], [73.7946612, 18.5968658], [73.7949598, 18.5969104], [73.7952129, 18.5969658], [73.7954704, 18.5970364], [73.7957246, 18.5971294], [73.7959801, 18.5972535], [73.7961965, 18.5974024], [73.7965169, 18.5976529], [73.7967516, 18.5978145], [73.7969686, 18.5979337], [73.7971889, 18.5980358], [73.7974243, 18.5981275], [73.7976425, 18.5981922], [73.7977567, 18.5982159]]}}, {"type": "Feature", "id": 253443556, "properties": {"id": 253443556, "name": "NDA Road", "highway": "primary", "ref": "SH59", "oneway": "yes", "length_km": 0.224}, "geometry": {"type": "LineString", "coordinates": [[73.8041214, 18.4801981], [73.8040608, 18.4801987], [73.8040361, 18.4801989], [73.8034229, 18.4802365], [73.8032527, 18.480259], [73.8031371, 18.4802842], [73.8028898, 18.4803527], [73.8023829, 18.4804931], [73.8020397, 18.4805881]]}}, {"type": "Feature", "id": 253976045, "properties": {"id": 253976045, "name": "Kaspate Vasti Road", "highway": "primary", "ref": "", "oneway": "yes", "length_km": 0.94}, "geometry": {"type": "LineString", "coordinates": [[73.7770967, 18.6034027], [73.7769786, 18.6031907], [73.7767211, 18.6027285], [73.7767041, 18.6026979], [73.7766737, 18.6026434], [73.7765545, 18.6024294], [73.7758382, 18.6011438], [73.7755335, 18.6006055], [73.7754262, 18.6004062], [73.7753735, 18.6002941], [73.7753492, 18.6002425], [73.7752191, 18.5999831], [73.7751458, 18.5998369], [73.774963, 18.5994745], [73.7747849, 18.5991215], [73.7747403, 18.5990331], [73.7747052, 18.5989517], [73.7745415, 18.5986473], [73.7745291, 18.5986141], [73.7744845, 18.5984953], [73.7744774, 18.598479], [73.7742601, 18.5979079], [73.7742395, 18.597861], [73.7741943, 18.5976828], [73.7741573, 18.597537], [73.7741294, 18.5973844], [73.7741129, 18.597318], [73.774069, 18.5970101], [73.7740319, 18.5967504], [73.7740149, 18.5965942], [73.7739622, 18.5962317], [73.7739504, 18.5961474], [73.7738978, 18.595801], [73.7738671, 18.595596]]}}, {"type": "Feature", "id": 253976046, "properties": {"id": 253976046, "name": "Kaspate Vasti Road", "highway": "primary", "ref": "", "oneway": "yes", "length_km": 0.761}, "geometry": {"type": "LineString", "coordinates": [[73.7735261, 18.592466], [73.7734889, 18.5925387], [73.7734942, 18.5927528], [73.7734968, 18.5928553], [73.7734982, 18.5929123], [73.7735066, 18.5931348], [73.7735152, 18.5933643], [73.7735177, 18.5934315], [73.7735232, 18.5935783], [73.7735296, 18.593669], [73.7735459, 18.5938998], [73.7735576, 18.5939809], [73.7736123, 18.5943612], [73.7736284, 18.5944812], [73.7736579, 18.5946691], [73.7736702, 18.5947767], [73.7737048, 18.5950103], [73.7737233, 18.5951586], [73.7737314, 18.5952207], [73.7737615, 18.5954558], [73.7737814, 18.5955916], [73.7737885, 18.5956489], [73.7738352, 18.5959679], [73.773869, 18.5961501], [73.7738801, 18.5962349], [73.7740287, 18.597331], [73.7740362, 18.5973882], [73.7740452, 18.5974278], [73.7740739, 18.5975542], [73.7741537, 18.5978476], [73.7741662, 18.5978934], [73.7741796, 18.5979347], [73.7743322, 18.5983357], [73.7743514, 18.5983862], [73.7744433, 18.5986275], [73.7744628, 18.5986788], [73.7746106, 18.5989657], [73.7746658, 18.5990789], [73.7747114, 18.5991632]]}}, {"type": "Feature", "id": 253976050, "properties": {"id": 253976050, "name": "Unnamed Arterial", "highway": "primary", "ref": "", "oneway": "yes", "length_km": 0.039}, "geometry": {"type": "LineString", "coordinates": [[73.7770308, 18.6034575], [73.7770806, 18.6036206], [73.7771347, 18.6037979]]}}, {"type": "Feature", "id": 256157763, "properties": {"id": 256157763, "name": "Chimaji Appa Peshwe Path", "highway": "primary_link", "ref": "", "oneway": "yes", "length_km": 0.046}, "geometry": {"type": "LineString", "coordinates": [[73.8538564, 18.4993992], [73.8537733, 18.4994616], [73.8537623, 18.4994653], [73.8536926, 18.499499], [73.8536034, 18.4995168], [73.8534508, 18.4995218]]}}, {"type": "Feature", "id": 256435605, "properties": {"id": 256435605, "name": "Kondhwa Main Road", "highway": "primary", "ref": "", "oneway": "yes", "length_km": 0.402}, "geometry": {"type": "LineString", "coordinates": [[73.8890294, 18.4724972], [73.8890674, 18.4726424], [73.8890819, 18.4728183], [73.8891102, 18.4731621], [73.8891173, 18.4732352], [73.8891758, 18.4735673], [73.8892965, 18.4742515], [73.8893737, 18.4746511], [73.8894825, 18.4752143], [73.8895332, 18.4754764], [73.8896111, 18.4760739]]}}, {"type": "Feature", "id": 256435606, "properties": {"id": 256435606, "name": "Kondhwa Main Road", "highway": "primary", "ref": "", "oneway": "yes", "length_km": 0.109}, "geometry": {"type": "LineString", "coordinates": [[73.8899867, 18.4623399], [73.889562, 18.4630201], [73.8895396, 18.463056], [73.8894752, 18.4631939]]}}, {"type": "Feature", "id": 256435607, "properties": {"id": 256435607, "name": "Kondhwa Main Road", "highway": "primary", "ref": "", "oneway": "yes", "length_km": 0.212}, "geometry": {"type": "LineString", "coordinates": [[73.8896242, 18.4633373], [73.8896477, 18.4632432], [73.8896874, 18.4630845], [73.8897422, 18.463006], [73.889771, 18.4629646], [73.8901399, 18.4624359], [73.8901613, 18.4624052], [73.8901933, 18.4623594], [73.8902558, 18.4621579], [73.8903261, 18.4619316], [73.8904316, 18.4616105]]}}, {"type": "Feature", "id": 256435608, "properties": {"id": 256435608, "name": "Kondhwa Main Road", "highway": "primary", "ref": "", "oneway": "yes", "length_km": 0.09}, "geometry": {"type": "LineString", "coordinates": [[73.8902724, 18.461576], [73.8902159, 18.4617173], [73.8901083, 18.4620358], [73.8899867, 18.4623399]]}}, {"type": "Feature", "id": 256435609, "properties": {"id": 256435609, "name": "Kondhwa Main Road", "highway": "primary", "ref": "", "oneway": "yes", "length_km": 0.122}, "geometry": {"type": "LineString", "coordinates": [[73.8911896, 18.4820208], [73.8911994, 18.4820998], [73.8911744, 18.4823246], [73.8911255, 18.4825203], [73.8910735, 18.4826729], [73.8910116, 18.4827967], [73.8908534, 18.4830477]]}}, {"type": "Feature", "id": 256435610, "properties": {"id": 256435610, "name": "Kondhwa Main Road", "highway": "primary", "ref": "", "oneway": "yes", "length_km": 0.146}, "geometry": {"type": "LineString", "coordinates": [[73.8908534, 18.4830477], [73.8904124, 18.4837003], [73.8901303, 18.4841753]]}}, {"type": "Feature", "id": 256435611, "properties": {"id": 256435611, "name": "Kondhwa Main Road", "highway": "primary", "ref": "", "oneway": "yes", "length_km": 0.828}, "geometry": {"type": "LineString", "coordinates": [[73.8900904, 18.4772739], [73.8898227, 18.4767188], [73.8897589, 18.4764678], [73.8897191, 18.4762826], [73.8896979, 18.4761845], [73.8896779, 18.4760765], [73.8896001, 18.4754682], [73.8895487, 18.4752069], [73.8894301, 18.474638], [73.8893573, 18.4742268], [73.8892903, 18.4738427], [73.8892436, 18.4735561], [73.8891985, 18.4732787], [73.889193, 18.4732268], [73.8891854, 18.473155], [73.8891493, 18.472812], [73.8891316, 18.4726441], [73.8891083, 18.4724964], [73.8890959, 18.4724178], [73.8890835, 18.4722329], [73.8890654, 18.4719637], [73.8890444, 18.4716513], [73.8890303, 18.4714415], [73.8890164, 18.4712065], [73.8889965, 18.4708703], [73.8889883, 18.4707328], [73.8889692, 18.4703821], [73.8889704, 18.4702457], [73.8889768, 18.4700312], [73.8889786, 18.4699676], [73.8889796, 18.4699298]]}}, {"type": "Feature", "id": 256435612, "properties": {"id": 256435612, "name": "Kondhwa Main Road", "highway": "primary", "ref": "", "oneway": "yes", "length_km": 0.266}, "geometry": {"type": "LineString", "coordinates": [[73.8902201, 18.4842173], [73.8903097, 18.484072], [73.8905076, 18.4837486], [73.8909479, 18.4830867], [73.8911254, 18.4828057], [73.8912108, 18.4826072], [73.8912416, 18.4824942], [73.891295, 18.4821767], [73.8912985, 18.4820798]]}}, {"type": "Feature", "id": 256435613, "properties": {"id": 256435613, "name": "Kondhwa Main Road", "highway": "primary", "ref": "", "oneway": "yes", "length_km": 0.474}, "geometry": {"type": "LineString", "coordinates": [[73.8912985, 18.4820798], [73.8912864, 18.4820145], [73.8912674, 18.4819118], [73.8912077, 18.4812753], [73.8911431, 18.4805866], [73.8911221, 18.4803873], [73.8910955, 18.4802421], [73.8910725, 18.4801244], [73.8910526, 18.4800524], [73.8910093, 18.479907], [73.8910002, 18.4798724], [73.8908258, 18.4792565], [73.890799, 18.4791631], [73.8907273, 18.4789131], [73.8906906, 18.4787848], [73.8904475, 18.4779776], [73.8904227, 18.4779071]]}}, {"type": "Feature", "id": 256435614, "properties": {"id": 256435614, "name": "Kondhwa Main Road", "highway": "primary", "ref": "", "oneway": "yes", "length_km": 0.464}, "geometry": {"type": "LineString", "coordinates": [[73.8903398, 18.4779347], [73.8903676, 18.4780006], [73.8904462, 18.4782748], [73.8906988, 18.4791561], [73.8907312, 18.479269], [73.8909081, 18.4798978], [73.8909235, 18.4799398], [73.89098, 18.4801439], [73.8910023, 18.480258], [73.8910282, 18.4803995], [73.8910488, 18.480595], [73.8910749, 18.4808729], [73.891173, 18.4819198], [73.8911896, 18.4820208]]}}, {"type": "Feature", "id": 256435615, "properties": {"id": 256435615, "name": "Kondhwa Main Road", "highway": "primary", "ref": "", "oneway": "yes", "length_km": 0.29}, "geometry": {"type": "LineString", "coordinates": [[73.8888777, 18.4698917], [73.8888747, 18.4699719], [73.8888726, 18.4700284], [73.8888674, 18.4702035], [73.8888662, 18.470246], [73.88886, 18.4704161], [73.8888842, 18.4707375], [73.888893, 18.4708759], [73.8889144, 18.4712111], [73.8889297, 18.4714499], [73.8889432, 18.4716615], [73.8889628, 18.471968], [73.8889802, 18.472239], [73.8890146, 18.4724024], [73.8890294, 18.4724972]]}}, {"type": "Feature", "id": 256448779, "properties": {"id": 256448779, "name": "Katraj Kondhwa Road", "highway": "trunk", "ref": "", "oneway": "no", "length_km": 0.013}, "geometry": {"type": "LineString", "coordinates": [[73.8588971, 18.4472678], [73.8587737, 18.4472369]]}}, {"type": "Feature", "id": 256448781, "properties": {"id": 256448781, "name": "Katraj Flyover", "highway": "trunk", "ref": "NH548DD", "oneway": "yes", "length_km": 0.014}, "geometry": {"type": "LineString", "coordinates": [[73.8639197, 18.4481832], [73.8638019, 18.4481313]]}}, {"type": "Feature", "id": 256448783, "properties": {"id": 256448783, "name": "Katraj Flyover", "highway": "trunk", "ref": "NH548DD", "oneway": "yes", "length_km": 0.011}, "geometry": {"type": "LineString", "coordinates": [[73.8637724, 18.4481975], [73.8638601, 18.4482519]]}}, {"type": "Feature", "id": 256448785, "properties": {"id": 256448785, "name": "Katraj Flyover", "highway": "trunk", "ref": "NH548DD", "oneway": "yes", "length_km": 0.439}, "geometry": {"type": "LineString", "coordinates": [[73.8596712, 18.4477817], [73.8604554, 18.4476585], [73.8606107, 18.4476415], [73.8607525, 18.4476373], [73.8615525, 18.4477027], [73.862475, 18.4478514], [73.8634019, 18.448058], [73.8635218, 18.4480973], [73.8637724, 18.4481975]]}}, {"type": "Feature", "id": 257221284, "properties": {"id": 257221284, "name": "Shree Chatrapati Shivaji Maharaj Flyover", "highway": "primary", "ref": "", "oneway": "yes", "length_km": 0.035}, "geometry": {"type": "LineString", "coordinates": [[73.7625218, 18.6188665], [73.7627311, 18.6186246]]}}, {"type": "Feature", "id": 257221292, "properties": {"id": 257221292, "name": "Shree Chatrapati Shivaji Maharaj Flyover", "highway": "primary", "ref": "", "oneway": "yes", "length_km": 0.036}, "geometry": {"type": "LineString", "coordinates": [[73.7683604, 18.6117773], [73.7685632, 18.611512]]}}, {"type": "Feature", "id": 257221293, "properties": {"id": 257221293, "name": "Shree Chatrapati Shivaji Maharaj Flyover", "highway": "primary", "ref": "", "oneway": "yes", "length_km": 0.036}, "geometry": {"type": "LineString", "coordinates": [[73.7626266, 18.6185417], [73.7623868, 18.6187676]]}}, {"type": "Feature", "id": 257221295, "properties": {"id": 257221295, "name": "Shree Chatrapati Shivaji Maharaj Flyover", "highway": "primary", "ref": "", "oneway": "yes", "length_km": 0.037}, "geometry": {"type": "LineString", "coordinates": [[73.7684177, 18.6114014], [73.7682482, 18.6116945]]}}, {"type": "Feature", "id": 257456698, "properties": {"id": 257456698, "name": "Sant Dyaneshwar Marg", "highway": "primary", "ref": "", "oneway": "yes", "length_km": 0.055}, "geometry": {"type": "LineString", "coordinates": [[73.8750998, 18.5836338], [73.8751223, 18.5841244]]}}, {"type": "Feature", "id": 257456700, "properties": {"id": 257456700, "name": "Sant Dyaneshwar Marg", "highway": "primary", "ref": "", "oneway": "yes", "length_km": 1.731}, "geometry": {"type": "LineString", "coordinates": [[73.8751223, 18.5841244], [73.8751549, 18.5846478], [73.8751735, 18.5850146], [73.8751768, 18.5850724], [73.8752257, 18.5859354], [73.8752257, 18.5860981], [73.8752108, 18.5862949], [73.8751961, 18.5864491], [73.8750023, 18.5877576], [73.874953, 18.5880904], [73.8748999, 18.5883564], [73.8747912, 18.5888117], [73.8746934, 18.5893222], [73.8745274, 18.5899342], [73.8743746, 18.5905829], [73.8743605, 18.5906573], [73.874097, 18.592049], [73.8736119, 18.5945287], [73.873576, 18.5947014], [73.8735475, 18.5948007], [73.8735295, 18.5948636], [73.8734873, 18.5950278], [73.8734134, 18.5952724], [73.8733611, 18.5954719], [73.8733395, 18.5956386], [73.8733183, 18.5958888], [73.8733041, 18.5960857], [73.8732941, 18.5962237], [73.8732714, 18.5965262], [73.8732517, 18.5969356], [73.8732517, 18.5971501], [73.8732441, 18.5972917], [73.8732367, 18.5974287], [73.8730777, 18.5990204], [73.8730504, 18.5994377], [73.8730994, 18.5995187]]}}, {"type": "Feature", "id": 257456701, "properties": {"id": 257456701, "name": "Sant Dyaneshwar Marg", "highway": "primary", "ref": "", "oneway": "yes", "length_km": 1.731}, "geometry": {"type": "LineString", "coordinates": [[73.8730994, 18.5995187], [73.8731449, 18.5994451], [73.8731725, 18.5990248], [73.8733313, 18.5974347], [73.873339, 18.5972923], [73.8733465, 18.5971524], [73.8733465, 18.5969376], [73.8733661, 18.5965315], [73.8733887, 18.59623], [73.8734128, 18.5958954], [73.8734339, 18.5956477], [73.8734545, 18.5954882], [73.8735049, 18.5952956], [73.873579, 18.5950508], [73.8736213, 18.594886], [73.8736684, 18.5947219], [73.873705, 18.5945454], [73.8738589, 18.5938365], [73.8741919, 18.5920643], [73.8743137, 18.5914469], [73.8744658, 18.5906756], [73.8744799, 18.5906043], [73.8746196, 18.5899552], [73.8747858, 18.5893423], [73.8749036, 18.5888447], [73.8749929, 18.5883736], [73.8750145, 18.5882655], [73.8750466, 18.588105], [73.8750912, 18.5878032], [73.8750955, 18.5877745], [73.8751351, 18.587507], [73.8752205, 18.5869304], [73.8752902, 18.5864599], [73.8752972, 18.5863948], [73.8753107, 18.5862688], [73.8753205, 18.5861794], [73.8753205, 18.5859335], [73.8753024, 18.5854638], [73.8752852, 18.58516], [73.8752783, 18.5850745], [73.8752586, 18.5847635], [73.8752495, 18.5846204], [73.8752004, 18.5841252]]}}, {"type": "Feature", "id": 257456702, "properties": {"id": 257456702, "name": "16", "highway": "primary", "ref": "", "oneway": "yes", "length_km": 1.018}, "geometry": {"type": "LineString", "coordinates": [[73.8751779, 18.5836346], [73.8751636, 18.5832977], [73.8751404, 18.5829077], [73.8751347, 18.5828121], [73.8751388, 18.5825566], [73.8751441, 18.5823685], [73.8752943, 18.5820698], [73.8756524, 18.5815562], [73.8757932, 18.581307], [73.8759193, 18.5810846], [73.876107, 18.5806842], [73.8762586, 18.5803409], [73.876335, 18.5800473], [73.8764182, 18.5792452], [73.8764505, 18.5788259], [73.8764554, 18.5787608], [73.8764628, 18.5786623], [73.8764766, 18.5784877], [73.8765397, 18.577345], [73.8765464, 18.5772582], [73.8766459, 18.5759767], [73.8766651, 18.5757289], [73.8766765, 18.5756514], [73.8766956, 18.5755566], [73.8767194, 18.5754985], [73.8767897, 18.5753268], [73.8770605, 18.5748331]]}}, {"type": "Feature", "id": 257482614, "properties": {"id": 257482614, "name": "Sant Dyaneshwar Marg", "highway": "primary", "ref": "", "oneway": "yes", "length_km": 0.196}, "geometry": {"type": "LineString", "coordinates": [[73.8788078, 18.5709765], [73.8789343, 18.5707884], [73.8790279, 18.5704311], [73.8790543, 18.5702887], [73.8791284, 18.5698858], [73.8791865, 18.569623], [73.8792669, 18.5692792]]}}, {"type": "Feature", "id": 257482619, "properties": {"id": 257482619, "name": "Unnamed Arterial", "highway": "primary_link", "ref": "", "oneway": "no", "length_km": 0.011}, "geometry": {"type": "LineString", "coordinates": [[73.8719198, 18.5497836], [73.8718433, 18.549847]]}}, {"type": "Feature", "id": 257632738, "properties": {"id": 257632738, "name": "Vishrantwadi - Airport Road", "highway": "primary", "ref": "", "oneway": "yes", "length_km": 0.017}, "geometry": {"type": "LineString", "coordinates": [[73.8817714, 18.5731198], [73.8818546, 18.5731287], [73.8819292, 18.5731366]]}}, {"type": "Feature", "id": 257632740, "properties": {"id": 257632740, "name": "Vishrantwadi - Airport Road", "highway": "primary", "ref": "", "oneway": "yes", "length_km": 1.213}, "geometry": {"type": "LineString", "coordinates": [[73.8992553, 18.5754071], [73.8992125, 18.5753444], [73.8991184, 18.5753179], [73.8980883, 18.5751048], [73.8980397, 18.575094], [73.8978697, 18.5750565], [73.8974957, 18.5749771], [73.8970816, 18.5749019], [73.8951609, 18.5746322], [73.8933748, 18.5743791], [73.8916475, 18.5741664], [73.8885352, 18.5737701], [73.8880664, 18.5737237], [73.8878819, 18.5737032]]}}, {"type": "Feature", "id": 257750703, "properties": {"id": 257750703, "name": "Sant Dyaneshwar Marg", "highway": "primary", "ref": "", "oneway": "yes", "length_km": 0.386}, "geometry": {"type": "LineString", "coordinates": [[73.8790892, 18.5692161], [73.8790551, 18.5693116], [73.8790282, 18.5694102], [73.8790086, 18.5695216], [73.878722, 18.5709616], [73.8786201, 18.5712151], [73.8784737, 18.5716008], [73.8781859, 18.5722973], [73.8781444, 18.5724033], [73.8781208, 18.5724918], [73.8781045, 18.5725529]]}}, {"type": "Feature", "id": 257750704, "properties": {"id": 257750704, "name": "Sant Dyaneshwar Marg", "highway": "primary", "ref": "", "oneway": "yes", "length_km": 0.478}, "geometry": {"type": "LineString", "coordinates": [[73.8793556, 18.5689914], [73.8794678, 18.5685559], [73.8794904, 18.568443], [73.8795889, 18.5678928], [73.8796194, 18.5676564], [73.8796197, 18.5674576], [73.8795915, 18.5673403], [73.879522, 18.5671914], [73.8793789, 18.5669698], [73.8792618, 18.5668572], [73.8777771, 18.5653622]]}}, {"type": "Feature", "id": 257750705, "properties": {"id": 257750705, "name": "Sant Jnaneshwar Marg", "highway": "primary", "ref": "", "oneway": "yes", "length_km": 0.028}, "geometry": {"type": "LineString", "coordinates": [[73.8791673, 18.5689714], [73.8790892, 18.5692161]]}}, {"type": "Feature", "id": 257750706, "properties": {"id": 257750706, "name": "Sant Jnaneshwar Marg", "highway": "primary", "ref": "", "oneway": "yes", "length_km": 0.033}, "geometry": {"type": "LineString", "coordinates": [[73.8792669, 18.5692792], [73.8793556, 18.5689914]]}}, {"type": "Feature", "id": 258281111, "properties": {"id": 258281111, "name": "Katraj Kondhwa Road", "highway": "trunk", "ref": "NH548DD", "oneway": "yes", "length_km": 0.452}, "geometry": {"type": "LineString", "coordinates": [[73.8872357, 18.4539071], [73.888174, 18.4536161], [73.8884939, 18.4535009], [73.8886317, 18.4534456], [73.8887064, 18.4534035], [73.8888512, 18.4532949], [73.8891948, 18.4529722], [73.8892217, 18.4529469], [73.8893317, 18.452868], [73.8894427, 18.4528056], [73.8894595, 18.4527962], [73.889552, 18.4527442], [73.8895784, 18.4527293], [73.889797, 18.4526568], [73.8901226, 18.4525873], [73.8902436, 18.4525652], [73.8904501, 18.4525016], [73.8907405, 18.4523839], [73.891021, 18.4523002], [73.8911057, 18.4522755]]}}, {"type": "Feature", "id": 258281115, "properties": {"id": 258281115, "name": "Katraj Kondhwa Road", "highway": "trunk", "ref": "NH548DD", "oneway": "yes", "length_km": 0.012}, "geometry": {"type": "LineString", "coordinates": [[73.887127, 18.4539216], [73.8872357, 18.4539071]]}}, {"type": "Feature", "id": 258281116, "properties": {"id": 258281116, "name": "Katraj-Kondhwa Road", "highway": "trunk", "ref": "NH548DD", "oneway": "yes", "length_km": 0.839}, "geometry": {"type": "LineString", "coordinates": [[73.8639191, 18.4483022], [73.864029, 18.4483868], [73.8641605, 18.4484816], [73.8643254, 18.4485592], [73.8644007, 18.4485765], [73.8644837, 18.4485846], [73.864654, 18.4485795], [73.8649155, 18.4485464], [73.8650268, 18.4485235], [73.8653624, 18.448456], [73.8654987, 18.4484354], [73.8657148, 18.4484219], [73.8661337, 18.4484295], [73.8662927, 18.4484154], [73.8664416, 18.4483839], [73.8665859, 18.4483448], [73.8667276, 18.4483172], [73.8668157, 18.4483029], [73.8671131, 18.4482579], [73.8672322, 18.4482445], [73.8674802, 18.448249], [73.8676563, 18.4482693], [73.8677559, 18.4482808], [73.8679622, 18.4483175], [73.8682667, 18.4483843], [73.8684482, 18.4484261], [73.8686171, 18.4484824], [73.8687627, 18.4485335], [73.8692182, 18.448711], [73.8693923, 18.448786], [73.8695441, 18.4488514], [73.8697417, 18.4489494], [73.8700537, 18.4490895], [73.8705044, 18.4492918], [73.871145, 18.449552], [73.8715024, 18.4496439]]}}, {"type": "Feature", "id": 258281117, "properties": {"id": 258281117, "name": "NH548DD", "highway": "trunk", "ref": "NH548DD", "oneway": "yes", "length_km": 0.233}, "geometry": {"type": "LineString", "coordinates": [[73.9049997, 18.4490135], [73.9052177, 18.4490127], [73.905269, 18.4490086], [73.9054839, 18.4490491], [73.9055437, 18.4490644], [73.9058031, 18.4491303], [73.9060724, 18.4491811], [73.9063101, 18.4492145], [73.9065691, 18.4492352], [73.9065889, 18.4492368], [73.9066849, 18.4492378], [73.9067338, 18.4492383], [73.9067989, 18.449239], [73.906894, 18.44924], [73.9069317, 18.4492404], [73.9069807, 18.4492409], [73.9071371, 18.4492264], [73.9071839, 18.4492004]]}}, {"type": "Feature", "id": 258281118, "properties": {"id": 258281118, "name": "NH548DD", "highway": "trunk", "ref": "NH548DD", "oneway": "no", "length_km": 0.011}, "geometry": {"type": "LineString", "coordinates": [[73.9078418, 18.4492293], [73.9079261, 18.4492881]]}}, {"type": "Feature", "id": 258281120, "properties": {"id": 258281120, "name": "NH548DD", "highway": "trunk", "ref": "NH548DD", "oneway": "yes", "length_km": 0.008}, "geometry": {"type": "LineString", "coordinates": [[73.9049193, 18.4490185], [73.9049997, 18.4490135]]}}, {"type": "Feature", "id": 258281121, "properties": {"id": 258281121, "name": "Katraj Bypass Road", "highway": "trunk", "ref": "NH548DD", "oneway": "no", "length_km": 0.234}, "geometry": {"type": "LineString", "coordinates": [[73.9079261, 18.4492881], [73.9083137, 18.4495515], [73.9086087, 18.4497754], [73.9088541, 18.4499662], [73.9089654, 18.4500463], [73.9090794, 18.450073], [73.9092591, 18.4500794], [73.9093731, 18.4500616], [73.9094197, 18.4500446], [73.9095101, 18.4500116], [73.909591, 18.449955], [73.9097245, 18.449852], [73.9097986, 18.4498109]]}}, {"type": "Feature", "id": 258764972, "properties": {"id": 258764972, "name": "Saswad Road", "highway": "trunk", "ref": "NH965", "oneway": "yes", "length_km": 1.176}, "geometry": {"type": "LineString", "coordinates": [[73.9490823, 18.491266], [73.9477313, 18.4930811], [73.9474346, 18.4934408], [73.9472455, 18.4936659], [73.9472043, 18.4937028], [73.9469985, 18.4938869], [73.9466099, 18.4941903], [73.9456306, 18.4948766], [73.9443312, 18.4957871], [73.9435714, 18.4963619], [73.9421672, 18.4973862], [73.9418562, 18.4976233], [73.9413598, 18.4980119], [73.9412361, 18.4981138], [73.9409068, 18.4983842]]}}, {"type": "Feature", "id": 258764974, "properties": {"id": 258764974, "name": "Saswad Road", "highway": "trunk", "ref": "NH965", "oneway": "yes", "length_km": 0.017}, "geometry": {"type": "LineString", "coordinates": [[73.9408547, 18.4985579], [73.94097, 18.4984505]]}}, {"type": "Feature", "id": 258764979, "properties": {"id": 258764979, "name": "Saswad Road", "highway": "trunk", "ref": "NH965", "oneway": "yes", "length_km": 0.055}, "geometry": {"type": "LineString", "coordinates": [[73.9407591, 18.4985208], [73.9407024, 18.4985785], [73.9406406, 18.4986347], [73.9403829, 18.4988695]]}}, {"type": "Feature", "id": 261258214, "properties": {"id": 261258214, "name": "Unnamed Arterial", "highway": "primary_link", "ref": "", "oneway": "yes", "length_km": 0.024}, "geometry": {"type": "LineString", "coordinates": [[73.8150981, 18.5018825], [73.8151372, 18.5019608], [73.8151469, 18.5020001], [73.8151426, 18.5020251], [73.8151302, 18.502048], [73.8150964, 18.5020757]]}}, {"type": "Feature", "id": 261272333, "properties": {"id": 261272333, "name": "Lohgaon Road", "highway": "primary", "ref": "", "oneway": "yes", "length_km": 0.023}, "geometry": {"type": "LineString", "coordinates": [[73.9212214, 18.5929018], [73.9211134, 18.5929909], [73.9210745, 18.5930572]]}}, {"type": "Feature", "id": 261272337, "properties": {"id": 261272337, "name": "Lohgaon Road", "highway": "primary", "ref": "", "oneway": "yes", "length_km": 0.052}, "geometry": {"type": "LineString", "coordinates": [[73.9213603, 18.5929121], [73.9214972, 18.592949], [73.9215572, 18.5929815], [73.9216992, 18.5930656], [73.9218078, 18.5930952]]}}, {"type": "Feature", "id": 261272338, "properties": {"id": 261272338, "name": "Lohgaon - Wagholi Road", "highway": "primary", "ref": "", "oneway": "no", "length_km": 5.804}, "geometry": {"type": "LineString", "coordinates": [[73.9747335, 18.5842845], [73.9732807, 18.5846481], [73.9730769, 18.5847042], [73.972823, 18.5847752], [73.9724342, 18.5848818], [73.9720576, 18.5849859], [73.9716871, 18.5850883], [73.9710595, 18.5852617], [73.9705565, 18.585401], [73.9704296, 18.5854358], [73.9698839, 18.585585], [73.9697621, 18.5856183], [73.9690978, 18.5858168], [73.9688355, 18.5858879], [73.9685686, 18.5859573], [73.9683075, 18.5860293], [73.96818, 18.5860661], [73.9679041, 18.5861381], [73.9676392, 18.5862091], [73.9667559, 18.5864483], [73.9664475, 18.5865364], [73.9661326, 18.5866264], [73.9659522, 18.5866779], [73.96423, 18.5871375], [73.964106, 18.5871749], [73.963416, 18.587376], [73.9631671, 18.5874476], [73.9625473, 18.5876242], [73.9621231, 18.5877413], [73.9612719, 18.5879587], [73.9595693, 18.5884381], [73.9574536, 18.5890127], [73.9567979, 18.5891908], [73.956302, 18.5893163], [73.9561106, 18.5893671], [73.956019, 18.589393], [73.9556373, 18.5895008], [73.9554888, 18.5895428], [73.9553761, 18.5895732], [73.9543995, 18.5898505], [73.9543253, 18.5898715], [73.9535661, 18.5900532], [73.953492, 18.5900722], [73.9530022, 18.5901976], [73.9529168, 18.5902194], [73.9527188, 18.5902701], [73.9525622, 18.5903102], [73.9523803, 18.5903568], [73.9523114, 18.5903751], [73.9519544, 18.5904698], [73.9516706, 18.5905451], [73.9514199, 18.5906116], [73.9510877, 18.590696], [73.9499325, 18.5910062], [73.9496903, 18.5910705], [73.9487317, 18.5913237], [73.9483164, 18.5914334], [73.9480624, 18.5915005], [73.9479437, 18.5915318], [73.9479035, 18.5915424], [73.9474649, 18.5916582], [73.9473752, 18.5916819], [73.9457444, 18.5921126], [73.9451751, 18.5922822], [73.9448454, 18.5923805], [73.9445359, 18.5924727], [73.9442503, 18.5925502], [73.9436586, 18.5927107], [73.9435198, 18.5927484], [73.9433496, 18.5927933], [73.9430408, 18.5928749], [73.9427272, 18.5929577], [73.9420786, 18.593138], [73.9418381, 18.5931977], [73.9413918, 18.5933108], [73.9410778, 18.5933898], [73.9409994, 18.59341], [73.9399008, 18.5936921], [73.9395891, 18.5937722], [73.9390631, 18.5939162], [73.9385689, 18.5940515], [73.9383761, 18.5941043], [73.9383448, 18.5941119], [73.9376524, 18.5942787], [73.9372307, 18.5943803], [73.9370706, 18.5944189], [73.936559, 18.5945482], [73.9364099, 18.5945966], [73.9363121, 18.5946238], [73.9358558, 18.5947365], [73.935669, 18.5948025], [73.9352093, 18.5949303], [73.9348873, 18.5950145], [73.9347846, 18.5950414], [73.9345323, 18.595108], [73.9342922, 18.5951714], [73.9338688, 18.5952876], [73.9332686, 18.5954494], [73.9329653, 18.5955347], [73.9325804, 18.5956335], [73.9322809, 18.5957105], [73.9320252, 18.5957761], [73.9317293, 18.5958588], [73.9316109, 18.5958843], [73.9315157, 18.5959062], [73.9313941, 18.5959179], [73.9312713, 18.5959116], [73.9310567, 18.5958979], [73.9308542, 18.5958922], [73.930745, 18.5958847], [73.9306288, 18.595855], [73.9305609, 18.59584], [73.9301522, 18.5957186], [73.9300841, 18.5956976], [73.9300079, 18.5956741], [73.9298763, 18.5956194], [73.9298227, 18.5955971], [73.9297977, 18.5955849], [73.9296419, 18.5955088], [73.928841, 18.5949805], [73.9283152, 18.5946336], [73.9282297, 18.5945915], [73.9281547, 18.5945545], [73.9279942, 18.5945119], [73.9275902, 18.594443], [73.9270923, 18.594358], [73.92627, 18.5942177], [73.9252803, 18.5940488], [73.923131, 18.593682], [73.9230455, 18.5936679], [73.922545, 18.5935232], [73.9222378, 18.5934141], [73.9221393, 18.5933635], [73.9220652, 18.5933133], [73.9218775, 18.5931705], [73.9218078, 18.5930952]]}}, {"type": "Feature", "id": 262388693, "properties": {"id": 262388693, "name": "Bharatratna J.R.D Tata Flyover", "highway": "trunk", "ref": "", "oneway": "yes", "length_km": 0.039}, "geometry": {"type": "LineString", "coordinates": [[73.8253911, 18.6031735], [73.8253234, 18.6033876], [73.8252524, 18.6034956]]}}, {"type": "Feature", "id": 262388695, "properties": {"id": 262388695, "name": "Bharatratna J.R.D Tata Flyover", "highway": "primary", "ref": "", "oneway": "yes", "length_km": 0.063}, "geometry": {"type": "LineString", "coordinates": [[73.8234245, 18.6102586], [73.8233573, 18.6100634], [73.823257, 18.6097161]]}}, {"type": "Feature", "id": 262388696, "properties": {"id": 262388696, "name": "Kasarwadi - Pimple Gurav Road", "highway": "primary", "ref": "", "oneway": "no", "length_km": 0.067}, "geometry": {"type": "LineString", "coordinates": [[73.8219482, 18.6058274], [73.8216743, 18.6062094], [73.8215788, 18.60632]]}}, {"type": "Feature", "id": 262388698, "properties": {"id": 262388698, "name": "Unnamed Arterial", "highway": "primary", "ref": "", "oneway": "yes", "length_km": 0.316}, "geometry": {"type": "LineString", "coordinates": [[73.8232294, 18.6101125], [73.8232879, 18.6102986], [73.8239871, 18.6123417], [73.8240381, 18.6126411], [73.824042, 18.6128438]]}}, {"type": "Feature", "id": 262388699, "properties": {"id": 262388699, "name": "Kokane Chowk", "highway": "primary", "ref": "", "oneway": "no", "length_km": 0.076}, "geometry": {"type": "LineString", "coordinates": [[73.7904616, 18.5971808], [73.790446, 18.5971657], [73.7904275, 18.5971538], [73.790407, 18.5971454], [73.7903863, 18.5971411], [73.7903651, 18.5971405], [73.7903442, 18.5971436], [73.790324, 18.5971503], [73.7903054, 18.5971605], [73.7902892, 18.5971738], [73.7902758, 18.5971897], [73.7902658, 18.5972077], [73.7902595, 18.5972271], [73.7902571, 18.5972473], [73.7902587, 18.5972675], [73.7902643, 18.5972872], [73.7902786, 18.5973128], [73.7902997, 18.597334], [73.7903258, 18.5973491], [73.7903553, 18.5973572], [73.7903639, 18.5973581], [73.7903725, 18.5973584], [73.7903966, 18.5973559], [73.7904195, 18.5973487], [73.7904404, 18.5973371], [73.7904582, 18.5973217], [73.7904723, 18.5973031], [73.7904819, 18.5972821], [73.7904866, 18.5972601], [73.7904867, 18.5972389], [73.7904824, 18.5972181], [73.7904739, 18.5971985], [73.7904616, 18.5971808]]}}, {"type": "Feature", "id": 262388702, "properties": {"id": 262388702, "name": "Unnamed Arterial", "highway": "trunk", "ref": "", "oneway": "yes", "length_km": 0.164}, "geometry": {"type": "LineString", "coordinates": [[73.8237589, 18.6122895], [73.823919, 18.6126288], [73.824042, 18.6128438], [73.8243603, 18.6136491]]}}, {"type": "Feature", "id": 262388703, "properties": {"id": 262388703, "name": "Wakad - Nashik Phata BRTS Road | Wakad - Bhosari BRTS Road | Nashik Phata Road", "highway": "primary", "ref": "", "oneway": "yes", "length_km": 0.328}, "geometry": {"type": "LineString", "coordinates": [[73.8008008, 18.5977659], [73.8005733, 18.597814], [73.800319, 18.5978688], [73.8001768, 18.5978977], [73.7998976, 18.5979567], [73.7997563, 18.5979865], [73.7995967, 18.598], [73.7993979, 18.598039], [73.7988312, 18.5980856], [73.7984467, 18.5980949], [73.7981206, 18.598091], [73.7977559, 18.5980623], [73.7977083, 18.5980585]]}}, {"type": "Feature", "id": 262388704, "properties": {"id": 262388704, "name": "Wakad - Nashik Phata BRTS Road | Wakad - Bhosari BRTS Road | Nashik Phata Road", "highway": "primary", "ref": "", "oneway": "yes", "length_km": 0.45}, "geometry": {"type": "LineString", "coordinates": [[73.8042619, 18.5974551], [73.80443, 18.5974966], [73.804536, 18.5975323], [73.8047685, 18.597603], [73.8050121, 18.5977003], [73.8052727, 18.5978337], [73.8054869, 18.5979602], [73.8056798, 18.5980904], [73.8063917, 18.5986676], [73.8065236, 18.5987666], [73.8066678, 18.5988767], [73.8068236, 18.5989757], [73.8070514, 18.599073], [73.8072893, 18.5991493], [73.8075814, 18.5992103], [73.8079978, 18.5992911]]}}, {"type": "Feature", "id": 263790612, "properties": {"id": 263790612, "name": "Bharatratna J.R.D Tata Flyover Ramp", "highway": "trunk_link", "ref": "", "oneway": "yes", "length_km": 0.115}, "geometry": {"type": "LineString", "coordinates": [[73.8224751, 18.6078073], [73.8224648, 18.6078779], [73.8224225, 18.6079603], [73.8223712, 18.6080194], [73.8223022, 18.6080669], [73.8222297, 18.6080827], [73.822135, 18.6080827], [73.8220493, 18.6080627], [73.8219913, 18.6080247], [73.8219378, 18.6079708], [73.8218988, 18.6078916], [73.8218844, 18.6078262], [73.821891, 18.6077428], [73.8219359, 18.6076636]]}}, {"type": "Feature", "id": 263790613, "properties": {"id": 263790613, "name": "Bharatratna J.R.D Tata Flyover Ramp", "highway": "primary_link", "ref": "", "oneway": "yes", "length_km": 0.146}, "geometry": {"type": "LineString", "coordinates": [[73.8210277, 18.6050561], [73.8210201, 18.6049959], [73.8210329, 18.6049484], [73.8211117, 18.6048962], [73.8211897, 18.6048787], [73.8212977, 18.6048847], [73.8214024, 18.6049273], [73.8214706, 18.6049901], [73.8215176, 18.6050544], [73.8217756, 18.6055691], [73.8218272, 18.6056444]]}}, {"type": "Feature", "id": 263790615, "properties": {"id": 263790615, "name": "Bharatratna J.R.D Tata Flyover Ramp", "highway": "primary_link", "ref": "", "oneway": "yes", "length_km": 0.024}, "geometry": {"type": "LineString", "coordinates": [[73.8218272, 18.6056444], [73.8219482, 18.6058274]]}}, {"type": "Feature", "id": 263790616, "properties": {"id": 263790616, "name": "Bharatratna J.R.D Tata Flyover Ramp", "highway": "primary_link", "ref": "", "oneway": "yes", "length_km": 0.023}, "geometry": {"type": "LineString", "coordinates": [[73.8220116, 18.6057448], [73.8218846, 18.605575]]}}, {"type": "Feature", "id": 263790617, "properties": {"id": 263790617, "name": "Bharatratna J.R.D Tata Flyover Ramp", "highway": "primary_link", "ref": "", "oneway": "no", "length_km": 0.027}, "geometry": {"type": "LineString", "coordinates": [[73.8213906, 18.6061597], [73.8215788, 18.60632]]}}, {"type": "Feature", "id": 263790618, "properties": {"id": 263790618, "name": "Bharatratna J.R.D Tata Flyover Ramp", "highway": "primary_link", "ref": "", "oneway": "no", "length_km": 0.035}, "geometry": {"type": "LineString", "coordinates": [[73.8211249, 18.605971], [73.8213906, 18.6061597]]}}, {"type": "Feature", "id": 263790621, "properties": {"id": 263790621, "name": "Bharatratna J.R.D Tata Flyover Ramp", "highway": "primary_link", "ref": "", "oneway": "yes", "length_km": 0.051}, "geometry": {"type": "LineString", "coordinates": [[73.820636, 18.605502], [73.8206245, 18.6054664], [73.8206204, 18.6054058], [73.8206277, 18.6053593], [73.8206477, 18.6053113], [73.8206719, 18.6052817], [73.8207062, 18.6052501], [73.8208792, 18.6051859]]}}, {"type": "Feature", "id": 263797372, "properties": {"id": 263797372, "name": "Old Pune\u2013Mumbai Highway", "highway": "trunk", "ref": "NH60;NH65", "oneway": "yes", "length_km": 0.03}, "geometry": {"type": "LineString", "coordinates": [[73.8510277, 18.5493193], [73.8511186, 18.5491473], [73.8511605, 18.5490768]]}}, {"type": "Feature", "id": 263797378, "properties": {"id": 263797378, "name": "Unnamed Arterial", "highway": "trunk_link", "ref": "", "oneway": "yes", "length_km": 0.037}, "geometry": {"type": "LineString", "coordinates": [[73.8510277, 18.5493193], [73.8511261, 18.5493043], [73.8512293, 18.5493043], [73.8513755, 18.5493331]]}}, {"type": "Feature", "id": 275490298, "properties": {"id": 275490298, "name": "Unnamed Arterial", "highway": "primary_link", "ref": "", "oneway": "yes", "length_km": 0.035}, "geometry": {"type": "LineString", "coordinates": [[73.8423167, 18.515868], [73.8422682, 18.5158352], [73.842226, 18.515811], [73.8421898, 18.515801], [73.8421633, 18.5157994], [73.8421431, 18.5157982], [73.8421194, 18.5158008], [73.8420893, 18.5158177], [73.8420633, 18.5158452], [73.8420429, 18.5158823]]}}, {"type": "Feature", "id": 276154591, "properties": {"id": 276154591, "name": "Aundh Ravet Road", "highway": "primary", "ref": "", "oneway": "yes", "length_km": 0.039}, "geometry": {"type": "LineString", "coordinates": [[73.7802947, 18.59991], [73.7805071, 18.5996214]]}}, {"type": "Feature", "id": 276154592, "properties": {"id": 276154592, "name": "Aundh Ravet Road", "highway": "primary", "ref": "", "oneway": "yes", "length_km": 0.067}, "geometry": {"type": "LineString", "coordinates": [[73.7687751, 18.6108986], [73.7686868, 18.6110252], [73.7686539, 18.6110724], [73.7684177, 18.6114014]]}}, {"type": "Feature", "id": 276154596, "properties": {"id": 276154596, "name": "Maharastra Bhushan DR Shree Nanasahesb Dharmadhikari Flyover", "highway": "primary", "ref": "", "oneway": "yes", "length_km": 0.029}, "geometry": {"type": "LineString", "coordinates": [[73.774955, 18.6052418], [73.7747442, 18.6054102]]}}, {"type": "Feature", "id": 276154597, "properties": {"id": 276154597, "name": "Maharastra Bhushan DR Shree Nanasahesb Dharmadhikari Flyover", "highway": "primary", "ref": "", "oneway": "yes", "length_km": 0.047}, "geometry": {"type": "LineString", "coordinates": [[73.7800626, 18.6002716], [73.7802947, 18.59991]]}}, {"type": "Feature", "id": 276154598, "properties": {"id": 276154598, "name": "Maharastra Bhushan DR Shree Nanasahesb Dharmadhikari Flyover", "highway": "primary", "ref": "", "oneway": "yes", "length_km": 0.047}, "geometry": {"type": "LineString", "coordinates": [[73.7801683, 18.5998352], [73.7799341, 18.6001953]]}}, {"type": "Feature", "id": 276154599, "properties": {"id": 276154599, "name": "Maharastra Bhushan DR Shree Nanasahesb Dharmadhikari Flyover", "highway": "primary", "ref": "", "oneway": "yes", "length_km": 0.029}, "geometry": {"type": "LineString", "coordinates": [[73.7748435, 18.6055189], [73.7750525, 18.6053519]]}}, {"type": "Feature", "id": 276154600, "properties": {"id": 276154600, "name": "Unnamed Arterial", "highway": "primary", "ref": "", "oneway": "no", "length_km": 0.08}, "geometry": {"type": "LineString", "coordinates": [[73.861602, 18.5553661], [73.8615725, 18.5553511], [73.8615399, 18.5553443], [73.8615065, 18.5553463], [73.861474, 18.5553573], [73.8614461, 18.5553765], [73.8614251, 18.5554023], [73.8614126, 18.5554328], [73.8614096, 18.5554653], [73.8614119, 18.5554821], [73.8614231, 18.5555119], [73.8614425, 18.5555378], [73.8614686, 18.5555576], [73.8614995, 18.5555699], [73.8615327, 18.5555737], [73.8615657, 18.5555687], [73.8615961, 18.5555554], [73.8616214, 18.5555348], [73.8616399, 18.5555083], [73.86165, 18.5554781], [73.861651, 18.5554464], [73.8616428, 18.5554156], [73.861626, 18.5553882], [73.861602, 18.5553661]]}}, {"type": "Feature", "id": 279435282, "properties": {"id": 279435282, "name": "East Avenue", "highway": "trunk_link", "ref": "", "oneway": "yes", "length_km": 0.092}, "geometry": {"type": "LineString", "coordinates": [[73.9072913, 18.5559802], [73.9072955, 18.5558798], [73.9072807, 18.5558353], [73.907204, 18.555758], [73.9067393, 18.5553856]]}}, {"type": "Feature", "id": 279435285, "properties": {"id": 279435285, "name": "Nagar Road", "highway": "trunk", "ref": "NH753F", "oneway": "yes", "length_km": 0.495}, "geometry": {"type": "LineString", "coordinates": [[73.9031507, 18.554399], [73.9034719, 18.5544816], [73.9036758, 18.5545333], [73.9039049, 18.5545952], [73.9041013, 18.5546556], [73.9046131, 18.5547847], [73.9056693, 18.5551213], [73.9058707, 18.5552069], [73.9059814, 18.555254], [73.9062041, 18.5553487], [73.9063098, 18.5554067], [73.9064398, 18.5555014], [73.9065664, 18.5555944], [73.9067102, 18.5557271], [73.9067255, 18.555744], [73.9072062, 18.5562052], [73.9072588, 18.5562444], [73.9073134, 18.5562852]]}}, {"type": "Feature", "id": 279435288, "properties": {"id": 279435288, "name": "Nagar Road", "highway": "trunk", "ref": "NH753F", "oneway": "yes", "length_km": 0.5}, "geometry": {"type": "LineString", "coordinates": [[73.907425, 18.556111], [73.9072913, 18.5559802], [73.9070837, 18.5557863], [73.9069403, 18.5556663], [73.9067857, 18.5555434], [73.9066778, 18.5554573], [73.9065494, 18.5553408], [73.9064214, 18.5552395], [73.9062998, 18.555165], [73.9061985, 18.555124], [73.9060875, 18.5550842], [73.9059035, 18.5550226], [73.9057443, 18.5549596], [73.905535, 18.55487], [73.9053997, 18.5548317], [73.9047702, 18.5546331], [73.9045999, 18.5545851], [73.9044277, 18.5545382], [73.9043366, 18.5545161], [73.9042182, 18.5544799], [73.9039712, 18.5544081], [73.9037163, 18.554332], [73.9035069, 18.5542682], [73.9032112, 18.5542099]]}}, {"type": "Feature", "id": 279435294, "properties": {"id": 279435294, "name": "Nagar Road", "highway": "trunk", "ref": "NH753F", "oneway": "yes", "length_km": 0.517}, "geometry": {"type": "LineString", "coordinates": [[73.9073134, 18.5562852], [73.9075124, 18.5564404], [73.9077215, 18.5565993], [73.9077515, 18.5566192], [73.9078889, 18.55671], [73.9081894, 18.5568979], [73.909135, 18.5575206], [73.9092583, 18.5576018], [73.9095721, 18.5578084], [73.9098828, 18.5579893], [73.9101831, 18.5581598], [73.9104367, 18.5582973], [73.9105403, 18.5583522], [73.911012, 18.5585588], [73.9111675, 18.5586121], [73.9114881, 18.5587221]]}}, {"type": "Feature", "id": 279435306, "properties": {"id": 279435306, "name": "Nagar Road", "highway": "trunk", "ref": "NH753F", "oneway": "yes", "length_km": 0.406}, "geometry": {"type": "LineString", "coordinates": [[73.9253084, 18.5625664], [73.9249826, 18.5625306], [73.9247216, 18.562502], [73.9244442, 18.5624492], [73.9243462, 18.5624305], [73.9242746, 18.5624168], [73.9241899, 18.5623956], [73.9236929, 18.5622712], [73.9231622, 18.562126], [73.9228097, 18.5620295], [73.9225527, 18.561972], [73.9223916, 18.5619384], [73.9222854, 18.561912], [73.9221911, 18.5618885], [73.9215494, 18.5617288]]}}, {"type": "Feature", "id": 279435311, "properties": {"id": 279435311, "name": "Nagar Road", "highway": "trunk", "ref": "NH753F", "oneway": "yes", "length_km": 1.259}, "geometry": {"type": "LineString", "coordinates": [[73.9322077, 18.5633407], [73.9325988, 18.563363], [73.9333626, 18.5634108], [73.9335537, 18.5634227], [73.934464, 18.5634477], [73.9345223, 18.5634448], [73.9347687, 18.5634325], [73.9350028, 18.5634208], [73.9353127, 18.5633708], [73.9355443, 18.5633165], [73.935633, 18.5632957], [73.9360639, 18.5631393], [73.93635, 18.5630275], [73.9370607, 18.5627473], [73.9376433, 18.5625347], [73.9380472, 18.562402], [73.9383412, 18.5623353], [73.9385265, 18.5623114], [73.9386773, 18.5623122], [73.9389187, 18.5623702], [73.9392865, 18.5624733], [73.9395664, 18.5625844], [73.9396809, 18.5626298], [73.9399499, 18.5627496], [73.940527, 18.5630126], [73.9406585, 18.5630757], [73.9419989, 18.5637191], [73.9423019, 18.5639085], [73.9425737, 18.5641171], [73.9428557, 18.5643599], [73.9431113, 18.5646281], [73.9432401, 18.5647617]]}}, {"type": "Feature", "id": 279435315, "properties": {"id": 279435315, "name": "Nagar Road", "highway": "trunk", "ref": "NH753F", "oneway": "yes", "length_km": 1.27}, "geometry": {"type": "LineString", "coordinates": [[73.9433448, 18.5645763], [73.9432465, 18.5644738], [73.9430033, 18.56422], [73.9427095, 18.563967], [73.9424252, 18.5637489], [73.9423473, 18.5637002], [73.942106, 18.5635493], [73.9406307, 18.5627965], [73.940511, 18.5627404], [73.9397807, 18.5623983], [73.9393532, 18.5622439], [73.9389164, 18.5621404], [73.9386815, 18.5621172], [73.9385159, 18.5621148], [73.9383036, 18.5621406], [73.9379886, 18.562212], [73.9375717, 18.5623491], [73.937079, 18.562529], [73.9359869, 18.5629556], [73.9355847, 18.563124], [73.9352465, 18.5632048], [73.9350047, 18.5632465], [73.9344966, 18.5632596], [73.9338436, 18.5632255], [73.9333823, 18.5631963], [73.9328033, 18.5631597], [73.9322306, 18.5631187]]}}, {"type": "Feature", "id": 279435320, "properties": {"id": 279435320, "name": "Nagar Road", "highway": "trunk", "ref": "NH753F", "oneway": "yes", "length_km": 0.019}, "geometry": {"type": "LineString", "coordinates": [[73.8891835, 18.5458113], [73.8890101, 18.5457625]]}}, {"type": "Feature", "id": 279435323, "properties": {"id": 279435323, "name": "Nagar Road", "highway": "trunk", "ref": "NH753F", "oneway": "yes", "length_km": 0.451}, "geometry": {"type": "LineString", "coordinates": [[73.8887667, 18.5457097], [73.887753, 18.5454899], [73.8875938, 18.5454554], [73.8875178, 18.54544], [73.8867935, 18.5452932], [73.8861194, 18.5451614], [73.8856207, 18.5450579], [73.8848051, 18.5448825], [73.884804, 18.5446578]]}}, {"type": "Feature", "id": 279435337, "properties": {"id": 279435337, "name": "Nagar Road", "highway": "trunk", "ref": "NH753F", "oneway": "yes", "length_km": 0.126}, "geometry": {"type": "LineString", "coordinates": [[73.9266485, 18.5628856], [73.9271696, 18.5629099], [73.9276931, 18.5629361], [73.927847, 18.5629415]]}}, {"type": "Feature", "id": 279435338, "properties": {"id": 279435338, "name": "Nagar Road", "highway": "trunk", "ref": "NH753F", "oneway": "yes", "length_km": 0.259}, "geometry": {"type": "LineString", "coordinates": [[73.9303896, 18.562933], [73.9290021, 18.5628149], [73.9279372, 18.562723]]}}, {"type": "Feature", "id": 279435339, "properties": {"id": 279435339, "name": "National Games Marg", "highway": "primary", "ref": "", "oneway": "yes", "length_km": 1.213}, "geometry": {"type": "LineString", "coordinates": [[73.8902773, 18.5551826], [73.8910682, 18.558057], [73.8912971, 18.5588629], [73.8914074, 18.559217], [73.8914823, 18.5594577], [73.8915487, 18.5596731], [73.8915596, 18.5597085], [73.8916592, 18.5600312], [73.8916954, 18.5601487], [73.8917495, 18.5603075], [73.891855, 18.5606178], [73.8921651, 18.561475], [73.8921984, 18.5615598], [73.8922541, 18.5617015], [73.8923632, 18.5619382], [73.8928677, 18.5628791], [73.8930317, 18.563185], [73.8934729, 18.5640079], [73.893575, 18.5641734], [73.8936642, 18.5643071], [73.8939333, 18.5646623], [73.8939844, 18.5647298], [73.8940762, 18.564846], [73.894329, 18.565166], [73.8944704, 18.5652337]]}}, {"type": "Feature", "id": 279435340, "properties": {"id": 279435340, "name": "Unnamed Arterial", "highway": "trunk_link", "ref": "", "oneway": "yes", "length_km": 0.038}, "geometry": {"type": "LineString", "coordinates": [[73.9389164, 18.5621404], [73.938875, 18.5620992], [73.9386643, 18.5618893]]}}, {"type": "Feature", "id": 279435342, "properties": {"id": 279435342, "name": "Nagar Road", "highway": "trunk", "ref": "NH753F", "oneway": "no", "length_km": 0.021}, "geometry": {"type": "LineString", "coordinates": [[73.8847801, 18.5450723], [73.8848051, 18.5448825]]}}, {"type": "Feature", "id": 280809527, "properties": {"id": 280809527, "name": "Elphinstone Road", "highway": "primary", "ref": "", "oneway": "no", "length_km": 0.154}, "geometry": {"type": "LineString", "coordinates": [[73.8517278, 18.5638197], [73.852339, 18.5625595]]}}, {"type": "Feature", "id": 280809528, "properties": {"id": 280809528, "name": "Breman Chowk - Khadki Bazar Road", "highway": "primary", "ref": "", "oneway": "yes", "length_km": 0.085}, "geometry": {"type": "LineString", "coordinates": [[73.8464981, 18.5583864], [73.8464799, 18.5583404], [73.8464794, 18.5583067], [73.8465049, 18.5578101], [73.8464961, 18.5577254], [73.8464611, 18.5576296]]}}, {"type": "Feature", "id": 280809529, "properties": {"id": 280809529, "name": "Lakshmanrao Kirloskar Road", "highway": "primary", "ref": "", "oneway": "no", "length_km": 0.104}, "geometry": {"type": "LineString", "coordinates": [[73.8378289, 18.5716059], [73.838712, 18.5711863]]}}, {"type": "Feature", "id": 280809530, "properties": {"id": 280809530, "name": "Old Pune\u2013Mumbai Highway", "highway": "trunk", "ref": "NH60;NH65", "oneway": "yes", "length_km": 0.304}, "geometry": {"type": "LineString", "coordinates": [[73.8383533, 18.5688204], [73.837943, 18.5699423], [73.8378664, 18.570142], [73.8378017, 18.5703123], [73.8374715, 18.5711718], [73.8374115, 18.5713284], [73.837388, 18.571401]]}}, {"type": "Feature", "id": 280809532, "properties": {"id": 280809532, "name": "Unnamed Arterial", "highway": "primary_link", "ref": "", "oneway": "yes", "length_km": 0.037}, "geometry": {"type": "LineString", "coordinates": [[73.8524544, 18.5622167], [73.85213, 18.5623377]]}}, {"type": "Feature", "id": 280809536, "properties": {"id": 280809536, "name": "Unnamed Arterial", "highway": "primary", "ref": "", "oneway": "no", "length_km": 0.043}, "geometry": {"type": "LineString", "coordinates": [[73.8524074, 18.5624571], [73.8523919, 18.5624478], [73.8523742, 18.562443], [73.8523558, 18.5624431], [73.8523382, 18.5624481], [73.8523228, 18.5624577], [73.8523109, 18.5624709], [73.8523033, 18.5624868], [73.8523009, 18.5625041], [73.8523036, 18.5625213], [73.8523114, 18.5625371], [73.8523235, 18.5625502], [73.852339, 18.5625595], [73.8523567, 18.5625643], [73.8523751, 18.5625642], [73.8523927, 18.5625592], [73.8524081, 18.5625496], [73.85242, 18.5625364], [73.8524276, 18.5625205], [73.85243, 18.5625032], [73.8524273, 18.562486], [73.8524195, 18.5624702], [73.8524074, 18.5624571]]}}, {"type": "Feature", "id": 281308015, "properties": {"id": 281308015, "name": "Gopal Krushna Gokhale Path", "highway": "primary", "ref": "SH60", "oneway": "yes", "length_km": 0.958}, "geometry": {"type": "LineString", "coordinates": [[73.8419601, 18.5160631], [73.8419224, 18.516197], [73.8418664, 18.5163955], [73.8417357, 18.5169144], [73.8416601, 18.5172509], [73.8416331, 18.5173639], [73.8416184, 18.5174252], [73.8416037, 18.5174963], [73.8415875, 18.5175742], [73.8415617, 18.5177284], [73.8415123, 18.5180232], [73.8414602, 18.5183339], [73.8413925, 18.5187409], [73.8413309, 18.5191109], [73.841293, 18.5193386], [73.841194, 18.5199083], [73.8411174, 18.5204561], [73.8411081, 18.5205223], [73.8410792, 18.5207289], [73.8410584, 18.5208625], [73.8410377, 18.520996], [73.8410068, 18.5212708], [73.8409937, 18.5213873], [73.8409397, 18.5218669], [73.8409335, 18.5220193], [73.8409325, 18.5220432], [73.8409202, 18.5223467], [73.8409179, 18.5224042], [73.8409127, 18.5225313], [73.8409134, 18.5225565], [73.8409165, 18.5226744], [73.8409438, 18.5228669], [73.8411943, 18.5239295], [73.8412991, 18.5243741], [73.8413279, 18.5244963], [73.8413425, 18.524561]]}}, {"type": "Feature", "id": 281308016, "properties": {"id": 281308016, "name": "Jangli Maharaj Path", "highway": "primary", "ref": "SH60", "oneway": "yes", "length_km": 0.025}, "geometry": {"type": "LineString", "coordinates": [[73.8424086, 18.5159336], [73.8423079, 18.5157778], [73.8422851, 18.5157436]]}}, {"type": "Feature", "id": 282054960, "properties": {"id": 282054960, "name": "Unnamed Arterial", "highway": "trunk_link", "ref": "", "oneway": "yes", "length_km": 0.02}, "geometry": {"type": "LineString", "coordinates": [[73.8553642, 18.5211739], [73.855351, 18.5211469], [73.8553296, 18.5211282], [73.8553059, 18.5211142], [73.8552856, 18.5211081], [73.8552585, 18.5211074], [73.8552361, 18.5211142], [73.8552092, 18.5211268]]}}, {"type": "Feature", "id": 282484392, "properties": {"id": 282484392, "name": "Babasaheb Ambedkar Marg", "highway": "primary", "ref": "", "oneway": "yes", "length_km": 0.011}, "geometry": {"type": "LineString", "coordinates": [[73.8674812, 18.525578], [73.8675775, 18.5255288]]}}, {"type": "Feature", "id": 282484393, "properties": {"id": 282484393, "name": "Babasaheb Ambedkar Marg", "highway": "primary", "ref": "", "oneway": "yes", "length_km": 0.459}, "geometry": {"type": "LineString", "coordinates": [[73.867448, 18.5254894], [73.8671549, 18.5256385], [73.8662008, 18.5261441], [73.8661416, 18.5261755], [73.8648471, 18.5268636], [73.8645751, 18.5270082], [73.8645385, 18.5270289], [73.8642772, 18.5271666], [73.8641996, 18.5272078], [73.8639602, 18.5273225], [73.863774, 18.5274491], [73.8636557, 18.5275452]]}}, {"type": "Feature", "id": 282484394, "properties": {"id": 282484394, "name": "Bajirao Road", "highway": "trunk", "ref": "NH60;NH65", "oneway": "yes", "length_km": 0.215}, "geometry": {"type": "LineString", "coordinates": [[73.8537421, 18.5145251], [73.8537471, 18.5148942], [73.8537636, 18.5153792], [73.8537582, 18.5155709], [73.8537593, 18.5156381], [73.8538073, 18.5160389], [73.8538574, 18.5164569]]}}, {"type": "Feature", "id": 282484395, "properties": {"id": 282484395, "name": "Bajirao Road", "highway": "trunk", "ref": "NH60;NH65", "oneway": "yes", "length_km": 0.136}, "geometry": {"type": "LineString", "coordinates": [[73.8547714, 18.5204263], [73.8549974, 18.520645], [73.8550839, 18.5207435], [73.8551201, 18.5208014], [73.8551804, 18.5209285], [73.8551881, 18.5209776], [73.8551999, 18.5210526], [73.8552092, 18.5211268], [73.8551965, 18.5212134], [73.8551778, 18.5212931], [73.8551021, 18.5214938]]}}, {"type": "Feature", "id": 282484419, "properties": {"id": 282484419, "name": "Karve Road", "highway": "primary", "ref": "SH60", "oneway": "yes", "length_km": 0.177}, "geometry": {"type": "LineString", "coordinates": [[73.8277097, 18.5069112], [73.8280188, 18.5070488], [73.8282197, 18.5071487], [73.8289274, 18.5074957], [73.8290843, 18.5075798], [73.8292017, 18.5076427]]}}, {"type": "Feature", "id": 282484435, "properties": {"id": 282484435, "name": "Paud Road", "highway": "primary", "ref": "SH60", "oneway": "yes", "length_km": 0.813}, "geometry": {"type": "LineString", "coordinates": [[73.8076289, 18.5075253], [73.8077629, 18.5075616], [73.8078799, 18.5076002], [73.8079861, 18.5076422], [73.8081217, 18.5077032], [73.8082719, 18.507789], [73.8084095, 18.5078885], [73.808565, 18.5079966], [73.8087071, 18.5080777], [73.8088427, 18.5081424], [73.8089782, 18.5081933], [73.8091125, 18.5082412], [73.8092635, 18.5082745], [73.8095246, 18.5083138], [73.8096451, 18.5083295], [73.8097254, 18.5083378], [73.8098436, 18.508353], [73.8099815, 18.5083791], [73.8101077, 18.5084074], [73.8102281, 18.5084527], [73.8103795, 18.5085171], [73.8104931, 18.5085734], [73.8106065, 18.5086396], [73.8107196, 18.5087207], [73.8108946, 18.5088658], [73.8110169, 18.508964], [73.8111266, 18.5090592], [73.8112378, 18.5091383], [73.8113856, 18.5092315], [73.8115019, 18.5092938], [73.8116144, 18.5093461], [73.8117045, 18.5093829], [73.8117952, 18.5094162], [73.8119224, 18.5094534], [73.812062, 18.509488], [73.8121909, 18.5095082], [73.8122577, 18.5095164], [73.8124227, 18.5095312], [73.8125146, 18.5095335], [73.8126576, 18.5095409], [73.8130356, 18.5095606], [73.8133356, 18.5095818], [73.8136685, 18.5096125], [73.8138864, 18.5096296], [73.8141707, 18.5096699], [73.8143005, 18.5096884], [73.8144315, 18.5097081], [73.8148093, 18.5097787]]}}, {"type": "Feature", "id": 282484436, "properties": {"id": 282484436, "name": "Paud Road", "highway": "primary", "ref": "SH60", "oneway": "yes", "length_km": 0.154}, "geometry": {"type": "LineString", "coordinates": [[73.8076731, 18.5073824], [73.8075131, 18.5073575], [73.8068969, 18.5072843], [73.8062127, 18.5072209]]}}, {"type": "Feature", "id": 282484449, "properties": {"id": 282484449, "name": "Sambhaji Bridge", "highway": "primary", "ref": "", "oneway": "yes", "length_km": 0.025}, "geometry": {"type": "LineString", "coordinates": [[73.8424559, 18.5142662], [73.842418, 18.5143263], [73.8424026, 18.5143508], [73.8423542, 18.5144652]]}}, {"type": "Feature", "id": 282484452, "properties": {"id": 282484452, "name": "Shivaji Road", "highway": "trunk", "ref": "NH60;NH65", "oneway": "yes", "length_km": 0.025}, "geometry": {"type": "LineString", "coordinates": [[73.8550363, 18.5217074], [73.8550705, 18.5216851], [73.8550966, 18.5216565], [73.8551346, 18.5215952], [73.855175, 18.5215324]]}}, {"type": "Feature", "id": 282936782, "properties": {"id": 282936782, "name": "Karve Road", "highway": "primary", "ref": "", "oneway": "yes", "length_km": 0.48}, "geometry": {"type": "LineString", "coordinates": [[73.8137664, 18.5001004], [73.8141417, 18.5009618], [73.8142806, 18.5012077], [73.8144261, 18.5013967], [73.8146143, 18.5015782], [73.8148372, 18.5017221], [73.8150981, 18.5018825], [73.8152257, 18.501961], [73.8152368, 18.5019678], [73.815329, 18.5020396], [73.8154481, 18.5021292], [73.8154784, 18.5021341], [73.8155227, 18.5021413], [73.815628, 18.5021584], [73.8161981, 18.5022508], [73.8165041, 18.5023184], [73.816941, 18.502415], [73.8171626, 18.5024749]]}}, {"type": "Feature", "id": 282936783, "properties": {"id": 282936783, "name": "Karve Road", "highway": "primary", "ref": "", "oneway": "yes", "length_km": 0.36}, "geometry": {"type": "LineString", "coordinates": [[73.8132615, 18.49529], [73.8132688, 18.4953362], [73.8133582, 18.4957595], [73.8134886, 18.4963768], [73.813553, 18.4966423], [73.8136166, 18.4968808], [73.8136531, 18.4971155], [73.8136831, 18.4975963], [73.8136899, 18.4977315], [73.8136941, 18.4978896], [73.8136878, 18.4980003], [73.8136615, 18.4983272], [73.8136603, 18.4983416], [73.8136464, 18.4984962]]}}, {"type": "Feature", "id": 282936784, "properties": {"id": 282936784, "name": "Karve Road", "highway": "primary", "ref": "", "oneway": "yes", "length_km": 0.062}, "geometry": {"type": "LineString", "coordinates": [[73.813625, 18.4995585], [73.813664, 18.4998292], [73.8137664, 18.5001004]]}}, {"type": "Feature", "id": 282936785, "properties": {"id": 282936785, "name": "Karve Road", "highway": "primary", "ref": "", "oneway": "yes", "length_km": 0.574}, "geometry": {"type": "LineString", "coordinates": [[73.8133905, 18.4952792], [73.8133314, 18.4950157], [73.8133194, 18.4949314], [73.8132998, 18.494794], [73.8133039, 18.4946306], [73.8133057, 18.4945592], [73.8133354, 18.4944057], [73.813468, 18.4942184], [73.8136508, 18.4940311], [73.8137716, 18.4939361], [73.8139396, 18.4938243], [73.8147431, 18.493424], [73.8151027, 18.4932311], [73.8151484, 18.4931743], [73.815197, 18.4931137], [73.8152483, 18.4929578], [73.8152613, 18.4928771], [73.8152748, 18.4927928], [73.8152984, 18.492586], [73.8152992, 18.4924383], [73.8152943, 18.4923085], [73.8152862, 18.4920919], [73.8152753, 18.4917998], [73.8152689, 18.49163], [73.8152491, 18.491056]]}}, {"type": "Feature", "id": 283124050, "properties": {"id": 283124050, "name": "Paud Road", "highway": "primary", "ref": "SH60", "oneway": "yes", "length_km": 0.754}, "geometry": {"type": "LineString", "coordinates": [[73.7957057, 18.5079364], [73.7960612, 18.5079268], [73.7961709, 18.5079239], [73.796248, 18.5079169], [73.7966172, 18.5078859], [73.796668, 18.5078816], [73.7969382, 18.507844], [73.7970494, 18.5078301], [73.7974898, 18.5077891], [73.797575, 18.5077816], [73.79759, 18.5077811], [73.797875, 18.5077512], [73.7984035, 18.507706], [73.7986507, 18.5076777], [73.7990264, 18.5076313], [73.7991094, 18.5076225], [73.7998674, 18.5075375], [73.8003429, 18.5074823], [73.8012474, 18.5073728], [73.8014796, 18.507338], [73.8015936, 18.5073139], [73.8017096, 18.5072791], [73.80182, 18.5072441], [73.802149, 18.5071326], [73.8022518, 18.5070977], [73.8023337, 18.50707], [73.8024229, 18.5070464], [73.802487, 18.5070324], [73.8025612, 18.5070199], [73.8026386, 18.5070119], [73.802697, 18.5070086], [73.8027404, 18.5070088], [73.8027939, 18.5070174]]}}, {"type": "Feature", "id": 283124055, "properties": {"id": 283124055, "name": "Paud Road", "highway": "primary", "ref": "SH60", "oneway": "yes", "length_km": 0.654}, "geometry": {"type": "LineString", "coordinates": [[73.8027698, 18.5068733], [73.8027401, 18.5068853], [73.8027104, 18.5068937], [73.802616, 18.506906], [73.8026066, 18.5069072], [73.802451, 18.5069358], [73.8022763, 18.5069794], [73.8018585, 18.5071199], [73.8016775, 18.5071662], [73.8014857, 18.5072088], [73.8013092, 18.5072373], [73.8007593, 18.5073024], [73.8002896, 18.5073563], [73.7996581, 18.5074254], [73.7993259, 18.5074591], [73.7991858, 18.5074791], [73.7990007, 18.5075014], [73.7986203, 18.5075446], [73.7975664, 18.5076603], [73.7970411, 18.5077269], [73.7966415, 18.5077771], [73.7966312, 18.5077801]]}}, {"type": "Feature", "id": 283124057, "properties": {"id": 283124057, "name": "Paud Road", "highway": "primary", "ref": "SH60", "oneway": "yes", "length_km": 0.085}, "geometry": {"type": "LineString", "coordinates": [[73.8036668, 18.506959], [73.803477, 18.5069351], [73.8031905, 18.5069057], [73.8030606, 18.5068943], [73.8029286, 18.5068889], [73.8028942, 18.5068821], [73.8028613, 18.506872]]}}, {"type": "Feature", "id": 283124060, "properties": {"id": 283124060, "name": "Paud Road", "highway": "primary", "ref": "SH60", "oneway": "yes", "length_km": 0.086}, "geometry": {"type": "LineString", "coordinates": [[73.8028416, 18.5070168], [73.8029074, 18.5070191], [73.8033517, 18.5070689], [73.8036537, 18.5071006]]}}, {"type": "Feature", "id": 283124062, "properties": {"id": 283124062, "name": "Paud Road", "highway": "primary", "ref": "SH60", "oneway": "yes", "length_km": 0.151}, "geometry": {"type": "LineString", "coordinates": [[73.8061977, 18.5073691], [73.8067126, 18.5074196], [73.8073983, 18.5074949], [73.8075044, 18.5075067], [73.8076289, 18.5075253]]}}, {"type": "Feature", "id": 283124065, "properties": {"id": 283124065, "name": "Paud Road", "highway": "primary", "ref": "SH60", "oneway": "yes", "length_km": 0.269}, "geometry": {"type": "LineString", "coordinates": [[73.8036537, 18.5071006], [73.8039608, 18.5071357], [73.8042048, 18.5071629], [73.8045138, 18.5071945], [73.8047358, 18.5072174], [73.8059926, 18.5073469], [73.8061977, 18.5073691]]}}, {"type": "Feature", "id": 283124068, "properties": {"id": 283124068, "name": "Paud Road", "highway": "primary", "ref": "SH60", "oneway": "yes", "length_km": 0.269}, "geometry": {"type": "LineString", "coordinates": [[73.8062127, 18.5072209], [73.8059402, 18.5071904], [73.8058083, 18.5071767], [73.8055059, 18.5071454], [73.8050812, 18.5070984], [73.8045372, 18.5070382], [73.8042777, 18.5070168], [73.8042217, 18.5070134], [73.803974, 18.5069915], [73.8036668, 18.506959]]}}, {"type": "Feature", "id": 284276131, "properties": {"id": 284276131, "name": "Solapur Road", "highway": "trunk", "ref": "NH65", "oneway": "yes", "length_km": 1.285}, "geometry": {"type": "LineString", "coordinates": [[73.8844098, 18.5065342], [73.8844685, 18.5065997], [73.8845982, 18.5066437], [73.8846847, 18.506663], [73.8847649, 18.5066735], [73.8850033, 18.506688], [73.8852113, 18.5066976], [73.8854573, 18.5066952], [73.885809, 18.5066804], [73.8870826, 18.5066267], [73.8884919, 18.5065459], [73.8887778, 18.5065295], [73.8897686, 18.5064934], [73.8898696, 18.5064854], [73.8901806, 18.5064605], [73.890578, 18.5064074], [73.8916704, 18.5062333], [73.8919516, 18.5061979], [73.8921918, 18.5061826], [73.8924407, 18.5061696], [73.892533, 18.5061717], [73.8961808, 18.5067777], [73.8965181, 18.5068209]]}}, {"type": "Feature", "id": 284276134, "properties": {"id": 284276134, "name": "Unnamed Arterial", "highway": "trunk_link", "ref": "", "oneway": "yes", "length_km": 0.02}, "geometry": {"type": "LineString", "coordinates": [[73.896944, 18.5068747], [73.8969752, 18.5068454], [73.8969855, 18.5068232], [73.896988, 18.5068026], [73.8969869, 18.5067815], [73.8969782, 18.506763], [73.8969621, 18.506749], [73.8969285, 18.5067325]]}}, {"type": "Feature", "id": 289375518, "properties": {"id": 289375518, "name": "Bajirao Road", "highway": "trunk", "ref": "NH60;NH65", "oneway": "yes", "length_km": 0.111}, "geometry": {"type": "LineString", "coordinates": [[73.8536222, 18.5056995], [73.853628, 18.505896], [73.8536555, 18.5063705], [73.8536852, 18.5066985]]}}, {"type": "Feature", "id": 289375519, "properties": {"id": 289375519, "name": "Bajirao Road", "highway": "trunk", "ref": "NH60;NH65", "oneway": "yes", "length_km": 0.031}, "geometry": {"type": "LineString", "coordinates": [[73.8536461, 18.5054335], [73.8536602, 18.5056503], [73.8536222, 18.5056995]]}}, {"type": "Feature", "id": 290528073, "properties": {"id": 290528073, "name": "Deccan College Road", "highway": "primary", "ref": "", "oneway": "yes", "length_km": 0.688}, "geometry": {"type": "LineString", "coordinates": [[73.8769808, 18.544849], [73.8768512, 18.5449313], [73.8763781, 18.5452318], [73.8761219, 18.5453946], [73.8759321, 18.5455156], [73.8753608, 18.5458801], [73.8751199, 18.5460359], [73.8747308, 18.5462876], [73.8745735, 18.5463893], [73.8743553, 18.5465304], [73.8734194, 18.5471321], [73.873121, 18.5473239], [73.8721149, 18.5479708], [73.8718127, 18.5481651], [73.8717971, 18.5481751], [73.8715512, 18.5483192]]}}, {"type": "Feature", "id": 292598582, "properties": {"id": 292598582, "name": "Sinhagad Road", "highway": "primary", "ref": "", "oneway": "yes", "length_km": 0.514}, "geometry": {"type": "LineString", "coordinates": [[73.8146491, 18.4624097], [73.8147034, 18.4625435], [73.8149624, 18.4630871], [73.8152737, 18.463748], [73.8153034, 18.4638065], [73.8153332, 18.4638651], [73.8156061, 18.4643592], [73.815669, 18.4644782], [73.8157969, 18.4647203], [73.8158919, 18.4649087], [73.815905, 18.4649313], [73.8159778, 18.4650577], [73.8164545, 18.4657465], [73.816553, 18.4658672], [73.8166155, 18.4659333], [73.8167695, 18.466056], [73.8171278, 18.4663414]]}}, {"type": "Feature", "id": 292598583, "properties": {"id": 292598583, "name": "Dhayari Phata Over Bridge", "highway": "primary", "ref": "", "oneway": "yes", "length_km": 0.041}, "geometry": {"type": "LineString", "coordinates": [[73.8146841, 18.4623834], [73.8144227, 18.462104]]}}, {"type": "Feature", "id": 292598584, "properties": {"id": 292598584, "name": "Dhayari Phata Over Bridge", "highway": "primary", "ref": "", "oneway": "yes", "length_km": 0.04}, "geometry": {"type": "LineString", "coordinates": [[73.8143909, 18.4621432], [73.8144141, 18.462169], [73.8146491, 18.4624097]]}}, {"type": "Feature", "id": 292598586, "properties": {"id": 292598586, "name": "Narveer Tanaji Malusare Marg (Sinhagad Road)", "highway": "primary", "ref": "", "oneway": "yes", "length_km": 0.266}, "geometry": {"type": "LineString", "coordinates": [[73.8146841, 18.4623834], [73.8146725, 18.4623255], [73.814638, 18.4622749], [73.8145064, 18.4621521], [73.8141684, 18.4618364], [73.8140068, 18.4616995], [73.8138934, 18.4616035], [73.8137316, 18.4614817], [73.8135921, 18.4613847], [73.8130016, 18.4610194], [73.8127554, 18.4608621]]}}, {"type": "Feature", "id": 292625530, "properties": {"id": 292625530, "name": "Solapur Road Flyover Ramp", "highway": "trunk", "ref": "NH965", "oneway": "yes", "length_km": 0.033}, "geometry": {"type": "LineString", "coordinates": [[73.9403829, 18.4988695], [73.9401449, 18.4990679]]}}, {"type": "Feature", "id": 311629552, "properties": {"id": 311629552, "name": "Narubhau Limaye Path", "highway": "primary", "ref": "", "oneway": "yes", "length_km": 0.208}, "geometry": {"type": "LineString", "coordinates": [[73.8415875, 18.5175742], [73.8416945, 18.5175535], [73.8418682, 18.5175166], [73.8424544, 18.517397], [73.8429203, 18.5173015], [73.8430321, 18.5172803], [73.8431048, 18.517242], [73.8431366, 18.5172041], [73.8431482, 18.5171225], [73.8431467, 18.5170978], [73.8431323, 18.5168602]]}}, {"type": "Feature", "id": 311629553, "properties": {"id": 311629553, "name": "Sambhaji Bridge", "highway": "primary", "ref": "", "oneway": "yes", "length_km": 0.031}, "geometry": {"type": "LineString", "coordinates": [[73.8424888, 18.5144063], [73.842509, 18.5143781], [73.8426566, 18.5141723]]}}, {"type": "Feature", "id": 311631279, "properties": {"id": 311631279, "name": "Bund Garden Road", "highway": "trunk", "ref": "NH753F", "oneway": "yes", "length_km": 0.028}, "geometry": {"type": "LineString", "coordinates": [[73.8853839, 18.5418409], [73.8853993, 18.5415921]]}}, {"type": "Feature", "id": 311631280, "properties": {"id": 311631280, "name": "Ganeshkhind Road", "highway": "primary", "ref": "SH60", "oneway": "yes", "length_km": 0.29}, "geometry": {"type": "LineString", "coordinates": [[73.8447931, 18.5315508], [73.8448581, 18.5315331], [73.8454068, 18.5313833], [73.8456252, 18.5313237], [73.8461921, 18.53118], [73.8465444, 18.5310907], [73.8466139, 18.5310731], [73.8468717, 18.5310078], [73.8469371, 18.5309912], [73.8473002, 18.5309027], [73.8474329, 18.5308178]]}}, {"type": "Feature", "id": 311631281, "properties": {"id": 311631281, "name": "Ganeshkhind Road", "highway": "primary", "ref": "SH60", "oneway": "yes", "length_km": 0.237}, "geometry": {"type": "LineString", "coordinates": [[73.8474329, 18.5308178], [73.8477561, 18.5307467], [73.8482019, 18.5306426], [73.8482665, 18.5306285], [73.848641, 18.5305352], [73.848684, 18.5305245], [73.8487614, 18.5305047], [73.8488404, 18.5304845], [73.8489689, 18.5304516], [73.8496212, 18.5302848]]}}, {"type": "Feature", "id": 311631282, "properties": {"id": 311631282, "name": "Raja Bahadur Mill Marg", "highway": "trunk", "ref": "NH753F", "oneway": "yes", "length_km": 1.271}, "geometry": {"type": "LineString", "coordinates": [[73.863905, 18.5300077], [73.8640094, 18.5300176], [73.8641966, 18.5300354], [73.8647422, 18.5300677], [73.8654042, 18.5300957], [73.8659357, 18.5301182], [73.8676441, 18.5301904], [73.8678845, 18.530186], [73.8681209, 18.5301634], [73.86833, 18.5301356], [73.8684813, 18.530101], [73.8685446, 18.5300865], [73.8692866, 18.5298627], [73.8694715, 18.529818], [73.8697687, 18.5297593], [73.8700341, 18.5297127], [73.8701355, 18.5297018], [73.8701939, 18.5296962], [73.8704524, 18.5296762], [73.8706239, 18.5296733], [73.8707529, 18.5296712], [73.870941, 18.5296696], [73.8711624, 18.5296678], [73.8718961, 18.5297018], [73.87196, 18.5297048], [73.8720589, 18.5297111], [73.8721309, 18.5297143], [73.872247, 18.5297211], [73.8724429, 18.5297327], [73.8728322, 18.5297577], [73.873321, 18.5297891], [73.8734405, 18.5297933], [73.8735573, 18.529798], [73.8739485, 18.5298125], [73.8740381, 18.5298117], [73.8743431, 18.5298385], [73.8744543, 18.5298536], [73.8745409, 18.5298936], [73.8746411, 18.5299675], [73.8747324, 18.5300507], [73.8747538, 18.5300698], [73.8751449, 18.5304452], [73.8752016, 18.5304908], [73.8752741, 18.5305481], [73.8754409, 18.5306799], [73.8755183, 18.5307449], [73.8755536, 18.5307762]]}}, {"type": "Feature", "id": 311631283, "properties": {"id": 311631283, "name": "NH753F", "highway": "trunk", "ref": "NH753F", "oneway": "yes", "length_km": 0.007}, "geometry": {"type": "LineString", "coordinates": [[73.884068, 18.5413958], [73.8840574, 18.541454]]}}, {"type": "Feature", "id": 313866316, "properties": {"id": 313866316, "name": "Sant Dyaneshwar Marg", "highway": "primary", "ref": "", "oneway": "no", "length_km": 1.489}, "geometry": {"type": "LineString", "coordinates": [[73.8730994, 18.5995187], [73.8731071, 18.599575], [73.8731124, 18.5996135], [73.8731118, 18.5997065], [73.8731023, 18.5998614], [73.8730609, 18.6000941], [73.8729789, 18.6005118], [73.8728863, 18.6009209], [73.8728439, 18.6012139], [73.8727879, 18.6015397], [73.8727645, 18.601877], [73.872773, 18.6021119], [73.8727745, 18.6023433], [73.8728025, 18.6026587], [73.872905, 18.603236], [73.8732214, 18.6051214], [73.8733226, 18.6057683], [73.8733727, 18.606198], [73.8733847, 18.6064442], [73.8733982, 18.606719], [73.8733947, 18.6070143], [73.8733927, 18.6070923], [73.8733851, 18.6073854], [73.8733543, 18.6079752], [73.8733216, 18.6085288], [73.8733135, 18.6086657], [73.8732704, 18.609323], [73.8732218, 18.6099488], [73.8730016, 18.6124479], [73.872973, 18.6127723], [73.872961, 18.6128444]]}}, {"type": "Feature", "id": 315093245, "properties": {"id": 315093245, "name": "Unnamed Arterial", "highway": "primary_link", "ref": "", "oneway": "yes", "length_km": 0.072}, "geometry": {"type": "LineString", "coordinates": [[73.7906964, 18.5976067], [73.7906698, 18.5974216], [73.7906683, 18.5973635], [73.7906771, 18.597301], [73.7906947, 18.5972512], [73.7907072, 18.5971934], [73.790783, 18.5971223], [73.7908746, 18.5970241]]}}, {"type": "Feature", "id": 317550162, "properties": {"id": 317550162, "name": "Sadguru Morya Gosavi Underpass", "highway": "trunk", "ref": "NH60;NH65", "oneway": "yes", "length_km": 0.119}, "geometry": {"type": "LineString", "coordinates": [[73.8507642, 18.5276748], [73.8506817, 18.5277524], [73.8506035, 18.5278421], [73.8505108, 18.5279623], [73.8504212, 18.5280867], [73.8503581, 18.5281877], [73.8502585, 18.5283785], [73.8501508, 18.5285664]]}}, {"type": "Feature", "id": 317550166, "properties": {"id": 317550166, "name": "Mokshagundam Vishweshvarayya Flyover", "highway": "trunk", "ref": "", "oneway": "yes", "length_km": 0.18}, "geometry": {"type": "LineString", "coordinates": [[73.8536462, 18.5319215], [73.853874, 18.5317073], [73.8548572, 18.5307695]]}}, {"type": "Feature", "id": 317550167, "properties": {"id": 317550167, "name": "Mokshagundam Vishweshvarayya Flyover", "highway": "trunk", "ref": "", "oneway": "yes", "length_km": 0.185}, "geometry": {"type": "LineString", "coordinates": [[73.8556505, 18.5300266], [73.8553601, 18.5300422], [73.8551107, 18.53006], [73.8549108, 18.5300587], [73.8544576, 18.5300187], [73.8540177, 18.5299671], [73.8538916, 18.529964]]}}, {"type": "Feature", "id": 317550168, "properties": {"id": 317550168, "name": "Mokshagundam Vishweshvarayya Flyover", "highway": "trunk", "ref": "NH60;NH65", "oneway": "yes", "length_km": 0.265}, "geometry": {"type": "LineString", "coordinates": [[73.8539652, 18.5317184], [73.8548385, 18.5309361], [73.8549431, 18.5308309], [73.8549894, 18.5307619], [73.8550181, 18.5306123], [73.8550111, 18.5304907], [73.8549766, 18.5303722], [73.8549424, 18.5302927], [73.8548914, 18.5302304], [73.8548264, 18.5301789], [73.8547533, 18.5301388], [73.8546514, 18.5301121], [73.8544361, 18.5300987]]}}, {"type": "Feature", "id": 317550169, "properties": {"id": 317550169, "name": "Sadguru Morya Gosavi Underpass", "highway": "trunk", "ref": "NH60;NH65", "oneway": "yes", "length_km": 0.048}, "geometry": {"type": "LineString", "coordinates": [[73.8501508, 18.5285664], [73.850037, 18.5288419], [73.8499519, 18.5289578]]}}, {"type": "Feature", "id": 317550171, "properties": {"id": 317550171, "name": "Sadguru Morya Gosavi Underpass", "highway": "trunk", "ref": "NH60;NH65", "oneway": "yes", "length_km": 0.076}, "geometry": {"type": "LineString", "coordinates": [[73.8513466, 18.5272653], [73.8507642, 18.5276748]]}}, {"type": "Feature", "id": 317550178, "properties": {"id": 317550178, "name": "Mokshagundam Vishweshvarayya Flyover", "highway": "trunk", "ref": "NH65", "oneway": "yes", "length_km": 0.041}, "geometry": {"type": "LineString", "coordinates": [[73.8536462, 18.5319215], [73.8538177, 18.5318446], [73.8539652, 18.5317184]]}}, {"type": "Feature", "id": 317550179, "properties": {"id": 317550179, "name": "Mokshagundam Vishweshvarayya Flyover", "highway": "trunk", "ref": "NH65", "oneway": "yes", "length_km": 0.06}, "geometry": {"type": "LineString", "coordinates": [[73.8544361, 18.5300987], [73.8541626, 18.530072], [73.8539935, 18.530032], [73.8538916, 18.529964]]}}, {"type": "Feature", "id": 317550180, "properties": {"id": 317550180, "name": "Sadguru Morya Gosavi Underpass", "highway": "trunk", "ref": "NH60", "oneway": "yes", "length_km": 0.129}, "geometry": {"type": "LineString", "coordinates": [[73.8523911, 18.5266513], [73.8523139, 18.5267165], [73.8522276, 18.5267783], [73.8520815, 18.5268642], [73.8518985, 18.5269678], [73.85169, 18.527078], [73.8513466, 18.5272653]]}}, {"type": "Feature", "id": 317550182, "properties": {"id": 317550182, "name": "Mokshagundam Vishweshvarayya Flyover", "highway": "trunk_link", "ref": "", "oneway": "yes", "length_km": 0.154}, "geometry": {"type": "LineString", "coordinates": [[73.8550491, 18.5323475], [73.8548552, 18.5323037], [73.8546748, 18.5322344], [73.8545132, 18.5321943], [73.8543443, 18.5321791], [73.8542645, 18.5321721], [73.8541686, 18.5321593], [73.8540988, 18.5321282], [73.8540372, 18.5320786], [73.8539916, 18.5320157], [73.8539708, 18.5319508], [73.853952, 18.5318268], [73.8539652, 18.5317184]]}}, {"type": "Feature", "id": 327073018, "properties": {"id": 327073018, "name": "Ganeshkhind Road", "highway": "primary", "ref": "", "oneway": "yes", "length_km": 0.308}, "geometry": {"type": "LineString", "coordinates": [[73.8340334, 18.5386944], [73.8345512, 18.5382844], [73.8347462, 18.53813], [73.834981, 18.5379531], [73.8352084, 18.5377675], [73.8354719, 18.5375489], [73.8358635, 18.5372261], [73.8359345, 18.5371085], [73.8362253, 18.5368688]]}}, {"type": "Feature", "id": 327073019, "properties": {"id": 327073019, "name": "Ganeshkhind Road", "highway": "primary", "ref": "", "oneway": "yes", "length_km": 0.126}, "geometry": {"type": "LineString", "coordinates": [[73.8331051, 18.539409], [73.8335455, 18.539084], [73.8340334, 18.5386944]]}}, {"type": "Feature", "id": 327073022, "properties": {"id": 327073022, "name": "Gopal Krushna Gokhale Path", "highway": "primary", "ref": "SH60", "oneway": "yes", "length_km": 0.014}, "geometry": {"type": "LineString", "coordinates": [[73.8413425, 18.524561], [73.8413694, 18.5246803]]}}, {"type": "Feature", "id": 327073023, "properties": {"id": 327073023, "name": "Gopal Krushna Gokhale Path", "highway": "primary", "ref": "SH60", "oneway": "yes", "length_km": 0.017}, "geometry": {"type": "LineString", "coordinates": [[73.8413694, 18.5246803], [73.8414036, 18.5248292]]}}, {"type": "Feature", "id": 327073027, "properties": {"id": 327073027, "name": "Mokshagundam Vishweshvarayya Flyover", "highway": "trunk", "ref": "", "oneway": "yes", "length_km": 0.083}, "geometry": {"type": "LineString", "coordinates": [[73.8548572, 18.5307695], [73.8549367, 18.5307037], [73.8553365, 18.530349], [73.8554353, 18.5302583]]}}, {"type": "Feature", "id": 327073028, "properties": {"id": 327073028, "name": "Mokshagundam Vishweshvarayya Flyover", "highway": "trunk", "ref": "NH65", "oneway": "yes", "length_km": 0.03}, "geometry": {"type": "LineString", "coordinates": [[73.8523748, 18.5335314], [73.8525197, 18.5332961]]}}, {"type": "Feature", "id": 330762152, "properties": {"id": 330762152, "name": "Karvenagar Flyover", "highway": "primary", "ref": "", "oneway": "yes", "length_km": 0.343}, "geometry": {"type": "LineString", "coordinates": [[73.8129266, 18.4875624], [73.813165, 18.4878511], [73.8134748, 18.4881856], [73.8138556, 18.4885888], [73.8140702, 18.4887669], [73.8146362, 18.4893825], [73.8147998, 18.4896356], [73.8148829, 18.4898098], [73.8149527, 18.4899624]]}}, {"type": "Feature", "id": 330762153, "properties": {"id": 330762153, "name": "Shree Sant Dnyaneshwar Maharaj and Shree Sant Tukaram Maharaj Flyover", "highway": "trunk", "ref": "NH965", "oneway": "yes", "length_km": 0.418}, "geometry": {"type": "LineString", "coordinates": [[73.9366946, 18.5011303], [73.9379376, 18.5010412], [73.9382824, 18.5010004], [73.9389378, 18.5009128], [73.9391102, 18.5008238], [73.9392449, 18.5007248], [73.9393206, 18.5006238], [73.9393722, 18.5005157], [73.9394088, 18.5004234], [73.9394195, 18.5002968], [73.9394277, 18.500139], [73.939483, 18.4998854], [73.9395713, 18.4996763], [73.9395997, 18.4996389], [73.9397009, 18.4995522]]}}, {"type": "Feature", "id": 330762154, "properties": {"id": 330762154, "name": "Shree Sant Dnyaneshwar Maharaj and Shree Sant Tukaram Maharaj Flyover", "highway": "trunk", "ref": "NH965", "oneway": "yes", "length_km": 0.014}, "geometry": {"type": "LineString", "coordinates": [[73.9407495, 18.4986544], [73.9408145, 18.4985959], [73.9408422, 18.4985697]]}}, {"type": "Feature", "id": 330762155, "properties": {"id": 330762155, "name": "Shree Sant Dnyaneshwar Maharaj and Shree Sant Tukaram Maharaj Flyover", "highway": "trunk", "ref": "NH965", "oneway": "yes", "length_km": 0.149}, "geometry": {"type": "LineString", "coordinates": [[73.9397009, 18.4995522], [73.9398255, 18.4994448], [73.9407495, 18.4986544]]}}, {"type": "Feature", "id": 330762156, "properties": {"id": 330762156, "name": "Shree Sant Dnyaneshwar Maharaj and Shree Sant Tukaram Maharaj Flyover", "highway": "trunk", "ref": "NH965", "oneway": "yes", "length_km": 0.023}, "geometry": {"type": "LineString", "coordinates": [[73.9364916, 18.5010516], [73.9365204, 18.5010748], [73.9365674, 18.5011007], [73.9366946, 18.5011303]]}}, {"type": "Feature", "id": 338986130, "properties": {"id": 338986130, "name": "Late Keshavrao Jedhe Flyover", "highway": "trunk", "ref": "", "oneway": "yes", "length_km": 0.349}, "geometry": {"type": "LineString", "coordinates": [[73.8583843, 18.4999896], [73.858442, 18.5001104], [73.8584943, 18.5001842], [73.8585533, 18.5002605], [73.8586123, 18.500319], [73.8586606, 18.5003661], [73.8587223, 18.5004093], [73.8588001, 18.5004576], [73.8588886, 18.5004856], [73.8589798, 18.5005085], [73.859138, 18.5005276], [73.8592842, 18.50052], [73.8603826, 18.5004297], [73.8606776, 18.5003915], [73.8614327, 18.5002376]]}}, {"type": "Feature", "id": 338986134, "properties": {"id": 338986134, "name": "Late Keshavrao Jedhe Flyover", "highway": "trunk", "ref": "", "oneway": "yes", "length_km": 0.279}, "geometry": {"type": "LineString", "coordinates": [[73.8583843, 18.4999896], [73.8583615, 18.5001359], [73.85832, 18.5002465], [73.8582771, 18.5003139], [73.8582194, 18.5003839], [73.8581523, 18.5004411], [73.8580598, 18.5004945], [73.8579176, 18.5005378], [73.8574187, 18.5006331], [73.8569158, 18.50074], [73.8561138, 18.5009371]]}}, {"type": "Feature", "id": 338986135, "properties": {"id": 338986135, "name": "Unnamed Arterial", "highway": "trunk", "ref": "", "oneway": "yes", "length_km": 0.552}, "geometry": {"type": "LineString", "coordinates": [[73.858396, 18.4993508], [73.8581952, 18.4978631], [73.858088, 18.4972781], [73.8580276, 18.4969691], [73.8580222, 18.4968368], [73.8580531, 18.4964247], [73.8580652, 18.496211], [73.8579904, 18.4944025]]}}, {"type": "Feature", "id": 338986136, "properties": {"id": 338986136, "name": "Late Keshavrao Jedhe Flyover", "highway": "trunk", "ref": "", "oneway": "yes", "length_km": 0.052}, "geometry": {"type": "LineString", "coordinates": [[73.8578436, 18.4943746], [73.8578466, 18.4948426]]}}, {"type": "Feature", "id": 339091998, "properties": {"id": 339091998, "name": "Vishrantwadi - Airport Road", "highway": "primary", "ref": "", "oneway": "yes", "length_km": 0.322}, "geometry": {"type": "LineString", "coordinates": [[73.8817849, 18.5730056], [73.8814275, 18.5729653], [73.8813006, 18.5729612], [73.8808383, 18.5729191], [73.8806259, 18.5728968], [73.8802713, 18.5728531], [73.8799938, 18.5728006], [73.8796955, 18.5727452], [73.8794009, 18.5726884], [73.8792941, 18.5726804], [73.8789542, 18.5726549], [73.8787451, 18.5726384]]}}, {"type": "Feature", "id": 340410903, "properties": {"id": 340410903, "name": "Unnamed Arterial", "highway": "primary_link", "ref": "", "oneway": "yes", "length_km": 0.048}, "geometry": {"type": "LineString", "coordinates": [[73.7777736, 18.5892093], [73.7777143, 18.5891489], [73.7776919, 18.5891061], [73.7776826, 18.589066], [73.777682, 18.5890226], [73.7776938, 18.5889695], [73.7777118, 18.5889185], [73.777738, 18.5888721], [73.7777784, 18.5888308]]}}, {"type": "Feature", "id": 340410904, "properties": {"id": 340410904, "name": "Jagtap Dairy-Wakad Bypass Road", "highway": "primary", "ref": "", "oneway": "yes", "length_km": 0.672}, "geometry": {"type": "LineString", "coordinates": [[73.7768846, 18.5891486], [73.7769999, 18.5891688], [73.7771223, 18.5892011], [73.7771674, 18.5892194], [73.7772261, 18.5892433], [73.7772434, 18.5892475], [73.7772589, 18.5892517], [73.7774011, 18.5892905], [73.7776347, 18.5893659], [73.7778734, 18.5894684], [73.7781155, 18.5895879], [73.7785336, 18.5898383], [73.7789867, 18.5901096], [73.7790963, 18.5901752], [73.7791558, 18.5902294], [73.7792487, 18.5902698], [73.7796706, 18.5905432], [73.7801725, 18.5909217], [73.7808135, 18.5914176], [73.7808199, 18.591422], [73.7808985, 18.5914828], [73.780961, 18.5915362], [73.7809716, 18.5915452], [73.7811805, 18.5917133], [73.7814634, 18.5919834], [73.781585, 18.5920775], [73.7816683, 18.592122], [73.7817241, 18.5921512], [73.7817901, 18.5921659], [73.781857, 18.5921792], [73.7819629, 18.592192], [73.7820851, 18.5921881], [73.7822664, 18.5921841]]}}, {"type": "Feature", "id": 342557170, "properties": {"id": 342557170, "name": "Shivaji Road", "highway": "trunk", "ref": "NH60;NH65", "oneway": "yes", "length_km": 0.16}, "geometry": {"type": "LineString", "coordinates": [[73.8512688, 18.5274241], [73.8513435, 18.5273884], [73.8513903, 18.5273602], [73.8514153, 18.5273451], [73.8514656, 18.5273051], [73.8515346, 18.5272504], [73.8517184, 18.5271436], [73.8519233, 18.5270244], [73.852095, 18.5269322], [73.852244, 18.5268462], [73.8523623, 18.5267618], [73.8524449, 18.5266819], [73.8525178, 18.5266051]]}}, {"type": "Feature", "id": 342557171, "properties": {"id": 342557171, "name": "Shivaji Road", "highway": "trunk", "ref": "NH60;NH65", "oneway": "yes", "length_km": 0.12}, "geometry": {"type": "LineString", "coordinates": [[73.8525178, 18.5266051], [73.8526149, 18.5265114], [73.8530377, 18.526066], [73.8531369, 18.5259549], [73.8531425, 18.5259486], [73.8532798, 18.5257947]]}}, {"type": "Feature", "id": 342557172, "properties": {"id": 342557172, "name": "Shivaji Road", "highway": "trunk", "ref": "NH60;65", "oneway": "yes", "length_km": 0.174}, "geometry": {"type": "LineString", "coordinates": [[73.852555, 18.5264612], [73.8524233, 18.5265563], [73.8523512, 18.5266026], [73.8522509, 18.5266758], [73.8520533, 18.5268054], [73.851866, 18.526911], [73.8517676, 18.5269621], [73.8513305, 18.5271889], [73.8512891, 18.5272115], [73.8511482, 18.5272884]]}}, {"type": "Feature", "id": 367660749, "properties": {"id": 367660749, "name": "Sadguru Shankar Maharaj Uddanpul", "highway": "trunk", "ref": "", "oneway": "yes", "length_km": 1.207}, "geometry": {"type": "LineString", "coordinates": [[73.8564744, 18.4733148], [73.856682, 18.472527], [73.8567851, 18.4721357], [73.8570275, 18.4712184], [73.8570868, 18.4709869], [73.8571378, 18.4707379], [73.8575339, 18.4694399], [73.8576471, 18.4688669], [73.8577297, 18.4684277], [73.8578104, 18.4679476], [73.8578828, 18.4672745], [73.8579524, 18.4665988], [73.8581076, 18.4648823], [73.8581822, 18.4640774], [73.8582027, 18.4638369], [73.8582205, 18.4635809], [73.8582356, 18.4632776], [73.858235, 18.4629514], [73.8582093, 18.4626097]]}}, {"type": "Feature", "id": 367660750, "properties": {"id": 367660750, "name": "Sadguru Shankar Maharaj Uddanpul", "highway": "trunk", "ref": "", "oneway": "yes", "length_km": 0.027}, "geometry": {"type": "LineString", "coordinates": [[73.8564651, 18.473562], [73.8564744, 18.4733148]]}}, {"type": "Feature", "id": 367660751, "properties": {"id": 367660751, "name": "Sadguru Shankar Maharaj Uddanpul", "highway": "trunk", "ref": "", "oneway": "yes", "length_km": 0.013}, "geometry": {"type": "LineString", "coordinates": [[73.8580532, 18.462417], [73.8580604, 18.4625342]]}}, {"type": "Feature", "id": 367660752, "properties": {"id": 367660752, "name": "Sadguru Shankar Maharaj Uddanpul", "highway": "trunk", "ref": "", "oneway": "yes", "length_km": 0.028}, "geometry": {"type": "LineString", "coordinates": [[73.856324, 18.4732743], [73.8562646, 18.4735247]]}}, {"type": "Feature", "id": 367660754, "properties": {"id": 367660754, "name": "Satara Road", "highway": "trunk", "ref": "NH60", "oneway": "yes", "length_km": 0.661}, "geometry": {"type": "LineString", "coordinates": [[73.8580532, 18.462417], [73.8580054, 18.4625464], [73.858034, 18.4632057], [73.8580437, 18.4634101], [73.8580484, 18.4635889], [73.8580441, 18.4637475], [73.8580054, 18.4641327], [73.8579684, 18.4645496], [73.8578684, 18.4656075], [73.8578377, 18.4659373], [73.8577909, 18.4665815], [73.8576596, 18.4675438], [73.8576128, 18.4679779], [73.8575753, 18.4682667], [73.8575631, 18.4683442]]}}, {"type": "Feature", "id": 367660755, "properties": {"id": 367660755, "name": "Satara Road", "highway": "trunk", "ref": "NH60", "oneway": "yes", "length_km": 0.601}, "geometry": {"type": "LineString", "coordinates": [[73.8564651, 18.473562], [73.8565523, 18.4733372], [73.8567348, 18.4725407], [73.8568246, 18.4721794], [73.8568609, 18.4720597], [73.8568742, 18.4720158], [73.8571092, 18.471241], [73.8571572, 18.4710359], [73.8571674, 18.4709766], [73.8572046, 18.470759], [73.8573913, 18.4700781], [73.8575074, 18.4697367], [73.857572, 18.4694904], [73.8575954, 18.4693828], [73.8576237, 18.4692524], [73.8577088, 18.4688003], [73.8577992, 18.4683959], [73.857814, 18.4683105]]}}, {"type": "Feature", "id": 367660756, "properties": {"id": 367660756, "name": "Satara Road", "highway": "trunk", "ref": "NH60", "oneway": "yes", "length_km": 0.398}, "geometry": {"type": "LineString", "coordinates": [[73.8562646, 18.4735247], [73.8562573, 18.4736178], [73.8562277, 18.4738758], [73.8562131, 18.4740391], [73.856197, 18.4742706], [73.8561997, 18.474455], [73.85617, 18.474721], [73.8561528, 18.4754312], [73.8561573, 18.4757111], [73.8561821, 18.4759037], [73.8562282, 18.4761055], [73.8562781, 18.4762651], [73.85637, 18.4764234], [73.8564987, 18.4765983], [73.8566409, 18.476784], [73.8567187, 18.4768756], [73.8567764, 18.4769456]]}}, {"type": "Feature", "id": 367660757, "properties": {"id": 367660757, "name": "Satara Road", "highway": "trunk", "ref": "NH60", "oneway": "yes", "length_km": 1.561}, "geometry": {"type": "LineString", "coordinates": [[73.8581941, 18.4621361], [73.8581719, 18.4618451], [73.858159, 18.4615858], [73.8581111, 18.4606363], [73.8581134, 18.4602736], [73.8581141, 18.4599848], [73.8581026, 18.4597461], [73.8580902, 18.4593945], [73.8580858, 18.4593065], [73.8580856, 18.4592903], [73.8580845, 18.4592068], [73.8580836, 18.4589309], [73.8581294, 18.4586076], [73.8582602, 18.4580221], [73.8584323, 18.4572913], [73.8584758, 18.457122], [73.8585663, 18.4567445], [73.858615, 18.4565038], [73.8586383, 18.4563254], [73.8586566, 18.4561857], [73.858742, 18.4556225], [73.8587625, 18.4554873], [73.858784, 18.4551578], [73.8587717, 18.4549321], [73.8587639, 18.4547877], [73.8587307, 18.4545876], [73.8587049, 18.4544409], [73.8587003, 18.4544036], [73.8586935, 18.4543494], [73.8586733, 18.4542526], [73.8586568, 18.4541416], [73.8586457, 18.4540668], [73.8584041, 18.4528801], [73.8583118, 18.4522888], [73.8582997, 18.4522078], [73.8582205, 18.4516753], [73.8581818, 18.4511468], [73.8581859, 18.4508732], [73.8581913, 18.4507812], [73.8581915, 18.4507105], [73.8581938, 18.450664], [73.8582048, 18.4504373], [73.8582286, 18.450187], [73.8582641, 18.4499958], [73.8582996, 18.4498046], [73.8583032, 18.4497743], [73.8583378, 18.4494801], [73.8583827, 18.449131], [73.8584145, 18.4489056], [73.8584348, 18.4487907], [73.8584976, 18.4485358], [73.8585339, 18.4483886], [73.8585756, 18.448212]]}}, {"type": "Feature", "id": 380347379, "properties": {"id": 380347379, "name": "Mundhwa Road", "highway": "primary", "ref": "", "oneway": "yes", "length_km": 0.226}, "geometry": {"type": "LineString", "coordinates": [[73.9351279, 18.5325229], [73.9349988, 18.5324848], [73.9349501, 18.5324887], [73.9346993, 18.532509], [73.9345267, 18.5325375], [73.9344316, 18.5325634], [73.9343068, 18.5326079], [73.9342295, 18.5326452], [73.9339708, 18.5327402], [73.9336478, 18.5328594], [73.9330625, 18.5329719]]}}, {"type": "Feature", "id": 380347393, "properties": {"id": 380347393, "name": "Unnamed Arterial", "highway": "trunk", "ref": "", "oneway": "yes", "length_km": 0.038}, "geometry": {"type": "LineString", "coordinates": [[73.8579904, 18.4944025], [73.8579948, 18.4940588]]}}, {"type": "Feature", "id": 380347396, "properties": {"id": 380347396, "name": "Mokshagundam Vishweshvarayya Flyover", "highway": "trunk", "ref": "", "oneway": "yes", "length_km": 0.506}, "geometry": {"type": "LineString", "coordinates": [[73.8556505, 18.5300266], [73.8554836, 18.5301083], [73.8553307, 18.5301668], [73.8552059, 18.5302825], [73.8548905, 18.5305833], [73.8531378, 18.5323397], [73.852937, 18.5325579], [73.852744, 18.5327895], [73.8523775, 18.533319]]}}, {"type": "Feature", "id": 380347398, "properties": {"id": 380347398, "name": "Mokshagundam Vishweshvarayya Flyover", "highway": "trunk", "ref": "NH60;NH65", "oneway": "yes", "length_km": 0.043}, "geometry": {"type": "LineString", "coordinates": [[73.8538916, 18.529964], [73.8537434, 18.5298076], [73.8536737, 18.5297376], [73.8536127, 18.5296855]]}}, {"type": "Feature", "id": 380347402, "properties": {"id": 380347402, "name": "Unnamed Arterial", "highway": "trunk", "ref": "", "oneway": "yes", "length_km": 0.026}, "geometry": {"type": "LineString", "coordinates": [[73.8584541, 18.4995801], [73.858396, 18.4993508]]}}, {"type": "Feature", "id": 380347405, "properties": {"id": 380347405, "name": "Mokshagundam Vishweshvarayya Flyover", "highway": "trunk", "ref": "NH60;NH65", "oneway": "yes", "length_km": 0.05}, "geometry": {"type": "LineString", "coordinates": [[73.8536127, 18.5296855], [73.8533659, 18.5295335], [73.8531929, 18.5294751]]}}, {"type": "Feature", "id": 385727437, "properties": {"id": 385727437, "name": "Saswad Road", "highway": "trunk_link", "ref": "NH965", "oneway": "yes", "length_km": 0.276}, "geometry": {"type": "LineString", "coordinates": [[73.9403829, 18.4988695], [73.9401233, 18.4990177], [73.9392757, 18.4997241], [73.9392361, 18.4997586], [73.9386924, 18.5002325], [73.9386132, 18.5003368], [73.938577, 18.5004653], [73.938574, 18.5005853]]}}, {"type": "Feature", "id": 388929590, "properties": {"id": 388929590, "name": "Dr. Rajendra Prasad Path", "highway": "trunk", "ref": "NH60;65", "oneway": "yes", "length_km": 0.02}, "geometry": {"type": "LineString", "coordinates": [[73.8512688, 18.5274241], [73.8511482, 18.5272884]]}}, {"type": "Feature", "id": 435760629, "properties": {"id": 435760629, "name": "NH548DD", "highway": "trunk", "ref": "NH548DD", "oneway": "yes", "length_km": 0.433}, "geometry": {"type": "LineString", "coordinates": [[73.9109765, 18.4499451], [73.9111233, 18.4499948], [73.9112493, 18.4500362], [73.9113124, 18.4500497], [73.9114545, 18.45008], [73.9115484, 18.4500884], [73.9115916, 18.4500923], [73.9117174, 18.4501036], [73.9122243, 18.4501074], [73.9126548, 18.4501036], [73.9127536, 18.450101], [73.9129955, 18.4500896], [73.9132623, 18.4500578], [73.9135118, 18.4500463], [73.9136875, 18.4500527], [73.9137881, 18.4500688], [73.9139136, 18.4501108], [73.914022, 18.4501549], [73.9142783, 18.4502435], [73.9143321, 18.4502621], [73.9149883, 18.4505035]]}}, {"type": "Feature", "id": 435766844, "properties": {"id": 435766844, "name": "NDA Road", "highway": "primary", "ref": "SH59", "oneway": "no", "length_km": 0.917}, "geometry": {"type": "LineString", "coordinates": [[73.7703006, 18.457337], [73.7703824, 18.4573791], [73.7704588, 18.4574184], [73.7705742, 18.4574706], [73.7706649, 18.4575759], [73.7707445, 18.4577899], [73.7707771, 18.4579202], [73.7708328, 18.4581424], [73.7710168, 18.4586682], [73.7711659, 18.4590945], [73.7712367, 18.4592528], [73.7712984, 18.4593825], [73.7714265, 18.4595638], [73.7715855, 18.4597022], [73.7716435, 18.4597616], [73.7720249, 18.4601303], [73.7722049, 18.4603024], [73.7722911, 18.460405], [73.7724075, 18.4605223], [73.7728043, 18.4608933], [73.7729879, 18.4610528], [73.7730707, 18.4611316], [73.7731627, 18.4614766], [73.7732553, 18.4621158], [73.7732748, 18.4622049], [73.7733512, 18.4625627], [73.7733775, 18.4627535], [73.7734911, 18.4631548], [73.7735371, 18.4634575], [73.7735517, 18.4636664], [73.7735492, 18.4639195], [73.7735454, 18.4644594], [73.7735555, 18.4645224], [73.7735877, 18.4645822]]}}, {"type": "Feature", "id": 435766845, "properties": {"id": 435766845, "name": "NDA Road", "highway": "primary", "ref": "", "oneway": "no", "length_km": 0.107}, "geometry": {"type": "LineString", "coordinates": [[73.7669949, 18.4544428], [73.7669944, 18.4543714], [73.766993, 18.4542785], [73.7670239, 18.4541402], [73.7670256, 18.4540931], [73.7670063, 18.4540144], [73.7669488, 18.4539348], [73.7668084, 18.4537801], [73.7667789, 18.453714], [73.7667516, 18.4535603]]}}, {"type": "Feature", "id": 436197878, "properties": {"id": 436197878, "name": "Mundhwa Road", "highway": "primary", "ref": "", "oneway": "no", "length_km": 4.596}, "geometry": {"type": "LineString", "coordinates": [[73.9783426, 18.5216302], [73.9782289, 18.5217051], [73.9781786, 18.521737], [73.9780305, 18.5218321], [73.9779124, 18.5219129], [73.9778797, 18.5219345], [73.9776186, 18.5221509], [73.9775695, 18.5221911], [73.9774632, 18.5222892], [73.9774298, 18.52232], [73.9771504, 18.5225682], [73.9769904, 18.5227106], [73.9769154, 18.5227852], [73.976794, 18.5229059], [73.9766949, 18.5229887], [73.9763375, 18.5231812], [73.9751463, 18.5234812], [73.975055, 18.5235092], [73.9749793, 18.5235286], [73.9743196, 18.5237181], [73.9742694, 18.5237325], [73.9739975, 18.5238068], [73.9733128, 18.5240188], [73.9721412, 18.5245], [73.9718004, 18.5246416], [73.9715256, 18.5247377], [73.9711965, 18.5248529], [73.9709372, 18.5249264], [73.970837, 18.5249548], [73.9706776, 18.5249996], [73.9704826, 18.5250675], [73.9703484, 18.5250918], [73.9702061, 18.525098], [73.9701101, 18.5251022], [73.9700719, 18.5251046], [73.9700461, 18.5251049], [73.969763, 18.5250991], [73.9695581, 18.525083], [73.9691776, 18.5250597], [73.9691165, 18.5250597], [73.9689871, 18.5250597], [73.9688974, 18.5250617], [73.968603, 18.5250801], [73.968222, 18.5250845], [73.9677424, 18.5250539], [73.9676581, 18.5250462], [73.9672156, 18.5250058], [73.9670634, 18.5249922], [73.9669851, 18.5249854], [73.9667668, 18.5249651], [73.9665319, 18.5249432], [73.966469, 18.5249404], [73.9661935, 18.5249281], [73.9659588, 18.5249242], [73.9658061, 18.5249446], [73.9655739, 18.5249757], [73.9653383, 18.5250072], [73.9652501, 18.5250194], [73.9649801, 18.5250568], [73.9647511, 18.5250728], [73.9642334, 18.525051], [73.9641059, 18.5250467], [73.9637674, 18.525038], [73.9637094, 18.5250364], [73.9635286, 18.5250355], [73.9634363, 18.5250351], [73.9631318, 18.5250336], [73.9630801, 18.5250334], [73.9628085, 18.5250353], [73.9626001, 18.5250367], [73.9622231, 18.5250378], [73.9618309, 18.5250306], [73.9615918, 18.525045], [73.961443, 18.5250573], [73.9613101, 18.5250757], [73.9611757, 18.5250944], [73.9610197, 18.5251347], [73.9608718, 18.5251645], [73.9606705, 18.5252094], [73.9605501, 18.5252305], [73.9603859, 18.5252572], [73.9601369, 18.5252757], [73.9598996, 18.5252841], [73.9598047, 18.5252871], [73.9595416, 18.5252847], [73.9592601, 18.525292], [73.958983, 18.525308], [73.9588457, 18.5253036], [73.9586813, 18.5252983], [73.9585271, 18.5252905], [73.958366, 18.5252862], [73.9582124, 18.5252789], [73.9579942, 18.5253066], [73.9577914, 18.5253343], [73.9576994, 18.5253451], [73.9575635, 18.525361], [73.9573443, 18.5253867], [73.9572885, 18.5253935], [73.9572392, 18.5253995], [73.9569711, 18.5254322], [73.956794, 18.5254538], [73.9564355, 18.5255074], [73.9561106, 18.5255598], [73.95592, 18.5255864], [73.9556439, 18.5256373], [73.9554256, 18.5256911], [73.9553484, 18.5257087], [73.9552852, 18.5257232], [73.9551957, 18.5257436], [73.9550937, 18.5258033], [73.9550193, 18.525891], [73.9550067, 18.5259367], [73.9549837, 18.5260842], [73.9549813, 18.5261612], [73.9549744, 18.5262085], [73.9549404, 18.5262573], [73.9548882, 18.5262944], [73.9541132, 18.5265188], [73.9533087, 18.5266898], [73.9531225, 18.5267317], [73.9529184, 18.5267777], [73.9523402, 18.526908], [73.9521117, 18.5269698], [73.9515382, 18.527125], [73.9505579, 18.5273902], [73.9504567, 18.5274176], [73.9503416, 18.5274487], [73.9501162, 18.5275097], [73.9500055, 18.5275397], [73.9496623, 18.5276344], [73.9496283, 18.5276438], [73.9492462, 18.527743], [73.9487792, 18.5278613], [73.9485443, 18.5279209], [73.9483568, 18.5279684], [73.9480834, 18.528062], [73.9480516, 18.5280767], [73.9477376, 18.5282218], [73.9471103, 18.5285479], [73.9469752, 18.5285906], [73.9467894, 18.5286824], [73.9466652, 18.5287438], [73.9463205, 18.5288788], [73.945968, 18.529034], [73.9458375, 18.5290914], [73.9456244, 18.5291852], [73.9453845, 18.5292983], [73.945329, 18.5293252], [73.9450111, 18.5294746], [73.9447186, 18.5295717], [73.9446699, 18.5296079], [73.9445415, 18.529649], [73.9443829, 18.5297042], [73.9441918, 18.5297948], [73.9439849, 18.5298929], [73.9433525, 18.5301926], [73.9432548, 18.530227], [73.9429715, 18.5303317], [73.9427356, 18.5304096], [73.9424453, 18.5305133], [73.9422882, 18.530567], [73.9420826, 18.530622], [73.941902, 18.5306703], [73.9416605, 18.5307355], [73.941437, 18.5307943], [73.9413902, 18.5308081], [73.9412895, 18.5308351], [73.9410966, 18.5308869], [73.9410282, 18.5309053], [73.9409021, 18.5309421], [73.9408634, 18.5309495], [73.9407206, 18.5309752], [73.9406799, 18.5309864], [73.940509, 18.5310219], [73.9404154, 18.531041], [73.9400708, 18.5311114], [73.9400385, 18.531118], [73.9398656, 18.53115], [73.9393401, 18.5313323], [73.9385817, 18.5316793], [73.9382649, 18.5318326], [73.9380416, 18.5319046], [73.9379349, 18.5319259], [73.9377823, 18.5319568], [73.9373681, 18.5320168], [73.9370968, 18.5320379]]}}, {"type": "Feature", "id": 436682011, "properties": {"id": 436682011, "name": "Unnamed Arterial", "highway": "trunk_link", "ref": "", "oneway": "no", "length_km": 0.013}, "geometry": {"type": "LineString", "coordinates": [[73.8490202, 18.4507822], [73.8490555, 18.4508967]]}}, {"type": "Feature", "id": 436823852, "properties": {"id": 436823852, "name": "Katraj Bypass Road | Katraj - Kondhwa Road", "highway": "trunk", "ref": "", "oneway": "yes", "length_km": 0.545}, "geometry": {"type": "LineString", "coordinates": [[73.8840851, 18.4508831], [73.8835168, 18.4508066], [73.8829564, 18.4507156], [73.8821821, 18.4506087], [73.8819652, 18.4505809], [73.881581, 18.450539], [73.881334, 18.4505135], [73.8810444, 18.450475], [73.8802989, 18.450371], [73.8801581, 18.4503546], [73.8800862, 18.4503452], [73.8798525, 18.4503163], [73.8794138, 18.4502623], [73.8789394, 18.450255]]}}, {"type": "Feature", "id": 473017289, "properties": {"id": 473017289, "name": "Unnamed Arterial", "highway": "trunk_link", "ref": "", "oneway": "yes", "length_km": 0.024}, "geometry": {"type": "LineString", "coordinates": [[73.9435346, 18.5649237], [73.9435778, 18.5651367]]}}, {"type": "Feature", "id": 473017292, "properties": {"id": 473017292, "name": "Unnamed Arterial", "highway": "trunk_link", "ref": "", "oneway": "yes", "length_km": 0.561}, "geometry": {"type": "LineString", "coordinates": [[73.9386846, 18.5622113], [73.9388521, 18.5622446], [73.9391342, 18.562309], [73.9397464, 18.5625207], [73.9400545, 18.5626522], [73.9408265, 18.5630266], [73.9416822, 18.563462], [73.941967, 18.5636037], [73.9422107, 18.5637312], [73.9424243, 18.5638627], [73.9426748, 18.5640447], [73.9430108, 18.5643294], [73.9432314, 18.5645562], [73.9432973, 18.5646272]]}}, {"type": "Feature", "id": 473017295, "properties": {"id": 473017295, "name": "Unnamed Arterial", "highway": "trunk_link", "ref": "", "oneway": "yes", "length_km": 0.246}, "geometry": {"type": "LineString", "coordinates": [[73.9350764, 18.5633071], [73.9354104, 18.5632518], [73.9357653, 18.5631499], [73.9363514, 18.5629242], [73.9372716, 18.5625649]]}}, {"type": "Feature", "id": 473017300, "properties": {"id": 473017300, "name": "Viman Nagar Road", "highway": "trunk", "ref": "", "oneway": "yes", "length_km": 0.011}, "geometry": {"type": "LineString", "coordinates": [[73.918311, 18.5609038], [73.9183433, 18.5608074]]}}, {"type": "Feature", "id": 474403033, "properties": {"id": 474403033, "name": "Solapur Road", "highway": "primary", "ref": "", "oneway": "yes", "length_km": 0.113}, "geometry": {"type": "LineString", "coordinates": [[73.938427, 18.500706], [73.9380968, 18.5007499], [73.9379146, 18.5007741], [73.9376127, 18.5008062], [73.9374054, 18.5008247], [73.937358, 18.5008289]]}}, {"type": "Feature", "id": 475287505, "properties": {"id": 475287505, "name": "Mundhwa Road", "highway": "trunk", "ref": "", "oneway": "yes", "length_km": 0.01}, "geometry": {"type": "LineString", "coordinates": [[73.9329788, 18.532989], [73.9330057, 18.5330785]]}}, {"type": "Feature", "id": 476095464, "properties": {"id": 476095464, "name": "Satara Road", "highway": "trunk", "ref": "NH60", "oneway": "yes", "length_km": 0.01}, "geometry": {"type": "LineString", "coordinates": [[73.8584273, 18.5004653], [73.8584349, 18.5005586]]}}, {"type": "Feature", "id": 476661918, "properties": {"id": 476661918, "name": "Unnamed Arterial", "highway": "trunk_link", "ref": "", "oneway": "yes", "length_km": 0.027}, "geometry": {"type": "LineString", "coordinates": [[73.9274748, 18.5023204], [73.9274252, 18.5024018], [73.9273888, 18.5024777], [73.927369, 18.5025373]]}}, {"type": "Feature", "id": 476915667, "properties": {"id": 476915667, "name": "Shankarshet Road Underpass", "highway": "trunk", "ref": "", "oneway": "yes", "length_km": 0.032}, "geometry": {"type": "LineString", "coordinates": [[73.8561297, 18.5009938], [73.8558377, 18.501062]]}}, {"type": "Feature", "id": 477630343, "properties": {"id": 477630343, "name": "Chimaji Appa Peshwe Path", "highway": "primary", "ref": "", "oneway": "yes", "length_km": 0.012}, "geometry": {"type": "LineString", "coordinates": [[73.8538841, 18.5012289], [73.8538651, 18.5013341]]}}, {"type": "Feature", "id": 477872876, "properties": {"id": 477872876, "name": "Dhore Patil Flyover", "highway": "primary", "ref": "", "oneway": "yes", "length_km": 0.037}, "geometry": {"type": "LineString", "coordinates": [[73.8102627, 18.5692939], [73.8099244, 18.5693719]]}}, {"type": "Feature", "id": 477872878, "properties": {"id": 477872878, "name": "Dhore Patil Flyover", "highway": "primary", "ref": "", "oneway": "yes", "length_km": 0.356}, "geometry": {"type": "LineString", "coordinates": [[73.8099244, 18.5693719], [73.8094456, 18.5694854], [73.8092404, 18.5695912], [73.8090737, 18.5697565], [73.8088869, 18.5700096], [73.8081446, 18.571113], [73.8077642, 18.5716785]]}}, {"type": "Feature", "id": 477872880, "properties": {"id": 477872880, "name": "Kalewadi Main Road", "highway": "primary", "ref": "", "oneway": "yes", "length_km": 0.09}, "geometry": {"type": "LineString", "coordinates": [[73.8081946, 18.5714576], [73.8082981, 18.571169], [73.8085758, 18.5707368]]}}, {"type": "Feature", "id": 478256064, "properties": {"id": 478256064, "name": "Unnamed Arterial", "highway": "primary", "ref": "", "oneway": "no", "length_km": 0.013}, "geometry": {"type": "LineString", "coordinates": [[73.7808985, 18.5914828], [73.7809758, 18.5913968]]}}, {"type": "Feature", "id": 480442210, "properties": {"id": 480442210, "name": "Unnamed Arterial", "highway": "trunk_link", "ref": "", "oneway": "yes", "length_km": 0.035}, "geometry": {"type": "LineString", "coordinates": [[73.8907405, 18.4523839], [73.8908336, 18.4523857], [73.8909163, 18.4524095], [73.8909724, 18.452459], [73.8910289, 18.4525071]]}}, {"type": "Feature", "id": 480613538, "properties": {"id": 480613538, "name": "Shankarshet Road Underpass", "highway": "trunk", "ref": "", "oneway": "yes", "length_km": 0.239}, "geometry": {"type": "LineString", "coordinates": [[73.8611014, 18.5002109], [73.8608223, 18.5002824], [73.8605703, 18.5003305], [73.8601908, 18.5003737], [73.8588551, 18.5005365]]}}, {"type": "Feature", "id": 480613539, "properties": {"id": 480613539, "name": "Shankarshet Road Underpass", "highway": "trunk", "ref": "", "oneway": "yes", "length_km": 0.091}, "geometry": {"type": "LineString", "coordinates": [[73.8588551, 18.5005365], [73.8579914, 18.500623]]}}, {"type": "Feature", "id": 480613540, "properties": {"id": 480613540, "name": "Shankarshet Road Underpass", "highway": "trunk", "ref": "", "oneway": "yes", "length_km": 0.2}, "geometry": {"type": "LineString", "coordinates": [[73.8579914, 18.500623], [73.8574272, 18.5007286], [73.856907, 18.5008294], [73.8561297, 18.5009938]]}}, {"type": "Feature", "id": 480657390, "properties": {"id": 480657390, "name": "Late Keshavrao Jedhe Flyover", "highway": "trunk", "ref": "", "oneway": "yes", "length_km": 0.575}, "geometry": {"type": "LineString", "coordinates": [[73.8578466, 18.4948426], [73.857919, 18.4961347], [73.8579104, 18.4966522], [73.8579104, 18.4969026], [73.8579259, 18.4970083], [73.8579434, 18.4971637], [73.8580043, 18.4975304], [73.8583843, 18.4999896]]}}, {"type": "Feature", "id": 480850443, "properties": {"id": 480850443, "name": "Katraj - Dehu Road Bypass", "highway": "trunk", "ref": "NH48", "oneway": "yes", "length_km": 0.947}, "geometry": {"type": "LineString", "coordinates": [[73.7892784, 18.4920854], [73.7887412, 18.4927699], [73.7884739, 18.4931523], [73.7882085, 18.4935438], [73.7880072, 18.4939968], [73.7878677, 18.4944038], [73.7877697, 18.4949392], [73.7877551, 18.4952152], [73.7877687, 18.495477], [73.7878423, 18.4960194], [73.7878822, 18.4962159], [73.7879857, 18.4965226], [73.7882701, 18.497128], [73.7884793, 18.497446], [73.7887904, 18.4978428], [73.7891398, 18.4982529], [73.789996, 18.4992607], [73.790215, 18.4995263]]}}, {"type": "Feature", "id": 480850444, "properties": {"id": 480850444, "name": "Bypass", "highway": "trunk", "ref": "NH48", "oneway": "yes", "length_km": 0.033}, "geometry": {"type": "LineString", "coordinates": [[73.7894641, 18.4918443], [73.7892784, 18.4920854]]}}, {"type": "Feature", "id": 480850445, "properties": {"id": 480850445, "name": "Bypass", "highway": "trunk", "ref": "NH48", "oneway": "yes", "length_km": 0.032}, "geometry": {"type": "LineString", "coordinates": [[73.7893987, 18.4921527], [73.7895753, 18.491915]]}}, {"type": "Feature", "id": 480850446, "properties": {"id": 480850446, "name": "Katraj - Dehu Road Bypass", "highway": "trunk", "ref": "NH48", "oneway": "yes", "length_km": 0.328}, "geometry": {"type": "LineString", "coordinates": [[73.7895753, 18.491915], [73.7897458, 18.4917037], [73.7899542, 18.4914653], [73.7902331, 18.4912313], [73.7908983, 18.4907632], [73.7919573, 18.4900203]]}}, {"type": "Feature", "id": 480873273, "properties": {"id": 480873273, "name": "Old Pune\u2013Mumbai Highway", "highway": "trunk", "ref": "NH60;NH65", "oneway": "yes", "length_km": 1.071}, "geometry": {"type": "LineString", "coordinates": [[73.8522488, 18.5334563], [73.8521671, 18.5335692], [73.8521591, 18.5335803], [73.8518451, 18.5340396], [73.8515962, 18.5344243], [73.8513362, 18.5348917], [73.8510531, 18.5354851], [73.8509884, 18.5356113], [73.850904, 18.5358126], [73.8508546, 18.5359402], [73.8508171, 18.5360689], [73.8506643, 18.5366637], [73.8506011, 18.5368909], [73.850568, 18.5370098], [73.8504754, 18.5373388], [73.8504583, 18.537492], [73.8504747, 18.5376488], [73.850493, 18.5379124], [73.8505023, 18.5380203], [73.8505233, 18.5383085], [73.8505384, 18.5383929], [73.8505574, 18.5384987], [73.8505984, 18.5386943], [73.8506161, 18.5387784], [73.8506277, 18.5388338], [73.850802, 18.5393991], [73.8508925, 18.5396738], [73.8509369, 18.5398088], [73.8509937, 18.5400657], [73.8513593, 18.5417185], [73.8514985, 18.5425463], [73.8515046, 18.5426132]]}}, {"type": "Feature", "id": 494832285, "properties": {"id": 494832285, "name": "Balaji Vishwanath Path", "highway": "trunk", "ref": "NH60;NH65", "oneway": "yes", "length_km": 0.297}, "geometry": {"type": "LineString", "coordinates": [[73.8584273, 18.5004653], [73.8583463, 18.5004823], [73.8580996, 18.5005339], [73.857959, 18.5005065], [73.8575666, 18.5005544], [73.8573959, 18.5005721], [73.8571365, 18.5006245], [73.8568729, 18.5006777], [73.8560991, 18.5008532], [73.8558792, 18.5009613], [73.8557223, 18.5010896]]}}, {"type": "Feature", "id": 494832287, "properties": {"id": 494832287, "name": "Late Keshavrao Jedhe Flyover", "highway": "trunk", "ref": "", "oneway": "yes", "length_km": 0.025}, "geometry": {"type": "LineString", "coordinates": [[73.8614327, 18.5002376], [73.8616714, 18.5001969]]}}, {"type": "Feature", "id": 494832288, "properties": {"id": 494832288, "name": "Balaji Vishwanath Path", "highway": "trunk", "ref": "NH60;65", "oneway": "yes", "length_km": 0.026}, "geometry": {"type": "LineString", "coordinates": [[73.8584349, 18.5005586], [73.8583688, 18.5005717], [73.8582999, 18.5006067], [73.8582142, 18.5006618]]}}, {"type": "Feature", "id": 494832289, "properties": {"id": 494832289, "name": "Late Keshavrao Jedhe Flyover", "highway": "trunk", "ref": "", "oneway": "yes", "length_km": 0.025}, "geometry": {"type": "LineString", "coordinates": [[73.8561138, 18.5009371], [73.8558792, 18.5009613]]}}, {"type": "Feature", "id": 502438542, "properties": {"id": 502438542, "name": "Unnamed Arterial", "highway": "trunk_link", "ref": "", "oneway": "yes", "length_km": 0.137}, "geometry": {"type": "LineString", "coordinates": [[73.8214679, 18.608137], [73.8216152, 18.6080979], [73.8216781, 18.6080948], [73.8217413, 18.6080916], [73.8218983, 18.6081106], [73.8220075, 18.6081479], [73.8222443, 18.6082288], [73.8224186, 18.608314], [73.8225111, 18.6084081], [73.822605, 18.6085377]]}}, {"type": "Feature", "id": 527310391, "properties": {"id": 527310391, "name": "Magarpatta Road", "highway": "trunk", "ref": "", "oneway": "yes", "length_km": 0.06}, "geometry": {"type": "LineString", "coordinates": [[73.9330057, 18.5330785], [73.9330886, 18.5334009], [73.9331386, 18.5336028]]}}, {"type": "Feature", "id": 527310393, "properties": {"id": 527310393, "name": "Magarpatta Road", "highway": "trunk", "ref": "", "oneway": "yes", "length_km": 0.377}, "geometry": {"type": "LineString", "coordinates": [[73.9330625, 18.5329719], [73.9329055, 18.5325388], [73.9328073, 18.5323429], [73.9327103, 18.5321833], [73.9325066, 18.5319262], [73.9323764, 18.5317841], [73.932304, 18.531673], [73.9322796, 18.5315615], [73.9322749, 18.5314794], [73.9323107, 18.5311632], [73.9323676, 18.5306619], [73.9323887, 18.5304756], [73.9324073, 18.5303115], [73.9324367, 18.5300523], [73.9324666, 18.5297888]]}}, {"type": "Feature", "id": 529188562, "properties": {"id": 529188562, "name": "Bund Garden Road", "highway": "trunk", "ref": "NH753F", "oneway": "yes", "length_km": 0.143}, "geometry": {"type": "LineString", "coordinates": [[73.8796412, 18.5346914], [73.8795373, 18.5345188], [73.8792776, 18.5341343], [73.8791443, 18.5339369], [73.8790479, 18.5338014], [73.8789675, 18.5336947], [73.8788855, 18.5336216]]}}, {"type": "Feature", "id": 541919555, "properties": {"id": 541919555, "name": "Unnamed Arterial", "highway": "trunk_link", "ref": "", "oneway": "no", "length_km": 0.015}, "geometry": {"type": "LineString", "coordinates": [[73.831097, 18.4564808], [73.8310526, 18.4563568]]}}, {"type": "Feature", "id": 567621339, "properties": {"id": 567621339, "name": "National Games Marg", "highway": "primary", "ref": "", "oneway": "no", "length_km": 0.143}, "geometry": {"type": "LineString", "coordinates": [[73.902487, 18.5774083], [73.9035203, 18.5782543]]}}, {"type": "Feature", "id": 567624016, "properties": {"id": 567624016, "name": "Nagar Road", "highway": "trunk", "ref": "NH753F", "oneway": "yes", "length_km": 0.02}, "geometry": {"type": "LineString", "coordinates": [[73.921153, 18.5616232], [73.9209766, 18.561568]]}}, {"type": "Feature", "id": 567635448, "properties": {"id": 567635448, "name": "Katraj - Dehu Road Bypass", "highway": "trunk", "ref": "NH48", "oneway": "yes", "length_km": 0.18}, "geometry": {"type": "LineString", "coordinates": [[73.7688482, 18.5164141], [73.7688312, 18.5165498], [73.7688055, 18.5168844], [73.76878, 18.5172378], [73.7687665, 18.5176349], [73.7687783, 18.518036]]}}, {"type": "Feature", "id": 567635449, "properties": {"id": 567635449, "name": "Katraj - Dehu Road Bypass", "highway": "trunk", "ref": "NH48", "oneway": "yes", "length_km": 0.045}, "geometry": {"type": "LineString", "coordinates": [[73.7699505, 18.5134127], [73.7701603, 18.5130602]]}}, {"type": "Feature", "id": 567635450, "properties": {"id": 567635450, "name": "Katraj - Dehu Road Bypass", "highway": "trunk", "ref": "NH48", "oneway": "yes", "length_km": 1.959}, "geometry": {"type": "LineString", "coordinates": [[73.7701603, 18.5130602], [73.7704072, 18.5126627], [73.7705716, 18.5124415], [73.7707446, 18.5122245], [73.7709199, 18.512023], [73.7710946, 18.5118397], [73.771277, 18.5116718], [73.7715809, 18.5114215], [73.7719201, 18.5111679], [73.7733011, 18.5100748], [73.7735537, 18.5098959], [73.7738275, 18.5097194], [73.7741595, 18.509528], [73.7744238, 18.5094002], [73.7747027, 18.5092869], [73.7749473, 18.5091961], [73.7752094, 18.5091107], [73.7755571, 18.5090251], [73.7777944, 18.5085828], [73.7783494, 18.5084606], [73.7783764, 18.5084552], [73.7786008, 18.5084098], [73.7790307, 18.5083146], [73.7803328, 18.5080264], [73.7804618, 18.5079978], [73.7805208, 18.5079845], [73.7806129, 18.5079595], [73.7807759, 18.5079225], [73.7813746, 18.5077865], [73.7819371, 18.5076576], [73.7822628, 18.5075921], [73.7828504, 18.5074557], [73.7828837, 18.5074535], [73.7833729, 18.5073887], [73.7835028, 18.5073785], [73.7837462, 18.5073595], [73.7839006, 18.5073474], [73.7843836, 18.5073318], [73.7844936, 18.5073282], [73.7850247, 18.5073362], [73.7855517, 18.5073666], [73.7863438, 18.5074158], [73.7867377, 18.5074405], [73.78699, 18.507461]]}}, {"type": "Feature", "id": 567635451, "properties": {"id": 567635451, "name": "Katraj - Dehu Road Bypass", "highway": "trunk", "ref": "NH48", "oneway": "yes", "length_km": 0.045}, "geometry": {"type": "LineString", "coordinates": [[73.770052, 18.5130028], [73.7698407, 18.5133598]]}}, {"type": "Feature", "id": 567652409, "properties": {"id": 567652409, "name": "Aundh Ravet Road", "highway": "primary", "ref": "", "oneway": "yes", "length_km": 0.898}, "geometry": {"type": "LineString", "coordinates": [[73.782849, 18.5960951], [73.7832298, 18.5955814], [73.7834342, 18.5952518], [73.7837253, 18.5947824], [73.7838456, 18.5945844], [73.7841755, 18.5940354], [73.7844602, 18.5935601], [73.7847545, 18.5930687], [73.7850856, 18.5925567], [73.7851206, 18.5925153], [73.7852209, 18.5923837], [73.7853014, 18.5922852], [73.7854181, 18.5921407], [73.7858762, 18.5916566], [73.7868599, 18.5905818], [73.7873978, 18.5900047], [73.78748, 18.5899103], [73.7877662, 18.5895156]]}}, {"type": "Feature", "id": 567652410, "properties": {"id": 567652410, "name": "Jagtap Dairy-Wakad Road", "highway": "primary", "ref": "", "oneway": "yes", "length_km": 0.222}, "geometry": {"type": "LineString", "coordinates": [[73.7866444, 18.5939247], [73.7867851, 18.5940353], [73.7879815, 18.5952513], [73.7880578, 18.595271], [73.7881393, 18.5953151]]}}, {"type": "Feature", "id": 567656390, "properties": {"id": 567656390, "name": "Katraj - Dehu Road Bypass", "highway": "trunk", "ref": "NH48", "oneway": "yes", "length_km": 0.717}, "geometry": {"type": "LineString", "coordinates": [[73.7665302, 18.5673059], [73.7676556, 18.5642444], [73.7687482, 18.5611989]]}}, {"type": "Feature", "id": 567671199, "properties": {"id": 567671199, "name": "Unnamed Arterial", "highway": "primary", "ref": "", "oneway": "yes", "length_km": 0.017}, "geometry": {"type": "LineString", "coordinates": [[73.7850134, 18.5923965], [73.7851206, 18.5925153]]}}, {"type": "Feature", "id": 567676617, "properties": {"id": 567676617, "name": "Mundhwa Road", "highway": "trunk", "ref": "", "oneway": "yes", "length_km": 0.393}, "geometry": {"type": "LineString", "coordinates": [[73.9322473, 18.5235493], [73.9322308, 18.5234154], [73.9322138, 18.5231499], [73.9321848, 18.5226959], [73.932156, 18.5222267], [73.9321344, 18.521874], [73.9321262, 18.5216947], [73.9321327, 18.5215669], [73.9321439, 18.521468], [73.9321588, 18.5214075], [73.9321727, 18.5213512], [73.9323285, 18.5209425], [73.9323973, 18.5207343], [73.9324427, 18.5205746], [73.9324672, 18.5204899], [73.9325013, 18.5203724], [73.9325199, 18.5202023], [73.9325378, 18.5200662]]}}, {"type": "Feature", "id": 567680954, "properties": {"id": 567680954, "name": "Viman Nagar Road", "highway": "trunk", "ref": "", "oneway": "yes", "length_km": 0.013}, "geometry": {"type": "LineString", "coordinates": [[73.9182794, 18.5610157], [73.918311, 18.5609038]]}}, {"type": "Feature", "id": 567680956, "properties": {"id": 567680956, "name": "Nagar Road", "highway": "trunk", "ref": "NH753F", "oneway": "yes", "length_km": 0.589}, "geometry": {"type": "LineString", "coordinates": [[73.9211662, 18.5618347], [73.9213477, 18.5618829], [73.9215317, 18.5619287], [73.9220598, 18.5620601], [73.9221239, 18.5620761], [73.9221682, 18.5620871], [73.9223379, 18.5621294], [73.922463, 18.5621614], [73.92352, 18.5624317], [73.9236391, 18.5624622], [73.9242274, 18.5626094], [73.9246885, 18.5626973], [73.9251932, 18.5627654], [73.9252901, 18.562775], [73.925871, 18.5628323], [73.9266485, 18.5628856]]}}, {"type": "Feature", "id": 567680960, "properties": {"id": 567680960, "name": "Nagar Road", "highway": "trunk", "ref": "NH753F", "oneway": "yes", "length_km": 0.009}, "geometry": {"type": "LineString", "coordinates": [[73.9181949, 18.5609915], [73.9182794, 18.5610157]]}}, {"type": "Feature", "id": 567680974, "properties": {"id": 567680974, "name": "Nagar Road", "highway": "trunk", "ref": "NH753F", "oneway": "yes", "length_km": 0.01}, "geometry": {"type": "LineString", "coordinates": [[73.9183433, 18.5608074], [73.9182514, 18.5607864]]}}, {"type": "Feature", "id": 567680978, "properties": {"id": 567680978, "name": "Nagar Road", "highway": "trunk", "ref": "NH753F", "oneway": "yes", "length_km": 0.741}, "geometry": {"type": "LineString", "coordinates": [[73.9182514, 18.5607864], [73.9180047, 18.5607257], [73.9162569, 18.5601768], [73.9158643, 18.5600631], [73.9156942, 18.5599988], [73.9153419, 18.5598657], [73.9152559, 18.5598332], [73.9149758, 18.5597274], [73.9149696, 18.559725], [73.9148876, 18.559694], [73.9139931, 18.559356], [73.9125359, 18.5588669], [73.9117405, 18.5585986], [73.9116004, 18.5585505]]}}, {"type": "Feature", "id": 567680985, "properties": {"id": 567680985, "name": "Nagar Road", "highway": "trunk", "ref": "NH753F", "oneway": "yes", "length_km": 0.013}, "geometry": {"type": "LineString", "coordinates": [[73.9116004, 18.5585505], [73.9114852, 18.558511]]}}, {"type": "Feature", "id": 567680989, "properties": {"id": 567680989, "name": "Nagar Road", "highway": "trunk", "ref": "NH753F", "oneway": "yes", "length_km": 0.505}, "geometry": {"type": "LineString", "coordinates": [[73.9114852, 18.558511], [73.9111137, 18.5583702], [73.9107222, 18.5581844], [73.9106215, 18.5581316], [73.9102898, 18.5579632], [73.9100711, 18.5578521], [73.9096855, 18.5576616], [73.9092128, 18.557364], [73.9090365, 18.5572466], [73.9082923, 18.5567597], [73.9079676, 18.5565312], [73.907905, 18.5564871], [73.9078643, 18.5564551], [73.9076381, 18.5562958], [73.907425, 18.556111]]}}, {"type": "Feature", "id": 567680995, "properties": {"id": 567680995, "name": "Nagar Road", "highway": "trunk", "ref": "NH753F", "oneway": "yes", "length_km": 0.014}, "geometry": {"type": "LineString", "coordinates": [[73.9114881, 18.5587221], [73.9116107, 18.5587642]]}}, {"type": "Feature", "id": 567681005, "properties": {"id": 567681005, "name": "Nagar Road", "highway": "trunk", "ref": "NH753F", "oneway": "yes", "length_km": 0.735}, "geometry": {"type": "LineString", "coordinates": [[73.9116107, 18.5587642], [73.9116701, 18.5587846], [73.9125331, 18.5590649], [73.9126812, 18.5591125], [73.9128448, 18.5591614], [73.913154, 18.5592557], [73.9136437, 18.5594341], [73.9139197, 18.5595411], [73.914905, 18.5599134], [73.9151822, 18.5600181], [73.9152708, 18.5600516], [73.9157952, 18.5602497], [73.9160612, 18.5603267], [73.9161936, 18.5603651], [73.9165429, 18.5604799], [73.9168225, 18.5605667], [73.9177123, 18.5608429], [73.9179428, 18.5609145], [73.9181949, 18.5609915]]}}, {"type": "Feature", "id": 567684931, "properties": {"id": 567684931, "name": "Nagar Road", "highway": "trunk", "ref": "NH753F", "oneway": "yes", "length_km": 0.007}, "geometry": {"type": "LineString", "coordinates": [[73.927847, 18.5629415], [73.9279143, 18.5629441]]}}, {"type": "Feature", "id": 567684941, "properties": {"id": 567684941, "name": "Nagar Road", "highway": "trunk", "ref": "NH753F", "oneway": "yes", "length_km": 0.127}, "geometry": {"type": "LineString", "coordinates": [[73.9278637, 18.5627166], [73.9273397, 18.5626954], [73.9271879, 18.5626892], [73.9270451, 18.5626807], [73.9268956, 18.5626718], [73.9266552, 18.5626574]]}}, {"type": "Feature", "id": 567684957, "properties": {"id": 567684957, "name": "Nagar Road", "highway": "trunk", "ref": "NH753F", "oneway": "yes", "length_km": 0.008}, "geometry": {"type": "LineString", "coordinates": [[73.9279372, 18.562723], [73.9278637, 18.5627166]]}}, {"type": "Feature", "id": 567684961, "properties": {"id": 567684961, "name": "Nagar Road", "highway": "trunk", "ref": "NH753F", "oneway": "yes", "length_km": 0.259}, "geometry": {"type": "LineString", "coordinates": [[73.9279143, 18.5629441], [73.9303655, 18.5631652]]}}, {"type": "Feature", "id": 567726339, "properties": {"id": 567726339, "name": "Jagtap Dairy-Wakad Road", "highway": "primary", "ref": "", "oneway": "yes", "length_km": 0.917}, "geometry": {"type": "LineString", "coordinates": [[73.7847532, 18.59164], [73.7846524, 18.5915971], [73.7844373, 18.5915917], [73.7843604, 18.5915881], [73.7842289, 18.5916049], [73.7839422, 18.5916551], [73.7837898, 18.5916818], [73.7833664, 18.5917621], [73.7827006, 18.5918909], [73.7823563, 18.5919712], [73.7821934, 18.5919986], [73.7820628, 18.5920075], [73.7819033, 18.5919896], [73.7818269, 18.5919547], [73.78176, 18.5919259], [73.781709, 18.5918978], [73.7816451, 18.5918549], [73.7815791, 18.5917982], [73.7815073, 18.5917366], [73.7811164, 18.5913939], [73.7811067, 18.5913854], [73.7810449, 18.5913313], [73.7809633, 18.5912693], [73.780954, 18.5912608], [73.7809185, 18.5912339], [73.7803507, 18.5908037], [73.7803033, 18.5907678], [73.7797945, 18.5903841], [73.7792972, 18.5900617], [73.7789199, 18.5898358], [73.7788875, 18.5898164], [73.7782195, 18.5894164], [73.7779647, 18.5892907], [73.7777736, 18.5892093], [73.7777115, 18.5891819], [73.7774636, 18.5891019], [73.7772985, 18.5890527], [73.7772135, 18.5890304], [73.7771909, 18.5890245], [73.777179, 18.5890214], [73.7770858, 18.5889971], [73.7770721, 18.5889935]]}}, {"type": "Feature", "id": 567726341, "properties": {"id": 567726341, "name": "Unnamed Arterial", "highway": "primary", "ref": "", "oneway": "yes", "length_km": 0.021}, "geometry": {"type": "LineString", "coordinates": [[73.7849132, 18.5917533], [73.7847532, 18.59164]]}}, {"type": "Feature", "id": 567739204, "properties": {"id": 567739204, "name": "Rahatani Road", "highway": "primary", "ref": "", "oneway": "yes", "length_km": 0.008}, "geometry": {"type": "LineString", "coordinates": [[73.788358, 18.5953521], [73.7883264, 18.5953367], [73.7882864, 18.5953182]]}}, {"type": "Feature", "id": 567739206, "properties": {"id": 567739206, "name": "Rahatani Road", "highway": "primary", "ref": "", "oneway": "yes", "length_km": 0.296}, "geometry": {"type": "LineString", "coordinates": [[73.7882419, 18.5954602], [73.7883989, 18.5956217], [73.7889024, 18.5961047], [73.7890687, 18.5962642], [73.7896795, 18.5968427], [73.7898321, 18.5969941], [73.7899123, 18.5970735], [73.7899454, 18.5971002], [73.7900285, 18.5971673], [73.7901507, 18.59727], [73.7902643, 18.5972872]]}}, {"type": "Feature", "id": 567739219, "properties": {"id": 567739219, "name": "Shivar Chowk", "highway": "primary", "ref": "", "oneway": "no", "length_km": 0.048}, "geometry": {"type": "LineString", "coordinates": [[73.7881489, 18.5953567], [73.7881651, 18.5953751], [73.7881871, 18.5953872], [73.7882108, 18.5953916], [73.7882348, 18.5953884], [73.7882564, 18.5953781], [73.7882732, 18.5953617], [73.7882836, 18.595341], [73.7882864, 18.5953182], [73.7882853, 18.5953095], [73.7882775, 18.5952883], [73.7882629, 18.5952705], [73.7882431, 18.5952581], [73.7882202, 18.5952522], [73.7882088, 18.5952519], [73.7881883, 18.5952558], [73.7881697, 18.595265], [73.7881546, 18.5952787], [73.7881442, 18.5952959], [73.7881393, 18.5953151], [73.7881395, 18.5953238], [73.7881402, 18.5953341], [73.7881437, 18.5953432], [73.7881489, 18.5953567]]}}, {"type": "Feature", "id": 567739220, "properties": {"id": 567739220, "name": "Unnamed Arterial", "highway": "primary", "ref": "", "oneway": "yes", "length_km": 0.45}, "geometry": {"type": "LineString", "coordinates": [[73.7882088, 18.5952519], [73.7881685, 18.595173], [73.7881131, 18.5951197], [73.7873476, 18.5943257], [73.7871908, 18.5941499], [73.7869459, 18.5939201], [73.7865282, 18.5934324], [73.7861111, 18.5930211], [73.7856125, 18.5925936], [73.7853014, 18.5922852]]}}, {"type": "Feature", "id": 567739224, "properties": {"id": 567739224, "name": "Jagtap Dairy-Wakad Road", "highway": "primary", "ref": "", "oneway": "yes", "length_km": 0.01}, "geometry": {"type": "LineString", "coordinates": [[73.7881871, 18.5953872], [73.7882213, 18.5954298], [73.7882419, 18.5954602]]}}, {"type": "Feature", "id": 567740200, "properties": {"id": 567740200, "name": "Sant Dyaneshwar Marg", "highway": "primary", "ref": "", "oneway": "yes", "length_km": 0.984}, "geometry": {"type": "LineString", "coordinates": [[73.8754989, 18.5569309], [73.8755647, 18.5570804], [73.8759939, 18.5583314], [73.876022, 18.5584377], [73.8762867, 18.5594387], [73.8765408, 18.561094], [73.8768767, 18.5638013], [73.8769382, 18.5641053], [73.8769964, 18.5643626], [73.8770476, 18.5645584], [73.8771263, 18.5647251], [73.8772546, 18.5649388], [73.8773588, 18.565072], [73.8774842, 18.5652155], [73.8776899, 18.5654335]]}}, {"type": "Feature", "id": 567740201, "properties": {"id": 567740201, "name": "Unnamed Arterial", "highway": "primary_link", "ref": "", "oneway": "no", "length_km": 0.013}, "geometry": {"type": "LineString", "coordinates": [[73.8754989, 18.5569309], [73.8753861, 18.556978]]}}, {"type": "Feature", "id": 567740202, "properties": {"id": 567740202, "name": "Sant Dyaneshwar Marg", "highway": "primary", "ref": "", "oneway": "yes", "length_km": 1.044}, "geometry": {"type": "LineString", "coordinates": [[73.8756096, 18.556904], [73.8754624, 18.5565684], [73.8752765, 18.556223], [73.8748811, 18.5554881], [73.8748461, 18.5554145], [73.8748122, 18.5553433], [73.8747988, 18.5553152], [73.874768, 18.5552285], [73.8747479, 18.5551717], [73.8747055, 18.5550235], [73.8746915, 18.554966], [73.8746559, 18.5548192], [73.8744822, 18.5540574], [73.8744456, 18.5539414], [73.8744107, 18.5538559], [73.8743536, 18.5537524], [73.8743016, 18.5536734], [73.8740053, 18.553269], [73.8733568, 18.5522925], [73.8732922, 18.5521952], [73.8728699, 18.5515795], [73.8727617, 18.551418], [73.871965, 18.550074], [73.8718433, 18.549847], [73.87133, 18.5490025], [73.8712273, 18.5488292], [73.8711582, 18.5487116], [73.8710726, 18.5486026]]}}, {"type": "Feature", "id": 568004101, "properties": {"id": 568004101, "name": "Katraj - Dehu Road Bypass", "highway": "trunk", "ref": "NH48", "oneway": "yes", "length_km": 0.813}, "geometry": {"type": "LineString", "coordinates": [[73.7689618, 18.5195519], [73.7690277, 18.5199323], [73.7691047, 18.5202678], [73.7691961, 18.5206159], [73.7693077, 18.5210351], [73.76944, 18.5214832], [73.7694946, 18.5216318], [73.7695502, 18.5217656], [73.7696101, 18.5218938], [73.7697006, 18.5220394], [73.7697956, 18.5221874], [73.7699447, 18.522393], [73.7717368, 18.524699], [73.7719522, 18.5249811], [73.7721595, 18.5252239], [73.7723673, 18.5254428], [73.7726132, 18.5256657], [73.7727446, 18.5257731]]}}, {"type": "Feature", "id": 568004102, "properties": {"id": 568004102, "name": "Katraj - Dehu Road Bypass", "highway": "trunk", "ref": "NH48", "oneway": "yes", "length_km": 0.144}, "geometry": {"type": "LineString", "coordinates": [[73.7690833, 18.519533], [73.7689924, 18.5190122], [73.768947, 18.5186201], [73.7689163, 18.5182465]]}}, {"type": "Feature", "id": 568004103, "properties": {"id": 568004103, "name": "Katraj - Dehu Road Bypass", "highway": "trunk", "ref": "NH48", "oneway": "yes", "length_km": 0.145}, "geometry": {"type": "LineString", "coordinates": [[73.7687934, 18.5182544], [73.7688244, 18.518631], [73.7688703, 18.5190274], [73.7689618, 18.5195519]]}}, {"type": "Feature", "id": 568004104, "properties": {"id": 568004104, "name": "Katraj - Dehu Road Bypass", "highway": "trunk", "ref": "NH48", "oneway": "yes", "length_km": 0.202}, "geometry": {"type": "LineString", "coordinates": [[73.7689163, 18.5182465], [73.7689003, 18.5179809], [73.7688897, 18.517635], [73.768903, 18.5172437], [73.7689284, 18.5168926], [73.7689537, 18.5165633], [73.7689689, 18.5164281]]}}, {"type": "Feature", "id": 568004132, "properties": {"id": 568004132, "name": "Unnamed Arterial", "highway": "trunk_link", "ref": "", "oneway": "yes", "length_km": 0.052}, "geometry": {"type": "LineString", "coordinates": [[73.9182174, 18.5613039], [73.9183017, 18.5612178], [73.9183746, 18.5611701], [73.9184685, 18.5611409], [73.9186476, 18.5611245]]}}, {"type": "Feature", "id": 568006248, "properties": {"id": 568006248, "name": "Ganeshkhind Road", "highway": "primary", "ref": "", "oneway": "yes", "length_km": 0.133}, "geometry": {"type": "LineString", "coordinates": [[73.8303796, 18.5408999], [73.8294459, 18.5415584], [73.8293646, 18.5416213]]}}, {"type": "Feature", "id": 568006249, "properties": {"id": 568006249, "name": "Senapati Bapat Marg", "highway": "primary", "ref": "", "oneway": "yes", "length_km": 1.353}, "geometry": {"type": "LineString", "coordinates": [[73.830632, 18.5407308], [73.8303819, 18.540567], [73.8299526, 18.5402858], [73.8299067, 18.540248], [73.8298765, 18.5402119], [73.8298599, 18.540192], [73.829826, 18.5401388], [73.8298117, 18.5401163], [73.8297761, 18.5400319], [73.8297487, 18.5399548], [73.8297377, 18.539842], [73.8297502, 18.5397444], [73.8297564, 18.5396875], [73.8298048, 18.5395443], [73.8299726, 18.5390111], [73.8300446, 18.538652], [73.8300635, 18.5385335], [73.8302803, 18.5375389], [73.8302955, 18.5373589], [73.8303031, 18.5372265], [73.830275, 18.5364988], [73.830222, 18.5351295], [73.8302037, 18.5346566], [73.8301393, 18.5329937], [73.8301261, 18.5326521], [73.8300931, 18.5316734], [73.8300934, 18.531645], [73.8300911, 18.5316054], [73.8300487, 18.530861], [73.8300361, 18.5305791], [73.8299822, 18.5293666], [73.8299662, 18.5290081]]}}, {"type": "Feature", "id": 568009343, "properties": {"id": 568009343, "name": "Magarpatta Road", "highway": "trunk", "ref": "", "oneway": "yes", "length_km": 0.075}, "geometry": {"type": "LineString", "coordinates": [[73.9331386, 18.5336028], [73.9332359, 18.5339388], [73.9333267, 18.5342521]]}}, {"type": "Feature", "id": 568009405, "properties": {"id": 568009405, "name": "Mundhwa Road", "highway": "trunk", "ref": "", "oneway": "yes", "length_km": 0.27}, "geometry": {"type": "LineString", "coordinates": [[73.9341569, 18.5371768], [73.9340943, 18.5368876], [73.9339797, 18.5364032], [73.9336188, 18.5347985]]}}, {"type": "Feature", "id": 568010535, "properties": {"id": 568010535, "name": "Mundhwa Road", "highway": "trunk", "ref": "", "oneway": "yes", "length_km": 0.066}, "geometry": {"type": "LineString", "coordinates": [[73.9333267, 18.5342521], [73.9333796, 18.534416], [73.9334325, 18.5344888], [73.9335264, 18.5348157]]}}, {"type": "Feature", "id": 568036769, "properties": {"id": 568036769, "name": "Westerly Diversion", "highway": "trunk", "ref": "NH48", "oneway": "yes", "length_km": 0.02}, "geometry": {"type": "LineString", "coordinates": [[73.7686761, 18.5609836], [73.7686147, 18.5611523]]}}, {"type": "Feature", "id": 568036770, "properties": {"id": 568036770, "name": "Katraj - Dehu Road Bypass", "highway": "trunk", "ref": "NH48", "oneway": "yes", "length_km": 0.944}, "geometry": {"type": "LineString", "coordinates": [[73.7760235, 18.5435095], [73.776856, 18.5427636], [73.7771971, 18.5424618], [73.7775077, 18.5422077], [73.7778151, 18.5419705], [73.7781676, 18.5417301], [73.7792944, 18.5409555], [73.779664, 18.5406968], [73.7799461, 18.5404921], [73.7801868, 18.5402999], [73.7803863, 18.5401135], [73.7805902, 18.5398721], [73.7807628, 18.5396357], [73.7809308, 18.5393417], [73.7810716, 18.5390475], [73.7811785, 18.5387371], [73.7812444, 18.5384612], [73.7812922, 18.5380909], [73.7813004, 18.5377656], [73.7812812, 18.5374702], [73.7812264, 18.5371807]]}}, {"type": "Feature", "id": 568036771, "properties": {"id": 568036771, "name": "Westerly Diversion", "highway": "trunk", "ref": "NH48", "oneway": "yes", "length_km": 0.02}, "geometry": {"type": "LineString", "coordinates": [[73.7687482, 18.5611989], [73.768811, 18.5610261]]}}, {"type": "Feature", "id": 568036772, "properties": {"id": 568036772, "name": "Katraj - Dehu Road Bypass", "highway": "trunk", "ref": "NH48", "oneway": "yes", "length_km": 0.75}, "geometry": {"type": "LineString", "coordinates": [[73.7686147, 18.5611523], [73.7679328, 18.5630707], [73.7678395, 18.563333], [73.7675302, 18.5642033], [73.766231, 18.5675235]]}}, {"type": "Feature", "id": 568038970, "properties": {"id": 568038970, "name": "Magarpatta Road", "highway": "trunk", "ref": "", "oneway": "yes", "length_km": 0.06}, "geometry": {"type": "LineString", "coordinates": [[73.9332349, 18.5335859], [73.9331716, 18.5333824], [73.9330943, 18.5330598]]}}, {"type": "Feature", "id": 568045439, "properties": {"id": 568045439, "name": "National Games Marg", "highway": "primary", "ref": "", "oneway": "no", "length_km": 0.291}, "geometry": {"type": "LineString", "coordinates": [[73.8992553, 18.5754071], [73.8993488, 18.5754458], [73.9000308, 18.5757285], [73.9003205, 18.5758485], [73.9004553, 18.5759075], [73.9005971, 18.5759763], [73.900778, 18.5760801], [73.9011623, 18.5763256], [73.9012851, 18.5764283], [73.9013943, 18.5765102], [73.9014872, 18.576589], [73.9016351, 18.5767102]]}}, {"type": "Feature", "id": 568047118, "properties": {"id": 568047118, "name": "Aundh Ravet Road", "highway": "primary", "ref": "", "oneway": "yes", "length_km": 0.379}, "geometry": {"type": "LineString", "coordinates": [[73.7901684, 18.5870021], [73.7898906, 18.5872533], [73.7889938, 18.5879453], [73.7886665, 18.5882605], [73.7879516, 18.5890544], [73.7876235, 18.5894148]]}}, {"type": "Feature", "id": 568047120, "properties": {"id": 568047120, "name": "Aundh Ravet Road", "highway": "primary", "ref": "", "oneway": "yes", "length_km": 0.31}, "geometry": {"type": "LineString", "coordinates": [[73.7903284, 18.5871188], [73.7910847, 18.5865098], [73.7926042, 18.5856969], [73.7928097, 18.5856367]]}}, {"type": "Feature", "id": 568050855, "properties": {"id": 568050855, "name": "Ganeshkhind Road", "highway": "primary", "ref": "", "oneway": "yes", "length_km": 0.01}, "geometry": {"type": "LineString", "coordinates": [[73.8287061, 18.5420763], [73.8286331, 18.542139]]}}, {"type": "Feature", "id": 568077170, "properties": {"id": 568077170, "name": "Aundh Ravet Road", "highway": "primary", "ref": "", "oneway": "yes", "length_km": 0.257}, "geometry": {"type": "LineString", "coordinates": [[73.7922159, 18.5857467], [73.7910136, 18.5864131], [73.7905017, 18.5867286], [73.7901684, 18.5870021]]}}, {"type": "Feature", "id": 568173105, "properties": {"id": 568173105, "name": "Gopal Hari Deshmukh Marg", "highway": "primary", "ref": "", "oneway": "yes", "length_km": 0.477}, "geometry": {"type": "LineString", "coordinates": [[73.8171414, 18.5470725], [73.8169858, 18.5471136], [73.8167571, 18.5471746], [73.8161804, 18.547378], [73.8144797, 18.5480201], [73.8143809, 18.5480607], [73.8142395, 18.5481119], [73.8133886, 18.5484994], [73.8131783, 18.5485958], [73.8129442, 18.5487062]]}}, {"type": "Feature", "id": 568836267, "properties": {"id": 568836267, "name": "Old Pune\u2013Mumbai Highway", "highway": "trunk", "ref": "NH60;NH65", "oneway": "yes", "length_km": 0.317}, "geometry": {"type": "LineString", "coordinates": [[73.8497003, 18.5518788], [73.8497584, 18.5517831], [73.8502874, 18.5509283], [73.8504987, 18.5505605], [73.8510277, 18.5493193]]}}, {"type": "Feature", "id": 580190212, "properties": {"id": 580190212, "name": "Bharatratna J.R.D Tata Flyover Ramp", "highway": "primary_link", "ref": "", "oneway": "yes", "length_km": 0.066}, "geometry": {"type": "LineString", "coordinates": [[73.8239671, 18.6047397], [73.8236819, 18.6049662], [73.8235183, 18.6051568]]}}, {"type": "Feature", "id": 580190214, "properties": {"id": 580190214, "name": "Bharatratna J.R.D Tata Flyover Ramp", "highway": "primary_link", "ref": "", "oneway": "yes", "length_km": 0.22}, "geometry": {"type": "LineString", "coordinates": [[73.8235183, 18.6051568], [73.8223603, 18.6064717], [73.822312, 18.6065028], [73.8222751, 18.6065155], [73.8222255, 18.6065162], [73.8221832, 18.6065085], [73.8221011, 18.6064704]]}}, {"type": "Feature", "id": 580410606, "properties": {"id": 580410606, "name": "Karvenagar Flyover", "highway": "primary", "ref": "", "oneway": "yes", "length_km": 0.015}, "geometry": {"type": "LineString", "coordinates": [[73.8152491, 18.491056], [73.8152397, 18.4909233]]}}, {"type": "Feature", "id": 580410607, "properties": {"id": 580410607, "name": "Karvenagar Flyover", "highway": "primary", "ref": "", "oneway": "yes", "length_km": 0.115}, "geometry": {"type": "LineString", "coordinates": [[73.8152397, 18.4909233], [73.8151867, 18.4902626], [73.8151029, 18.489895]]}}, {"type": "Feature", "id": 580410608, "properties": {"id": 580410608, "name": "Karvenagar Flyover", "highway": "primary", "ref": "", "oneway": "yes", "length_km": 0.108}, "geometry": {"type": "LineString", "coordinates": [[73.8149527, 18.4899624], [73.8150318, 18.4902753], [73.8150989, 18.4909227]]}}, {"type": "Feature", "id": 580410609, "properties": {"id": 580410609, "name": "Karvenagar Flyover", "highway": "primary", "ref": "", "oneway": "yes", "length_km": 0.098}, "geometry": {"type": "LineString", "coordinates": [[73.8130416, 18.4874594], [73.8124555, 18.48677]]}}, {"type": "Feature", "id": 580410610, "properties": {"id": 580410610, "name": "Karvenagar Flyover", "highway": "primary", "ref": "", "oneway": "yes", "length_km": 0.1}, "geometry": {"type": "LineString", "coordinates": [[73.8123335, 18.4868527], [73.8129266, 18.4875624]]}}, {"type": "Feature", "id": 580410611, "properties": {"id": 580410611, "name": "Karvenagar Flyover", "highway": "primary", "ref": "", "oneway": "yes", "length_km": 0.017}, "geometry": {"type": "LineString", "coordinates": [[73.8124555, 18.48677], [73.8123526, 18.4866501]]}}, {"type": "Feature", "id": 580410612, "properties": {"id": 580410612, "name": "Karvenagar Flyover", "highway": "primary", "ref": "", "oneway": "yes", "length_km": 0.012}, "geometry": {"type": "LineString", "coordinates": [[73.8122616, 18.4867703], [73.8123335, 18.4868527]]}}, {"type": "Feature", "id": 580410613, "properties": {"id": 580410613, "name": "Karve Road", "highway": "primary", "ref": "", "oneway": "yes", "length_km": 0.396}, "geometry": {"type": "LineString", "coordinates": [[73.8123526, 18.4866501], [73.8121842, 18.4864544], [73.8121767, 18.4864457], [73.8115552, 18.4857232], [73.81104, 18.4851243], [73.8106528, 18.4847602], [73.8105287, 18.4846167], [73.8104012, 18.4844377], [73.8100121, 18.4838639]]}}, {"type": "Feature", "id": 580410616, "properties": {"id": 580410616, "name": "Karve Road", "highway": "primary", "ref": "", "oneway": "yes", "length_km": 0.418}, "geometry": {"type": "LineString", "coordinates": [[73.8098273, 18.4838017], [73.8098785, 18.4838637], [73.8098994, 18.483885], [73.8099322, 18.4839202], [73.8101645, 18.4842574], [73.8103148, 18.4844964], [73.810438, 18.4846893], [73.8105236, 18.4847981], [73.8105577, 18.4848414], [73.8109307, 18.485223], [73.8110875, 18.4854019], [73.8116098, 18.4859977], [73.8119352, 18.4863694], [73.8120726, 18.4865462], [73.8122072, 18.4867058], [73.8122616, 18.4867703]]}}, {"type": "Feature", "id": 580410617, "properties": {"id": 580410617, "name": "Karvenagar Flyover", "highway": "primary", "ref": "", "oneway": "yes", "length_km": 0.016}, "geometry": {"type": "LineString", "coordinates": [[73.8150989, 18.4909227], [73.8151001, 18.4910662]]}}, {"type": "Feature", "id": 580410618, "properties": {"id": 580410618, "name": "Karvenagar Flyover", "highway": "primary", "ref": "", "oneway": "yes", "length_km": 0.347}, "geometry": {"type": "LineString", "coordinates": [[73.8151029, 18.489895], [73.8149902, 18.4897284], [73.8148695, 18.4895872], [73.8146885, 18.4893405], [73.8141245, 18.4887141], [73.8139649, 18.4884966], [73.813578, 18.488089], [73.8132749, 18.4877455], [73.8130416, 18.4874594]]}}, {"type": "Feature", "id": 580812888, "properties": {"id": 580812888, "name": "Old Pune\u2013Mumbai Highway", "highway": "trunk", "ref": "NH60;NH65", "oneway": "yes", "length_km": 0.218}, "geometry": {"type": "LineString", "coordinates": [[73.8534757, 18.5318926], [73.8530762, 18.5322878], [73.8528751, 18.5325078], [73.8527123, 18.5327075], [73.8526806, 18.5327481], [73.8524288, 18.5331158], [73.8523132, 18.5332847], [73.8522488, 18.5334563]]}}, {"type": "Feature", "id": 580812889, "properties": {"id": 580812889, "name": "Mokshagundam Vishweshvarayya Flyover", "highway": "trunk", "ref": "", "oneway": "yes", "length_km": 0.02}, "geometry": {"type": "LineString", "coordinates": [[73.8523775, 18.533319], [73.8522488, 18.5334563]]}}, {"type": "Feature", "id": 584216612, "properties": {"id": 584216612, "name": "Navale Flyover", "highway": "trunk", "ref": "NH48", "oneway": "yes", "length_km": 0.395}, "geometry": {"type": "LineString", "coordinates": [[73.8262533, 18.4560887], [73.8252299, 18.4574964], [73.8245435, 18.4584774], [73.8241477, 18.4590428]]}}, {"type": "Feature", "id": 590942180, "properties": {"id": 590942180, "name": "Navale Flyover", "highway": "trunk", "ref": "NH48", "oneway": "yes", "length_km": 0.322}, "geometry": {"type": "LineString", "coordinates": [[73.8233555, 18.4600144], [73.8231506, 18.4601678], [73.8222098, 18.460795], [73.8213536, 18.4614212], [73.8209245, 18.4617773]]}}, {"type": "Feature", "id": 614284853, "properties": {"id": 614284853, "name": "Katraj - Dehu Road Bypass", "highway": "trunk", "ref": "NH48", "oneway": "yes", "length_km": 0.031}, "geometry": {"type": "LineString", "coordinates": [[73.8121471, 18.4716019], [73.8123432, 18.4713927]]}}, {"type": "Feature", "id": 614284854, "properties": {"id": 614284854, "name": "Katraj - Dehu Road Bypass", "highway": "trunk", "ref": "NH48", "oneway": "yes", "length_km": 0.032}, "geometry": {"type": "LineString", "coordinates": [[73.8122652, 18.4713272], [73.8120693, 18.4715447]]}}, {"type": "Feature", "id": 614284855, "properties": {"id": 614284855, "name": "Katraj - Dehu Road Bypass", "highway": "trunk", "ref": "NH48", "oneway": "yes", "length_km": 0.107}, "geometry": {"type": "LineString", "coordinates": [[73.8129304, 18.4705922], [73.8126722, 18.4708916], [73.8122652, 18.4713272]]}}, {"type": "Feature", "id": 614284856, "properties": {"id": 614284856, "name": "Katraj - Dehu Road Bypass", "highway": "trunk", "ref": "NH48", "oneway": "yes", "length_km": 0.107}, "geometry": {"type": "LineString", "coordinates": [[73.8123432, 18.4713927], [73.8127502, 18.4709572], [73.8130316, 18.47068]]}}, {"type": "Feature", "id": 615466560, "properties": {"id": 615466560, "name": "Kalewadi Main Road", "highway": "primary", "ref": "", "oneway": "yes", "length_km": 0.077}, "geometry": {"type": "LineString", "coordinates": [[73.8076981, 18.5717716], [73.8075149, 18.5721783], [73.807358, 18.5723856]]}}, {"type": "Feature", "id": 615466567, "properties": {"id": 615466567, "name": "Unnamed Arterial", "highway": "primary_link", "ref": "", "oneway": "yes", "length_km": 0.056}, "geometry": {"type": "LineString", "coordinates": [[73.8084493, 18.5704558], [73.8084439, 18.5705078], [73.8083771, 18.5706317], [73.8082574, 18.5708467], [73.8081855, 18.5708663]]}}, {"type": "Feature", "id": 615466569, "properties": {"id": 615466569, "name": "Unnamed Arterial", "highway": "primary", "ref": "", "oneway": "yes", "length_km": 0.025}, "geometry": {"type": "LineString", "coordinates": [[73.8063884, 18.573934], [73.8064514, 18.5737128]]}}, {"type": "Feature", "id": 615466570, "properties": {"id": 615466570, "name": "Unnamed Arterial", "highway": "primary_link", "ref": "", "oneway": "yes", "length_km": 0.516}, "geometry": {"type": "LineString", "coordinates": [[73.8029802, 18.5772172], [73.8033012, 18.5771248], [73.8033861, 18.577037], [73.8034444, 18.5769767], [73.8046671, 18.5757371], [73.805353, 18.5751137], [73.8055703, 18.5748416], [73.8063884, 18.573934]]}}, {"type": "Feature", "id": 615471876, "properties": {"id": 615471876, "name": "Wakad Road", "highway": "primary", "ref": "", "oneway": "yes", "length_km": 0.023}, "geometry": {"type": "LineString", "coordinates": [[73.7926394, 18.585774], [73.7928097, 18.5856367]]}}, {"type": "Feature", "id": 615471879, "properties": {"id": 615471879, "name": "Wakad Road Underpass", "highway": "primary", "ref": "", "oneway": "yes", "length_km": 0.173}, "geometry": {"type": "LineString", "coordinates": [[73.7883197, 18.5874849], [73.7896205, 18.5871358], [73.7899008, 18.5870553]]}}, {"type": "Feature", "id": 615471882, "properties": {"id": 615471882, "name": "Wakad Road Underpass", "highway": "primary", "ref": "", "oneway": "yes", "length_km": 0.141}, "geometry": {"type": "LineString", "coordinates": [[73.7899008, 18.5870553], [73.7905714, 18.5868519], [73.7908879, 18.5867172], [73.79114, 18.586585]]}}, {"type": "Feature", "id": 615471885, "properties": {"id": 615471885, "name": "Unnamed Arterial", "highway": "primary", "ref": "", "oneway": "yes", "length_km": 0.039}, "geometry": {"type": "LineString", "coordinates": [[73.7879581, 18.5875721], [73.7883197, 18.5874849]]}}, {"type": "Feature", "id": 615471886, "properties": {"id": 615471886, "name": "Wakad Road Underpass", "highway": "primary", "ref": "", "oneway": "yes", "length_km": 0.181}, "geometry": {"type": "LineString", "coordinates": [[73.79114, 18.586585], [73.7926394, 18.585774]]}}, {"type": "Feature", "id": 615471887, "properties": {"id": 615471887, "name": "Unnamed Arterial", "highway": "primary_link", "ref": "", "oneway": "yes", "length_km": 0.212}, "geometry": {"type": "LineString", "coordinates": [[73.7879581, 18.5875721], [73.7883277, 18.5875345], [73.7896326, 18.5871926], [73.7897506, 18.5871773], [73.7898311, 18.5871875], [73.7898906, 18.5872533]]}}, {"type": "Feature", "id": 615488827, "properties": {"id": 615488827, "name": "Unnamed Arterial", "highway": "primary", "ref": "", "oneway": "yes", "length_km": 0.665}, "geometry": {"type": "LineString", "coordinates": [[73.7897985, 18.6203581], [73.7892368, 18.6196127], [73.7884379, 18.6185526], [73.7878425, 18.6177625], [73.7877395, 18.6176255], [73.7875098, 18.6173549], [73.7874408, 18.617273], [73.7871303, 18.6169429], [73.7869341, 18.61676], [73.7866524, 18.6164975], [73.7863965, 18.6162958], [73.7863157, 18.6162323], [73.7860566, 18.6160175], [73.7859718, 18.6159121], [73.7859209, 18.6158335], [73.7859052, 18.6158092], [73.7858491, 18.6157096]]}}, {"type": "Feature", "id": 615488830, "properties": {"id": 615488830, "name": "Unnamed Arterial", "highway": "primary", "ref": "", "oneway": "yes", "length_km": 1.068}, "geometry": {"type": "LineString", "coordinates": [[73.7855904, 18.6157386], [73.7856336, 18.6158101], [73.7856984, 18.6159173], [73.785807, 18.6160425], [73.785869, 18.616114], [73.7862511, 18.6164146], [73.7865243, 18.6166302], [73.7870079, 18.617091], [73.787188, 18.6172774], [73.7872968, 18.61739], [73.7874966, 18.6176272], [73.7875882, 18.6177339], [73.7895948, 18.6204098], [73.7897391, 18.6206022], [73.7898473, 18.6207465], [73.7902573, 18.6212919], [73.7909965, 18.6222753], [73.7910524, 18.6223497], [73.7912525, 18.6226713], [73.7913228, 18.6227843], [73.7915802, 18.6232444], [73.7916548, 18.6234053]]}}, {"type": "Feature", "id": 617680659, "properties": {"id": 617680659, "name": "Solapur Road", "highway": "trunk", "ref": "NH65", "oneway": "yes", "length_km": 0.862}, "geometry": {"type": "LineString", "coordinates": [[73.9457659, 18.4999124], [73.9472879, 18.4997093], [73.9487805, 18.4995102], [73.9490737, 18.4994711], [73.9514706, 18.4991521], [73.9538737, 18.4988104], [73.9538943, 18.4988075]]}}, {"type": "Feature", "id": 617680660, "properties": {"id": 617680660, "name": "Solapur Road", "highway": "trunk", "ref": "NH65", "oneway": "yes", "length_km": 1.039}, "geometry": {"type": "LineString", "coordinates": [[73.9538763, 18.498701], [73.9538498, 18.4987048], [73.9525437, 18.4988899], [73.9518009, 18.4989962], [73.9515173, 18.4990365], [73.9514487, 18.4990463], [73.9513021, 18.4990658], [73.9506724, 18.4991494], [73.9504888, 18.4991738], [73.9499757, 18.4992357], [73.9497452, 18.4992727], [73.9495892, 18.4992935], [73.9492346, 18.4993408], [73.9486766, 18.4994152], [73.9485755, 18.4994287], [73.9478274, 18.4995285], [73.9476935, 18.4995464], [73.9469705, 18.4996395], [73.9466012, 18.4996921], [73.9461667, 18.4997501], [73.9457478, 18.499806], [73.9456182, 18.4998233], [73.9445635, 18.499964], [73.9440851, 18.5000278]]}}, {"type": "Feature", "id": 619198929, "properties": {"id": 619198929, "name": "Unnamed Arterial", "highway": "primary_link", "ref": "", "oneway": "yes", "length_km": 0.035}, "geometry": {"type": "LineString", "coordinates": [[73.7651913, 18.6157491], [73.7652949, 18.615711], [73.7653667, 18.6156977], [73.7654418, 18.6156977], [73.7655149, 18.6157091]]}}, {"type": "Feature", "id": 619198955, "properties": {"id": 619198955, "name": "Aundh Ravet Road", "highway": "primary", "ref": "", "oneway": "yes", "length_km": 0.064}, "geometry": {"type": "LineString", "coordinates": [[73.7747442, 18.6054102], [73.7743823, 18.6057218], [73.7743354, 18.6057722], [73.774306, 18.6058037]]}}, {"type": "Feature", "id": 619198958, "properties": {"id": 619198958, "name": "Aundh Ravet Road", "highway": "primary", "ref": "", "oneway": "yes", "length_km": 0.057}, "geometry": {"type": "LineString", "coordinates": [[73.7744236, 18.6058394], [73.7744488, 18.6058193], [73.7745651, 18.6057267], [73.7748163, 18.6055427], [73.7748435, 18.6055189]]}}, {"type": "Feature", "id": 619198962, "properties": {"id": 619198962, "name": "Gujarnagar Flyover", "highway": "primary", "ref": "", "oneway": "yes", "length_km": 0.016}, "geometry": {"type": "LineString", "coordinates": [[73.7689481, 18.6110244], [73.7690198, 18.6108928]]}}, {"type": "Feature", "id": 619198965, "properties": {"id": 619198965, "name": "Gujarnagar Flyover", "highway": "primary", "ref": "", "oneway": "yes", "length_km": 0.231}, "geometry": {"type": "LineString", "coordinates": [[73.7690198, 18.6108928], [73.7692235, 18.6106512], [73.7695844, 18.610223], [73.7696274, 18.6101716], [73.7703757, 18.6092558]]}}, {"type": "Feature", "id": 619198967, "properties": {"id": 619198967, "name": "Gujarnagar Flyover", "highway": "primary", "ref": "", "oneway": "yes", "length_km": 0.023}, "geometry": {"type": "LineString", "coordinates": [[73.7703542, 18.6089965], [73.7702255, 18.6091592]]}}, {"type": "Feature", "id": 619198973, "properties": {"id": 619198973, "name": "Gujarnagar Flyover", "highway": "primary", "ref": "", "oneway": "yes", "length_km": 0.017}, "geometry": {"type": "LineString", "coordinates": [[73.7688804, 18.6107772], [73.7687751, 18.6108986]]}}, {"type": "Feature", "id": 619198975, "properties": {"id": 619198975, "name": "Gujarnagar Flyover", "highway": "primary", "ref": "", "oneway": "yes", "length_km": 0.229}, "geometry": {"type": "LineString", "coordinates": [[73.7702255, 18.6091592], [73.7695093, 18.6100514], [73.7694691, 18.6100997], [73.7688804, 18.6107772]]}}, {"type": "Feature", "id": 619198978, "properties": {"id": 619198978, "name": "Gujarnagar Flyover", "highway": "primary", "ref": "", "oneway": "yes", "length_km": 0.02}, "geometry": {"type": "LineString", "coordinates": [[73.7703757, 18.6092558], [73.7705044, 18.6091224]]}}, {"type": "Feature", "id": 619205430, "properties": {"id": 619205430, "name": "Unnamed Arterial", "highway": "primary_link", "ref": "", "oneway": "yes", "length_km": 0.04}, "geometry": {"type": "LineString", "coordinates": [[73.7773378, 18.6032065], [73.7772113, 18.6032465], [73.7771389, 18.6032477], [73.7770651, 18.6032325], [73.7770362, 18.6032185], [73.7769786, 18.6031907]]}}, {"type": "Feature", "id": 619456442, "properties": {"id": 619456442, "name": "Aundh Ravet Road", "highway": "primary", "ref": "", "oneway": "yes", "length_km": 0.289}, "geometry": {"type": "LineString", "coordinates": [[73.774306, 18.6058037], [73.7733982, 18.606523], [73.7733178, 18.606587], [73.7722368, 18.607448], [73.7721993, 18.6074778]]}}, {"type": "Feature", "id": 619456443, "properties": {"id": 619456443, "name": "Aundh Ravet Road", "highway": "primary", "ref": "", "oneway": "yes", "length_km": 0.295}, "geometry": {"type": "LineString", "coordinates": [[73.7722933, 18.6075653], [73.7723144, 18.6075482], [73.7733964, 18.6066713], [73.7734767, 18.6066063], [73.7744236, 18.6058394]]}}, {"type": "Feature", "id": 619456446, "properties": {"id": 619456446, "name": "Aundh Ravet Road", "highway": "primary", "ref": "", "oneway": "yes", "length_km": 0.257}, "geometry": {"type": "LineString", "coordinates": [[73.7721993, 18.6074778], [73.7719925, 18.6076392], [73.7715142, 18.6080218], [73.771244, 18.6082326], [73.771094, 18.6083435], [73.7708316, 18.6085681], [73.7708087, 18.608589], [73.7706255, 18.6087563], [73.7704726, 18.6088913], [73.7703542, 18.6089965]]}}, {"type": "Feature", "id": 619456447, "properties": {"id": 619456447, "name": "Aundh Ravet Road", "highway": "primary", "ref": "", "oneway": "yes", "length_km": 0.256}, "geometry": {"type": "LineString", "coordinates": [[73.7705044, 18.6091224], [73.7705339, 18.6090905], [73.7707467, 18.6088604], [73.7709374, 18.6086712], [73.7710208, 18.6085998], [73.7711925, 18.6084528], [73.771502, 18.608211], [73.7716108, 18.6081327], [73.771812, 18.6079655], [73.7722933, 18.6075653]]}}, {"type": "Feature", "id": 640545793, "properties": {"id": 640545793, "name": "Katraj - Dehu Road Bypass", "highway": "trunk", "ref": "NH548DD", "oneway": "yes", "length_km": 0.035}, "geometry": {"type": "LineString", "coordinates": [[73.82574, 18.4586986], [73.8260433, 18.4585639]]}}, {"type": "Feature", "id": 640545795, "properties": {"id": 640545795, "name": "Katraj - Dehu Road Bypass", "highway": "trunk", "ref": "NH548DD", "oneway": "yes", "length_km": 0.604}, "geometry": {"type": "LineString", "coordinates": [[73.8197935, 18.4630867], [73.8201535, 18.4628543], [73.820209, 18.4627968], [73.8204432, 18.462554], [73.8208434, 18.4621815], [73.8213095, 18.4617727], [73.8214226, 18.461675], [73.8214947, 18.4616127], [73.8215587, 18.4615608], [73.8220847, 18.4611344], [73.8227812, 18.4606874], [73.8229709, 18.4605609], [73.823318, 18.4603309], [73.823666, 18.4600551], [73.8238625, 18.4598681], [73.8238998, 18.4598238], [73.8239334, 18.4597742], [73.8239772, 18.459699], [73.8240157, 18.4596383], [73.8240958, 18.4595252]]}}, {"type": "Feature", "id": 640545797, "properties": {"id": 640545797, "name": "Katraj - Dehu Road Bypass", "highway": "trunk", "ref": "NH548DD", "oneway": "yes", "length_km": 0.029}, "geometry": {"type": "LineString", "coordinates": [[73.8259626, 18.4584618], [73.8257206, 18.4585803]]}}, {"type": "Feature", "id": 640545799, "properties": {"id": 640545799, "name": "Katraj - Dehu Road Bypass", "highway": "trunk", "ref": "NH548DD", "oneway": "yes", "length_km": 0.201}, "geometry": {"type": "LineString", "coordinates": [[73.8257206, 18.4585803], [73.8254959, 18.4586894], [73.8253092, 18.4587887], [73.8251615, 18.4588666], [73.8246006, 18.4591777], [73.8242843, 18.4593782], [73.8240958, 18.4595252]]}}, {"type": "Feature", "id": 641670802, "properties": {"id": 641670802, "name": "University Road", "highway": "primary", "ref": "", "oneway": "yes", "length_km": 0.212}, "geometry": {"type": "LineString", "coordinates": [[73.8132005, 18.5634899], [73.8133497, 18.5631254], [73.8134609, 18.5628608], [73.8135452, 18.5626604], [73.8136394, 18.5624364], [73.8136621, 18.5623859], [73.8139615, 18.5617214]]}}, {"type": "Feature", "id": 641670805, "properties": {"id": 641670805, "name": "University Road", "highway": "primary", "ref": "", "oneway": "yes", "length_km": 0.007}, "geometry": {"type": "LineString", "coordinates": [[73.8141678, 18.5612277], [73.8141316, 18.5612799]]}}, {"type": "Feature", "id": 641670806, "properties": {"id": 641670806, "name": "Breman Chowk - Khadki Bazar Road", "highway": "primary", "ref": "", "oneway": "yes", "length_km": 2.256}, "geometry": {"type": "LineString", "coordinates": [[73.8192661, 18.5629302], [73.8194579, 18.5629302], [73.8207968, 18.5628975], [73.8208319, 18.5628966], [73.8223632, 18.5628593], [73.8234791, 18.562832], [73.8256757, 18.5627764], [73.8283764, 18.5627062], [73.8284454, 18.5627047], [73.8287321, 18.562695], [73.8288008, 18.5626957], [73.8294728, 18.5626572], [73.8295206, 18.5626548], [73.8301004, 18.5626251], [73.8302166, 18.5626197], [73.8303959, 18.5626115], [73.8313289, 18.5625737], [73.8316482, 18.5625509], [73.8317139, 18.5625462], [73.832015, 18.5625275], [73.8323901, 18.5624981], [73.8328769, 18.5624635], [73.8329434, 18.56246], [73.8337587, 18.5623629], [73.8338582, 18.5623512], [73.8348428, 18.5622349], [73.8348851, 18.5622299], [73.8351168, 18.5622122], [73.8352025, 18.5622046], [73.8354354, 18.5621838], [73.8356848, 18.5621616], [73.8359417, 18.5621491], [73.8368562, 18.5620585], [73.8372042, 18.562024], [73.8372197, 18.5620225], [73.838136, 18.5619317], [73.8388251, 18.5618635], [73.8405475, 18.5617067], [73.8407013, 18.5617029]]}}, {"type": "Feature", "id": 641670807, "properties": {"id": 641670807, "name": "University Road", "highway": "primary", "ref": "", "oneway": "yes", "length_km": 0.01}, "geometry": {"type": "LineString", "coordinates": [[73.814933, 18.5604021], [73.8150029, 18.5603422]]}}, {"type": "Feature", "id": 641670809, "properties": {"id": 641670809, "name": "University Road", "highway": "primary", "ref": "", "oneway": "yes", "length_km": 0.052}, "geometry": {"type": "LineString", "coordinates": [[73.8141316, 18.5612799], [73.8139437, 18.5615725], [73.8138811, 18.5616884]]}}, {"type": "Feature", "id": 641670810, "properties": {"id": 641670810, "name": "University Road", "highway": "primary", "ref": "", "oneway": "yes", "length_km": 0.122}, "geometry": {"type": "LineString", "coordinates": [[73.8142394, 18.5612836], [73.8144216, 18.5610539], [73.8146357, 18.560784], [73.8148494, 18.56051], [73.814933, 18.5604021]]}}, {"type": "Feature", "id": 641670811, "properties": {"id": 641670811, "name": "Dr. Jayakar Path", "highway": "primary", "ref": "", "oneway": "yes", "length_km": 0.013}, "geometry": {"type": "LineString", "coordinates": [[73.8150029, 18.5603422], [73.8149177, 18.5602597]]}}, {"type": "Feature", "id": 641670812, "properties": {"id": 641670812, "name": "University Road", "highway": "primary", "ref": "", "oneway": "yes", "length_km": 1.632}, "geometry": {"type": "LineString", "coordinates": [[73.8169212, 18.5578602], [73.8180404, 18.5563795], [73.8181761, 18.556204], [73.8187765, 18.5553426], [73.8192999, 18.5545918], [73.8206482, 18.5527373], [73.8211341, 18.5520682], [73.8212794, 18.5518682], [73.8223211, 18.5504339], [73.8256509, 18.5458492], [73.8257271, 18.5457442]]}}, {"type": "Feature", "id": 651722870, "properties": {"id": 651722870, "name": "Ganeshkhind Road", "highway": "primary", "ref": "", "oneway": "yes", "length_km": 0.019}, "geometry": {"type": "LineString", "coordinates": [[73.8287258, 18.5423444], [73.8288716, 18.5422463]]}}, {"type": "Feature", "id": 652398174, "properties": {"id": 652398174, "name": "Shivaji Road", "highway": "trunk", "ref": "NH60;NH65", "oneway": "yes", "length_km": 0.075}, "geometry": {"type": "LineString", "coordinates": [[73.8499519, 18.5289578], [73.8498773, 18.5293006], [73.8498519, 18.5296261]]}}, {"type": "Feature", "id": 652398180, "properties": {"id": 652398180, "name": "Jangli Maharaj Path", "highway": "primary", "ref": "SH60", "oneway": "yes", "length_km": 0.277}, "geometry": {"type": "LineString", "coordinates": [[73.8511482, 18.5272884], [73.8510921, 18.5272145], [73.8507906, 18.5268168], [73.8507711, 18.5267911], [73.8506453, 18.5266061], [73.8503993, 18.5262444], [73.8503713, 18.5262011], [73.8502229, 18.5259718], [73.8500679, 18.5257323], [73.8499001, 18.5254731], [73.8497187, 18.5251967]]}}, {"type": "Feature", "id": 652398181, "properties": {"id": 652398181, "name": "Raja Bahadur Mill Marg", "highway": "trunk", "ref": "NH753F", "oneway": "yes", "length_km": 0.059}, "geometry": {"type": "LineString", "coordinates": [[73.8639181, 18.5299232], [73.8637162, 18.5298859], [73.8635751, 18.5298419], [73.8634551, 18.5297866], [73.8633869, 18.5297589]]}}, {"type": "Feature", "id": 652398182, "properties": {"id": 652398182, "name": "Raja Bahadur Mill Marg", "highway": "trunk", "ref": "NH753F", "oneway": "yes", "length_km": 0.027}, "geometry": {"type": "LineString", "coordinates": [[73.8632138, 18.5296934], [73.8630904, 18.5296788], [73.8630052, 18.5296723], [73.8629626, 18.5296716]]}}, {"type": "Feature", "id": 652398183, "properties": {"id": 652398183, "name": "Raja Bahadur Mill Marg", "highway": "trunk", "ref": "NH753F", "oneway": "yes", "length_km": 0.012}, "geometry": {"type": "LineString", "coordinates": [[73.8632048, 18.5298097], [73.8633125, 18.5298456]]}}, {"type": "Feature", "id": 652398184, "properties": {"id": 652398184, "name": "Raja Bahadur Mill Marg", "highway": "trunk", "ref": "NH753F", "oneway": "yes", "length_km": 0.088}, "geometry": {"type": "LineString", "coordinates": [[73.8623685, 18.5297766], [73.8626023, 18.5297776], [73.8626643, 18.5297787], [73.86309, 18.5297861], [73.8631386, 18.5297936], [73.8631821, 18.529803], [73.8632048, 18.5298097]]}}, {"type": "Feature", "id": 652398185, "properties": {"id": 652398185, "name": "Unnamed Arterial", "highway": "primary", "ref": "", "oneway": "yes", "length_km": 0.013}, "geometry": {"type": "LineString", "coordinates": [[73.8632138, 18.5296934], [73.8632048, 18.5298097]]}}, {"type": "Feature", "id": 652398186, "properties": {"id": 652398186, "name": "Bund Garden Road", "highway": "trunk", "ref": "NH753F", "oneway": "yes", "length_km": 0.009}, "geometry": {"type": "LineString", "coordinates": [[73.8756698, 18.5307546], [73.8756056, 18.5306955]]}}, {"type": "Feature", "id": 652398187, "properties": {"id": 652398187, "name": "Bund Garden Road", "highway": "trunk", "ref": "NH753F", "oneway": "yes", "length_km": 0.171}, "geometry": {"type": "LineString", "coordinates": [[73.8768355, 18.5318328], [73.8767062, 18.5317347], [73.8766479, 18.5316836], [73.8765513, 18.531599], [73.8765067, 18.5315586], [73.8764763, 18.5315311], [73.8761584, 18.5312433], [73.8757553, 18.5308342], [73.8756698, 18.5307546]]}}, {"type": "Feature", "id": 652398188, "properties": {"id": 652398188, "name": "Bund Garden Road", "highway": "trunk", "ref": "NH753F", "oneway": "yes", "length_km": 0.186}, "geometry": {"type": "LineString", "coordinates": [[73.8755536, 18.5307762], [73.8756048, 18.5308211], [73.8757336, 18.5309471], [73.8757418, 18.5309553], [73.8759586, 18.5311734], [73.8760903, 18.5313058], [73.8761068, 18.531319], [73.8764864, 18.5316644], [73.8766436, 18.5318022], [73.8768113, 18.5319499]]}}, {"type": "Feature", "id": 657054220, "properties": {"id": 657054220, "name": "Old Pune\u2013Mumbai Highway", "highway": "trunk", "ref": "NH60;NH65", "oneway": "yes", "length_km": 0.032}, "geometry": {"type": "LineString", "coordinates": [[73.855143, 18.5302783], [73.8549297, 18.5304853]]}}, {"type": "Feature", "id": 657054221, "properties": {"id": 657054221, "name": "Old Pune\u2013Mumbai Highway", "highway": "trunk", "ref": "NH60;NH65", "oneway": "yes", "length_km": 0.06}, "geometry": {"type": "LineString", "coordinates": [[73.8543606, 18.5310564], [73.853953, 18.531439]]}}, {"type": "Feature", "id": 657054222, "properties": {"id": 657054222, "name": "Old Pune\u2013Mumbai Highway", "highway": "trunk", "ref": "NH60;65", "oneway": "yes", "length_km": 0.008}, "geometry": {"type": "LineString", "coordinates": [[73.8547032, 18.5302788], [73.8547819, 18.5302834]]}}, {"type": "Feature", "id": 657054224, "properties": {"id": 657054224, "name": "Mokshagundam Vishweshvarayya Flyover", "highway": "trunk", "ref": "NH65", "oneway": "yes", "length_km": 0.194}, "geometry": {"type": "LineString", "coordinates": [[73.8525197, 18.5332961], [73.8528402, 18.5327875], [73.8530508, 18.5325395], [73.8532425, 18.5323361], [73.8536462, 18.5319215]]}}, {"type": "Feature", "id": 661187151, "properties": {"id": 661187151, "name": "Dr. Rajendra Prasad Path", "highway": "trunk", "ref": "NH60;NH65", "oneway": "yes", "length_km": 0.028}, "geometry": {"type": "LineString", "coordinates": [[73.8526879, 18.5291657], [73.852506, 18.5289837], [73.8525031, 18.5289808]]}}, {"type": "Feature", "id": 661187152, "properties": {"id": 661187152, "name": "Old Pune\u2013Mumbai Highway", "highway": "trunk", "ref": "NH60;NH65", "oneway": "yes", "length_km": 0.087}, "geometry": {"type": "LineString", "coordinates": [[73.8549297, 18.5304853], [73.8546885, 18.5307274], [73.8543606, 18.5310564]]}}, {"type": "Feature", "id": 661187159, "properties": {"id": 661187159, "name": "Sangamwadi Bridge", "highway": "primary", "ref": "", "oneway": "yes", "length_km": 0.106}, "geometry": {"type": "LineString", "coordinates": [[73.8550491, 18.5323475], [73.8548854, 18.5323564], [73.8547526, 18.5323374], [73.854581, 18.5323043], [73.8544549, 18.5322827], [73.8543141, 18.5322484], [73.8541974, 18.5322204], [73.8540646, 18.5321695]]}}, {"type": "Feature", "id": 661187161, "properties": {"id": 661187161, "name": "Sangamwadi Bridge", "highway": "primary", "ref": "", "oneway": "yes", "length_km": 0.066}, "geometry": {"type": "LineString", "coordinates": [[73.8540646, 18.5321695], [73.8539372, 18.5320856], [73.8537555, 18.5319546], [73.8536717, 18.5318885], [73.853652, 18.5318719], [73.8536328, 18.5318558], [73.8535761, 18.5317956]]}}, {"type": "Feature", "id": 661187162, "properties": {"id": 661187162, "name": "Sangamwadi Bridge", "highway": "primary", "ref": "", "oneway": "yes", "length_km": 0.06}, "geometry": {"type": "LineString", "coordinates": [[73.8535762, 18.5318684], [73.8535879, 18.5318818], [73.853617, 18.5319059], [73.8537192, 18.5319904], [73.853842, 18.5320894], [73.8540177, 18.5322077]]}}, {"type": "Feature", "id": 661187163, "properties": {"id": 661187163, "name": "Unnamed Arterial", "highway": "trunk", "ref": "", "oneway": "yes", "length_km": 0.044}, "geometry": {"type": "LineString", "coordinates": [[73.8551033, 18.5302656], [73.8550247, 18.5302132], [73.8547065, 18.5301967]]}}, {"type": "Feature", "id": 661187164, "properties": {"id": 661187164, "name": "Unnamed Arterial", "highway": "trunk", "ref": "", "oneway": "yes", "length_km": 0.102}, "geometry": {"type": "LineString", "coordinates": [[73.8547065, 18.5301967], [73.8541827, 18.5301706], [73.8540915, 18.5301541], [73.8540485, 18.5301439], [73.8538833, 18.5300819], [73.853838, 18.5300625], [73.8537642, 18.5300256]]}}, {"type": "Feature", "id": 661187165, "properties": {"id": 661187165, "name": "H. K. Firodia Bridge", "highway": "trunk", "ref": "", "oneway": "yes", "length_km": 0.037}, "geometry": {"type": "LineString", "coordinates": [[73.8537642, 18.5300256], [73.8535456, 18.5297637]]}}, {"type": "Feature", "id": 661187168, "properties": {"id": 661187168, "name": "Unnamed Arterial", "highway": "trunk", "ref": "", "oneway": "yes", "length_km": 0.049}, "geometry": {"type": "LineString", "coordinates": [[73.8535456, 18.5297637], [73.853378, 18.529648], [73.8531929, 18.5294751]]}}, {"type": "Feature", "id": 661187170, "properties": {"id": 661187170, "name": "NH753F", "highway": "trunk", "ref": "NH753F", "oneway": "yes", "length_km": 0.436}, "geometry": {"type": "LineString", "coordinates": [[73.8554353, 18.5302583], [73.8555043, 18.5302425], [73.8556096, 18.5302189], [73.855792, 18.5301821], [73.8570285, 18.529915], [73.8572015, 18.5298743], [73.8572778, 18.5298515], [73.8573799, 18.5298209], [73.8575555, 18.529765], [73.8577339, 18.5296938], [73.8579056, 18.5296353], [73.8581255, 18.5295755], [73.8582985, 18.5295463], [73.8584742, 18.5295323], [73.8586096, 18.5295437], [73.8587612, 18.5295641], [73.8594626, 18.5297337]]}}, {"type": "Feature", "id": 661187172, "properties": {"id": 661187172, "name": "Mokshagundam Vishweshvarayya Flyover", "highway": "trunk", "ref": "NH753F", "oneway": "yes", "length_km": 0.242}, "geometry": {"type": "LineString", "coordinates": [[73.8578868, 18.5295055], [73.8571465, 18.5297408], [73.8566316, 18.5298515], [73.8556505, 18.5300266]]}}, {"type": "Feature", "id": 661187174, "properties": {"id": 661187174, "name": "Unnamed Arterial", "highway": "trunk", "ref": "", "oneway": "yes", "length_km": 0.012}, "geometry": {"type": "LineString", "coordinates": [[73.855216, 18.5301999], [73.855143, 18.5302783]]}}, {"type": "Feature", "id": 662188245, "properties": {"id": 662188245, "name": "Unnamed Arterial", "highway": "trunk_link", "ref": "", "oneway": "no", "length_km": 0.01}, "geometry": {"type": "LineString", "coordinates": [[73.8248591, 18.615132], [73.8249531, 18.6151014]]}}, {"type": "Feature", "id": 662484412, "properties": {"id": 662484412, "name": "Chimaji Appa Peshwe Path", "highway": "trunk", "ref": "NH60;NH65", "oneway": "yes", "length_km": 0.085}, "geometry": {"type": "LineString", "coordinates": [[73.8536228, 18.5044604], [73.8535892, 18.5049437], [73.8535802, 18.5051581], [73.8535797, 18.5052238]]}}, {"type": "Feature", "id": 662484416, "properties": {"id": 662484416, "name": "Vishnushastri Chiplunkar Path", "highway": "primary", "ref": "", "oneway": "yes", "length_km": 0.117}, "geometry": {"type": "LineString", "coordinates": [[73.8303101, 18.5191167], [73.8303327, 18.519415], [73.8303362, 18.5194612], [73.8303524, 18.5196531], [73.8303901, 18.5199223], [73.8304308, 18.5201682]]}}, {"type": "Feature", "id": 666582028, "properties": {"id": 666582028, "name": "Dr. Jayakar Path", "highway": "primary", "ref": "", "oneway": "yes", "length_km": 0.011}, "geometry": {"type": "LineString", "coordinates": [[73.8148572, 18.5603359], [73.814933, 18.5604021]]}}, {"type": "Feature", "id": 666582295, "properties": {"id": 666582295, "name": "Unnamed Arterial", "highway": "trunk_link", "ref": "", "oneway": "no", "length_km": 0.008}, "geometry": {"type": "LineString", "coordinates": [[73.8747686, 18.5018801], [73.8747638, 18.5019538]]}}, {"type": "Feature", "id": 666790127, "properties": {"id": 666790127, "name": "Unnamed Arterial", "highway": "primary_link", "ref": "", "oneway": "no", "length_km": 0.01}, "geometry": {"type": "LineString", "coordinates": [[73.8750023, 18.5877576], [73.8750955, 18.5877745]]}}, {"type": "Feature", "id": 666790128, "properties": {"id": 666790128, "name": "Unnamed Arterial", "highway": "primary_link", "ref": "", "oneway": "no", "length_km": 0.01}, "geometry": {"type": "LineString", "coordinates": [[73.8749929, 18.5883736], [73.8748999, 18.5883564]]}}, {"type": "Feature", "id": 666796228, "properties": {"id": 666796228, "name": "Katraj - Dehu Road Bypass", "highway": "trunk", "ref": "NH48", "oneway": "yes", "length_km": 0.038}, "geometry": {"type": "LineString", "coordinates": [[73.7905445, 18.4997273], [73.7903202, 18.4994633]]}}, {"type": "Feature", "id": 666796229, "properties": {"id": 666796229, "name": "Katraj - Dehu Road Bypass", "highway": "trunk", "ref": "NH48", "oneway": "yes", "length_km": 0.559}, "geometry": {"type": "LineString", "coordinates": [[73.7925824, 18.504168], [73.7926105, 18.5040196], [73.7926305, 18.5038695], [73.7926459, 18.5036901], [73.7926438, 18.503451], [73.7926339, 18.5032513], [73.7925939, 18.5029392], [73.7925529, 18.5027585], [73.7925316, 18.5026895], [73.7924089, 18.5022913], [73.7922503, 18.5019332], [73.792079, 18.5016416], [73.7918412, 18.5012909], [73.7915455, 18.5008958], [73.7905445, 18.4997273]]}}, {"type": "Feature", "id": 666796230, "properties": {"id": 666796230, "name": "Katraj - Dehu Road Bypass", "highway": "trunk", "ref": "NH48", "oneway": "yes", "length_km": 0.611}, "geometry": {"type": "LineString", "coordinates": [[73.7904474, 18.4998161], [73.7910006, 18.5004613], [73.791494, 18.5010353], [73.7917783, 18.5014103], [73.7919701, 18.5017067], [73.7920342, 18.5018227], [73.7921444, 18.502022], [73.7922613, 18.5022888], [73.7923263, 18.5025171], [73.7924398, 18.502916], [73.7924933, 18.503168], [73.7925093, 18.5032657], [73.7925294, 18.5035761], [73.7924784, 18.5040949], [73.7923753, 18.504548], [73.7923191, 18.5047172]]}}, {"type": "Feature", "id": 666796231, "properties": {"id": 666796231, "name": "Katraj - Dehu Road Bypass", "highway": "trunk", "ref": "NH48", "oneway": "yes", "length_km": 0.04}, "geometry": {"type": "LineString", "coordinates": [[73.790215, 18.4995263], [73.7904474, 18.4998161]]}}, {"type": "Feature", "id": 667524681, "properties": {"id": 667524681, "name": "Jangli Maharaj Path", "highway": "primary", "ref": "SH60", "oneway": "yes", "length_km": 0.313}, "geometry": {"type": "LineString", "coordinates": [[73.8497187, 18.5251967], [73.8496052, 18.5250239], [73.8495243, 18.5249008], [73.849487, 18.5248438], [73.8494439, 18.5247779], [73.8493648, 18.5246542], [73.8491424, 18.5243066], [73.8490395, 18.5241458], [73.8488556, 18.5238583], [73.8485123, 18.5233369], [73.8482605, 18.5229066], [73.8482011, 18.5228051], [73.8481835, 18.5227783]]}}, {"type": "Feature", "id": 668616209, "properties": {"id": 668616209, "name": "Unnamed Arterial", "highway": "trunk_link", "ref": "", "oneway": "no", "length_km": 0.016}, "geometry": {"type": "LineString", "coordinates": [[73.7687783, 18.518036], [73.7686313, 18.5180028]]}}, {"type": "Feature", "id": 668784195, "properties": {"id": 668784195, "name": "Balaji Vishwanath Path", "highway": "trunk", "ref": "NH60;NH65", "oneway": "yes", "length_km": 0.063}, "geometry": {"type": "LineString", "coordinates": [[73.8546524, 18.5013094], [73.8543401, 18.5012793], [73.8542533, 18.50128], [73.8541683, 18.5012977], [73.8541068, 18.5013212], [73.8540701, 18.5013423]]}}, {"type": "Feature", "id": 668784198, "properties": {"id": 668784198, "name": "Balaji Vishwanath Path", "highway": "trunk", "ref": "NH60;NH65", "oneway": "no", "length_km": 0.017}, "geometry": {"type": "LineString", "coordinates": [[73.8540604, 18.5014512], [73.8540731, 18.501424], [73.85408, 18.5013829], [73.8540701, 18.5013423], [73.8540449, 18.5013062]]}}, {"type": "Feature", "id": 668810192, "properties": {"id": 668810192, "name": "Unnamed Arterial", "highway": "primary_link", "ref": "", "oneway": "no", "length_km": 0.009}, "geometry": {"type": "LineString", "coordinates": [[73.8020828, 18.4572001], [73.8021003, 18.4571209]]}}, {"type": "Feature", "id": 668810193, "properties": {"id": 668810193, "name": "Unnamed Arterial", "highway": "primary_link", "ref": "", "oneway": "no", "length_km": 0.009}, "geometry": {"type": "LineString", "coordinates": [[73.8042155, 18.4573707], [73.8042321, 18.4572914]]}}, {"type": "Feature", "id": 668811855, "properties": {"id": 668811855, "name": "Unnamed Arterial", "highway": "primary_link", "ref": "", "oneway": "no", "length_km": 0.007}, "geometry": {"type": "LineString", "coordinates": [[73.8718325, 18.4821201], [73.8718974, 18.4821445]]}}, {"type": "Feature", "id": 669032096, "properties": {"id": 669032096, "name": "Unnamed Arterial", "highway": "primary_link", "ref": "", "oneway": "no", "length_km": 0.009}, "geometry": {"type": "LineString", "coordinates": [[73.8058993, 18.4577128], [73.8059143, 18.4576363]]}}, {"type": "Feature", "id": 669032141, "properties": {"id": 669032141, "name": "Unnamed Arterial", "highway": "primary_link", "ref": "", "oneway": "no", "length_km": 0.008}, "geometry": {"type": "LineString", "coordinates": [[73.7979388, 18.6022218], [73.7979622, 18.6022901]]}}, {"type": "Feature", "id": 669033805, "properties": {"id": 669033805, "name": "Unnamed Arterial", "highway": "primary", "ref": "", "oneway": "no", "length_km": 0.01}, "geometry": {"type": "LineString", "coordinates": [[73.8693227, 18.4985555], [73.8694201, 18.4985488]]}}, {"type": "Feature", "id": 669047262, "properties": {"id": 669047262, "name": "Unnamed Arterial", "highway": "primary_link", "ref": "", "oneway": "yes", "length_km": 0.011}, "geometry": {"type": "LineString", "coordinates": [[73.8829762, 18.5450378], [73.883033, 18.5449511]]}}, {"type": "Feature", "id": 669048443, "properties": {"id": 669048443, "name": "Unnamed Arterial", "highway": "primary_link", "ref": "", "oneway": "no", "length_km": 0.007}, "geometry": {"type": "LineString", "coordinates": [[73.868757, 18.5117254], [73.8686865, 18.5117288]]}}, {"type": "Feature", "id": 669050753, "properties": {"id": 669050753, "name": "exit to baner", "highway": "primary", "ref": "", "oneway": "no", "length_km": 1.708}, "geometry": {"type": "LineString", "coordinates": [[73.7594297, 18.5862165], [73.7595988, 18.5859466], [73.7598125, 18.5856055], [73.7598765, 18.5854367], [73.7600687, 18.5849301], [73.7601244, 18.5847834], [73.7604889, 18.5838375], [73.7608332, 18.5828989], [73.7612755, 18.5817129], [73.761438, 18.5812837], [73.7622798, 18.5790609], [73.7628662, 18.5775356], [73.7630072, 18.5771142], [73.7636444, 18.57545], [73.7638321, 18.5749347], [73.7638747, 18.5748207], [73.7645098, 18.5731238], [73.7649973, 18.5717722]]}}, {"type": "Feature", "id": 669607081, "properties": {"id": 669607081, "name": "Unnamed Arterial", "highway": "primary_link", "ref": "", "oneway": "no", "length_km": 0.009}, "geometry": {"type": "LineString", "coordinates": [[73.8789119, 18.502061], [73.8789925, 18.5020875]]}}, {"type": "Feature", "id": 670189669, "properties": {"id": 670189669, "name": "Unnamed Arterial", "highway": "primary_link", "ref": "", "oneway": "no", "length_km": 0.011}, "geometry": {"type": "LineString", "coordinates": [[73.791948, 18.5083082], [73.7919305, 18.508208]]}}, {"type": "Feature", "id": 678897653, "properties": {"id": 678897653, "name": "Magarpatta Road", "highway": "trunk", "ref": "", "oneway": "yes", "length_km": 0.141}, "geometry": {"type": "LineString", "coordinates": [[73.9336188, 18.5347985], [73.9335653, 18.5346503], [73.933505, 18.5344583], [73.9334834, 18.5343645], [73.9334257, 18.5342296], [73.933332, 18.533965], [73.9332663, 18.533689], [73.9332349, 18.5335859]]}}, {"type": "Feature", "id": 689794513, "properties": {"id": 689794513, "name": "Unnamed Arterial", "highway": "primary", "ref": "", "oneway": "no", "length_km": 0.007}, "geometry": {"type": "LineString", "coordinates": [[73.8356848, 18.5621616], [73.8356849, 18.5620954]]}}, {"type": "Feature", "id": 689810433, "properties": {"id": 689810433, "name": "Unnamed Arterial", "highway": "primary_link", "ref": "", "oneway": "yes", "length_km": 0.015}, "geometry": {"type": "LineString", "coordinates": [[73.7763482, 18.5641512], [73.7763651, 18.5641635], [73.7763745, 18.5641749], [73.7763852, 18.5641933], [73.7763926, 18.564222], [73.7763932, 18.5642499], [73.7763921, 18.5642715]]}}, {"type": "Feature", "id": 690345739, "properties": {"id": 690345739, "name": "Unnamed Arterial", "highway": "primary_link", "ref": "", "oneway": "no", "length_km": 0.012}, "geometry": {"type": "LineString", "coordinates": [[73.8445888, 18.5004448], [73.8446652, 18.5003684]]}}, {"type": "Feature", "id": 690347842, "properties": {"id": 690347842, "name": "Unnamed Arterial", "highway": "primary_link", "ref": "", "oneway": "no", "length_km": 0.01}, "geometry": {"type": "LineString", "coordinates": [[73.8465063, 18.5012628], [73.8465103, 18.5011685]]}}, {"type": "Feature", "id": 697977998, "properties": {"id": 697977998, "name": "Shivaji Road", "highway": "trunk", "ref": "NH60;NH65", "oneway": "yes", "length_km": 0.023}, "geometry": {"type": "LineString", "coordinates": [[73.8584601, 18.5011158], [73.8584909, 18.5009078]]}}, {"type": "Feature", "id": 701885336, "properties": {"id": 701885336, "name": "National Games Marg", "highway": "primary", "ref": "", "oneway": "yes", "length_km": 0.022}, "geometry": {"type": "LineString", "coordinates": [[73.8888395, 18.5459282], [73.8888933, 18.5457372]]}}, {"type": "Feature", "id": 701885337, "properties": {"id": 701885337, "name": "Nagar Road", "highway": "trunk", "ref": "NH753F", "oneway": "yes", "length_km": 0.014}, "geometry": {"type": "LineString", "coordinates": [[73.8888933, 18.5457372], [73.8887667, 18.5457097]]}}, {"type": "Feature", "id": 701885341, "properties": {"id": 701885341, "name": "Nagar Road", "highway": "trunk", "ref": "NH753F", "oneway": "yes", "length_km": 1.075}, "geometry": {"type": "LineString", "coordinates": [[73.8888395, 18.5459282], [73.8889572, 18.5459537], [73.889228, 18.5460284], [73.889269, 18.5460415], [73.8895078, 18.5461309], [73.8896923, 18.5462116], [73.8898566, 18.54632], [73.8899286, 18.5463707], [73.8901877, 18.5465533], [73.8902805, 18.5466186], [73.8903946, 18.5466989], [73.8904906, 18.5467666], [73.8905078, 18.5467787], [73.8906078, 18.5468734], [73.8908456, 18.5471052], [73.8909046, 18.5471627], [73.8911056, 18.5473475], [73.8912046, 18.5474386], [73.8913975, 18.5476159], [73.8915767, 18.547809], [73.8919304, 18.5481887], [73.8924404, 18.5487361], [73.8925379, 18.5488428], [73.8925864, 18.548896], [73.8927632, 18.5491226], [73.892844, 18.5492315], [73.8931398, 18.5495957], [73.8932682, 18.5497509], [73.8933321, 18.5498235], [73.8934719, 18.5499824], [73.8937221, 18.5502338], [73.8938318, 18.5503451], [73.8939381, 18.5504529], [73.8951167, 18.5514833], [73.8952359, 18.5515765], [73.8953245, 18.5516342], [73.8953938, 18.5516794], [73.8956329, 18.5518288], [73.8960634, 18.5520977], [73.896146, 18.5521493], [73.8963619, 18.5522615], [73.8963921, 18.5522733]]}}, {"type": "Feature", "id": 739719663, "properties": {"id": 739719663, "name": "Unnamed Arterial", "highway": "trunk", "ref": "", "oneway": "yes", "length_km": 0.24}, "geometry": {"type": "LineString", "coordinates": [[73.8578509, 18.4941235], [73.8577441, 18.4944855], [73.85775, 18.494793], [73.8578063, 18.4954492], [73.8578439, 18.4961589], [73.8578399, 18.4962721]]}}, {"type": "Feature", "id": 750339476, "properties": {"id": 750339476, "name": "Unnamed Arterial", "highway": "trunk_link", "ref": "", "oneway": "yes", "length_km": 0.061}, "geometry": {"type": "LineString", "coordinates": [[73.8467167, 18.5571164], [73.8465605, 18.5572041], [73.846472, 18.5572352], [73.8463573, 18.5572607], [73.8462494, 18.5572708], [73.8461697, 18.5572732]]}}, {"type": "Feature", "id": 750614095, "properties": {"id": 750614095, "name": "Unnamed Arterial", "highway": "trunk_link", "ref": "", "oneway": "yes", "length_km": 0.155}, "geometry": {"type": "LineString", "coordinates": [[73.8322885, 18.4493574], [73.8322248, 18.4494688], [73.8320142, 18.4496774], [73.8316239, 18.4499547], [73.8314483, 18.4501201], [73.8312739, 18.4503551]]}}, {"type": "Feature", "id": 750618840, "properties": {"id": 750618840, "name": "Underpass", "highway": "primary", "ref": "", "oneway": "yes", "length_km": 0.027}, "geometry": {"type": "LineString", "coordinates": [[73.8633262, 18.5285398], [73.8633042, 18.5287852]]}}, {"type": "Feature", "id": 750618841, "properties": {"id": 750618841, "name": "Unnamed Arterial", "highway": "primary", "ref": "", "oneway": "yes", "length_km": 0.017}, "geometry": {"type": "LineString", "coordinates": [[73.8633747, 18.5279009], [73.8633663, 18.5279471], [73.8633649, 18.5280295], [73.8633632, 18.5280522]]}}, {"type": "Feature", "id": 750618842, "properties": {"id": 750618842, "name": "Underpass", "highway": "primary", "ref": "", "oneway": "yes", "length_km": 0.058}, "geometry": {"type": "LineString", "coordinates": [[73.8633952, 18.5285392], [73.863456, 18.5280238]]}}, {"type": "Feature", "id": 750618843, "properties": {"id": 750618843, "name": "Underpass", "highway": "primary", "ref": "", "oneway": "yes", "length_km": 0.028}, "geometry": {"type": "LineString", "coordinates": [[73.8633793, 18.528789], [73.8633952, 18.5285392]]}}, {"type": "Feature", "id": 750618846, "properties": {"id": 750618846, "name": "Underpass", "highway": "primary", "ref": "", "oneway": "yes", "length_km": 0.105}, "geometry": {"type": "LineString", "coordinates": [[73.8633199, 18.5297318], [73.8633327, 18.5295962], [73.8633402, 18.5295073], [73.8633793, 18.528789]]}}, {"type": "Feature", "id": 756417279, "properties": {"id": 756417279, "name": "Unnamed Arterial", "highway": "trunk", "ref": "", "oneway": "yes", "length_km": 0.273}, "geometry": {"type": "LineString", "coordinates": [[73.9342245, 18.5371758], [73.9340411, 18.5363731], [73.9339001, 18.5357218], [73.9337148, 18.534943], [73.9336712, 18.5347737]]}}, {"type": "Feature", "id": 756417280, "properties": {"id": 756417280, "name": "Unnamed Arterial", "highway": "trunk", "ref": "", "oneway": "yes", "length_km": 0.051}, "geometry": {"type": "LineString", "coordinates": [[73.9336712, 18.5347737], [73.9335573, 18.5344316], [73.9334834, 18.5343645]]}}, {"type": "Feature", "id": 756417281, "properties": {"id": 756417281, "name": "Unnamed Arterial", "highway": "trunk", "ref": "", "oneway": "yes", "length_km": 0.021}, "geometry": {"type": "LineString", "coordinates": [[73.9342339, 18.5373574], [73.9342504, 18.5372953], [73.9342367, 18.5372228], [73.9342245, 18.5371758]]}}, {"type": "Feature", "id": 756417282, "properties": {"id": 756417282, "name": "Unnamed Arterial", "highway": "trunk", "ref": "", "oneway": "yes", "length_km": 0.062}, "geometry": {"type": "LineString", "coordinates": [[73.9340402, 18.5375272], [73.9341025, 18.5377324], [73.9341214, 18.537911], [73.93413, 18.5379924], [73.9341716, 18.5380709]]}}, {"type": "Feature", "id": 756417283, "properties": {"id": 756417283, "name": "Unnamed Arterial", "highway": "trunk", "ref": "", "oneway": "yes", "length_km": 0.05}, "geometry": {"type": "LineString", "coordinates": [[73.9333796, 18.534416], [73.9333648, 18.5345094], [73.9334527, 18.5348588]]}}, {"type": "Feature", "id": 756417284, "properties": {"id": 756417284, "name": "Unnamed Arterial", "highway": "trunk", "ref": "", "oneway": "yes", "length_km": 0.303}, "geometry": {"type": "LineString", "coordinates": [[73.9334527, 18.5348588], [73.933637, 18.5356895], [73.9337846, 18.5363995], [73.9340402, 18.5375272]]}}, {"type": "Feature", "id": 756475959, "properties": {"id": 756475959, "name": "Unnamed Arterial", "highway": "trunk_link", "ref": "", "oneway": "no", "length_km": 0.012}, "geometry": {"type": "LineString", "coordinates": [[73.7880887, 18.4960132], [73.7879802, 18.4960377]]}}, {"type": "Feature", "id": 756781433, "properties": {"id": 756781433, "name": "Satara Road", "highway": "trunk", "ref": "", "oneway": "yes", "length_km": 0.035}, "geometry": {"type": "LineString", "coordinates": [[73.8580944, 18.4486426], [73.8581575, 18.4487294], [73.8581994, 18.4488107], [73.8582467, 18.4489186]]}}, {"type": "Feature", "id": 756857526, "properties": {"id": 756857526, "name": "Unnamed Arterial", "highway": "primary_link", "ref": "", "oneway": "no", "length_km": 0.009}, "geometry": {"type": "LineString", "coordinates": [[73.8025539, 18.4572348], [73.8025527, 18.4571528]]}}, {"type": "Feature", "id": 760448694, "properties": {"id": 760448694, "name": "Katraj - Dehu Road Bypass", "highway": "trunk", "ref": "NH548DD", "oneway": "yes", "length_km": 0.042}, "geometry": {"type": "LineString", "coordinates": [[73.8240958, 18.4595252], [73.8239411, 18.4594541], [73.8237489, 18.4593442]]}}, {"type": "Feature", "id": 762754371, "properties": {"id": 762754371, "name": "Unnamed Arterial", "highway": "primary_link", "ref": "", "oneway": "no", "length_km": 0.01}, "geometry": {"type": "LineString", "coordinates": [[73.8750569, 18.5823316], [73.8751441, 18.5823685]]}}, {"type": "Feature", "id": 762754372, "properties": {"id": 762754372, "name": "Sant Dyaneshwar Marg", "highway": "primary", "ref": "", "oneway": "yes", "length_km": 0.055}, "geometry": {"type": "LineString", "coordinates": [[73.8752004, 18.5841252], [73.8751779, 18.5836346]]}}, {"type": "Feature", "id": 763056926, "properties": {"id": 763056926, "name": "Vishrantwadi - Airport Road", "highway": "primary", "ref": "", "oneway": "yes", "length_km": 0.017}, "geometry": {"type": "LineString", "coordinates": [[73.8819451, 18.5730253], [73.8818666, 18.5730156], [73.8817849, 18.5730056]]}}, {"type": "Feature", "id": 763056927, "properties": {"id": 763056927, "name": "Vishrantwadi - Airport Road", "highway": "primary", "ref": "", "oneway": "yes", "length_km": 0.218}, "geometry": {"type": "LineString", "coordinates": [[73.8840038, 18.573295], [73.8837971, 18.5732875], [73.883564, 18.5732431], [73.8834089, 18.5732133], [73.8833275, 18.5731979], [73.8832864, 18.5731932], [73.882409, 18.573085], [73.8820313, 18.5730364], [73.8819863, 18.5730306], [73.8819451, 18.5730253]]}}, {"type": "Feature", "id": 763056928, "properties": {"id": 763056928, "name": "Vishrantwadi - Airport Road", "highway": "primary", "ref": "", "oneway": "yes", "length_km": 0.225}, "geometry": {"type": "LineString", "coordinates": [[73.8819292, 18.5731366], [73.8819619, 18.5731408], [73.8823938, 18.5731964], [73.8832716, 18.5732993], [73.8833586, 18.5733094], [73.8838814, 18.5733784], [73.8840557, 18.5734022]]}}, {"type": "Feature", "id": 763058574, "properties": {"id": 763058574, "name": "Vishrantwadi - Airport Road", "highway": "primary", "ref": "", "oneway": "yes", "length_km": 0.41}, "geometry": {"type": "LineString", "coordinates": [[73.8878819, 18.5737032], [73.8868103, 18.5735708], [73.8860478, 18.5734766], [73.8856006, 18.5734437], [73.885406, 18.5734429], [73.8853258, 18.5734406], [73.8852078, 18.5734406], [73.8851235, 18.5734406], [73.8848845, 18.5734233], [73.8847345, 18.5733957], [73.8840038, 18.573295]]}}, {"type": "Feature", "id": 763532142, "properties": {"id": 763532142, "name": "Unnamed Arterial", "highway": "trunk_link", "ref": "", "oneway": "no", "length_km": 0.022}, "geometry": {"type": "LineString", "coordinates": [[73.8023213, 18.482372], [73.8023051, 18.4823288], [73.8023002, 18.4822836], [73.8023041, 18.482234], [73.8023175, 18.4821801]]}}, {"type": "Feature", "id": 764097130, "properties": {"id": 764097130, "name": "Unnamed Arterial", "highway": "primary_link", "ref": "", "oneway": "yes", "length_km": 0.045}, "geometry": {"type": "LineString", "coordinates": [[73.8150991, 18.5605621], [73.8151146, 18.5604156], [73.8151263, 18.5603247], [73.8151377, 18.5602191], [73.8151472, 18.5601613]]}}, {"type": "Feature", "id": 783094971, "properties": {"id": 783094971, "name": "Gopal Krushna Gokhale Path", "highway": "primary", "ref": "SH60", "oneway": "yes", "length_km": 0.162}, "geometry": {"type": "LineString", "coordinates": [[73.8421825, 18.5268848], [73.842222, 18.5269567], [73.8422788, 18.5270614], [73.8423285, 18.527153], [73.8427609, 18.5279742], [73.8427986, 18.5280457], [73.8428724, 18.5281876]]}}, {"type": "Feature", "id": 783094973, "properties": {"id": 783094973, "name": "Gopal Krushna Gokhale Path", "highway": "primary", "ref": "SH60", "oneway": "yes", "length_km": 0.158}, "geometry": {"type": "LineString", "coordinates": [[73.8428724, 18.5281876], [73.8429016, 18.5281392], [73.8428077, 18.5279531], [73.8426011, 18.5275434], [73.8423276, 18.52704], [73.8422871, 18.5269654], [73.842222, 18.5269567]]}}, {"type": "Feature", "id": 783959847, "properties": {"id": 783959847, "name": "Unnamed Arterial", "highway": "primary_link", "ref": "", "oneway": "yes", "length_km": 0.048}, "geometry": {"type": "LineString", "coordinates": [[73.8891961, 18.4855451], [73.8890782, 18.4856113], [73.8889682, 18.4856507], [73.8888676, 18.4856495], [73.8887741, 18.485621]]}}, {"type": "Feature", "id": 783959848, "properties": {"id": 783959848, "name": "Chhatrapati Shivaji Maharaj Flyover", "highway": "primary", "ref": "", "oneway": "yes", "length_km": 0.019}, "geometry": {"type": "LineString", "coordinates": [[73.8901124, 18.4843569], [73.8902201, 18.4842173]]}}, {"type": "Feature", "id": 783959849, "properties": {"id": 783959849, "name": "Chhatrapati Shivaji Maharaj Flyover", "highway": "primary", "ref": "", "oneway": "yes", "length_km": 0.018}, "geometry": {"type": "LineString", "coordinates": [[73.8901303, 18.4841753], [73.8900556, 18.4843244]]}}, {"type": "Feature", "id": 783959850, "properties": {"id": 783959850, "name": "Kondhwa Marg", "highway": "primary", "ref": "", "oneway": "yes", "length_km": 0.022}, "geometry": {"type": "LineString", "coordinates": [[73.8875829, 18.4875013], [73.8877351, 18.487364]]}}, {"type": "Feature", "id": 783959851, "properties": {"id": 783959851, "name": "Kondhwa Marg", "highway": "primary", "ref": "", "oneway": "yes", "length_km": 0.021}, "geometry": {"type": "LineString", "coordinates": [[73.8876439, 18.4873258], [73.8875829, 18.4875013]]}}, {"type": "Feature", "id": 783959852, "properties": {"id": 783959852, "name": "Chhatrapati Shivaji Maharaj Flyover", "highway": "primary", "ref": "", "oneway": "yes", "length_km": 0.012}, "geometry": {"type": "LineString", "coordinates": [[73.8877351, 18.487364], [73.8877866, 18.487271]]}}, {"type": "Feature", "id": 783959853, "properties": {"id": 783959853, "name": "Chhatrapati Shivaji Maharaj Flyover", "highway": "primary", "ref": "", "oneway": "yes", "length_km": 0.014}, "geometry": {"type": "LineString", "coordinates": [[73.8877359, 18.4872305], [73.8876439, 18.4873258]]}}, {"type": "Feature", "id": 783959854, "properties": {"id": 783959854, "name": "Chhatrapati Shivaji Maharaj Flyover", "highway": "primary", "ref": "", "oneway": "yes", "length_km": 0.406}, "geometry": {"type": "LineString", "coordinates": [[73.8900556, 18.4843244], [73.889195, 18.4856772], [73.889041, 18.4859], [73.8888394, 18.4861177], [73.8883385, 18.4865977], [73.8880801, 18.4868428], [73.8877359, 18.4872305]]}}, {"type": "Feature", "id": 783959855, "properties": {"id": 783959855, "name": "Chhatrapati Shivaji Maharaj Flyover", "highway": "primary", "ref": "", "oneway": "yes", "length_km": 0.408}, "geometry": {"type": "LineString", "coordinates": [[73.8877866, 18.487271], [73.888129, 18.4868854], [73.8883856, 18.4866421], [73.8888879, 18.4861606], [73.8890939, 18.4859382], [73.8892511, 18.4857107], [73.8901124, 18.4843569]]}}, {"type": "Feature", "id": 790809127, "properties": {"id": 790809127, "name": "Katraj - Dehu Road Bypass", "highway": "trunk", "ref": "NH48", "oneway": "yes", "length_km": 0.056}, "geometry": {"type": "LineString", "coordinates": [[73.78699, 18.507461], [73.7873199, 18.5074765], [73.7875263, 18.5074983]]}}, {"type": "Feature", "id": 790809128, "properties": {"id": 790809128, "name": "Katraj - Dehu Road Bypass", "highway": "trunk", "ref": "NH48", "oneway": "yes", "length_km": 0.063}, "geometry": {"type": "LineString", "coordinates": [[73.7875561, 18.5073809], [73.786961, 18.5073268]]}}, {"type": "Feature", "id": 790827920, "properties": {"id": 790827920, "name": "Katraj - Dehu Road Bypass", "highway": "trunk", "ref": "NH48", "oneway": "yes", "length_km": 0.14}, "geometry": {"type": "LineString", "coordinates": [[73.7689689, 18.5164281], [73.7690002, 18.5162479], [73.7690456, 18.5160189], [73.7692235, 18.5151904]]}}, {"type": "Feature", "id": 790827921, "properties": {"id": 790827921, "name": "Katraj - Dehu Road Bypass", "highway": "trunk", "ref": "NH48", "oneway": "yes", "length_km": 0.141}, "geometry": {"type": "LineString", "coordinates": [[73.7691032, 18.5151657], [73.7689244, 18.515998], [73.7688786, 18.5162294], [73.7688482, 18.5164141]]}}, {"type": "Feature", "id": 790827922, "properties": {"id": 790827922, "name": "Katraj - Dehu Road Bypass", "highway": "trunk", "ref": "NH48", "oneway": "yes", "length_km": 0.212}, "geometry": {"type": "LineString", "coordinates": [[73.7692235, 18.5151904], [73.769274, 18.5149827], [73.7693484, 18.5147306], [73.7694121, 18.5145395], [73.7694985, 18.5143176], [73.769582, 18.5141177], [73.7696921, 18.5138951], [73.7698908, 18.5135242], [73.7699505, 18.5134127]]}}, {"type": "Feature", "id": 790827923, "properties": {"id": 790827923, "name": "Katraj - Dehu Road Bypass", "highway": "trunk", "ref": "NH48", "oneway": "yes", "length_km": 0.216}, "geometry": {"type": "LineString", "coordinates": [[73.7698407, 18.5133598], [73.7695814, 18.5138439], [73.7694689, 18.5140714], [73.7693834, 18.5142759], [73.7692955, 18.5145017], [73.7692304, 18.5146972], [73.7691546, 18.5149538], [73.7691032, 18.5151657]]}}, {"type": "Feature", "id": 790968575, "properties": {"id": 790968575, "name": "Katraj - Dehu Road Bypass", "highway": "trunk", "ref": "NH48", "oneway": "yes", "length_km": 0.137}, "geometry": {"type": "LineString", "coordinates": [[73.7703816, 18.5561264], [73.7699716, 18.557294]]}}, {"type": "Feature", "id": 790968576, "properties": {"id": 790968576, "name": "Katraj - Dehu Road Bypass", "highway": "trunk", "ref": "NH48", "oneway": "yes", "length_km": 0.023}, "geometry": {"type": "LineString", "coordinates": [[73.770503, 18.5562071], [73.7705712, 18.5560129]]}}, {"type": "Feature", "id": 790968579, "properties": {"id": 790968579, "name": "Katraj - Dehu Road Bypass", "highway": "trunk", "ref": "NH48", "oneway": "yes", "length_km": 0.422}, "geometry": {"type": "LineString", "coordinates": [[73.7705712, 18.5560129], [73.7716219, 18.5530203], [73.7718402, 18.552404]]}}, {"type": "Feature", "id": 790968580, "properties": {"id": 790968580, "name": "Katraj - Dehu Road Bypass", "highway": "trunk", "ref": "NH48", "oneway": "yes", "length_km": 0.026}, "geometry": {"type": "LineString", "coordinates": [[73.7704583, 18.5559078], [73.7703816, 18.5561264]]}}, {"type": "Feature", "id": 790968582, "properties": {"id": 790968582, "name": "Katraj - Dehu Road Bypass", "highway": "trunk", "ref": "NH48", "oneway": "yes", "length_km": 0.065}, "geometry": {"type": "LineString", "coordinates": [[73.7802436, 18.5342401], [73.7803685, 18.5348146]]}}, {"type": "Feature", "id": 790968583, "properties": {"id": 790968583, "name": "Katraj - Dehu Road Bypass", "highway": "trunk", "ref": "NH48", "oneway": "yes", "length_km": 0.066}, "geometry": {"type": "LineString", "coordinates": [[73.7805115, 18.534795], [73.7803823, 18.5342108]]}}, {"type": "Feature", "id": 790968584, "properties": {"id": 790968584, "name": "Katraj - Dehu Road Bypass", "highway": "trunk", "ref": "NH48", "oneway": "yes", "length_km": 0.07}, "geometry": {"type": "LineString", "coordinates": [[73.7719183, 18.5517599], [73.7717062, 18.5523591]]}}, {"type": "Feature", "id": 790968585, "properties": {"id": 790968585, "name": "Katraj - Dehu Road Bypass", "highway": "trunk", "ref": "NH48", "oneway": "yes", "length_km": 0.415}, "geometry": {"type": "LineString", "coordinates": [[73.7717062, 18.5523591], [73.7714871, 18.5529776], [73.7704583, 18.5559078]]}}, {"type": "Feature", "id": 790968586, "properties": {"id": 790968586, "name": "Katraj - Dehu Road Bypass", "highway": "trunk", "ref": "NH48", "oneway": "yes", "length_km": 0.071}, "geometry": {"type": "LineString", "coordinates": [[73.7718402, 18.552404], [73.772055, 18.5517972]]}}, {"type": "Feature", "id": 790968587, "properties": {"id": 790968587, "name": "Katraj - Dehu Road Bypass", "highway": "trunk", "ref": "NH48", "oneway": "yes", "length_km": 0.132}, "geometry": {"type": "LineString", "coordinates": [[73.7701071, 18.5573347], [73.770503, 18.5562071]]}}, {"type": "Feature", "id": 790968589, "properties": {"id": 790968589, "name": "Katraj - Dehu Road Bypass", "highway": "trunk", "ref": "NH48", "oneway": "yes", "length_km": 0.264}, "geometry": {"type": "LineString", "coordinates": [[73.7796448, 18.5319356], [73.7797702, 18.5322543], [73.7798786, 18.5325625], [73.7799634, 18.5329297], [73.7802436, 18.5342401]]}}, {"type": "Feature", "id": 790968590, "properties": {"id": 790968590, "name": "Katraj - Dehu Road Bypass", "highway": "trunk", "ref": "NH48", "oneway": "yes", "length_km": 0.242}, "geometry": {"type": "LineString", "coordinates": [[73.7803823, 18.5342108], [73.7801025, 18.5329021], [73.7800158, 18.5325267], [73.7798495, 18.5320904]]}}, {"type": "Feature", "id": 790968591, "properties": {"id": 790968591, "name": "Unnamed Arterial", "highway": "trunk_link", "ref": "", "oneway": "no", "length_km": 0.012}, "geometry": {"type": "LineString", "coordinates": [[73.779923, 18.531952], [73.7798095, 18.5319856]]}}, {"type": "Feature", "id": 790968593, "properties": {"id": 790968593, "name": "Katraj - Dehu Road Bypass", "highway": "trunk", "ref": "NH48", "oneway": "yes", "length_km": 0.048}, "geometry": {"type": "LineString", "coordinates": [[73.7793618, 18.5312591], [73.7795329, 18.5316624]]}}, {"type": "Feature", "id": 790968594, "properties": {"id": 790968594, "name": "Katraj - Dehu Road Bypass", "highway": "trunk", "ref": "NH48", "oneway": "yes", "length_km": 0.048}, "geometry": {"type": "LineString", "coordinates": [[73.7796605, 18.5316076], [73.7794928, 18.5312068]]}}, {"type": "Feature", "id": 790968595, "properties": {"id": 790968595, "name": "Katraj - Dehu Road Bypass", "highway": "trunk", "ref": "NH48", "oneway": "yes", "length_km": 0.213}, "geometry": {"type": "LineString", "coordinates": [[73.7699344, 18.5574001], [73.7692963, 18.5592173]]}}, {"type": "Feature", "id": 790968596, "properties": {"id": 790968596, "name": "Westerly Diversion", "highway": "trunk", "ref": "NH48", "oneway": "yes", "length_km": 0.012}, "geometry": {"type": "LineString", "coordinates": [[73.7699716, 18.557294], [73.7699344, 18.5574001]]}}, {"type": "Feature", "id": 790968597, "properties": {"id": 790968597, "name": "Westerly Diversion", "highway": "trunk", "ref": "NH48", "oneway": "yes", "length_km": 0.012}, "geometry": {"type": "LineString", "coordinates": [[73.7700709, 18.5574377], [73.7701071, 18.5573347]]}}, {"type": "Feature", "id": 790968598, "properties": {"id": 790968598, "name": "Katraj - Dehu Road Bypass", "highway": "trunk", "ref": "NH48", "oneway": "yes", "length_km": 0.223}, "geometry": {"type": "LineString", "coordinates": [[73.768811, 18.5610261], [73.7694814, 18.5591166]]}}, {"type": "Feature", "id": 791408879, "properties": {"id": 791408879, "name": "Katraj - Dehu Road Bypass", "highway": "trunk", "ref": "NH48", "oneway": "yes", "length_km": 0.542}, "geometry": {"type": "LineString", "coordinates": [[73.7923191, 18.5047172], [73.7922252, 18.5049954], [73.792087, 18.5053051], [73.7919545, 18.5055542], [73.7917873, 18.5058274], [73.7916301, 18.5060278], [73.7914328, 18.5062438], [73.7912116, 18.5064461], [73.7909874, 18.5066247], [73.7907303, 18.5068031], [73.7904574, 18.5069564], [73.7901737, 18.5070934], [73.7898849, 18.5072015], [73.7895888, 18.5072921], [73.7893874, 18.5073389], [73.7893136, 18.5073561], [73.7890368, 18.5073963], [73.7887309, 18.5074228], [73.7884801, 18.5074329]]}}, {"type": "Feature", "id": 791408880, "properties": {"id": 791408880, "name": "Katraj - Dehu Road Bypass", "highway": "trunk", "ref": "NH48", "oneway": "yes", "length_km": 0.621}, "geometry": {"type": "LineString", "coordinates": [[73.7884811, 18.5075227], [73.7887372, 18.5075125], [73.7890483, 18.5074855], [73.7893321, 18.5074443], [73.7896147, 18.5073786], [73.7899168, 18.5072861], [73.7902127, 18.5071754], [73.790503, 18.5070352], [73.7907826, 18.5068782], [73.7910459, 18.5066954], [73.791275, 18.5065129], [73.7915017, 18.5063057], [73.791704, 18.5060841], [73.791866, 18.5058776], [73.7920422, 18.5056014], [73.7921752, 18.505367], [73.792328, 18.5050335], [73.7924325, 18.5047533], [73.7925111, 18.5044895], [73.7925824, 18.504168]]}}, {"type": "Feature", "id": 800385393, "properties": {"id": 800385393, "name": "Gopi Provision Stores", "highway": "primary", "ref": "", "oneway": "no", "length_km": 0.034}, "geometry": {"type": "LineString", "coordinates": [[73.8916769, 18.4501353], [73.8916799, 18.450083], [73.8917047, 18.4500843], [73.891706, 18.4500633], [73.8917409, 18.4500652], [73.8917397, 18.4500855], [73.8917544, 18.4500862], [73.8917525, 18.4501183], [73.8917512, 18.45014], [73.8917357, 18.4501392], [73.8917362, 18.4501297], [73.8916932, 18.4501274], [73.8916927, 18.4501362], [73.8916769, 18.4501353]]}}, {"type": "Feature", "id": 812614246, "properties": {"id": 812614246, "name": "New Harris Bridge", "highway": "primary", "ref": "", "oneway": "yes", "length_km": 0.126}, "geometry": {"type": "LineString", "coordinates": [[73.8367557, 18.5730578], [73.8366383, 18.5732322], [73.8363613, 18.5738898], [73.8362854, 18.574096]]}}, {"type": "Feature", "id": 812614247, "properties": {"id": 812614247, "name": "New Harris Bridge", "highway": "primary", "ref": "", "oneway": "yes", "length_km": 0.252}, "geometry": {"type": "LineString", "coordinates": [[73.8361414, 18.5744573], [73.8358724, 18.575166], [73.8355551, 18.5760399], [73.8353824, 18.5766112]]}}, {"type": "Feature", "id": 812626924, "properties": {"id": 812626924, "name": "New Harris Bridge", "highway": "primary", "ref": "", "oneway": "yes", "length_km": 0.229}, "geometry": {"type": "LineString", "coordinates": [[73.8358664, 18.5762276], [73.8363753, 18.5748964], [73.8366011, 18.5742831]]}}, {"type": "Feature", "id": 812627580, "properties": {"id": 812627580, "name": "Unnamed Arterial", "highway": "trunk_link", "ref": "", "oneway": "yes", "length_km": 0.036}, "geometry": {"type": "LineString", "coordinates": [[73.8364506, 18.5744259], [73.8362222, 18.5743556], [73.8361432, 18.5743387], [73.8361198, 18.5743357]]}}, {"type": "Feature", "id": 812627581, "properties": {"id": 812627581, "name": "Unnamed Arterial", "highway": "trunk_link", "ref": "", "oneway": "yes", "length_km": 0.015}, "geometry": {"type": "LineString", "coordinates": [[73.836588, 18.5744639], [73.8364506, 18.5744259]]}}, {"type": "Feature", "id": 812627582, "properties": {"id": 812627582, "name": "Unnamed Arterial", "highway": "trunk_link", "ref": "", "oneway": "yes", "length_km": 0.16}, "geometry": {"type": "LineString", "coordinates": [[73.836576, 18.5745258], [73.8366302, 18.5745335], [73.8366828, 18.5745364], [73.836729, 18.5745328], [73.8367731, 18.5745258], [73.836808, 18.5745101], [73.8368747, 18.574475], [73.8369168, 18.5744483], [73.8369514, 18.5744187], [73.836992, 18.5743721], [73.8370228, 18.5743289], [73.8370425, 18.5742945], [73.8370567, 18.5742605], [73.8370697, 18.5742213], [73.8370833, 18.5741473], [73.8370896, 18.5740966], [73.8370906, 18.5740464], [73.8370874, 18.5739963], [73.8370775, 18.5739514], [73.8370624, 18.5739096], [73.837048, 18.5738781], [73.8369873, 18.5737799], [73.8369606, 18.5737302], [73.8369167, 18.5736448], [73.8368809, 18.5734421]]}}, {"type": "Feature", "id": 812627583, "properties": {"id": 812627583, "name": "Unnamed Arterial", "highway": "trunk_link", "ref": "", "oneway": "yes", "length_km": 0.016}, "geometry": {"type": "LineString", "coordinates": [[73.8364278, 18.574485], [73.836576, 18.5745258]]}}, {"type": "Feature", "id": 812635519, "properties": {"id": 812635519, "name": "New Harris Bridge", "highway": "primary", "ref": "", "oneway": "yes", "length_km": 0.078}, "geometry": {"type": "LineString", "coordinates": [[73.8356533, 18.5769001], [73.8358664, 18.5762276]]}}, {"type": "Feature", "id": 813125913, "properties": {"id": 813125913, "name": "Aundh Ravet Road", "highway": "primary", "ref": "", "oneway": "yes", "length_km": 0.201}, "geometry": {"type": "LineString", "coordinates": [[73.782849, 18.5960951], [73.7828842, 18.5959398], [73.7832167, 18.5954687], [73.7836331, 18.5947926], [73.7837904, 18.5945278]]}}, {"type": "Feature", "id": 813125918, "properties": {"id": 813125918, "name": "Jagtap Dairy Flyover", "highway": "primary", "ref": "", "oneway": "yes", "length_km": 0.633}, "geometry": {"type": "LineString", "coordinates": [[73.7838376, 18.5944469], [73.7843884, 18.5935168], [73.7847564, 18.5929263], [73.7849679, 18.5925939], [73.7850189, 18.5925202], [73.785094, 18.5924032], [73.7851868, 18.5922764], [73.7853166, 18.5921185], [73.7855043, 18.5918973], [73.7860891, 18.5912796], [73.7868589, 18.5904432], [73.7872585, 18.5900161], [73.7873953, 18.5898712]]}}, {"type": "Feature", "id": 813125919, "properties": {"id": 813125919, "name": "Jagtap Dairy Flyover", "highway": "primary", "ref": "", "oneway": "yes", "length_km": 0.055}, "geometry": {"type": "LineString", "coordinates": [[73.7873953, 18.5898712], [73.7877662, 18.5895156]]}}, {"type": "Feature", "id": 813128391, "properties": {"id": 813128391, "name": "Jagtap Dairy Flyover", "highway": "primary", "ref": "", "oneway": "yes", "length_km": 0.629}, "geometry": {"type": "LineString", "coordinates": [[73.7872945, 18.5898137], [73.7870606, 18.59005], [73.7869655, 18.5901526], [73.7862655, 18.5908789], [73.7856256, 18.5915612], [73.7851783, 18.5920581], [73.7849565, 18.5923162], [73.7848814, 18.5924234], [73.7846235, 18.5927942], [73.7844635, 18.5930796], [73.7839601, 18.5939336], [73.7837323, 18.5943331]]}}, {"type": "Feature", "id": 813251609, "properties": {"id": 813251609, "name": "Jagtap Dairy-Wakad Road", "highway": "primary", "ref": "", "oneway": "yes", "length_km": 0.226}, "geometry": {"type": "LineString", "coordinates": [[73.7827668, 18.5921016], [73.7832399, 18.5920064], [73.7836228, 18.5919413], [73.7838555, 18.5918948], [73.7842629, 18.5918243], [73.7844676, 18.5918094], [73.7845891, 18.5918186], [73.7846816, 18.5918614], [73.7848332, 18.5919758]]}}, {"type": "Feature", "id": 813341042, "properties": {"id": 813341042, "name": "Wakad - Nashik Phata BRTS Road | Wakad - Bhosari BRTS Road | Nashik Phata Road", "highway": "primary", "ref": "", "oneway": "yes", "length_km": 0.11}, "geometry": {"type": "LineString", "coordinates": [[73.8011525, 18.5978278], [73.8013003, 18.5978375], [73.8016661, 18.5977881], [73.8021218, 18.5977213], [73.8021947, 18.5977139]]}}, {"type": "Feature", "id": 813382484, "properties": {"id": 813382484, "name": "Unnamed Arterial", "highway": "primary_link", "ref": "", "oneway": "yes", "length_km": 0.045}, "geometry": {"type": "LineString", "coordinates": [[73.7625188, 18.5923805], [73.7626104, 18.5924438], [73.7626933, 18.5925154], [73.7627999, 18.592683]]}}, {"type": "Feature", "id": 813383807, "properties": {"id": 813383807, "name": "Unnamed Arterial", "highway": "primary", "ref": "", "oneway": "yes", "length_km": 0.223}, "geometry": {"type": "LineString", "coordinates": [[73.8171192, 18.6024671], [73.8153367, 18.6013771]]}}, {"type": "Feature", "id": 813383808, "properties": {"id": 813383808, "name": "Unnamed Arterial", "highway": "primary", "ref": "", "oneway": "yes", "length_km": 0.149}, "geometry": {"type": "LineString", "coordinates": [[73.817043, 18.6025873], [73.8180271, 18.6031855], [73.8181022, 18.6032312], [73.8182344, 18.6033115]]}}, {"type": "Feature", "id": 813385205, "properties": {"id": 813385205, "name": "Jagtap Dairy-Wakad Bypass Road", "highway": "primary", "ref": "", "oneway": "yes", "length_km": 0.185}, "geometry": {"type": "LineString", "coordinates": [[73.7866333, 18.59364], [73.78638, 18.5934033], [73.7858981, 18.5929491], [73.7856031, 18.5926988], [73.7853729, 18.5924807]]}}, {"type": "Feature", "id": 813965776, "properties": {"id": 813965776, "name": "Unnamed Arterial", "highway": "primary", "ref": "", "oneway": "yes", "length_km": 0.036}, "geometry": {"type": "LineString", "coordinates": [[73.7772787, 18.6036761], [73.7771793, 18.6035454], [73.7770967, 18.6034027]]}}, {"type": "Feature", "id": 813965794, "properties": {"id": 813965794, "name": "Hedgewar road", "highway": "primary", "ref": "", "oneway": "yes", "length_km": 1.612}, "geometry": {"type": "LineString", "coordinates": [[73.7771347, 18.6037979], [73.7775783, 18.6043135], [73.7783441, 18.6052037], [73.7786745, 18.6055878], [73.7789247, 18.6058787], [73.7794631, 18.6065252], [73.779695, 18.606774], [73.779943, 18.6070538], [73.779972, 18.607096], [73.7802144, 18.6073778], [73.7805202, 18.6077332], [73.7807845, 18.6080537], [73.7807996, 18.6080743], [73.7816964, 18.6091839], [73.782122, 18.6097194], [73.7822164, 18.6098382], [73.7831417, 18.6109688], [73.7834083, 18.6112945], [73.7835067, 18.6114264], [73.7836233, 18.6115708], [73.7836874, 18.6116336], [73.7841459, 18.6121994], [73.7841906, 18.6122535], [73.7842444, 18.6123166], [73.7843189, 18.6124087], [73.7845125, 18.6127938], [73.7845437, 18.6128674], [73.7846167, 18.6130397], [73.7848769, 18.6136623], [73.7849611, 18.6139261], [73.7850877, 18.614268], [73.7851919, 18.6145493], [73.7852689, 18.6147898], [73.7853228, 18.6149579], [73.7853762, 18.6151245], [73.7854988, 18.6155344], [73.7855242, 18.6156192], [73.7855904, 18.6157386]]}}, {"type": "Feature", "id": 814675912, "properties": {"id": 814675912, "name": "Unnamed Arterial", "highway": "primary", "ref": "", "oneway": "yes", "length_km": 0.019}, "geometry": {"type": "LineString", "coordinates": [[73.7853014, 18.5922852], [73.7852135, 18.5921393]]}}, {"type": "Feature", "id": 815215715, "properties": {"id": 815215715, "name": "Sant Dyaneshwar Marg", "highway": "primary", "ref": "", "oneway": "yes", "length_km": 0.383}, "geometry": {"type": "LineString", "coordinates": [[73.872961, 18.6128444], [73.8729079, 18.6129258], [73.8728937, 18.6129476], [73.8728763, 18.6130362], [73.8728533, 18.613267], [73.8728226, 18.6137771], [73.8728428, 18.6140689], [73.8729082, 18.6144914], [73.8729851, 18.614726], [73.8730435, 18.6148059], [73.8731487, 18.61495], [73.8735675, 18.6154579], [73.8736032, 18.6155013], [73.8736398, 18.6155951], [73.8737578, 18.6158976], [73.8737928, 18.6160353]]}}, {"type": "Feature", "id": 815215716, "properties": {"id": 815215716, "name": "Sant Dyaneshwar Marg", "highway": "primary", "ref": "", "oneway": "yes", "length_km": 0.099}, "geometry": {"type": "LineString", "coordinates": [[73.8742654, 18.6200019], [73.8742629, 18.6198933], [73.8742566, 18.6196422], [73.8742592, 18.6192238], [73.8742599, 18.6191099]]}}, {"type": "Feature", "id": 815215723, "properties": {"id": 815215723, "name": "Sant Dyaneshwar Marg", "highway": "primary", "ref": "", "oneway": "yes", "length_km": 0.061}, "geometry": {"type": "LineString", "coordinates": [[73.8742599, 18.6191099], [73.8742505, 18.6189508], [73.8742273, 18.6185575]]}}, {"type": "Feature", "id": 815215724, "properties": {"id": 815215724, "name": "Sant Dyaneshwar Marg", "highway": "primary", "ref": "", "oneway": "yes", "length_km": 0.099}, "geometry": {"type": "LineString", "coordinates": [[73.8741145, 18.6191172], [73.8741274, 18.6193875], [73.8741515, 18.6198938], [73.8741545, 18.6200059]]}}, {"type": "Feature", "id": 815215726, "properties": {"id": 815215726, "name": "Sant Dyaneshwar Marg", "highway": "primary", "ref": "", "oneway": "yes", "length_km": 0.092}, "geometry": {"type": "LineString", "coordinates": [[73.8740872, 18.6182916], [73.8740908, 18.6185902], [73.8740941, 18.618861], [73.8741145, 18.6191172]]}}, {"type": "Feature", "id": 815215728, "properties": {"id": 815215728, "name": "Sant Dyaneshwar Marg", "highway": "primary", "ref": "", "oneway": "yes", "length_km": 0.027}, "geometry": {"type": "LineString", "coordinates": [[73.8742091, 18.6182854], [73.8741758, 18.61804]]}}, {"type": "Feature", "id": 815215729, "properties": {"id": 815215729, "name": "Sant Dyaneshwar Marg", "highway": "primary", "ref": "", "oneway": "yes", "length_km": 0.231}, "geometry": {"type": "LineString", "coordinates": [[73.8741758, 18.61804], [73.8741378, 18.6176655], [73.8741036, 18.6173659], [73.8740248, 18.616645], [73.8740122, 18.6165938], [73.8738608, 18.6159802]]}}, {"type": "Feature", "id": 815215730, "properties": {"id": 815215730, "name": "Sant Dyaneshwar Marg", "highway": "primary", "ref": "", "oneway": "yes", "length_km": 0.03}, "geometry": {"type": "LineString", "coordinates": [[73.8742273, 18.6185575], [73.8742091, 18.6182854]]}}, {"type": "Feature", "id": 815215731, "properties": {"id": 815215731, "name": "Sant Dyaneshwar Marg", "highway": "primary", "ref": "", "oneway": "yes", "length_km": 0.374}, "geometry": {"type": "LineString", "coordinates": [[73.8738608, 18.6159802], [73.8738018, 18.6157301], [73.8736454, 18.6153867], [73.8734811, 18.6151994], [73.8733356, 18.6150323], [73.8731274, 18.6147606], [73.8730415, 18.6145547], [73.8729534, 18.6140431], [73.8729271, 18.6137341], [73.8729563, 18.6134338], [73.8729926, 18.6129608], [73.872961, 18.6128444]]}}, {"type": "Feature", "id": 815215732, "properties": {"id": 815215732, "name": "Sant Dyaneshwar Marg", "highway": "primary", "ref": "", "oneway": "yes", "length_km": 0.253}, "geometry": {"type": "LineString", "coordinates": [[73.8737928, 18.6160353], [73.8739577, 18.6166729], [73.8740032, 18.6172673], [73.874014, 18.6173784], [73.8740246, 18.6174884], [73.8740518, 18.617769], [73.8740795, 18.6180543], [73.874085, 18.6181115], [73.8740872, 18.6182916]]}}, {"type": "Feature", "id": 815215735, "properties": {"id": 815215735, "name": "Deccan College Road", "highway": "primary", "ref": "", "oneway": "yes", "length_km": 0.059}, "geometry": {"type": "LineString", "coordinates": [[73.8715512, 18.5483192], [73.8712553, 18.5484927], [73.8712233, 18.548512], [73.8710726, 18.5486026]]}}, {"type": "Feature", "id": 815215736, "properties": {"id": 815215736, "name": "Deccan College Road", "highway": "primary", "ref": "", "oneway": "yes", "length_km": 0.674}, "geometry": {"type": "LineString", "coordinates": [[73.8717321, 18.5483416], [73.8718795, 18.5482958], [73.8724445, 18.5479325], [73.8762029, 18.5455162], [73.8769543, 18.5450248], [73.8770571, 18.5449576]]}}, {"type": "Feature", "id": 815215737, "properties": {"id": 815215737, "name": "Deccan College Road", "highway": "primary", "ref": "", "oneway": "yes", "length_km": 0.056}, "geometry": {"type": "LineString", "coordinates": [[73.8712918, 18.5486245], [73.8717321, 18.5483416]]}}, {"type": "Feature", "id": 815335430, "properties": {"id": 815335430, "name": "Sangamwadi Road", "highway": "primary", "ref": "", "oneway": "no", "length_km": 0.045}, "geometry": {"type": "LineString", "coordinates": [[73.864107, 18.5379907], [73.8643168, 18.5381622], [73.8644177, 18.5382701]]}}, {"type": "Feature", "id": 815335431, "properties": {"id": 815335431, "name": "Sangamwadi Road", "highway": "primary", "ref": "", "oneway": "no", "length_km": 0.069}, "geometry": {"type": "LineString", "coordinates": [[73.8644177, 18.5382701], [73.8646647, 18.5385343], [73.8648552, 18.538738]]}}, {"type": "Feature", "id": 815335433, "properties": {"id": 815335433, "name": "Sangamwadi Road", "highway": "primary", "ref": "", "oneway": "yes", "length_km": 0.02}, "geometry": {"type": "LineString", "coordinates": [[73.8639134, 18.5378426], [73.8638238, 18.5376869]]}}, {"type": "Feature", "id": 815335434, "properties": {"id": 815335434, "name": "Sangamwadi Road", "highway": "primary", "ref": "", "oneway": "yes", "length_km": 0.338}, "geometry": {"type": "LineString", "coordinates": [[73.8612966, 18.534183], [73.8611904, 18.5339558], [73.8611207, 18.5338523], [73.8610327, 18.5337574], [73.8608191, 18.5335946], [73.860237, 18.5331523], [73.860029, 18.5329922], [73.8599268, 18.5329215], [73.8597659, 18.5328325], [73.8596362, 18.5327886], [73.8594843, 18.5327638], [73.8590551, 18.5327613], [73.8586825, 18.5327819]]}}, {"type": "Feature", "id": 815335436, "properties": {"id": 815335436, "name": "Old Pune\u2013Mumbai Highway", "highway": "primary", "ref": "", "oneway": "yes", "length_km": 0.006}, "geometry": {"type": "LineString", "coordinates": [[73.85354, 18.5318305], [73.8535762, 18.5318684]]}}, {"type": "Feature", "id": 815335437, "properties": {"id": 815335437, "name": "Old Pune\u2013Mumbai Highway", "highway": "trunk", "ref": "NH60;NH65", "oneway": "yes", "length_km": 0.071}, "geometry": {"type": "LineString", "coordinates": [[73.853953, 18.531439], [73.8538977, 18.5314847], [73.8535761, 18.5317956], [73.85354, 18.5318305], [73.8534757, 18.5318926]]}}, {"type": "Feature", "id": 815335438, "properties": {"id": 815335438, "name": "Unnamed Arterial", "highway": "trunk", "ref": "", "oneway": "yes", "length_km": 0.025}, "geometry": {"type": "LineString", "coordinates": [[73.8554353, 18.5302583], [73.8554187, 18.5302426], [73.8554098, 18.5302342], [73.8553521, 18.5302088], [73.855279, 18.5301992], [73.855216, 18.5301999]]}}, {"type": "Feature", "id": 815335443, "properties": {"id": 815335443, "name": "Sangamwadi Road", "highway": "primary", "ref": "", "oneway": "no", "length_km": 0.026}, "geometry": {"type": "LineString", "coordinates": [[73.8639134, 18.5378426], [73.864107, 18.5379907]]}}, {"type": "Feature", "id": 815335444, "properties": {"id": 815335444, "name": "Sangamwadi Road", "highway": "primary", "ref": "", "oneway": "yes", "length_km": 0.484}, "geometry": {"type": "LineString", "coordinates": [[73.8638238, 18.5376869], [73.8631555, 18.5372422], [73.862909, 18.5370843], [73.8627061, 18.5369], [73.8625551, 18.5367362], [73.8623064, 18.5363077], [73.8619819, 18.5357528], [73.8617181, 18.5352583], [73.8617055, 18.5352261], [73.8612966, 18.534183]]}}, {"type": "Feature", "id": 815880128, "properties": {"id": 815880128, "name": "Hinjawadi - Chinchwad Road", "highway": "primary", "ref": "", "oneway": "yes", "length_km": 0.091}, "geometry": {"type": "LineString", "coordinates": [[73.7630641, 18.6130658], [73.7625847, 18.6126291], [73.7624401, 18.6124958]]}}, {"type": "Feature", "id": 815880129, "properties": {"id": 815880129, "name": "Hinjawadi - Chinchwad Road", "highway": "primary", "ref": "", "oneway": "yes", "length_km": 0.238}, "geometry": {"type": "LineString", "coordinates": [[73.7607534, 18.6113346], [73.7618181, 18.6121439], [73.7619292, 18.6122368], [73.7621094, 18.6123876], [73.7624816, 18.6127198]]}}, {"type": "Feature", "id": 815880130, "properties": {"id": 815880130, "name": "Hinjawadi - Chinchwad Road", "highway": "primary", "ref": "", "oneway": "yes", "length_km": 0.07}, "geometry": {"type": "LineString", "coordinates": [[73.7624816, 18.6127198], [73.7629533, 18.6131662]]}}, {"type": "Feature", "id": 815880131, "properties": {"id": 815880131, "name": "Hinjawadi - Chinchwad Road", "highway": "primary", "ref": "", "oneway": "yes", "length_km": 0.203}, "geometry": {"type": "LineString", "coordinates": [[73.7624401, 18.6124958], [73.7620082, 18.6121423], [73.7619453, 18.6120908], [73.7611097, 18.6114366], [73.7609573, 18.6113214]]}}, {"type": "Feature", "id": 815880134, "properties": {"id": 815880134, "name": "Unnamed Arterial", "highway": "primary_link", "ref": "", "oneway": "yes", "length_km": 0.045}, "geometry": {"type": "LineString", "coordinates": [[73.7633555, 18.6133611], [73.7630641, 18.6130658]]}}, {"type": "Feature", "id": 815886317, "properties": {"id": 815886317, "name": "Unnamed Arterial", "highway": "trunk_link", "ref": "", "oneway": "yes", "length_km": 0.036}, "geometry": {"type": "LineString", "coordinates": [[73.8360993, 18.574393], [73.8361307, 18.5744005], [73.8362046, 18.5744163], [73.8364278, 18.574485]]}}, {"type": "Feature", "id": 815886318, "properties": {"id": 815886318, "name": "Unnamed Arterial", "highway": "trunk_link", "ref": "", "oneway": "yes", "length_km": 0.112}, "geometry": {"type": "LineString", "coordinates": [[73.8361198, 18.5743357], [73.8357769, 18.5742855], [73.8357552, 18.5742757], [73.8357496, 18.5742695], [73.8357475, 18.5742599], [73.8357496, 18.5742405], [73.8357559, 18.5742134], [73.8358162, 18.5740522], [73.8358746, 18.5739003], [73.8359011, 18.5738231], [73.8359247, 18.5737543], [73.8359356, 18.5736447]]}}, {"type": "Feature", "id": 815893756, "properties": {"id": 815893756, "name": "Unnamed Arterial", "highway": "trunk_link", "ref": "", "oneway": "yes", "length_km": 0.131}, "geometry": {"type": "LineString", "coordinates": [[73.83672, 18.573943], [73.8368407, 18.5738277], [73.8368974, 18.5738153], [73.8369498, 18.5738392], [73.8369889, 18.5739068], [73.8370005, 18.5739323], [73.8370134, 18.5739681], [73.8370215, 18.5740047], [73.8370243, 18.5740477], [73.8370233, 18.5740922], [73.8370176, 18.5741383], [73.8370051, 18.5742064], [73.8369942, 18.5742394], [73.8369823, 18.5742679], [73.8369661, 18.5742961], [73.8369388, 18.5743345], [73.8369034, 18.5743751], [73.836876, 18.5743986], [73.8368401, 18.5744212], [73.8367776, 18.5744542], [73.836753, 18.5744652], [73.8367207, 18.5744703], [73.836682, 18.5744734], [73.8366371, 18.5744709], [73.836588, 18.5744639]]}}, {"type": "Feature", "id": 815893757, "properties": {"id": 815893757, "name": "New Harris Bridge", "highway": "primary", "ref": "", "oneway": "yes", "length_km": 0.058}, "geometry": {"type": "LineString", "coordinates": [[73.83672, 18.573943], [73.8368809, 18.5734421]]}}, {"type": "Feature", "id": 815893759, "properties": {"id": 815893759, "name": "Old Pune\u2013Mumbai Highway", "highway": "trunk", "ref": "NH60;NH65", "oneway": "yes", "length_km": 0.196}, "geometry": {"type": "LineString", "coordinates": [[73.8366491, 18.5738666], [73.836704, 18.5737153], [73.8367865, 18.5734814], [73.8368482, 18.5732907], [73.8371285, 18.572422], [73.8372012, 18.572178]]}}, {"type": "Feature", "id": 815893760, "properties": {"id": 815893760, "name": "Unnamed Arterial", "highway": "primary", "ref": "", "oneway": "yes", "length_km": 0.04}, "geometry": {"type": "LineString", "coordinates": [[73.8366011, 18.5742831], [73.83672, 18.573943]]}}, {"type": "Feature", "id": 815893762, "properties": {"id": 815893762, "name": "New Harris Bridge", "highway": "primary", "ref": "", "oneway": "yes", "length_km": 0.06}, "geometry": {"type": "LineString", "coordinates": [[73.8353824, 18.5766112], [73.8353454, 18.5767332], [73.8353252, 18.5767997], [73.8353074, 18.5768714], [73.8352583, 18.5771421]]}}, {"type": "Feature", "id": 815893763, "properties": {"id": 815893763, "name": "Old Pune\u2013Mumbai Highway", "highway": "trunk", "ref": "NH60;NH65", "oneway": "yes", "length_km": 0.074}, "geometry": {"type": "LineString", "coordinates": [[73.835432, 18.5766678], [73.8352984, 18.5773221]]}}, {"type": "Feature", "id": 815893765, "properties": {"id": 815893765, "name": "Old Pune\u2013Mumbai Highway", "highway": "trunk", "ref": "NH60;NH65", "oneway": "yes", "length_km": 0.418}, "geometry": {"type": "LineString", "coordinates": [[73.8345675, 18.580833], [73.8354758, 18.5771622]]}}, {"type": "Feature", "id": 815893766, "properties": {"id": 815893766, "name": "Unnamed Arterial", "highway": "trunk_link", "ref": "", "oneway": "yes", "length_km": 0.055}, "geometry": {"type": "LineString", "coordinates": [[73.8355666, 18.5773423], [73.8355729, 18.5768468]]}}, {"type": "Feature", "id": 815893768, "properties": {"id": 815893768, "name": "Old Mumbai-Pune Highway New Service Lane", "highway": "primary", "ref": "", "oneway": "yes", "length_km": 0.064}, "geometry": {"type": "LineString", "coordinates": [[73.8330397, 18.5872757], [73.8330942, 18.5870958], [73.8331996, 18.5867147]]}}, {"type": "Feature", "id": 815893769, "properties": {"id": 815893769, "name": "Old Mumbai-Pune Highway New Service Lane", "highway": "primary", "ref": "", "oneway": "yes", "length_km": 1.12}, "geometry": {"type": "LineString", "coordinates": [[73.8331996, 18.5867147], [73.8332333, 18.5865942], [73.8333774, 18.5861323], [73.8334587, 18.5858036], [73.833595, 18.5853033], [73.8336159, 18.585223], [73.8337632, 18.584706], [73.8338216, 18.5844883], [73.833914, 18.5841238], [73.834173, 18.5831025], [73.8343205, 18.5825209], [73.834457, 18.5817981], [73.8346806, 18.5808633], [73.8348555, 18.5801451], [73.8350447, 18.5793011], [73.8350647, 18.5792163], [73.8352239, 18.5785763], [73.8353278, 18.5781391], [73.8353959, 18.5779012], [73.8355666, 18.5773423], [73.8355942, 18.5771696], [73.8356533, 18.5769001]]}}, {"type": "Feature", "id": 815893770, "properties": {"id": 815893770, "name": "Old Pune\u2013Mumbai Highway", "highway": "trunk", "ref": "NH60;NH65", "oneway": "yes", "length_km": 0.668}, "geometry": {"type": "LineString", "coordinates": [[73.8330754, 18.5866833], [73.833466, 18.585293], [73.8334896, 18.5852139], [73.83416, 18.582503], [73.8345675, 18.580833]]}}, {"type": "Feature", "id": 815893771, "properties": {"id": 815893771, "name": "Old Pune\u2013Mumbai Highway", "highway": "trunk", "ref": "NH60;NH65", "oneway": "yes", "length_km": 0.397}, "geometry": {"type": "LineString", "coordinates": [[73.8352984, 18.5773221], [73.8351881, 18.577786], [73.8345802, 18.5801972], [73.8344385, 18.5808027]]}}, {"type": "Feature", "id": 815893778, "properties": {"id": 815893778, "name": "Old Pune\u2013Mumbai Highway", "highway": "primary", "ref": "", "oneway": "yes", "length_km": 0.049}, "geometry": {"type": "LineString", "coordinates": [[73.8344828, 18.5801756], [73.8343725, 18.580605]]}}, {"type": "Feature", "id": 815893779, "properties": {"id": 815893779, "name": "Old Pune\u2013Mumbai Highway", "highway": "trunk", "ref": "NH60;NH65", "oneway": "yes", "length_km": 0.655}, "geometry": {"type": "LineString", "coordinates": [[73.8344385, 18.5808027], [73.8343223, 18.5812615], [73.8333426, 18.5852038], [73.8333203, 18.5852836], [73.8329526, 18.5865327]]}}, {"type": "Feature", "id": 815893780, "properties": {"id": 815893780, "name": "Old Pune\u2013Mumbai Highway", "highway": "primary", "ref": "", "oneway": "yes", "length_km": 0.716}, "geometry": {"type": "LineString", "coordinates": [[73.8343075, 18.5808419], [73.8342769, 18.5809607], [73.8342483, 18.5810729], [73.834177, 18.5813683], [73.8341266, 18.5815946], [73.8340208, 18.5820767], [73.8339576, 18.582345], [73.8339303, 18.582451], [73.8337188, 18.5832728], [73.8336394, 18.5836366], [73.8335443, 18.5840257], [73.8334526, 18.5844009], [73.8332577, 18.5851978], [73.8332383, 18.5852776], [73.8331301, 18.5856406], [73.8330622, 18.5858686], [73.8329061, 18.5863925], [73.8327153, 18.5871149]]}}, {"type": "Feature", "id": 815893781, "properties": {"id": 815893781, "name": "Old Pune\u2013Mumbai Highway", "highway": "primary", "ref": "", "oneway": "yes", "length_km": 0.027}, "geometry": {"type": "LineString", "coordinates": [[73.8343725, 18.580605], [73.8343443, 18.5807105], [73.8343075, 18.5808419]]}}, {"type": "Feature", "id": 815893782, "properties": {"id": 815893782, "name": "Old Pune\u2013Mumbai Highway", "highway": "trunk", "ref": "NH60;NH65", "oneway": "yes", "length_km": 0.103}, "geometry": {"type": "LineString", "coordinates": [[73.8329526, 18.5865327], [73.8326944, 18.5874253]]}}, {"type": "Feature", "id": 815894884, "properties": {"id": 815894884, "name": "Harris Bridge", "highway": "trunk", "ref": "NH60;NH65", "oneway": "yes", "length_km": 0.205}, "geometry": {"type": "LineString", "coordinates": [[73.8358169, 18.5760826], [73.8364629, 18.5743426]]}}, {"type": "Feature", "id": 816102109, "properties": {"id": 816102109, "name": "NH60;NH65", "highway": "trunk", "ref": "NH60;NH65", "oneway": "yes", "length_km": 0.036}, "geometry": {"type": "LineString", "coordinates": [[73.8354758, 18.5771622], [73.8355729, 18.5768468]]}}, {"type": "Feature", "id": 816287510, "properties": {"id": 816287510, "name": "Unnamed Arterial", "highway": "primary_link", "ref": "", "oneway": "yes", "length_km": 0.066}, "geometry": {"type": "LineString", "coordinates": [[73.7628761, 18.5926654], [73.7629013, 18.5925242], [73.7629685, 18.5924069], [73.763047, 18.5923473], [73.763114, 18.5923091], [73.7632592, 18.5922549]]}}, {"type": "Feature", "id": 816748107, "properties": {"id": 816748107, "name": "Jagtap Dairy Flyover", "highway": "primary", "ref": "", "oneway": "yes", "length_km": 0.056}, "geometry": {"type": "LineString", "coordinates": [[73.7876235, 18.5894148], [73.7872945, 18.5898137]]}}, {"type": "Feature", "id": 816877897, "properties": {"id": 816877897, "name": "Unnamed Arterial", "highway": "primary", "ref": "", "oneway": "no", "length_km": 0.039}, "geometry": {"type": "LineString", "coordinates": [[73.8375019, 18.5717812], [73.8375827, 18.5717402], [73.8375998, 18.5717305], [73.8377618, 18.5716387], [73.8378289, 18.5716059]]}}, {"type": "Feature", "id": 816877899, "properties": {"id": 816877899, "name": "Old Pune\u2013Mumbai Highway", "highway": "trunk", "ref": "NH60;NH65", "oneway": "yes", "length_km": 0.376}, "geometry": {"type": "LineString", "coordinates": [[73.8415044, 18.5629281], [73.8408361, 18.5638869], [73.8399377, 18.565128], [73.8396731, 18.5655058], [73.8395204, 18.5657523]]}}, {"type": "Feature", "id": 816877900, "properties": {"id": 816877900, "name": "Old Pune\u2013Mumbai Highway", "highway": "trunk", "ref": "NH60;NH65", "oneway": "yes", "length_km": 0.362}, "geometry": {"type": "LineString", "coordinates": [[73.8395204, 18.5657523], [73.839452, 18.5659033], [73.8391938, 18.5665873], [73.8391382, 18.5667309], [73.8390943, 18.5668528], [73.8390718, 18.5669151], [73.8387162, 18.567828], [73.8383533, 18.5688204]]}}, {"type": "Feature", "id": 816877901, "properties": {"id": 816877901, "name": "Old Pune-Mumbai Highway", "highway": "trunk", "ref": "NH60;NH65", "oneway": "yes", "length_km": 0.318}, "geometry": {"type": "LineString", "coordinates": [[73.837469, 18.5714225], [73.837512, 18.5713046], [73.8377626, 18.5706984], [73.8378031, 18.5706128], [73.8378954, 18.5703796], [73.8381054, 18.5698495], [73.8381758, 18.5696641], [73.8382324, 18.5695017], [73.8382863, 18.5693551], [73.8384651, 18.5688493], [73.8384794, 18.5688108], [73.8385072, 18.5687361]]}}, {"type": "Feature", "id": 816877902, "properties": {"id": 816877902, "name": "Old Pune\u2013Mumbai Highway", "highway": "trunk", "ref": "NH60;NH65", "oneway": "yes", "length_km": 0.218}, "geometry": {"type": "LineString", "coordinates": [[73.8385072, 18.5687361], [73.8386237, 18.5684101], [73.8388493, 18.5678237], [73.8392299, 18.5668967]]}}, {"type": "Feature", "id": 816877905, "properties": {"id": 816877905, "name": "New Harris Bridge", "highway": "primary", "ref": "", "oneway": "yes", "length_km": 0.1}, "geometry": {"type": "LineString", "coordinates": [[73.8368809, 18.5734421], [73.8369697, 18.5731227], [73.8371623, 18.5725796]]}}, {"type": "Feature", "id": 817474243, "properties": {"id": 817474243, "name": "Swargate PMPML Bus Stop Road", "highway": "trunk_link", "ref": "", "oneway": "yes", "length_km": 0.151}, "geometry": {"type": "LineString", "coordinates": [[73.8581094, 18.4987356], [73.8581105, 18.4989243], [73.8581105, 18.4990815], [73.8581253, 18.4993312], [73.8581505, 18.4994601], [73.85822, 18.4998167], [73.8583428, 18.5000596]]}}, {"type": "Feature", "id": 817474244, "properties": {"id": 817474244, "name": "Balaji Vishwanath Path", "highway": "trunk", "ref": "NH60;65", "oneway": "yes", "length_km": 0.254}, "geometry": {"type": "LineString", "coordinates": [[73.8582142, 18.5006618], [73.8581218, 18.5006743], [73.8580233, 18.5006877], [73.8574402, 18.5007934], [73.8570518, 18.5008682], [73.8569252, 18.5008926], [73.8561474, 18.5010541], [73.8560304, 18.5010571], [73.8558377, 18.501062]]}}, {"type": "Feature", "id": 817474245, "properties": {"id": 817474245, "name": "Jagannath Shankarsheth Marg", "highway": "trunk", "ref": "NH65", "oneway": "yes", "length_km": 0.013}, "geometry": {"type": "LineString", "coordinates": [[73.8585493, 18.5004551], [73.8584273, 18.5004653]]}}, {"type": "Feature", "id": 817474246, "properties": {"id": 817474246, "name": "Satara Road", "highway": "trunk", "ref": "NH60", "oneway": "yes", "length_km": 0.112}, "geometry": {"type": "LineString", "coordinates": [[73.8584433, 18.4996717], [73.8584541, 18.4995801], [73.8585029, 18.4993801], [73.8584488, 18.4989486], [73.8584065, 18.4986752]]}}, {"type": "Feature", "id": 817794783, "properties": {"id": 817794783, "name": "Shivaji Road", "highway": "trunk", "ref": "NH60;NH65", "oneway": "no", "length_km": 0.038}, "geometry": {"type": "LineString", "coordinates": [[73.8562866, 18.5156694], [73.8563217, 18.5153319]]}}, {"type": "Feature", "id": 817794784, "properties": {"id": 817794784, "name": "Shivaji Road", "highway": "trunk", "ref": "NH60;NH65", "oneway": "yes", "length_km": 0.87}, "geometry": {"type": "LineString", "coordinates": [[73.8580056, 18.5086881], [73.8580097, 18.5086311], [73.8580364, 18.5076154], [73.8580363, 18.5075075], [73.8580596, 18.5067246], [73.8580613, 18.5066677], [73.858078, 18.5066095], [73.8581, 18.5065333], [73.8581856, 18.5063781], [73.8583094, 18.5061957], [73.8583887, 18.506098], [73.8585368, 18.5059154], [73.8586647, 18.5056843], [73.858739, 18.5053834], [73.8587447, 18.5053601], [73.8589495, 18.5046131], [73.8590363, 18.5043937], [73.85904, 18.5043192], [73.8590465, 18.5041868], [73.8590336, 18.5039114], [73.8589873, 18.5036586], [73.8587663, 18.5024765], [73.8587518, 18.5023845], [73.858739, 18.5023035], [73.8586765, 18.5019624], [73.8586251, 18.5016817], [73.8585846, 18.5014698], [73.8585224, 18.5012985], [73.8584992, 18.501231], [73.8584601, 18.5011158]]}}, {"type": "Feature", "id": 817845819, "properties": {"id": 817845819, "name": "Bund Garden Road", "highway": "trunk", "ref": "NH753F", "oneway": "yes", "length_km": 0.013}, "geometry": {"type": "LineString", "coordinates": [[73.8788855, 18.5336216], [73.878795, 18.533545]]}}, {"type": "Feature", "id": 817845821, "properties": {"id": 817845821, "name": "Bund Garden Road", "highway": "trunk", "ref": "NH753F", "oneway": "yes", "length_km": 0.28}, "geometry": {"type": "LineString", "coordinates": [[73.878795, 18.533545], [73.8786251, 18.5334041], [73.8785503, 18.5333384], [73.8784378, 18.5332396], [73.8768355, 18.5318328]]}}, {"type": "Feature", "id": 817900776, "properties": {"id": 817900776, "name": "Shivaji Road", "highway": "trunk", "ref": "NH60;NH65", "oneway": "yes", "length_km": 0.031}, "geometry": {"type": "LineString", "coordinates": [[73.8537138, 18.5247342], [73.8536806, 18.524765], [73.853668, 18.5247767], [73.8536403, 18.5248221], [73.8536256, 18.5248474], [73.8535859, 18.5249215], [73.8535755, 18.5249427], [73.8535624, 18.5249693]]}}, {"type": "Feature", "id": 817900781, "properties": {"id": 817900781, "name": "Shivaji Road", "highway": "trunk", "ref": "NH60;65", "oneway": "yes", "length_km": 0.004}, "geometry": {"type": "LineString", "coordinates": [[73.8536863, 18.5248748], [73.8536952, 18.5248407]]}}, {"type": "Feature", "id": 817900782, "properties": {"id": 817900782, "name": "Shivaji Road", "highway": "trunk", "ref": "NH60;NH65", "oneway": "yes", "length_km": 0.012}, "geometry": {"type": "LineString", "coordinates": [[73.8536952, 18.5248407], [73.8537137, 18.5247879], [73.8537137, 18.524779], [73.8537138, 18.5247342]]}}, {"type": "Feature", "id": 817900789, "properties": {"id": 817900789, "name": "Shivaji Road", "highway": "trunk", "ref": "NH60;NH65", "oneway": "yes", "length_km": 0.199}, "geometry": {"type": "LineString", "coordinates": [[73.8535624, 18.5249693], [73.853545, 18.5250045], [73.8535267, 18.5250464], [73.8532642, 18.5256061], [73.8532481, 18.5256431], [73.8532282, 18.5256872], [73.8531741, 18.525804], [73.85308, 18.5259019], [73.8529666, 18.52602], [73.852555, 18.5264612]]}}, {"type": "Feature", "id": 822060869, "properties": {"id": 822060869, "name": "Unnamed Arterial", "highway": "primary_link", "ref": "", "oneway": "no", "length_km": 0.009}, "geometry": {"type": "LineString", "coordinates": [[73.7837904, 18.5945278], [73.7838456, 18.5945844]]}}, {"type": "Feature", "id": 822994671, "properties": {"id": 822994671, "name": "Solapur Road", "highway": "trunk", "ref": "NH65", "oneway": "yes", "length_km": 0.014}, "geometry": {"type": "LineString", "coordinates": [[73.8845411, 18.5065464], [73.8844913, 18.5065295], [73.8844098, 18.5065342]]}}, {"type": "Feature", "id": 823044830, "properties": {"id": 823044830, "name": "Unnamed Arterial", "highway": "primary_link", "ref": "", "oneway": "yes", "length_km": 0.046}, "geometry": {"type": "LineString", "coordinates": [[73.8678197, 18.5256662], [73.8678004, 18.5254892], [73.8679606, 18.5253135]]}}, {"type": "Feature", "id": 823071264, "properties": {"id": 823071264, "name": "Karve Road", "highway": "primary", "ref": "SH60", "oneway": "yes", "length_km": 0.023}, "geometry": {"type": "LineString", "coordinates": [[73.8423542, 18.5144652], [73.8422491, 18.5143797], [73.8421877, 18.5143298]]}}, {"type": "Feature", "id": 823071265, "properties": {"id": 823071265, "name": "Gopal Krushna Gokhale Path", "highway": "primary", "ref": "SH60", "oneway": "yes", "length_km": 0.105}, "geometry": {"type": "LineString", "coordinates": [[73.8423273, 18.5145486], [73.842319, 18.5145989], [73.8423069, 18.5146806], [73.8423015, 18.5147012], [73.8422946, 18.5147275], [73.8421124, 18.5154062], [73.8420954, 18.5154719]]}}, {"type": "Feature", "id": 823071266, "properties": {"id": 823071266, "name": "Jangli Maharaj Path", "highway": "primary", "ref": "SH60", "oneway": "yes", "length_km": 0.012}, "geometry": {"type": "LineString", "coordinates": [[73.8423955, 18.5147031], [73.8424112, 18.5146195], [73.842416, 18.5145937]]}}, {"type": "Feature", "id": 823071267, "properties": {"id": 823071267, "name": "Karve Road", "highway": "primary", "ref": "SH60", "oneway": "yes", "length_km": 0.011}, "geometry": {"type": "LineString", "coordinates": [[73.8423273, 18.5145486], [73.842416, 18.5145937]]}}, {"type": "Feature", "id": 823071268, "properties": {"id": 823071268, "name": "Karve Road", "highway": "primary", "ref": "SH60", "oneway": "yes", "length_km": 0.011}, "geometry": {"type": "LineString", "coordinates": [[73.842441, 18.5145156], [73.8423542, 18.5144652]]}}, {"type": "Feature", "id": 823071269, "properties": {"id": 823071269, "name": "Unnamed Arterial", "highway": "primary", "ref": "", "oneway": "yes", "length_km": 0.013}, "geometry": {"type": "LineString", "coordinates": [[73.842441, 18.5145156], [73.8424547, 18.514486], [73.8424888, 18.5144063]]}}, {"type": "Feature", "id": 823468920, "properties": {"id": 823468920, "name": "Unnamed Arterial", "highway": "trunk_link", "ref": "", "oneway": "yes", "length_km": 0.026}, "geometry": {"type": "LineString", "coordinates": [[73.8302082, 18.6192595], [73.8302676, 18.619173], [73.8302916, 18.61914], [73.8303495, 18.6190702]]}}, {"type": "Feature", "id": 823468921, "properties": {"id": 823468921, "name": "Unnamed Arterial", "highway": "trunk_link", "ref": "", "oneway": "yes", "length_km": 0.028}, "geometry": {"type": "LineString", "coordinates": [[73.8299221, 18.6190862], [73.8300136, 18.6191582], [73.8301159, 18.6192575]]}}, {"type": "Feature", "id": 823696187, "properties": {"id": 823696187, "name": "Karve Road", "highway": "primary", "ref": "SH60", "oneway": "yes", "length_km": 0.26}, "geometry": {"type": "LineString", "coordinates": [[73.8254443, 18.5059744], [73.8255005, 18.5059803], [73.8257268, 18.5060416], [73.8257774, 18.5060579], [73.8260277, 18.5061572], [73.8264208, 18.5063162], [73.8272615, 18.5067156], [73.8274333, 18.5067939], [73.8275184, 18.5068327], [73.8277097, 18.5069112]]}}, {"type": "Feature", "id": 823696189, "properties": {"id": 823696189, "name": "Paud Road", "highway": "primary", "ref": "SH60", "oneway": "yes", "length_km": 0.031}, "geometry": {"type": "LineString", "coordinates": [[73.8277499, 18.5068374], [73.8275672, 18.5067886], [73.8274723, 18.506745]]}}, {"type": "Feature", "id": 823696191, "properties": {"id": 823696191, "name": "Vishwanath Dinkar Narawane Path", "highway": "primary", "ref": "", "oneway": "yes", "length_km": 0.5}, "geometry": {"type": "LineString", "coordinates": [[73.8277097, 18.5069112], [73.8277872, 18.5070014], [73.8278755, 18.5071287], [73.8279475, 18.5072246], [73.8281292, 18.5074324], [73.8283839, 18.5077125], [73.8284887, 18.507859], [73.8285282, 18.5079307], [73.8285677, 18.5081769], [73.8285839, 18.5082778], [73.8286025, 18.5084438], [73.8286175, 18.508652], [73.8285946, 18.5090306], [73.8285839, 18.5093155], [73.8285839, 18.5096614], [73.8286136, 18.509807], [73.8286605, 18.5098911], [73.8287177, 18.509969], [73.8287958, 18.5100214], [73.8288911, 18.5100803], [73.8289801, 18.510126], [73.8290474, 18.510181], [73.8291212, 18.5102899], [73.8291604, 18.5103951], [73.8291833, 18.5104733], [73.8292208, 18.510529], [73.8294982, 18.5106913], [73.8295683, 18.5107026]]}}, {"type": "Feature", "id": 823850173, "properties": {"id": 823850173, "name": "Wakad Exit", "highway": "primary_link", "ref": "", "oneway": "yes", "length_km": 0.362}, "geometry": {"type": "LineString", "coordinates": [[73.7573571, 18.5921385], [73.7574305, 18.5921432], [73.7582825, 18.5922045], [73.7586585, 18.592257], [73.7592409, 18.5923528], [73.7594078, 18.5923767], [73.7601765, 18.5924647], [73.7602651, 18.5924748], [73.7606681, 18.5925219], [73.7607678, 18.5924792]]}}, {"type": "Feature", "id": 824673636, "properties": {"id": 824673636, "name": "Unnamed Arterial", "highway": "primary_link", "ref": "", "oneway": "no", "length_km": 0.012}, "geometry": {"type": "LineString", "coordinates": [[73.8819619, 18.5731408], [73.8819863, 18.5730306]]}}, {"type": "Feature", "id": 824673638, "properties": {"id": 824673638, "name": "Vishrantwadi - Airport Road", "highway": "primary", "ref": "", "oneway": "yes", "length_km": 0.324}, "geometry": {"type": "LineString", "coordinates": [[73.8787163, 18.5727917], [73.8789425, 18.5727878], [73.8793408, 18.5727849], [73.879677, 18.5728562], [73.8799482, 18.5728977], [73.8801112, 18.5729227], [73.8805033, 18.5729868], [73.8806082, 18.5730012], [73.880821, 18.5730303], [73.8812929, 18.5730733], [73.8814185, 18.5730844], [73.8817026, 18.5731129], [73.8817714, 18.5731198]]}}, {"type": "Feature", "id": 824673640, "properties": {"id": 824673640, "name": "Vishrantwadi - Airport Road", "highway": "primary", "ref": "", "oneway": "no", "length_km": 0.002}, "geometry": {"type": "LineString", "coordinates": [[73.8785472, 18.5727016], [73.8785296, 18.572695]]}}, {"type": "Feature", "id": 824673643, "properties": {"id": 824673643, "name": "Vishrantwadi - Airport Road", "highway": "primary", "ref": "", "oneway": "yes", "length_km": 0.021}, "geometry": {"type": "LineString", "coordinates": [[73.8785472, 18.5727016], [73.8785729, 18.5727091], [73.8786475, 18.5727433], [73.8787163, 18.5727917]]}}, {"type": "Feature", "id": 824673644, "properties": {"id": 824673644, "name": "Service Road", "highway": "primary", "ref": "", "oneway": "yes", "length_km": 0.041}, "geometry": {"type": "LineString", "coordinates": [[73.8781238, 18.5727861], [73.8782481, 18.5727583], [73.8782868, 18.5727507], [73.8784209, 18.5727155], [73.8785032, 18.572685]]}}, {"type": "Feature", "id": 824674070, "properties": {"id": 824674070, "name": "Unnamed Arterial", "highway": "primary", "ref": "", "oneway": "yes", "length_km": 0.022}, "geometry": {"type": "LineString", "coordinates": [[73.8887667, 18.5457097], [73.8887178, 18.5459019]]}}, {"type": "Feature", "id": 824674071, "properties": {"id": 824674071, "name": "Nagar Road", "highway": "trunk", "ref": "NH753F", "oneway": "yes", "length_km": 0.013}, "geometry": {"type": "LineString", "coordinates": [[73.8887178, 18.5459019], [73.8888395, 18.5459282]]}}, {"type": "Feature", "id": 824674072, "properties": {"id": 824674072, "name": "Unnamed Arterial", "highway": "primary", "ref": "", "oneway": "yes", "length_km": 0.024}, "geometry": {"type": "LineString", "coordinates": [[73.8887221, 18.5460199], [73.8887299, 18.5462372]]}}, {"type": "Feature", "id": 824685348, "properties": {"id": 824685348, "name": "East Avenue", "highway": "trunk_link", "ref": "", "oneway": "yes", "length_km": 0.167}, "geometry": {"type": "LineString", "coordinates": [[73.9067393, 18.5553856], [73.9066607, 18.5553195], [73.9065001, 18.5551879], [73.9064194, 18.5551201], [73.9063389, 18.5550594], [73.9062993, 18.5550143], [73.9062741, 18.5549573], [73.9062378, 18.5548059], [73.9062194, 18.5547197], [73.9062104, 18.5546695], [73.9062058, 18.5546101], [73.9062017, 18.5543627], [73.9061965, 18.5542619], [73.9061835, 18.5541825], [73.9061381, 18.5540921]]}}, {"type": "Feature", "id": 824685350, "properties": {"id": 824685350, "name": "East Avenue", "highway": "trunk_link", "ref": "", "oneway": "yes", "length_km": 0.114}, "geometry": {"type": "LineString", "coordinates": [[73.9060632, 18.5541281], [73.9060359, 18.5542439], [73.9060493, 18.5544355], [73.906046, 18.5544867], [73.9060422, 18.5545458], [73.9060265, 18.554595], [73.9059526, 18.5546792], [73.9058481, 18.5547501], [73.9057381, 18.5548134], [73.9056423, 18.5548358], [73.905535, 18.55487]]}}, {"type": "Feature", "id": 824685351, "properties": {"id": 824685351, "name": "Airport New Road", "highway": "trunk_link", "ref": "", "oneway": "yes", "length_km": 0.113}, "geometry": {"type": "LineString", "coordinates": [[73.9059814, 18.555254], [73.9061925, 18.5554053], [73.9062277, 18.5554457], [73.9062502, 18.5554883], [73.9062693, 18.5555435], [73.9062838, 18.5555937], [73.9062985, 18.5556428], [73.9063151, 18.5557376], [73.9063246, 18.5558154], [73.9063383, 18.555909], [73.9063534, 18.5559959], [73.9063656, 18.5560707], [73.906388, 18.5561456]]}}, {"type": "Feature", "id": 824685352, "properties": {"id": 824685352, "name": "Airport New Road", "highway": "trunk_link", "ref": "", "oneway": "yes", "length_km": 0.099}, "geometry": {"type": "LineString", "coordinates": [[73.9064607, 18.556094], [73.9065051, 18.556044], [73.9065307, 18.5560202], [73.9066276, 18.5559558], [73.9066785, 18.5559479], [73.9067849, 18.5559653], [73.9068417, 18.5559911], [73.9069718, 18.5560842], [73.9071053, 18.556184], [73.9071704, 18.5562188], [73.9072588, 18.5562444]]}}, {"type": "Feature", "id": 824844016, "properties": {"id": 824844016, "name": "Bharatratna J.R.D Tata Flyover", "highway": "primary", "ref": "", "oneway": "yes", "length_km": 0.121}, "geometry": {"type": "LineString", "coordinates": [[73.8221761, 18.6070424], [73.8223211, 18.6073842], [73.8224751, 18.6078073], [73.8225643, 18.6080712]]}}, {"type": "Feature", "id": 824844017, "properties": {"id": 824844017, "name": "Bharatratna J.R.D Tata Flyover", "highway": "primary", "ref": "", "oneway": "yes", "length_km": 0.037}, "geometry": {"type": "LineString", "coordinates": [[73.8220291, 18.6067417], [73.8221761, 18.6070424]]}}, {"type": "Feature", "id": 824844018, "properties": {"id": 824844018, "name": "Bharatratna J.R.D Tata Flyover Ramp", "highway": "primary_link", "ref": "", "oneway": "yes", "length_km": 0.294}, "geometry": {"type": "LineString", "coordinates": [[73.8220291, 18.6067417], [73.8220138, 18.6068127], [73.8219814, 18.6069398], [73.8219597, 18.6069909], [73.821931, 18.6070354], [73.8218064, 18.6071785], [73.8215061, 18.6075263], [73.8210545, 18.6080384], [73.8204334, 18.6087182], [73.8203447, 18.608823]]}}, {"type": "Feature", "id": 824844019, "properties": {"id": 824844019, "name": "Bharatratna J.R.D Tata Flyover Ramp", "highway": "primary_link", "ref": "", "oneway": "yes", "length_km": 0.051}, "geometry": {"type": "LineString", "coordinates": [[73.8203447, 18.608823], [73.820241, 18.6089676], [73.8201595, 18.6090929], [73.8201187, 18.6092248]]}}, {"type": "Feature", "id": 824884748, "properties": {"id": 824884748, "name": "Solapur Road", "highway": "trunk", "ref": "NH65", "oneway": "yes", "length_km": 0.061}, "geometry": {"type": "LineString", "coordinates": [[73.9219605, 18.5039654], [73.9220388, 18.5039442], [73.9225192, 18.5038134]]}}, {"type": "Feature", "id": 824884749, "properties": {"id": 824884749, "name": "Solapur Road", "highway": "trunk", "ref": "NH65", "oneway": "yes", "length_km": 0.031}, "geometry": {"type": "LineString", "coordinates": [[73.9216724, 18.5040386], [73.9219605, 18.5039654]]}}, {"type": "Feature", "id": 825174997, "properties": {"id": 825174997, "name": "Wakad - Nashik Phata BRTS Road | Wakad - Bhosari BRTS Road | Nashik Phata Road", "highway": "primary", "ref": "", "oneway": "yes", "length_km": 0.818}, "geometry": {"type": "LineString", "coordinates": [[73.7977083, 18.5980585], [73.7976229, 18.5980322], [73.7974759, 18.5979922], [73.7973962, 18.5979611], [73.7972511, 18.5979046], [73.7970401, 18.5978068], [73.7968344, 18.5976939], [73.7966098, 18.5975392], [73.7962894, 18.5972887], [73.7961074, 18.5971635], [73.7960597, 18.5971307], [73.7957866, 18.596998], [73.7955188, 18.5969001], [73.795251, 18.5968266], [73.7949887, 18.5967692], [73.7946795, 18.596723], [73.7943067, 18.5966929], [73.7929088, 18.5966401], [73.7927048, 18.5966269], [73.7924397, 18.5966259], [73.791949, 18.5966481], [73.7915587, 18.5967024], [73.7911535, 18.5967944], [73.7910241, 18.5968313], [73.7908245, 18.5968883], [73.7907168, 18.5969291], [73.790595, 18.5969753], [73.7905016, 18.5970577], [73.790407, 18.5971454]]}}, {"type": "Feature", "id": 825175014, "properties": {"id": 825175014, "name": "Wakad - Nashik Phata BRTS Road | Wakad - Bhosari BRTS Road | Nashik Phata Road", "highway": "primary", "ref": "", "oneway": "yes", "length_km": 0.264}, "geometry": {"type": "LineString", "coordinates": [[73.7978137, 18.598225], [73.7979114, 18.598248], [73.7980412, 18.5982396], [73.7981158, 18.5982347], [73.798337, 18.5982373], [73.7984477, 18.5982386], [73.7988396, 18.5982292], [73.799416, 18.5981818], [73.799614, 18.5981528], [73.7997844, 18.5981278], [73.8003021, 18.5980163]]}}, {"type": "Feature", "id": 825175015, "properties": {"id": 825175015, "name": "Wakad - Nashik Phata BRTS Road | Wakad - Bhosari BRTS Road | Nashik Phata Road", "highway": "primary", "ref": "", "oneway": "yes", "length_km": 0.006}, "geometry": {"type": "LineString", "coordinates": [[73.7977567, 18.5982159], [73.7978137, 18.598225]]}}, {"type": "Feature", "id": 827014029, "properties": {"id": 827014029, "name": "Pimple Saudagar - Kalewadi Road", "highway": "primary", "ref": "", "oneway": "no", "length_km": 0.519}, "geometry": {"type": "LineString", "coordinates": [[73.8033094, 18.6005592], [73.8034561, 18.6005248], [73.8037365, 18.600459], [73.8037991, 18.6004469], [73.8039969, 18.6004088], [73.8041822, 18.6003872], [73.8043429, 18.6003642], [73.8044838, 18.600346], [73.8047292, 18.6003144], [73.8048024, 18.6003002], [73.8048559, 18.6002898], [73.804993, 18.6002641], [73.8051258, 18.6002392], [73.8051834, 18.6002228], [73.8054106, 18.6001602], [73.8055835, 18.6000676], [73.8057082, 18.5999747], [73.8060208, 18.5997418], [73.8061225, 18.5996994], [73.8063625, 18.59963], [73.8068507, 18.5995105], [73.8069847, 18.599492], [73.8071528, 18.5994687], [73.807566, 18.5994057], [73.8077767, 18.5993654], [73.807884, 18.5993324], [73.8079978, 18.5992911]]}}, {"type": "Feature", "id": 827014032, "properties": {"id": 827014032, "name": "Pimple Saudagar - Kalewadi Road", "highway": "primary", "ref": "", "oneway": "no", "length_km": 0.057}, "geometry": {"type": "LineString", "coordinates": [[73.8033094, 18.6005592], [73.802896, 18.6006737], [73.8027918, 18.6007049]]}}, {"type": "Feature", "id": 828545094, "properties": {"id": 828545094, "name": "Govind Garden Chowk New Flyover", "highway": "primary", "ref": "", "oneway": "yes", "length_km": 0.288}, "geometry": {"type": "LineString", "coordinates": [[73.801278, 18.597797], [73.8018934, 18.5976917], [73.8023123, 18.5976542], [73.8030702, 18.5975129], [73.8035512, 18.597452], [73.8039889, 18.5974193]]}}, {"type": "Feature", "id": 828545095, "properties": {"id": 828545095, "name": "Govind Garden Chowk New Flyover", "highway": "primary", "ref": "", "oneway": "yes", "length_km": 0.014}, "geometry": {"type": "LineString", "coordinates": [[73.8011525, 18.5978278], [73.801278, 18.597797]]}}, {"type": "Feature", "id": 828545096, "properties": {"id": 828545096, "name": "Govind Garden Chowk New Flyover", "highway": "primary", "ref": "", "oneway": "yes", "length_km": 0.029}, "geometry": {"type": "LineString", "coordinates": [[73.8039889, 18.5974193], [73.8042619, 18.5974551]]}}, {"type": "Feature", "id": 828545097, "properties": {"id": 828545097, "name": "Govind Garden Chowk New Flyover", "highway": "primary", "ref": "", "oneway": "yes", "length_km": 0.033}, "geometry": {"type": "LineString", "coordinates": [[73.8036019, 18.5972724], [73.8032909, 18.5973273]]}}, {"type": "Feature", "id": 828545098, "properties": {"id": 828545098, "name": "Govind Garden Chowk New Flyover", "highway": "primary", "ref": "", "oneway": "yes", "length_km": 0.178}, "geometry": {"type": "LineString", "coordinates": [[73.8032909, 18.5973273], [73.8027226, 18.5974171], [73.8022908, 18.5974834], [73.8019298, 18.5975498], [73.8016189, 18.5976056]]}}, {"type": "Feature", "id": 828545099, "properties": {"id": 828545099, "name": "Govind Garden Chowk New Flyover", "highway": "primary", "ref": "", "oneway": "yes", "length_km": 0.053}, "geometry": {"type": "LineString", "coordinates": [[73.8016189, 18.5976056], [73.8011246, 18.5977025]]}}, {"type": "Feature", "id": 828550371, "properties": {"id": 828550371, "name": "Unnamed Arterial", "highway": "primary", "ref": "", "oneway": "no", "length_km": 0.025}, "geometry": {"type": "LineString", "coordinates": [[73.8079978, 18.5992911], [73.808048, 18.5992708], [73.8080741, 18.599248], [73.8080964, 18.5992216], [73.8081026, 18.5991952], [73.8081151, 18.5991211]]}}, {"type": "Feature", "id": 828550372, "properties": {"id": 828550372, "name": "Wakad - Bhosari BRTS Road | Pimple Saudagar Road | Wakad - Nashik Phata BRTS Road", "highway": "primary", "ref": "", "oneway": "yes", "length_km": 0.252}, "geometry": {"type": "LineString", "coordinates": [[73.8079978, 18.5992911], [73.8080656, 18.599307], [73.8081791, 18.5993337], [73.808589, 18.5994019], [73.8090803, 18.5994839], [73.8092183, 18.5995069], [73.8098044, 18.5995061], [73.8103782, 18.5994901]]}}, {"type": "Feature", "id": 828550374, "properties": {"id": 828550374, "name": "Late Manohar Parikar Underpass", "highway": "primary", "ref": "", "oneway": "yes", "length_km": 0.098}, "geometry": {"type": "LineString", "coordinates": [[73.8129148, 18.6000869], [73.813715, 18.6005338]]}}, {"type": "Feature", "id": 828550376, "properties": {"id": 828550376, "name": "Unnamed Arterial", "highway": "primary", "ref": "", "oneway": "yes", "length_km": 0.417}, "geometry": {"type": "LineString", "coordinates": [[73.813715, 18.6005338], [73.8142655, 18.6008988], [73.8145035, 18.6010435], [73.8153243, 18.6015425], [73.817043, 18.6025873]]}}, {"type": "Feature", "id": 828550379, "properties": {"id": 828550379, "name": "Late Manohar Parikar Underpass", "highway": "primary", "ref": "", "oneway": "yes", "length_km": 0.112}, "geometry": {"type": "LineString", "coordinates": [[73.8129803, 18.5999657], [73.8123531, 18.59958], [73.8120803, 18.5994311]]}}, {"type": "Feature", "id": 828550380, "properties": {"id": 828550380, "name": "Late Manohar Parikar Underpass", "highway": "primary", "ref": "", "oneway": "yes", "length_km": 0.019}, "geometry": {"type": "LineString", "coordinates": [[73.8117177, 18.5994471], [73.8118129, 18.5994679], [73.81189, 18.5995023]]}}, {"type": "Feature", "id": 828550381, "properties": {"id": 828550381, "name": "Wakad - Bhosari BRTS Road | Pimple Saudagar Road | Wakad - Nashik Phata BRTS Road", "highway": "primary", "ref": "", "oneway": "yes", "length_km": 0.083}, "geometry": {"type": "LineString", "coordinates": [[73.8102032, 18.5993315], [73.8098865, 18.5993352], [73.809414, 18.5993328]]}}, {"type": "Feature", "id": 828550382, "properties": {"id": 828550382, "name": "Late Manohar Parikar Underpass", "highway": "primary", "ref": "", "oneway": "yes", "length_km": 0.126}, "geometry": {"type": "LineString", "coordinates": [[73.81189, 18.5995023], [73.812243, 18.5996876], [73.8129148, 18.6000869]]}}, {"type": "Feature", "id": 828550383, "properties": {"id": 828550383, "name": "Late Manohar Parikar Underpass", "highway": "primary", "ref": "", "oneway": "yes", "length_km": 0.103}, "geometry": {"type": "LineString", "coordinates": [[73.8111844, 18.5993192], [73.8108299, 18.599333], [73.8102032, 18.5993315]]}}, {"type": "Feature", "id": 828550388, "properties": {"id": 828550388, "name": "Wakad - Nashik Phata BRTS Road | Wakad - Bhosari BRTS Road | Nashik Phata Road", "highway": "primary", "ref": "", "oneway": "yes", "length_km": 0.53}, "geometry": {"type": "LineString", "coordinates": [[73.8081151, 18.5991211], [73.8077228, 18.5990612], [73.807272, 18.5989778], [73.8070388, 18.5988931], [73.8067955, 18.5987754], [73.8066107, 18.5986486], [73.8064881, 18.5985566], [73.8061078, 18.5982482], [73.8058203, 18.5980151], [73.8057733, 18.597977], [73.805569, 18.5978392], [73.8053431, 18.5977062], [73.8051099, 18.5975867], [73.8050797, 18.5975713], [73.8048212, 18.5974681], [73.8045384, 18.5973773], [73.804495, 18.5973634], [73.8042852, 18.5973204], [73.8037234, 18.597267], [73.8036019, 18.5972724]]}}, {"type": "Feature", "id": 828550392, "properties": {"id": 828550392, "name": "Nashik Phata-Wakad BRTS", "highway": "primary", "ref": "", "oneway": "yes", "length_km": 0.197}, "geometry": {"type": "LineString", "coordinates": [[73.8153367, 18.6013771], [73.8137499, 18.6004255]]}}, {"type": "Feature", "id": 828556476, "properties": {"id": 828556476, "name": "Jagtap Dairy-Wakad Bypass Road", "highway": "primary", "ref": "", "oneway": "yes", "length_km": 0.28}, "geometry": {"type": "LineString", "coordinates": [[73.7849358, 18.5918605], [73.7848176, 18.5917641], [73.7846906, 18.591698], [73.7845395, 18.5916639], [73.7844105, 18.5916617], [73.7842944, 18.5916757], [73.7841115, 18.5917092], [73.7838943, 18.5917468], [73.7835342, 18.5918108], [73.7833229, 18.5918452], [73.7832043, 18.5918617], [73.7827857, 18.5919446], [73.782571, 18.5919742], [73.7823563, 18.5919712]]}}, {"type": "Feature", "id": 828556477, "properties": {"id": 828556477, "name": "Jagtap Dairy-Wakad Bypass Road", "highway": "primary", "ref": "", "oneway": "yes", "length_km": 0.083}, "geometry": {"type": "LineString", "coordinates": [[73.7853729, 18.5924807], [73.7853262, 18.5924144], [73.7851825, 18.5922229], [73.7849358, 18.5918605]]}}, {"type": "Feature", "id": 829087175, "properties": {"id": 829087175, "name": "Unnamed Arterial", "highway": "primary", "ref": "", "oneway": "yes", "length_km": 0.03}, "geometry": {"type": "LineString", "coordinates": [[73.7770721, 18.5889935], [73.7770232, 18.588981], [73.7768019, 18.588904]]}}, {"type": "Feature", "id": 829087177, "properties": {"id": 829087177, "name": "Wakad Road", "highway": "primary", "ref": "", "oneway": "yes", "length_km": 0.709}, "geometry": {"type": "LineString", "coordinates": [[73.7843099, 18.5882016], [73.7841586, 18.58822], [73.7836698, 18.5882808], [73.7836022, 18.5882898], [73.7834008, 18.5883126], [73.7832769, 18.5883283], [73.782651, 18.5883844], [73.7816897, 18.5884762], [73.7815149, 18.5884919], [73.7814628, 18.5884966], [73.7814311, 18.5884995], [73.7810649, 18.5885306], [73.7810266, 18.5885338], [73.7808536, 18.5885443], [73.7807712, 18.5885493], [73.7804884, 18.5885607], [73.7802757, 18.5885692], [73.780113, 18.5885721], [73.7799003, 18.5885759], [73.7797312, 18.5885616], [73.7796246, 18.5885565], [73.7792129, 18.5885513], [73.7790455, 18.5885492], [73.7786409, 18.5885551], [73.7784341, 18.5885656], [73.7779571, 18.5886818], [73.7776103, 18.5887654]]}}, {"type": "Feature", "id": 829087179, "properties": {"id": 829087179, "name": "Wakad Road", "highway": "primary", "ref": "", "oneway": "yes", "length_km": 0.509}, "geometry": {"type": "LineString", "coordinates": [[73.7797024, 18.5886341], [73.7797574, 18.5886404], [73.7799063, 18.5886449], [73.7802913, 18.5886404], [73.7807731, 18.5886202], [73.7810331, 18.5886017], [73.7813309, 18.5885743], [73.7814702, 18.5885599], [73.7822638, 18.5884956], [73.7826449, 18.5884647], [73.7826652, 18.5884614], [73.783153, 18.5884162], [73.7833926, 18.5883863], [73.7836809, 18.5883532], [73.7841333, 18.5883115], [73.7843231, 18.5882862], [73.7845234, 18.5882513]]}}, {"type": "Feature", "id": 829087180, "properties": {"id": 829087180, "name": "Wakad Road", "highway": "primary", "ref": "", "oneway": "yes", "length_km": 0.051}, "geometry": {"type": "LineString", "coordinates": [[73.7771909, 18.5890245], [73.7772896, 18.5889637], [73.7775674, 18.5888763], [73.777639, 18.5888609]]}}, {"type": "Feature", "id": 829087184, "properties": {"id": 829087184, "name": "Unnamed Arterial", "highway": "primary", "ref": "", "oneway": "yes", "length_km": 0.008}, "geometry": {"type": "LineString", "coordinates": [[73.7796246, 18.5885565], [73.7796226, 18.5886315]]}}, {"type": "Feature", "id": 829087185, "properties": {"id": 829087185, "name": "Unnamed Arterial", "highway": "primary", "ref": "", "oneway": "yes", "length_km": 0.009}, "geometry": {"type": "LineString", "coordinates": [[73.7797024, 18.5886341], [73.7797312, 18.5885616]]}}, {"type": "Feature", "id": 836806803, "properties": {"id": 836806803, "name": "Unnamed Arterial", "highway": "primary", "ref": "", "oneway": "yes", "length_km": 0.023}, "geometry": {"type": "LineString", "coordinates": [[73.8303651, 18.5406989], [73.8303969, 18.5407775], [73.8303982, 18.5408334], [73.8303796, 18.5408999]]}}, {"type": "Feature", "id": 837076307, "properties": {"id": 837076307, "name": "Gopal Hari Deshmukh Marg", "highway": "primary", "ref": "", "oneway": "yes", "length_km": 0.139}, "geometry": {"type": "LineString", "coordinates": [[73.8277696, 18.5421667], [73.8267444, 18.5423593], [73.82647, 18.5424108]]}}, {"type": "Feature", "id": 837076308, "properties": {"id": 837076308, "name": "Unnamed Arterial", "highway": "primary_link", "ref": "", "oneway": "no", "length_km": 0.023}, "geometry": {"type": "LineString", "coordinates": [[73.8277652, 18.5419612], [73.8277696, 18.5421667]]}}, {"type": "Feature", "id": 837076310, "properties": {"id": 837076310, "name": "Unnamed Arterial", "highway": "primary", "ref": "", "oneway": "yes", "length_km": 0.066}, "geometry": {"type": "LineString", "coordinates": [[73.8279662, 18.5423097], [73.828583, 18.5421815]]}}, {"type": "Feature", "id": 837076311, "properties": {"id": 837076311, "name": "University Road", "highway": "primary", "ref": "", "oneway": "yes", "length_km": 0.195}, "geometry": {"type": "LineString", "coordinates": [[73.8281602, 18.5424711], [73.8279455, 18.5426237], [73.8277364, 18.5427765], [73.8275692, 18.5429185], [73.8273935, 18.5431341], [73.8272706, 18.5433305], [73.8271466, 18.5435069], [73.827077, 18.5436062], [73.8269582, 18.5437768]]}}, {"type": "Feature", "id": 837076313, "properties": {"id": 837076313, "name": "Baner Road", "highway": "primary", "ref": "", "oneway": "yes", "length_km": 0.099}, "geometry": {"type": "LineString", "coordinates": [[73.8287061, 18.5420763], [73.8286461, 18.5420812], [73.8284966, 18.5420986], [73.8284426, 18.5421066], [73.8279868, 18.5421355], [73.8277696, 18.5421667]]}}, {"type": "Feature", "id": 837077033, "properties": {"id": 837077033, "name": "Ganeshkhind Road", "highway": "primary", "ref": "", "oneway": "yes", "length_km": 0.047}, "geometry": {"type": "LineString", "coordinates": [[73.8293646, 18.5416213], [73.8291388, 18.5417746], [73.8290927, 18.5418059], [73.8289998, 18.5418689]]}}, {"type": "Feature", "id": 838145969, "properties": {"id": 838145969, "name": "Gopal Krushna Gokhale Path", "highway": "primary", "ref": "SH60", "oneway": "yes", "length_km": 0.118}, "geometry": {"type": "LineString", "coordinates": [[73.8439815, 18.5303614], [73.844215, 18.5307928], [73.8442444, 18.5308471], [73.844472, 18.5312783], [73.8444908, 18.5313139]]}}, {"type": "Feature", "id": 838145970, "properties": {"id": 838145970, "name": "Gopal Krushna Gokhale Path", "highway": "primary", "ref": "SH60", "oneway": "yes", "length_km": 0.022}, "geometry": {"type": "LineString", "coordinates": [[73.8445264, 18.5311809], [73.8445638, 18.5312436], [73.8445871, 18.5312825], [73.8446039, 18.5313657]]}}, {"type": "Feature", "id": 838145972, "properties": {"id": 838145972, "name": "Ganeshkhind Road", "highway": "primary", "ref": "", "oneway": "yes", "length_km": 0.02}, "geometry": {"type": "LineString", "coordinates": [[73.8446039, 18.5313657], [73.8444999, 18.5313971], [73.8444248, 18.5314216]]}}, {"type": "Feature", "id": 838145973, "properties": {"id": 838145973, "name": "Ganeshkhind Road", "highway": "primary", "ref": "", "oneway": "yes", "length_km": 0.193}, "geometry": {"type": "LineString", "coordinates": [[73.8444248, 18.5314216], [73.8442518, 18.5314713], [73.8441628, 18.5314969], [73.8438659, 18.5315823], [73.8430531, 18.5318581], [73.8428687, 18.5319874], [73.842762, 18.5321041]]}}, {"type": "Feature", "id": 838145975, "properties": {"id": 838145975, "name": "Gopal Krushna Gokhale Path", "highway": "primary", "ref": "SH60", "oneway": "yes", "length_km": 0.013}, "geometry": {"type": "LineString", "coordinates": [[73.8444908, 18.5313139], [73.8446039, 18.5313657]]}}, {"type": "Feature", "id": 838145977, "properties": {"id": 838145977, "name": "Ganeshkhind Road", "highway": "primary", "ref": "SH60", "oneway": "yes", "length_km": 0.146}, "geometry": {"type": "LineString", "coordinates": [[73.8493096, 18.5302487], [73.8491515, 18.5302886], [73.8486708, 18.5304025], [73.8485073, 18.5304413], [73.8479661, 18.5305868]]}}, {"type": "Feature", "id": 838145986, "properties": {"id": 838145986, "name": "Bankimchandra Chatopadhyay Path", "highway": "trunk", "ref": "NH60;65", "oneway": "yes", "length_km": 0.174}, "geometry": {"type": "LineString", "coordinates": [[73.8514089, 18.5298284], [73.8517917, 18.5297087], [73.8523273, 18.5295629], [73.852547, 18.5295073], [73.8526082, 18.5294987], [73.852738, 18.5294805], [73.8528222, 18.5294773], [73.8529267, 18.5294827], [73.8530058, 18.5295113]]}}, {"type": "Feature", "id": 838145987, "properties": {"id": 838145987, "name": "NH60;NH65", "highway": "trunk", "ref": "NH60;NH65", "oneway": "yes", "length_km": 0.013}, "geometry": {"type": "LineString", "coordinates": [[73.8512925, 18.5297974], [73.8514089, 18.5298284]]}}, {"type": "Feature", "id": 838145988, "properties": {"id": 838145988, "name": "NH60;NH65", "highway": "trunk", "ref": "NH60;NH65", "oneway": "yes", "length_km": 0.014}, "geometry": {"type": "LineString", "coordinates": [[73.8512925, 18.5297974], [73.8513813, 18.5297022]]}}, {"type": "Feature", "id": 838145989, "properties": {"id": 838145989, "name": "Bankimchandra Chatopadhyay Path Underpass", "highway": "primary", "ref": "", "oneway": "yes", "length_km": 0.031}, "geometry": {"type": "LineString", "coordinates": [[73.8512925, 18.5297974], [73.8515699, 18.5296985]]}}, {"type": "Feature", "id": 838145990, "properties": {"id": 838145990, "name": "NH60;NH65", "highway": "trunk_link", "ref": "NH60;NH65", "oneway": "yes", "length_km": 0.052}, "geometry": {"type": "LineString", "coordinates": [[73.8498519, 18.5296261], [73.8498693, 18.5298596], [73.8498959, 18.5299728], [73.8499272, 18.530007], [73.8499842, 18.5300504]]}}, {"type": "Feature", "id": 838145991, "properties": {"id": 838145991, "name": "Ganeshkhind Road", "highway": "trunk", "ref": "NH60;NH65", "oneway": "yes", "length_km": 0.082}, "geometry": {"type": "LineString", "coordinates": [[73.8497927, 18.5302488], [73.8499097, 18.5302172], [73.8502064, 18.5301306], [73.8504826, 18.5300449], [73.850538, 18.5300277]]}}, {"type": "Feature", "id": 838145992, "properties": {"id": 838145992, "name": "NH60;NH65", "highway": "trunk", "ref": "NH60;NH65", "oneway": "yes", "length_km": 0.083}, "geometry": {"type": "LineString", "coordinates": [[73.850538, 18.5300277], [73.8509935, 18.5298886], [73.8510573, 18.529869], [73.8512323, 18.5298171], [73.8512925, 18.5297974]]}}, {"type": "Feature", "id": 838145996, "properties": {"id": 838145996, "name": "Ganeshkhind Road", "highway": "primary", "ref": "", "oneway": "yes", "length_km": 0.017}, "geometry": {"type": "LineString", "coordinates": [[73.8446399, 18.5315869], [73.8447931, 18.5315508]]}}, {"type": "Feature", "id": 838579447, "properties": {"id": 838579447, "name": "Unnamed Arterial", "highway": "primary_link", "ref": "", "oneway": "yes", "length_km": 0.021}, "geometry": {"type": "LineString", "coordinates": [[73.7652626, 18.6152074], [73.7651245, 18.6150738]]}}, {"type": "Feature", "id": 838579448, "properties": {"id": 838579448, "name": "Unnamed Arterial", "highway": "primary_link", "ref": "", "oneway": "yes", "length_km": 0.266}, "geometry": {"type": "LineString", "coordinates": [[73.7651245, 18.6150738], [73.7645817, 18.6145316], [73.764268, 18.6142287], [73.7638729, 18.6138385], [73.7637205, 18.6136933], [73.7636795, 18.6136511], [73.7633555, 18.6133611]]}}, {"type": "Feature", "id": 838579450, "properties": {"id": 838579450, "name": "Unnamed Arterial", "highway": "primary_link", "ref": "", "oneway": "yes", "length_km": 0.016}, "geometry": {"type": "LineString", "coordinates": [[73.7654731, 18.6154111], [73.7653664, 18.6153079]]}}, {"type": "Feature", "id": 838579453, "properties": {"id": 838579453, "name": "Aditya Birla Hospital Marg", "highway": "primary", "ref": "", "oneway": "yes", "length_km": 1.237}, "geometry": {"type": "LineString", "coordinates": [[73.7671192, 18.6171645], [73.7671634, 18.6172025], [73.7673794, 18.6173904], [73.7677905, 18.6177582], [73.7678311, 18.6177945], [73.7684005, 18.6182892], [73.7697692, 18.6195285], [73.7700403, 18.6197754], [73.7706453, 18.6203099], [73.771214, 18.620817], [73.7714322, 18.6210239], [73.7719934, 18.6214821], [73.7720395, 18.6215197], [73.7727852, 18.622135], [73.7728898, 18.6222243], [73.7737275, 18.622954], [73.7739886, 18.6231721], [73.774243, 18.6233735], [73.7743618, 18.6234614], [73.7748603, 18.6238303], [73.7749482, 18.6238954], [73.7751401, 18.6240741], [73.7752895, 18.6242407], [73.7753222, 18.6243004], [73.7754704, 18.6245489], [73.7755132, 18.6246475], [73.7755527, 18.6247158], [73.7755814, 18.6247777], [73.7756049, 18.6248283]]}}, {"type": "Feature", "id": 838579455, "properties": {"id": 838579455, "name": "Unnamed Arterial", "highway": "primary_link", "ref": "", "oneway": "yes", "length_km": 0.016}, "geometry": {"type": "LineString", "coordinates": [[73.7653664, 18.6153079], [73.7652626, 18.6152074]]}}, {"type": "Feature", "id": 838579456, "properties": {"id": 838579456, "name": "Unnamed Arterial", "highway": "primary_link", "ref": "", "oneway": "yes", "length_km": 0.025}, "geometry": {"type": "LineString", "coordinates": [[73.7656367, 18.6155695], [73.7655346, 18.6154707], [73.7654731, 18.6154111]]}}, {"type": "Feature", "id": 839213234, "properties": {"id": 839213234, "name": "Kalewadi Main Road * Aundh-Ravet Road", "highway": "primary", "ref": "", "oneway": "yes", "length_km": 0.225}, "geometry": {"type": "LineString", "coordinates": [[73.8076124, 18.5717136], [73.8073594, 18.572072], [73.8072013, 18.5722828], [73.8070371, 18.5724982], [73.8067418, 18.5728216], [73.8066019, 18.5730425], [73.8065112, 18.5731953], [73.806438, 18.5733962]]}}, {"type": "Feature", "id": 839213236, "properties": {"id": 839213236, "name": "Kalewadi Main Road", "highway": "primary", "ref": "", "oneway": "yes", "length_km": 0.015}, "geometry": {"type": "LineString", "coordinates": [[73.8085758, 18.5707368], [73.8086485, 18.570623]]}}, {"type": "Feature", "id": 844553908, "properties": {"id": 844553908, "name": "Shivaji Road", "highway": "trunk", "ref": "NH60;65", "oneway": "yes", "length_km": 0.025}, "geometry": {"type": "LineString", "coordinates": [[73.8498519, 18.5296261], [73.8497945, 18.5298431]]}}, {"type": "Feature", "id": 845490675, "properties": {"id": 845490675, "name": "Unnamed Arterial", "highway": "primary_link", "ref": "", "oneway": "yes", "length_km": 0.316}, "geometry": {"type": "LineString", "coordinates": [[73.7629533, 18.6131662], [73.7630657, 18.6133279], [73.7632347, 18.6135012], [73.7634827, 18.6137556], [73.7639257, 18.6141786], [73.7640277, 18.6142761], [73.7643426, 18.6145925], [73.7645216, 18.6147724], [73.7649983, 18.6152491]]}}, {"type": "Feature", "id": 856349807, "properties": {"id": 856349807, "name": "Kharadi Bypass", "highway": "trunk", "ref": "", "oneway": "yes", "length_km": 0.022}, "geometry": {"type": "LineString", "coordinates": [[73.9342339, 18.5373574], [73.934191, 18.537305], [73.9341569, 18.5371768]]}}, {"type": "Feature", "id": 856587134, "properties": {"id": 856587134, "name": "Kharadi Bypass", "highway": "trunk", "ref": "", "oneway": "yes", "length_km": 2.711}, "geometry": {"type": "LineString", "coordinates": [[73.9341716, 18.5380709], [73.9341845, 18.5381413], [73.9341974, 18.5382116], [73.9342144, 18.5383073], [73.9343295, 18.5389339], [73.9343782, 18.5391738], [73.9343947, 18.5392551], [73.9344598, 18.5395753], [73.9345051, 18.5397984], [73.9346789, 18.5406367], [73.9348832, 18.5416418], [73.9350085, 18.542292], [73.9352053, 18.5431622], [73.9353988, 18.5440181], [73.9354555, 18.5442508], [73.9356288, 18.5449426], [73.9356634, 18.5450687], [73.935717, 18.5452644], [73.9361158, 18.5468353], [73.9361759, 18.5470913], [73.9362468, 18.5474095], [73.936384, 18.5480172], [73.9364887, 18.5484811], [73.9367357, 18.5495755], [73.9368445, 18.5500575], [73.9369791, 18.5506611], [73.9370047, 18.550769], [73.9370521, 18.5509717], [73.9370854, 18.5511254], [73.937129, 18.5513231], [73.9371543, 18.5515019], [73.9371719, 18.5516742], [73.9371801, 18.5517399], [73.9372882, 18.552608], [73.9373683, 18.5533904], [73.9373996, 18.5536958], [73.9374311, 18.5540034], [73.9374573, 18.5542591], [73.9374925, 18.5545686], [73.9375763, 18.5551524], [73.9376771, 18.555897], [73.9377249, 18.5562213], [73.9377733, 18.5565501], [73.9378107, 18.556804], [73.9378209, 18.5568731], [73.9378294, 18.5569311], [73.9379271, 18.5575947], [73.9379501, 18.5577343], [73.9379628, 18.5578079], [73.9380747, 18.5583679], [73.9381065, 18.5585354], [73.9381169, 18.5585825], [73.9381459, 18.5587875], [73.9381628, 18.5589069], [73.9382026, 18.5592625], [73.9382153, 18.5593699], [73.9382658, 18.5597987], [73.9383289, 18.560228], [73.9384408, 18.5613117], [73.938492, 18.5617539], [73.9385159, 18.5621148]]}}, {"type": "Feature", "id": 856597990, "properties": {"id": 856597990, "name": "Mundhwa Road", "highway": "primary", "ref": "", "oneway": "yes", "length_km": 0.223}, "geometry": {"type": "LineString", "coordinates": [[73.9330943, 18.5330598], [73.9335529, 18.5329674], [73.9336988, 18.532938], [73.9339919, 18.5328292], [73.9342182, 18.5327355], [73.9344762, 18.5326661], [73.934531, 18.5326564], [73.9346993, 18.5326268], [73.934986, 18.5325905], [73.9351279, 18.5325229]]}}, {"type": "Feature", "id": 856597991, "properties": {"id": 856597991, "name": "Mundhwa Road", "highway": "trunk", "ref": "", "oneway": "yes", "length_km": 0.01}, "geometry": {"type": "LineString", "coordinates": [[73.9330943, 18.5330598], [73.9330625, 18.5329719]]}}, {"type": "Feature", "id": 856616885, "properties": {"id": 856616885, "name": "Mundhwa Road", "highway": "primary", "ref": "", "oneway": "no", "length_km": 0.049}, "geometry": {"type": "LineString", "coordinates": [[73.9370968, 18.5320379], [73.9366325, 18.5320937]]}}, {"type": "Feature", "id": 856616886, "properties": {"id": 856616886, "name": "Mundhwa Road", "highway": "primary", "ref": "", "oneway": "no", "length_km": 0.166}, "geometry": {"type": "LineString", "coordinates": [[73.9366325, 18.5320937], [73.9363531, 18.532132], [73.9359976, 18.5322045], [73.9356298, 18.5323238], [73.9353884, 18.5324246], [73.9351279, 18.5325229]]}}, {"type": "Feature", "id": 856658285, "properties": {"id": 856658285, "name": "NH548DD", "highway": "trunk", "ref": "NH548DD", "oneway": "yes", "length_km": 2.928}, "geometry": {"type": "LineString", "coordinates": [[73.9565003, 18.4664294], [73.9563786, 18.4664438], [73.9562921, 18.4664541], [73.9562351, 18.4664568], [73.9560124, 18.4664468], [73.9558315, 18.4664164], [73.955643, 18.4663604], [73.9554724, 18.4662825], [73.9552441, 18.4661633], [73.9550325, 18.4660429], [73.9545181, 18.4657363], [73.9542295, 18.4655769], [73.9540249, 18.4654316], [73.9537921, 18.4652232], [73.9535771, 18.4650071], [73.9532392, 18.464643], [73.9527483, 18.4641141], [73.9523572, 18.4636869], [73.9519866, 18.4632822], [73.9516885, 18.462958], [73.9514421, 18.4626869], [73.9513706, 18.4626127], [73.951016, 18.4622446], [73.9509861, 18.4622136], [73.9507934, 18.462014], [73.9503451, 18.4615496], [73.9497094, 18.4608881], [73.9491408, 18.4603284], [73.9486472, 18.4597585], [73.9484917, 18.4595598], [73.9482073, 18.4591962], [73.9473919, 18.4583312], [73.9471561, 18.4581321], [73.9468878, 18.4579209], [73.9466619, 18.4577816], [73.9463727, 18.4576214], [73.9459839, 18.4574566], [73.9458646, 18.4574108], [73.9456232, 18.4573154], [73.9454663, 18.4572683], [73.9452772, 18.4572111], [73.9449887, 18.4571609], [73.9446482, 18.4571195], [73.9442752, 18.4570947], [73.9436825, 18.4570794], [73.9428563, 18.457082], [73.9426853, 18.4570927], [73.9425592, 18.4571006], [73.9424191, 18.4571202], [73.941196, 18.4572932], [73.9403221, 18.4573988], [73.9399651, 18.4574419], [73.939869, 18.4574467], [73.9395816, 18.4574225], [73.9394955, 18.4574153], [73.9389338, 18.457337], [73.9385836, 18.4572702], [73.9379685, 18.4570961], [73.9377412, 18.4570319], [73.937154, 18.4568657], [73.9369547, 18.4568086], [73.9356787, 18.4564434], [73.9349407, 18.456207], [73.9346461, 18.4561126], [73.9337642, 18.4557581], [73.9333299, 18.4555735], [73.9333055, 18.4555721], [73.9331469, 18.4555096], [73.9330051, 18.4554585]]}}, {"type": "Feature", "id": 856658288, "properties": {"id": 856658288, "name": "NH548DD", "highway": "trunk", "ref": "NH548DD", "oneway": "yes", "length_km": 2.84}, "geometry": {"type": "LineString", "coordinates": [[73.9308499, 18.4545399], [73.9313665, 18.4548369], [73.9321041, 18.4551737], [73.9321125, 18.4551775], [73.9324851, 18.4553245], [73.9325984, 18.4553728], [73.9326842, 18.4554078], [73.9327868, 18.4554463], [73.9328881, 18.4554848], [73.933047, 18.4555471], [73.9331254, 18.4555713], [73.9332663, 18.4556292], [73.9338362, 18.4558673], [73.9340397, 18.4559523], [73.934276, 18.456051], [73.934706, 18.4562075], [73.9349219, 18.4562804], [73.9349691, 18.4562964], [73.9354564, 18.4564497], [73.9355226, 18.4564708], [73.936112, 18.4566366], [73.9366513, 18.4567935], [73.9369357, 18.456874], [73.9373405, 18.4569886], [73.9377435, 18.4571027], [73.9384391, 18.4572997], [73.9387111, 18.4573693], [73.9389629, 18.4574115], [73.9395814, 18.4574859], [73.9397099, 18.4575014], [73.9398658, 18.4575084], [73.939875, 18.457508], [73.9399851, 18.4575032], [73.9401744, 18.457479], [73.9403309, 18.4574594], [73.9404653, 18.4574426], [73.9406696, 18.4574147], [73.9411087, 18.4573629], [73.9417779, 18.4572794], [73.9420375, 18.4572371], [73.9425563, 18.4571525], [73.9426895, 18.4571335], [73.9428799, 18.4571268], [73.9441507, 18.4571564], [73.9446093, 18.4571869], [73.9451847, 18.4572601], [73.9452734, 18.4572832], [73.9453551, 18.4573077], [73.9455768, 18.4573747], [73.94576, 18.4574362], [73.9459353, 18.4575034], [73.9463609, 18.4576885], [73.9468785, 18.4579927], [73.9472631, 18.4583146], [73.9477358, 18.4587855], [73.9490134, 18.4602858], [73.9490881, 18.4603622], [73.9499582, 18.461252], [73.9507359, 18.4620473], [73.9509649, 18.4622814], [73.9513147, 18.4626392], [73.9516464, 18.4629967], [73.9517779, 18.4631384], [73.9523073, 18.4637145], [73.9523118, 18.4637198], [73.9525316, 18.4639799], [73.9526996, 18.4641625], [73.9528026, 18.4642744], [73.9531814, 18.4646861], [73.9534876, 18.4650377], [73.9536669, 18.4652109]]}}, {"type": "Feature", "id": 856658289, "properties": {"id": 856658289, "name": "NH548DD", "highway": "trunk", "ref": "NH548DD", "oneway": "yes", "length_km": 0.375}, "geometry": {"type": "LineString", "coordinates": [[73.9278896, 18.4533465], [73.9275638, 18.4532914], [73.9273409, 18.4532641], [73.9268919, 18.453209], [73.9268252, 18.4531985], [73.9267599, 18.4531933], [73.9264469, 18.4531806], [73.9258101, 18.4531369], [73.9256045, 18.4531228], [73.9254457, 18.4531109], [73.9250572, 18.4530755], [73.9249561, 18.4530591], [73.9248461, 18.453036], [73.9245996, 18.4529644], [73.9243678, 18.4528908]]}}, {"type": "Feature", "id": 856658290, "properties": {"id": 856658290, "name": "NH548DD", "highway": "trunk", "ref": "NH548DD", "oneway": "yes", "length_km": 0.518}, "geometry": {"type": "LineString", "coordinates": [[73.918395, 18.4508175], [73.9186956, 18.4508726], [73.918748, 18.4508783], [73.9188769, 18.4509135], [73.9190957, 18.4509862], [73.9193301, 18.4510753], [73.9194306, 18.4511216], [73.919449, 18.4511301], [73.9198601, 18.4513152], [73.9206163, 18.4516099], [73.9207159, 18.4516487], [73.9209431, 18.4517372], [73.9212208, 18.4518528], [73.9215222, 18.4519795], [73.922032, 18.4521828], [73.9226916, 18.4524503], [73.9229645, 18.4525443]]}}, {"type": "Feature", "id": 856658294, "properties": {"id": 856658294, "name": "NH548DD", "highway": "trunk", "ref": "NH548DD", "oneway": "yes", "length_km": 0.253}, "geometry": {"type": "LineString", "coordinates": [[73.9271013, 18.453315], [73.9273313, 18.4533395], [73.927369, 18.4533445], [73.9278804, 18.4534121], [73.9282894, 18.4534799], [73.928618, 18.4535613], [73.9287588, 18.4536084], [73.9288809, 18.4536466], [73.929125, 18.4537229], [73.9292223, 18.4537649], [73.9294405, 18.4538323]]}}, {"type": "Feature", "id": 857053150, "properties": {"id": 857053150, "name": "Mumbai Pune Bypass Road", "highway": "trunk", "ref": "NH48", "oneway": "yes", "length_km": 0.029}, "geometry": {"type": "LineString", "coordinates": [[73.8333514, 18.4487613], [73.8331658, 18.4489495]]}}, {"type": "Feature", "id": 857053151, "properties": {"id": 857053151, "name": "Katraj - Dehu Road Bypass", "highway": "trunk", "ref": "NH48", "oneway": "yes", "length_km": 1.066}, "geometry": {"type": "LineString", "coordinates": [[73.8331658, 18.4489495], [73.832833, 18.4492596], [73.8324106, 18.4495773], [73.8314923, 18.4502], [73.8312739, 18.4503551], [73.8309139, 18.4506108], [73.8308348, 18.4506808], [73.8304668, 18.4510066], [73.8299475, 18.4515443], [73.8285945, 18.4531497], [73.8277667, 18.4541319], [73.827087, 18.4549846], [73.8266027, 18.4555922], [73.8263413, 18.4559678]]}}, {"type": "Feature", "id": 857053152, "properties": {"id": 857053152, "name": "Mumbai Pune Bypass Road", "highway": "trunk", "ref": "NH48", "oneway": "yes", "length_km": 0.031}, "geometry": {"type": "LineString", "coordinates": [[73.8332592, 18.4490643], [73.8334662, 18.4488612]]}}, {"type": "Feature", "id": 857053153, "properties": {"id": 857053153, "name": "Katraj - Dehu Road Bypass", "highway": "trunk", "ref": "NH48", "oneway": "yes", "length_km": 0.864}, "geometry": {"type": "LineString", "coordinates": [[73.8275694, 18.4546178], [73.8278213, 18.4543018], [73.8278864, 18.4542201], [73.8300627, 18.4516377], [73.8305745, 18.4511078], [73.8308786, 18.4508386], [73.8310113, 18.4507212], [73.8315818, 18.4503159], [73.8325018, 18.4496922], [73.8329337, 18.4493672], [73.8332592, 18.4490643]]}}, {"type": "Feature", "id": 857053154, "properties": {"id": 857053154, "name": "Katraj - Dehu Road Bypass", "highway": "trunk", "ref": "NH48", "oneway": "yes", "length_km": 0.099}, "geometry": {"type": "LineString", "coordinates": [[73.7999427, 18.484306], [73.7991895, 18.484835]]}}, {"type": "Feature", "id": 857053155, "properties": {"id": 857053155, "name": "Katraj - Dehu Road Bypass", "highway": "trunk", "ref": "NH48", "oneway": "yes", "length_km": 0.45}, "geometry": {"type": "LineString", "coordinates": [[73.7991895, 18.484835], [73.7989532, 18.4849865], [73.7975426, 18.4859583], [73.796105, 18.4869605], [73.7957231, 18.4872118]]}}, {"type": "Feature", "id": 857053156, "properties": {"id": 857053156, "name": "Katraj - Dehu Road Bypass", "highway": "trunk", "ref": "NH48", "oneway": "yes", "length_km": 0.096}, "geometry": {"type": "LineString", "coordinates": [[73.7992787, 18.4849101], [73.8000051, 18.484378]]}}, {"type": "Feature", "id": 857053157, "properties": {"id": 857053157, "name": "Mumbai Pune Bypass Road * Katraj-Dehu Rd Bypass", "highway": "trunk", "ref": "NH48", "oneway": "yes", "length_km": 0.072}, "geometry": {"type": "LineString", "coordinates": [[73.7919573, 18.4900203], [73.7925099, 18.4896346]]}}, {"type": "Feature", "id": 858452479, "properties": {"id": 858452479, "name": "Kondhwa Marg", "highway": "primary", "ref": "", "oneway": "yes", "length_km": 0.016}, "geometry": {"type": "LineString", "coordinates": [[73.8839315, 18.4940875], [73.8838334, 18.4942028]]}}, {"type": "Feature", "id": 858452480, "properties": {"id": 858452480, "name": "Kondhwa Marg", "highway": "primary", "ref": "", "oneway": "yes", "length_km": 0.546}, "geometry": {"type": "LineString", "coordinates": [[73.8866119, 18.4899288], [73.8865158, 18.4900783], [73.8862602, 18.4907733], [73.8860148, 18.4914024], [73.8859113, 18.4916494], [73.8857907, 18.4918332], [73.8845858, 18.4933028], [73.8843776, 18.4935519], [73.8839315, 18.4940875]]}}, {"type": "Feature", "id": 858452481, "properties": {"id": 858452481, "name": "Kondhwa Marg", "highway": "primary", "ref": "", "oneway": "yes", "length_km": 0.549}, "geometry": {"type": "LineString", "coordinates": [[73.8840023, 18.494133], [73.884445, 18.4936046], [73.8846529, 18.4933527], [73.8858607, 18.4918795], [73.8859877, 18.491686], [73.8860944, 18.4914313], [73.8863405, 18.4908007], [73.8865963, 18.4901049], [73.8866119, 18.4899288]]}}, {"type": "Feature", "id": 858452482, "properties": {"id": 858452482, "name": "Kondhwa Marg", "highway": "primary", "ref": "", "oneway": "yes", "length_km": 0.017}, "geometry": {"type": "LineString", "coordinates": [[73.8838993, 18.4942561], [73.8840023, 18.494133]]}}, {"type": "Feature", "id": 858778950, "properties": {"id": 858778950, "name": "East Street", "highway": "primary", "ref": "", "oneway": "yes", "length_km": 0.402}, "geometry": {"type": "LineString", "coordinates": [[73.8801598, 18.5106396], [73.8801517, 18.5105173], [73.8801159, 18.5103907], [73.8800732, 18.5102123], [73.8797602, 18.5090773], [73.8795832, 18.5084298], [73.8794558, 18.507893], [73.8793321, 18.5073491], [73.8793269, 18.507114]]}}, {"type": "Feature", "id": 858790452, "properties": {"id": 858790452, "name": "Solapur Road", "highway": "trunk", "ref": "NH65", "oneway": "no", "length_km": 0.011}, "geometry": {"type": "LineString", "coordinates": [[73.8843062, 18.506508], [73.8844098, 18.5065342]]}}, {"type": "Feature", "id": 858792297, "properties": {"id": 858792297, "name": "Jawaharlal Nehru Marg", "highway": "primary", "ref": "", "oneway": "no", "length_km": 0.223}, "geometry": {"type": "LineString", "coordinates": [[73.8674618, 18.5228709], [73.8674693, 18.5229162], [73.8674836, 18.5236749], [73.8674748, 18.5238976], [73.8674666, 18.5241044], [73.8674502, 18.5245439], [73.8674488, 18.5247201], [73.8674476, 18.5248745]]}}, {"type": "Feature", "id": 858845635, "properties": {"id": 858845635, "name": "Unnamed Arterial", "highway": "primary", "ref": "", "oneway": "yes", "length_km": 0.833}, "geometry": {"type": "LineString", "coordinates": [[73.8287404, 18.5959473], [73.828719, 18.5959936], [73.8286633, 18.5961194], [73.8285377, 18.5963856], [73.8282976, 18.5969191], [73.8279728, 18.5976408], [73.8275947, 18.5984809], [73.82743, 18.5988456], [73.8271967, 18.5993651], [73.8270515, 18.5996877], [73.82696, 18.5998911], [73.826583, 18.6007288], [73.8265178, 18.600863], [73.8262185, 18.6014792], [73.8260039, 18.601921], [73.8257368, 18.6023881], [73.8255057, 18.6027923]]}}, {"type": "Feature", "id": 858863080, "properties": {"id": 858863080, "name": "NH60", "highway": "trunk", "ref": "NH60", "oneway": "yes", "length_km": 0.222}, "geometry": {"type": "LineString", "coordinates": [[73.8592792, 18.4444908], [73.8592701, 18.4445715], [73.8592831, 18.4447105], [73.8592869, 18.4448552], [73.8592923, 18.4449951], [73.8592842, 18.4451936], [73.8592359, 18.4455142], [73.8591528, 18.4458418], [73.8590817, 18.4461], [73.8590616, 18.4461725], [73.8590108, 18.4463868], [73.8589932, 18.4464613]]}}, {"type": "Feature", "id": 858863081, "properties": {"id": 858863081, "name": "Satara Road", "highway": "trunk", "ref": "NH60", "oneway": "yes", "length_km": 0.228}, "geometry": {"type": "LineString", "coordinates": [[73.8590843, 18.4465164], [73.8591067, 18.4464172], [73.8591582, 18.4461891], [73.8592333, 18.4458252], [73.8592962, 18.4455154], [73.8593204, 18.4452947], [73.8593319, 18.4452076], [73.8593405, 18.4450695], [73.8593452, 18.4449277], [73.8593338, 18.4447006], [73.8593227, 18.4446339], [73.8593117, 18.4445676], [73.8592792, 18.4444908]]}}, {"type": "Feature", "id": 862521720, "properties": {"id": 862521720, "name": "NDA Road", "highway": "primary", "ref": "SH59", "oneway": "no", "length_km": 0.016}, "geometry": {"type": "LineString", "coordinates": [[73.7701625, 18.4572708], [73.7703006, 18.457337]]}}, {"type": "Feature", "id": 862521721, "properties": {"id": 862521721, "name": "NDA Road", "highway": "primary", "ref": "SH59", "oneway": "no", "length_km": 0.487}, "geometry": {"type": "LineString", "coordinates": [[73.7669949, 18.4544428], [73.7669973, 18.4544987], [73.7670484, 18.4549619], [73.767086, 18.4550637], [73.767204, 18.4552545], [73.7672617, 18.4553156], [73.7674186, 18.4554415], [73.7674735, 18.4554733], [73.768147, 18.4557805], [73.7683755, 18.4558802], [73.7684579, 18.4559199], [73.7686959, 18.4560243], [73.7687859, 18.4560638], [73.7689708, 18.4563668], [73.7690319, 18.4564923], [73.7690668, 18.4565343], [73.7691097, 18.4565585], [73.7693281, 18.4566352], [73.7694315, 18.4567083], [73.769618, 18.4568898], [73.7696322, 18.4569021], [73.7698178, 18.4570622], [73.7699103, 18.4571322], [73.7699855, 18.4571735], [73.7701625, 18.4572708]]}}, {"type": "Feature", "id": 862782931, "properties": {"id": 862782931, "name": "NH548DD", "highway": "trunk", "ref": "NH548DD", "oneway": "yes", "length_km": 0.018}, "geometry": {"type": "LineString", "coordinates": [[73.9108177, 18.449885], [73.9109765, 18.4499451]]}}, {"type": "Feature", "id": 862782932, "properties": {"id": 862782932, "name": "NH548DD", "highway": "trunk", "ref": "NH548DD", "oneway": "yes", "length_km": 0.116}, "geometry": {"type": "LineString", "coordinates": [[73.9150593, 18.4504461], [73.9146665, 18.4502962], [73.9142982, 18.4501497], [73.91403, 18.4500722]]}}, {"type": "Feature", "id": 862782933, "properties": {"id": 862782933, "name": "NH548DD", "highway": "trunk", "ref": "NH548DD", "oneway": "yes", "length_km": 0.343}, "geometry": {"type": "LineString", "coordinates": [[73.91403, 18.4500722], [73.9139334, 18.4500384], [73.9138457, 18.450019], [73.9137639, 18.4499993], [73.9136881, 18.4499923], [73.9134937, 18.4499884], [73.9134073, 18.4499917], [73.9129499, 18.4500094], [73.9128051, 18.450018], [73.9127359, 18.4500221], [73.9125422, 18.4500336], [73.9121465, 18.4500374], [73.9117482, 18.4500374], [73.9116235, 18.4500317], [73.9115593, 18.4500245], [73.9114646, 18.4500139], [73.9113971, 18.4499971], [73.9113381, 18.4499825], [73.9113157, 18.449977], [73.9111608, 18.4499293], [73.9109491, 18.4498574], [73.9108119, 18.4498006]]}}, {"type": "Feature", "id": 862789520, "properties": {"id": 862789520, "name": "Sinhgad Road exit", "highway": "trunk_link", "ref": "", "oneway": "yes", "length_km": 0.426}, "geometry": {"type": "LineString", "coordinates": [[73.8193622, 18.4631034], [73.8192756, 18.4631985], [73.8189917, 18.46351], [73.8188951, 18.4636183], [73.8186621, 18.4638796], [73.8182704, 18.4643303], [73.8181715, 18.464444], [73.8175743, 18.4651312], [73.8171113, 18.465664], [73.8168366, 18.46598], [73.8167695, 18.466056]]}}, {"type": "Feature", "id": 862965707, "properties": {"id": 862965707, "name": "Bund Garden Bridge", "highway": "trunk", "ref": "", "oneway": "yes", "length_km": 0.014}, "geometry": {"type": "LineString", "coordinates": [[73.884804, 18.5446578], [73.8848304, 18.5445337]]}}, {"type": "Feature", "id": 862965711, "properties": {"id": 862965711, "name": "Bharatratna Atal Bihari Vajpayee Flyover", "highway": "primary", "ref": "", "oneway": "yes", "length_km": 0.039}, "geometry": {"type": "LineString", "coordinates": [[73.8472471, 18.5307668], [73.8468898, 18.5308663]]}}, {"type": "Feature", "id": 864126270, "properties": {"id": 864126270, "name": "Unnamed Arterial", "highway": "trunk_link", "ref": "", "oneway": "no", "length_km": 0.007}, "geometry": {"type": "LineString", "coordinates": [[73.8359356, 18.5736447], [73.8359691, 18.5735933]]}}, {"type": "Feature", "id": 864126271, "properties": {"id": 864126271, "name": "Breman Chowk - Khadki Bazar Road", "highway": "primary", "ref": "", "oneway": "yes", "length_km": 0.008}, "geometry": {"type": "LineString", "coordinates": [[73.8465912, 18.5574789], [73.8465231, 18.5574397]]}}, {"type": "Feature", "id": 864126272, "properties": {"id": 864126272, "name": "Breman Chowk - Khadki Bazar Road", "highway": "primary", "ref": "", "oneway": "yes", "length_km": 0.009}, "geometry": {"type": "LineString", "coordinates": [[73.846395, 18.5575821], [73.8464611, 18.5576296]]}}, {"type": "Feature", "id": 864126273, "properties": {"id": 864126273, "name": "Breman Chowk - Khadki Bazar Road", "highway": "primary", "ref": "", "oneway": "yes", "length_km": 0.02}, "geometry": {"type": "LineString", "coordinates": [[73.8463251, 18.5574132], [73.846395, 18.5575821]]}}, {"type": "Feature", "id": 864126274, "properties": {"id": 864126274, "name": "Breman Chowk - Khadki Bazar Road", "highway": "primary", "ref": "", "oneway": "yes", "length_km": 0.021}, "geometry": {"type": "LineString", "coordinates": [[73.8465231, 18.5574397], [73.8463251, 18.5574132]]}}, {"type": "Feature", "id": 864147585, "properties": {"id": 864147585, "name": "Unnamed Arterial", "highway": "primary", "ref": "", "oneway": "yes", "length_km": 0.557}, "geometry": {"type": "LineString", "coordinates": [[73.8508199, 18.6203298], [73.8506984, 18.619923], [73.8506059, 18.6196133], [73.8505225, 18.6193342], [73.8504141, 18.6189764], [73.8503884, 18.6188917], [73.8503342, 18.6187267], [73.8502137, 18.6184086], [73.8501592, 18.6182516], [73.8500611, 18.6179856], [73.8500293, 18.6178889], [73.8499652, 18.6177442], [73.8496859, 18.6171027], [73.8495083, 18.6168066], [73.849344, 18.6166274], [73.8491978, 18.6164799], [73.8488384, 18.6162283], [73.8487324, 18.6161762], [73.8486144, 18.6161393], [73.8484246, 18.6161248]]}}, {"type": "Feature", "id": 864945316, "properties": {"id": 864945316, "name": "Solapur Road", "highway": "trunk", "ref": "NH65", "oneway": "no", "length_km": 0.008}, "geometry": {"type": "LineString", "coordinates": [[73.8793001, 18.5070073], [73.8792269, 18.5069924]]}}, {"type": "Feature", "id": 864945318, "properties": {"id": 864945318, "name": "Old Pune\u2013Mumbai Highway", "highway": "trunk", "ref": "NH60;65", "oneway": "yes", "length_km": 0.022}, "geometry": {"type": "LineString", "coordinates": [[73.855143, 18.5302783], [73.8553365, 18.530349]]}}, {"type": "Feature", "id": 868754778, "properties": {"id": 868754778, "name": "Unnamed Arterial", "highway": "primary_link", "ref": "", "oneway": "yes", "length_km": 0.014}, "geometry": {"type": "LineString", "coordinates": [[73.7648717, 18.5717285], [73.7649973, 18.5717722]]}}, {"type": "Feature", "id": 868754779, "properties": {"id": 868754779, "name": "Unnamed Arterial", "highway": "trunk_link", "ref": "", "oneway": "no", "length_km": 0.013}, "geometry": {"type": "LineString", "coordinates": [[73.7645441, 18.5718374], [73.7646604, 18.5718772]]}}, {"type": "Feature", "id": 888608969, "properties": {"id": 888608969, "name": "Katraj Kondhwa Road", "highway": "trunk", "ref": "", "oneway": "yes", "length_km": 0.054}, "geometry": {"type": "LineString", "coordinates": [[73.85941, 18.4473061], [73.8589854, 18.4472814], [73.8588971, 18.4472678]]}}, {"type": "Feature", "id": 888608970, "properties": {"id": 888608970, "name": "Katraj Kondhwa Road", "highway": "trunk", "ref": "", "oneway": "yes", "length_km": 0.051}, "geometry": {"type": "LineString", "coordinates": [[73.8594955, 18.4477499], [73.859479, 18.4475285], [73.8594675, 18.4474205], [73.8594436, 18.4473422], [73.85941, 18.4473061]]}}, {"type": "Feature", "id": 888608972, "properties": {"id": 888608972, "name": "Katraj Flyover", "highway": "trunk", "ref": "NH548DD", "oneway": "yes", "length_km": 0.018}, "geometry": {"type": "LineString", "coordinates": [[73.8596623, 18.4477217], [73.8594955, 18.4477499]]}}, {"type": "Feature", "id": 892997155, "properties": {"id": 892997155, "name": "Jagtap Dairy-Wakad Road", "highway": "primary", "ref": "", "oneway": "yes", "length_km": 0.161}, "geometry": {"type": "LineString", "coordinates": [[73.7853212, 18.592603], [73.785786, 18.5930539], [73.7861036, 18.5933586], [73.7864043, 18.5936322]]}}, {"type": "Feature", "id": 892997156, "properties": {"id": 892997156, "name": "Jagtap Dairy-Wakad Road", "highway": "primary", "ref": "", "oneway": "yes", "length_km": 0.051}, "geometry": {"type": "LineString", "coordinates": [[73.7848332, 18.5919758], [73.7851048, 18.5923568]]}}, {"type": "Feature", "id": 892997158, "properties": {"id": 892997158, "name": "Unnamed Arterial", "highway": "primary", "ref": "", "oneway": "yes", "length_km": 0.018}, "geometry": {"type": "LineString", "coordinates": [[73.7864043, 18.5936322], [73.7865237, 18.5937451]]}}, {"type": "Feature", "id": 892997159, "properties": {"id": 892997159, "name": "Jagtap Dairy-Wakad Road", "highway": "primary", "ref": "", "oneway": "yes", "length_km": 0.024}, "geometry": {"type": "LineString", "coordinates": [[73.7865237, 18.5937451], [73.7866444, 18.5939247]]}}, {"type": "Feature", "id": 892997165, "properties": {"id": 892997165, "name": "Unnamed Arterial", "highway": "primary", "ref": "", "oneway": "no", "length_km": 0.01}, "geometry": {"type": "LineString", "coordinates": [[73.7809758, 18.5913968], [73.7810449, 18.5913313]]}}, {"type": "Feature", "id": 893001783, "properties": {"id": 893001783, "name": "Unnamed Arterial", "highway": "primary_link", "ref": "", "oneway": "yes", "length_km": 0.075}, "geometry": {"type": "LineString", "coordinates": [[73.7649983, 18.6152491], [73.7651368, 18.6153732], [73.7652354, 18.6154705], [73.7653394, 18.6155726], [73.7655149, 18.6157091]]}}, {"type": "Feature", "id": 893001784, "properties": {"id": 893001784, "name": "Dange Chowk Underpass", "highway": "primary", "ref": "", "oneway": "yes", "length_km": 0.165}, "geometry": {"type": "LineString", "coordinates": [[73.7648811, 18.6150063], [73.7659987, 18.6160506]]}}, {"type": "Feature", "id": 893001785, "properties": {"id": 893001785, "name": "Dange Chowk Underpass", "highway": "primary", "ref": "", "oneway": "yes", "length_km": 0.163}, "geometry": {"type": "LineString", "coordinates": [[73.7660368, 18.6160054], [73.7649312, 18.6149754]]}}, {"type": "Feature", "id": 893001786, "properties": {"id": 893001786, "name": "Dange Chowk Underpass", "highway": "primary", "ref": "", "oneway": "yes", "length_km": 0.255}, "geometry": {"type": "LineString", "coordinates": [[73.7649312, 18.6149754], [73.7644967, 18.6145585], [73.7638798, 18.6139484], [73.7636115, 18.6136841], [73.7632414, 18.6133193]]}}, {"type": "Feature", "id": 893001787, "properties": {"id": 893001787, "name": "Dange Chowk Underpass", "highway": "primary", "ref": "", "oneway": "yes", "length_km": 0.108}, "geometry": {"type": "LineString", "coordinates": [[73.7659987, 18.6160506], [73.7664504, 18.616491], [73.7667129, 18.6167469]]}}, {"type": "Feature", "id": 893001788, "properties": {"id": 893001788, "name": "Dange Chowk Underpass", "highway": "primary", "ref": "", "oneway": "yes", "length_km": 0.111}, "geometry": {"type": "LineString", "coordinates": [[73.7667816, 18.6167117], [73.766503, 18.6164446], [73.7660368, 18.6160054]]}}, {"type": "Feature", "id": 893001789, "properties": {"id": 893001789, "name": "Unnamed Arterial", "highway": "primary_link", "ref": "", "oneway": "yes", "length_km": 0.213}, "geometry": {"type": "LineString", "coordinates": [[73.7655149, 18.6157091], [73.7659556, 18.6161625], [73.7663287, 18.6165076], [73.7666551, 18.6168214], [73.7667845, 18.6169213], [73.7669823, 18.6170255]]}}, {"type": "Feature", "id": 893001790, "properties": {"id": 893001790, "name": "Hinjawadi - Chinchwad Road", "highway": "primary", "ref": "", "oneway": "yes", "length_km": 0.032}, "geometry": {"type": "LineString", "coordinates": [[73.7670888, 18.6169719], [73.7669553, 18.6168699], [73.7668599, 18.6167867]]}}, {"type": "Feature", "id": 893008389, "properties": {"id": 893008389, "name": "Underpass", "highway": "primary", "ref": "", "oneway": "yes", "length_km": 0.019}, "geometry": {"type": "LineString", "coordinates": [[73.8445238, 18.5566925], [73.8446974, 18.5567456]]}}, {"type": "Feature", "id": 893008390, "properties": {"id": 893008390, "name": "Underpass", "highway": "primary", "ref": "", "oneway": "yes", "length_km": 0.019}, "geometry": {"type": "LineString", "coordinates": [[73.844355, 18.5566415], [73.8445238, 18.5566925]]}}, {"type": "Feature", "id": 893008391, "properties": {"id": 893008391, "name": "Underpass", "highway": "primary", "ref": "", "oneway": "yes", "length_km": 0.007}, "geometry": {"type": "LineString", "coordinates": [[73.8446974, 18.5567456], [73.8447668, 18.5567494]]}}, {"type": "Feature", "id": 893008392, "properties": {"id": 893008392, "name": "Underpass", "highway": "primary", "ref": "", "oneway": "yes", "length_km": 0.007}, "geometry": {"type": "LineString", "coordinates": [[73.8447668, 18.5567494], [73.8447139, 18.5567066]]}}, {"type": "Feature", "id": 893008393, "properties": {"id": 893008393, "name": "Underpass", "highway": "primary", "ref": "", "oneway": "yes", "length_km": 0.019}, "geometry": {"type": "LineString", "coordinates": [[73.8447139, 18.5567066], [73.8445402, 18.5566512]]}}, {"type": "Feature", "id": 893008394, "properties": {"id": 893008394, "name": "Underpass", "highway": "primary", "ref": "", "oneway": "yes", "length_km": 0.019}, "geometry": {"type": "LineString", "coordinates": [[73.8445402, 18.5566512], [73.8443725, 18.5565963]]}}, {"type": "Feature", "id": 893008395, "properties": {"id": 893008395, "name": "Breman Chowk - Khadki Bazar Road", "highway": "primary", "ref": "", "oneway": "no", "length_km": 0.017}, "geometry": {"type": "LineString", "coordinates": [[73.8464592, 18.558534], [73.8464731, 18.5584814], [73.8464981, 18.5583864]]}}, {"type": "Feature", "id": 904705047, "properties": {"id": 904705047, "name": "Satara Road", "highway": "trunk", "ref": "NH60", "oneway": "yes", "length_km": 0.165}, "geometry": {"type": "LineString", "coordinates": [[73.8578276, 18.4966155], [73.8578276, 18.4967061], [73.8578332, 18.4968131], [73.8578357, 18.4968618], [73.8578439, 18.4970187], [73.8580156, 18.4980916]]}}, {"type": "Feature", "id": 944756385, "properties": {"id": 944756385, "name": "Baner Exit Ramp", "highway": "primary", "ref": "", "oneway": "yes", "length_km": 0.276}, "geometry": {"type": "LineString", "coordinates": [[73.7652881, 18.5694586], [73.7652573, 18.5695412], [73.7651591, 18.5698048], [73.7650865, 18.5699997], [73.7650438, 18.5701144], [73.7647779, 18.5708283], [73.7647229, 18.5710139], [73.7646814, 18.5712096], [73.7646546, 18.5714366], [73.7646501, 18.5714746], [73.7645441, 18.5718374]]}}, {"type": "Feature", "id": 944756386, "properties": {"id": 944756386, "name": "Baner Exit Ramp", "highway": "primary", "ref": "", "oneway": "no", "length_km": 0.013}, "geometry": {"type": "LineString", "coordinates": [[73.7653307, 18.5693443], [73.76531, 18.5693997], [73.7652881, 18.5694586]]}}, {"type": "Feature", "id": 944756615, "properties": {"id": 944756615, "name": "Gopal Hari Deshmukh Marg", "highway": "primary", "ref": "", "oneway": "yes", "length_km": 0.097}, "geometry": {"type": "LineString", "coordinates": [[73.7652881, 18.5694586], [73.7659608, 18.5691514], [73.7661124, 18.5690656]]}}, {"type": "Feature", "id": 944756617, "properties": {"id": 944756617, "name": "Baner Exit Ramp", "highway": "primary", "ref": "", "oneway": "yes", "length_km": 0.013}, "geometry": {"type": "LineString", "coordinates": [[73.7661124, 18.5690656], [73.7661526, 18.5689557]]}}, {"type": "Feature", "id": 953629033, "properties": {"id": 953629033, "name": "Satara Road", "highway": "trunk", "ref": "NH60", "oneway": "yes", "length_km": 0.048}, "geometry": {"type": "LineString", "coordinates": [[73.8585493, 18.5004551], [73.8585155, 18.500242], [73.8584809, 18.500024]]}}, {"type": "Feature", "id": 953629034, "properties": {"id": 953629034, "name": "Satara Road", "highway": "trunk", "ref": "NH60", "oneway": "yes", "length_km": 0.039}, "geometry": {"type": "LineString", "coordinates": [[73.8584809, 18.500024], [73.8584621, 18.4998631], [73.8584433, 18.4996717]]}}, {"type": "Feature", "id": 953634243, "properties": {"id": 953634243, "name": "Unnamed Arterial", "highway": "trunk", "ref": "", "oneway": "no", "length_km": 0.013}, "geometry": {"type": "LineString", "coordinates": [[73.8519968, 18.4500657], [73.8520196, 18.4501788]]}}, {"type": "Feature", "id": 954341300, "properties": {"id": 954341300, "name": "Unnamed Arterial", "highway": "primary", "ref": "", "oneway": "yes", "length_km": 0.026}, "geometry": {"type": "LineString", "coordinates": [[73.869302, 18.4982192], [73.8693159, 18.4984511]]}}, {"type": "Feature", "id": 954341301, "properties": {"id": 954341301, "name": "Unnamed Arterial", "highway": "primary", "ref": "", "oneway": "yes", "length_km": 0.012}, "geometry": {"type": "LineString", "coordinates": [[73.8693159, 18.4984511], [73.8693227, 18.4985555]]}}, {"type": "Feature", "id": 954341302, "properties": {"id": 954341302, "name": "Unnamed Arterial", "highway": "primary", "ref": "", "oneway": "yes", "length_km": 0.027}, "geometry": {"type": "LineString", "coordinates": [[73.8694144, 18.4984309], [73.869403, 18.498186]]}}, {"type": "Feature", "id": 954341303, "properties": {"id": 954341303, "name": "Unnamed Arterial", "highway": "primary", "ref": "", "oneway": "yes", "length_km": 0.013}, "geometry": {"type": "LineString", "coordinates": [[73.8694201, 18.4985488], [73.8694144, 18.4984309]]}}, {"type": "Feature", "id": 954341304, "properties": {"id": 954341304, "name": "Unnamed Arterial", "highway": "primary", "ref": "", "oneway": "yes", "length_km": 0.011}, "geometry": {"type": "LineString", "coordinates": [[73.869403, 18.498186], [73.8694034, 18.4980907]]}}, {"type": "Feature", "id": 954341305, "properties": {"id": 954341305, "name": "Bharat Ratna Doctor Babasaheb Ambedkar Flyover", "highway": "primary", "ref": "", "oneway": "yes", "length_km": 0.016}, "geometry": {"type": "LineString", "coordinates": [[73.869403, 18.498186], [73.8693518, 18.4980502]]}}, {"type": "Feature", "id": 954341306, "properties": {"id": 954341306, "name": "Bharat Ratna Doctor Babasaheb Ambedkar Flyover", "highway": "primary", "ref": "", "oneway": "no", "length_km": 0.735}, "geometry": {"type": "LineString", "coordinates": [[73.8693518, 18.4980502], [73.8693185, 18.4973552], [73.8693033, 18.4969393], [73.8692836, 18.4965264], [73.8692714, 18.4960443], [73.8692684, 18.4953278], [73.8692562, 18.494486], [73.8692411, 18.493578], [73.8692365, 18.4931219], [73.8692365, 18.4930471], [73.8692426, 18.4929262], [73.8692502, 18.4927996], [73.8692699, 18.4926686], [73.8693276, 18.4924398], [73.8694429, 18.491988], [73.8695825, 18.4914657]]}}, {"type": "Feature", "id": 954341307, "properties": {"id": 954341307, "name": "Bharat Ratna Doctor Babasaheb Ambedkar Flyover", "highway": "primary", "ref": "", "oneway": "yes", "length_km": 0.022}, "geometry": {"type": "LineString", "coordinates": [[73.8696024, 18.4912749], [73.8695763, 18.4913682], [73.8695825, 18.4914657]]}}, {"type": "Feature", "id": 954341308, "properties": {"id": 954341308, "name": "Bharat Ratna Doctor Babasaheb Ambedkar Flyover", "highway": "primary", "ref": "", "oneway": "yes", "length_km": 0.022}, "geometry": {"type": "LineString", "coordinates": [[73.8695825, 18.4914657], [73.8696299, 18.4913831], [73.8696581, 18.4912862]]}}, {"type": "Feature", "id": 954341309, "properties": {"id": 954341309, "name": "Jawaharlal Nehru Marg", "highway": "primary", "ref": "", "oneway": "yes", "length_km": 1.237}, "geometry": {"type": "LineString", "coordinates": [[73.8696581, 18.4912862], [73.8697687, 18.4908845], [73.8698961, 18.4904357], [73.8699676, 18.4901538], [73.8701188, 18.4894969], [73.8701424, 18.4894097], [73.8701738, 18.4892914], [73.8701822, 18.4892563], [73.870543, 18.4877504], [73.8708024, 18.4866757], [73.8710457, 18.4856689], [73.8714725, 18.4839066], [73.8716621, 18.4830926], [73.8716946, 18.482953], [73.8717375, 18.4826865], [73.8717813, 18.4824885], [73.8718974, 18.4821445], [73.8719193, 18.4820864], [73.8722305, 18.4812602], [73.8723607, 18.4808532], [73.8723799, 18.4807537], [73.8724233, 18.4804625]]}}, {"type": "Feature", "id": 954341310, "properties": {"id": 954341310, "name": "Jawaharlal Nehru Marg", "highway": "primary", "ref": "", "oneway": "yes", "length_km": 0.774}, "geometry": {"type": "LineString", "coordinates": [[73.8696024, 18.4912749], [73.8695358, 18.4913354], [73.8691791, 18.4928568], [73.8691683, 18.4929948], [73.86917, 18.49315], [73.8691812, 18.4940438], [73.8691884, 18.494438], [73.8692016, 18.4951583], [73.8692148, 18.4962539], [73.8692124, 18.4965082], [73.8692186, 18.4966945], [73.8692711, 18.497642], [73.8692957, 18.4979396], [73.8693011, 18.4981802]]}}, {"type": "Feature", "id": 954341311, "properties": {"id": 954341311, "name": "Bharat Ratna Doctor Babasaheb Ambedkar Flyover", "highway": "primary", "ref": "", "oneway": "yes", "length_km": 0.019}, "geometry": {"type": "LineString", "coordinates": [[73.8693518, 18.4980502], [73.869302, 18.4982192]]}}, {"type": "Feature", "id": 958663037, "properties": {"id": 958663037, "name": "Unnamed Arterial", "highway": "trunk_link", "ref": "", "oneway": "yes", "length_km": 0.047}, "geometry": {"type": "LineString", "coordinates": [[73.7756036, 18.5436469], [73.775205, 18.5438422]]}}, {"type": "Feature", "id": 959538710, "properties": {"id": 959538710, "name": "Unnamed Arterial", "highway": "trunk", "ref": "", "oneway": "yes", "length_km": 0.121}, "geometry": {"type": "LineString", "coordinates": [[73.9394556, 18.4999554], [73.9393184, 18.4999458], [73.9392304, 18.499976], [73.9390499, 18.5001429], [73.9388921, 18.5002854], [73.9386857, 18.5004911], [73.938574, 18.5005853]]}}, {"type": "Feature", "id": 959538711, "properties": {"id": 959538711, "name": "Unnamed Arterial", "highway": "trunk", "ref": "", "oneway": "yes", "length_km": 0.02}, "geometry": {"type": "LineString", "coordinates": [[73.938574, 18.5005853], [73.9385005, 18.5006457], [73.938427, 18.500706]]}}, {"type": "Feature", "id": 959538713, "properties": {"id": 959538713, "name": "Unnamed Arterial", "highway": "trunk", "ref": "", "oneway": "yes", "length_km": 0.029}, "geometry": {"type": "LineString", "coordinates": [[73.938427, 18.500706], [73.938705, 18.5006712]]}}, {"type": "Feature", "id": 959538716, "properties": {"id": 959538716, "name": "Unnamed Arterial", "highway": "trunk", "ref": "", "oneway": "no", "length_km": 0.025}, "geometry": {"type": "LineString", "coordinates": [[73.938427, 18.500706], [73.9384676, 18.5009251]]}}, {"type": "Feature", "id": 970338142, "properties": {"id": 970338142, "name": "Jagtap Dairy-Wakad Road", "highway": "primary", "ref": "", "oneway": "yes", "length_km": 0.152}, "geometry": {"type": "LineString", "coordinates": [[73.7856094, 18.5929672], [73.7856701, 18.5930234], [73.7858528, 18.5931924], [73.7864464, 18.5937415], [73.7866444, 18.5939247]]}}, {"type": "Feature", "id": 970338143, "properties": {"id": 970338143, "name": "Unnamed Arterial", "highway": "primary", "ref": "", "oneway": "yes", "length_km": 0.021}, "geometry": {"type": "LineString", "coordinates": [[73.7851206, 18.5925153], [73.7852507, 18.5926604]]}}, {"type": "Feature", "id": 970338144, "properties": {"id": 970338144, "name": "Jagtap Dairy-Wakad Road", "highway": "primary", "ref": "", "oneway": "yes", "length_km": 0.051}, "geometry": {"type": "LineString", "coordinates": [[73.7852507, 18.5926604], [73.7854419, 18.5928124], [73.7856094, 18.5929672]]}}, {"type": "Feature", "id": 970338145, "properties": {"id": 970338145, "name": "Unnamed Arterial", "highway": "primary", "ref": "", "oneway": "yes", "length_km": 0.299}, "geometry": {"type": "LineString", "coordinates": [[73.7822664, 18.5921841], [73.7824722, 18.5921566], [73.7827668, 18.5921016], [73.782975, 18.5921142], [73.7834029, 18.5920533], [73.783626, 18.5920155], [73.7838454, 18.5919783], [73.7839183, 18.591966], [73.7840736, 18.5919391], [73.7843868, 18.5918892], [73.7845156, 18.5918877], [73.7846068, 18.5919146], [73.7847417, 18.59199], [73.7848051, 18.5920732], [73.7848391, 18.5921549], [73.7848819, 18.5922593]]}}, {"type": "Feature", "id": 970338148, "properties": {"id": 970338148, "name": "Jagtap Dairy-Wakad Bypass Road", "highway": "primary", "ref": "", "oneway": "yes", "length_km": 0.045}, "geometry": {"type": "LineString", "coordinates": [[73.7869459, 18.5939201], [73.7866333, 18.59364]]}}, {"type": "Feature", "id": 978026344, "properties": {"id": 978026344, "name": "Pashan-Bavdhan Road", "highway": "primary", "ref": "", "oneway": "yes", "length_km": 0.146}, "geometry": {"type": "LineString", "coordinates": [[73.7826487, 18.5087867], [73.7827293, 18.5086468], [73.7834871, 18.5077356]]}}, {"type": "Feature", "id": 978026345, "properties": {"id": 978026345, "name": "Pashan-Bavdhan Road", "highway": "primary", "ref": "", "oneway": "yes", "length_km": 0.144}, "geometry": {"type": "LineString", "coordinates": [[73.7834256, 18.5076659], [73.7833013, 18.507836], [73.7825982, 18.5087051]]}}, {"type": "Feature", "id": 979677080, "properties": {"id": 979677080, "name": "Sadguru Shankar Maharaj Uddanpul", "highway": "trunk", "ref": "", "oneway": "yes", "length_km": 0.053}, "geometry": {"type": "LineString", "coordinates": [[73.8582093, 18.4626097], [73.8581941, 18.4621361]]}}, {"type": "Feature", "id": 979677081, "properties": {"id": 979677081, "name": "Late Keshavrao Jedhe Flyover", "highway": "trunk", "ref": "NH60", "oneway": "yes", "length_km": 0.028}, "geometry": {"type": "LineString", "coordinates": [[73.8578509, 18.4941235], [73.8578436, 18.4943746]]}}, {"type": "Feature", "id": 985420889, "properties": {"id": 985420889, "name": "Sinhagad Road", "highway": "primary", "ref": "", "oneway": "no", "length_km": 0.039}, "geometry": {"type": "LineString", "coordinates": [[73.7945604, 18.4531776], [73.7946965, 18.453181], [73.7947692, 18.4531992], [73.7948453, 18.4532332], [73.7949051, 18.453282]]}}, {"type": "Feature", "id": 985420890, "properties": {"id": 985420890, "name": "Sinhagad Road", "highway": "primary", "ref": "", "oneway": "yes", "length_km": 0.034}, "geometry": {"type": "LineString", "coordinates": [[73.7950911, 18.4537086], [73.7951403, 18.4538032], [73.7951592, 18.4538397], [73.7951698, 18.4538631], [73.795226, 18.4539879]]}}, {"type": "Feature", "id": 985420891, "properties": {"id": 985420891, "name": "Sinhagad Road", "highway": "primary", "ref": "", "oneway": "no", "length_km": 0.032}, "geometry": {"type": "LineString", "coordinates": [[73.7964817, 18.4546606], [73.7962891, 18.4545581], [73.7962215, 18.4545315], [73.7962085, 18.454524]]}}, {"type": "Feature", "id": 985420892, "properties": {"id": 985420892, "name": "Sinhagad Road", "highway": "primary", "ref": "", "oneway": "yes", "length_km": 0.109}, "geometry": {"type": "LineString", "coordinates": [[73.7962085, 18.454524], [73.7961274, 18.4544791], [73.7960081, 18.4544635], [73.7958688, 18.4544507], [73.7957709, 18.4544412], [73.7956807, 18.4544294], [73.7955597, 18.4544067], [73.7954887, 18.4543732], [73.7954224, 18.4543166], [73.7953779, 18.4542396], [73.7953424, 18.4541373]]}}, {"type": "Feature", "id": 985420894, "properties": {"id": 985420894, "name": "Sinhagad Road", "highway": "primary", "ref": "", "oneway": "yes", "length_km": 0.034}, "geometry": {"type": "LineString", "coordinates": [[73.79518, 18.453688], [73.7950471, 18.4534135]]}}, {"type": "Feature", "id": 985420896, "properties": {"id": 985420896, "name": "Sinhagad Road", "highway": "primary", "ref": "", "oneway": "yes", "length_km": 0.022}, "geometry": {"type": "LineString", "coordinates": [[73.7950471, 18.4534135], [73.7950151, 18.4533517], [73.7949994, 18.4533272], [73.7949051, 18.453282]]}}, {"type": "Feature", "id": 985420897, "properties": {"id": 985420897, "name": "Sinhagad Road", "highway": "primary", "ref": "", "oneway": "yes", "length_km": 0.016}, "geometry": {"type": "LineString", "coordinates": [[73.7949051, 18.453282], [73.7949119, 18.4533848], [73.7949314, 18.4534194]]}}, {"type": "Feature", "id": 985420898, "properties": {"id": 985420898, "name": "Sinhagad Road", "highway": "primary", "ref": "", "oneway": "yes", "length_km": 0.036}, "geometry": {"type": "LineString", "coordinates": [[73.7949314, 18.4534194], [73.7950911, 18.4537086]]}}, {"type": "Feature", "id": 985420900, "properties": {"id": 985420900, "name": "Sinhagad Road", "highway": "primary", "ref": "", "oneway": "yes", "length_km": 0.033}, "geometry": {"type": "LineString", "coordinates": [[73.7953071, 18.453964], [73.7952269, 18.4537795], [73.7952017, 18.4537303], [73.79518, 18.453688]]}}, {"type": "Feature", "id": 985420901, "properties": {"id": 985420901, "name": "Sinhagad Road", "highway": "primary", "ref": "", "oneway": "yes", "length_km": 0.019}, "geometry": {"type": "LineString", "coordinates": [[73.795226, 18.4539879], [73.7952495, 18.4540923], [73.7952627, 18.4541511]]}}, {"type": "Feature", "id": 985420902, "properties": {"id": 985420902, "name": "Sinhagad Road", "highway": "primary", "ref": "", "oneway": "yes", "length_km": 0.02}, "geometry": {"type": "LineString", "coordinates": [[73.7953424, 18.4541373], [73.7953071, 18.453964]]}}, {"type": "Feature", "id": 985967409, "properties": {"id": 985967409, "name": "Katraj Kondhwa Road", "highway": "trunk", "ref": "NH548DD", "oneway": "no", "length_km": 0.007}, "geometry": {"type": "LineString", "coordinates": [[73.8594961, 18.4478109], [73.8594955, 18.4477499]]}}, {"type": "Feature", "id": 987682368, "properties": {"id": 987682368, "name": "Senapati Bapat Marg", "highway": "primary", "ref": "", "oneway": "yes", "length_km": 0.002}, "geometry": {"type": "LineString", "coordinates": [[73.8303464, 18.5406855], [73.8303651, 18.5406989]]}}, {"type": "Feature", "id": 990962807, "properties": {"id": 990962807, "name": "Service Road", "highway": "primary_link", "ref": "", "oneway": "yes", "length_km": 0.114}, "geometry": {"type": "LineString", "coordinates": [[73.7821984, 18.5077852], [73.7822236, 18.5077926], [73.7822373, 18.5078103], [73.7822429, 18.5078282], [73.7822606, 18.5078954], [73.7824903, 18.5087652]]}}, {"type": "Feature", "id": 990962808, "properties": {"id": 990962808, "name": "Service Road", "highway": "primary_link", "ref": "", "oneway": "yes", "length_km": 0.127}, "geometry": {"type": "LineString", "coordinates": [[73.782538, 18.5087078], [73.7824841, 18.5084832], [73.7823394, 18.50788], [73.7823296, 18.507839], [73.782326, 18.5078018], [73.7823365, 18.5077663], [73.7823793, 18.507715], [73.7824158, 18.5076899], [73.7824842, 18.5076593]]}}, {"type": "Feature", "id": 991282329, "properties": {"id": 991282329, "name": "Balaji Vishwanath Path", "highway": "trunk", "ref": "NH60;NH65", "oneway": "yes", "length_km": 0.05}, "geometry": {"type": "LineString", "coordinates": [[73.8546524, 18.5013094], [73.8544167, 18.5013893], [73.8542922, 18.5014259], [73.8542032, 18.5014493]]}}, {"type": "Feature", "id": 991282330, "properties": {"id": 991282330, "name": "Balaji Vishwanath Path", "highway": "trunk", "ref": "NH60;NH65", "oneway": "no", "length_km": 0.037}, "geometry": {"type": "LineString", "coordinates": [[73.8540449, 18.5013062], [73.85401, 18.5012864], [73.8539692, 18.501278], [73.8539279, 18.5012839], [73.8538916, 18.5013035], [73.8538651, 18.5013341], [73.8538551, 18.5013573], [73.8538509, 18.5013819], [73.8538528, 18.5014069], [73.8538607, 18.5014307], [73.8538804, 18.5014572]]}}, {"type": "Feature", "id": 991282333, "properties": {"id": 991282333, "name": "Balaji Vishwanath Path", "highway": "trunk", "ref": "NH60;NH65", "oneway": "no", "length_km": 0.022}, "geometry": {"type": "LineString", "coordinates": [[73.8538804, 18.5014572], [73.8539114, 18.5014825], [73.8539473, 18.501494], [73.8539851, 18.5014938], [73.8540138, 18.5014897], [73.8540401, 18.5014692], [73.8540604, 18.5014512]]}}, {"type": "Feature", "id": 991282335, "properties": {"id": 991282335, "name": "Balaji Vishwanath Path", "highway": "trunk", "ref": "NH60;65", "oneway": "yes", "length_km": 0.012}, "geometry": {"type": "LineString", "coordinates": [[73.8584349, 18.5005586], [73.8585447, 18.5005474]]}}, {"type": "Feature", "id": 991282336, "properties": {"id": 991282336, "name": "Shivaji Road", "highway": "trunk", "ref": "NH60;NH65", "oneway": "yes", "length_km": 0.043}, "geometry": {"type": "LineString", "coordinates": [[73.8584909, 18.5009078], [73.8584458, 18.5008041], [73.8584093, 18.5007573], [73.8583493, 18.5007064], [73.8583125, 18.5006878], [73.8582849, 18.5006738], [73.8582142, 18.5006618]]}}, {"type": "Feature", "id": 991282337, "properties": {"id": 991282337, "name": "Shivaji Road", "highway": "trunk", "ref": "NH60;NH65", "oneway": "yes", "length_km": 0.04}, "geometry": {"type": "LineString", "coordinates": [[73.8584909, 18.5009078], [73.8585284, 18.5006492], [73.8585447, 18.5005474]]}}, {"type": "Feature", "id": 991458419, "properties": {"id": 991458419, "name": "Unnamed Arterial", "highway": "primary", "ref": "", "oneway": "yes", "length_km": 0.011}, "geometry": {"type": "LineString", "coordinates": [[73.8793269, 18.507114], [73.8793253, 18.5070124]]}}, {"type": "Feature", "id": 996315501, "properties": {"id": 996315501, "name": "Unnamed Arterial", "highway": "primary_link", "ref": "", "oneway": "yes", "length_km": 0.034}, "geometry": {"type": "LineString", "coordinates": [[73.8250982, 18.505985], [73.8251172, 18.5057928], [73.8251283, 18.5056806]]}}, {"type": "Feature", "id": 999982720, "properties": {"id": 999982720, "name": "Shivajinagar Railway Station Road", "highway": "primary", "ref": "", "oneway": "yes", "length_km": 0.1}, "geometry": {"type": "LineString", "coordinates": [[73.8497713, 18.5311525], [73.849773, 18.531092], [73.849783, 18.5308162], [73.8497859, 18.5306961], [73.8497919, 18.5304531], [73.8497927, 18.5302488]]}}, {"type": "Feature", "id": 1001048486, "properties": {"id": 1001048486, "name": "NH753F", "highway": "primary", "ref": "NH753F", "oneway": "no", "length_km": 0.029}, "geometry": {"type": "LineString", "coordinates": [[73.8447931, 18.5315508], [73.8446039, 18.5313657]]}}, {"type": "Feature", "id": 1002640430, "properties": {"id": 1002640430, "name": "Unnamed Arterial", "highway": "trunk_link", "ref": "", "oneway": "yes", "length_km": 0.118}, "geometry": {"type": "LineString", "coordinates": [[73.9372716, 18.5625649], [73.937429, 18.5625033], [73.9377875, 18.5623712], [73.9380097, 18.5623103], [73.9382258, 18.5622577], [73.9383336, 18.5622312]]}}, {"type": "Feature", "id": 1010248575, "properties": {"id": 1010248575, "name": "Unnamed Arterial", "highway": "primary", "ref": "", "oneway": "no", "length_km": 0.014}, "geometry": {"type": "LineString", "coordinates": [[73.8682272, 18.5196114], [73.8681741, 18.5196588], [73.8681328, 18.5197016]]}}, {"type": "Feature", "id": 1010248922, "properties": {"id": 1010248922, "name": "Unnamed Arterial", "highway": "trunk_link", "ref": "", "oneway": "yes", "length_km": 0.02}, "geometry": {"type": "LineString", "coordinates": [[73.8845411, 18.5065464], [73.8845348, 18.5063669]]}}, {"type": "Feature", "id": 1016295323, "properties": {"id": 1016295323, "name": "Late Manohar Parikar Underpass", "highway": "primary", "ref": "", "oneway": "yes", "length_km": 0.055}, "geometry": {"type": "LineString", "coordinates": [[73.8111942, 18.599448], [73.8117177, 18.5994471]]}}, {"type": "Feature", "id": 1016295324, "properties": {"id": 1016295324, "name": "Late Manohar Parikar Underpass", "highway": "primary", "ref": "", "oneway": "yes", "length_km": 0.086}, "geometry": {"type": "LineString", "coordinates": [[73.8103782, 18.5994901], [73.8111942, 18.599448]]}}, {"type": "Feature", "id": 1016295325, "properties": {"id": 1016295325, "name": "Late Manohar Parikar Underpass", "highway": "primary", "ref": "", "oneway": "yes", "length_km": 0.097}, "geometry": {"type": "LineString", "coordinates": [[73.8120803, 18.5994311], [73.8119137, 18.5993591], [73.8118, 18.5993248], [73.8116659, 18.5992954], [73.8111844, 18.5993192]]}}, {"type": "Feature", "id": 1016295326, "properties": {"id": 1016295326, "name": "Late Manohar Parikar Underpass", "highway": "primary", "ref": "", "oneway": "yes", "length_km": 0.096}, "geometry": {"type": "LineString", "coordinates": [[73.8137499, 18.6004255], [73.8129803, 18.5999657]]}}, {"type": "Feature", "id": 1016528834, "properties": {"id": 1016528834, "name": "Kalewadi Main Road / Aundh-Ravet Road", "highway": "primary", "ref": "", "oneway": "yes", "length_km": 0.018}, "geometry": {"type": "LineString", "coordinates": [[73.7850312, 18.591869], [73.7849132, 18.5917533]]}}, {"type": "Feature", "id": 1016533632, "properties": {"id": 1016533632, "name": "NDA Road", "highway": "primary", "ref": "SH59", "oneway": "yes", "length_km": 0.058}, "geometry": {"type": "LineString", "coordinates": [[73.804671, 18.4801938], [73.804203, 18.4802006], [73.8041214, 18.4801981]]}}, {"type": "Feature", "id": 1022821423, "properties": {"id": 1022821423, "name": "NH548DD", "highway": "trunk", "ref": "NH548DD", "oneway": "yes", "length_km": 0.018}, "geometry": {"type": "LineString", "coordinates": [[73.8586277, 18.4480809], [73.8584544, 18.4480926]]}}, {"type": "Feature", "id": 1022821424, "properties": {"id": 1022821424, "name": "Satara Road", "highway": "trunk", "ref": "NH60", "oneway": "yes", "length_km": 0.016}, "geometry": {"type": "LineString", "coordinates": [[73.8585756, 18.448212], [73.858611, 18.448137], [73.8586277, 18.4480809]]}}, {"type": "Feature", "id": 1022821425, "properties": {"id": 1022821425, "name": "NH548DD", "highway": "trunk", "ref": "NH548DD", "oneway": "yes", "length_km": 0.01}, "geometry": {"type": "LineString", "coordinates": [[73.8584917, 18.4482617], [73.8585756, 18.448212]]}}, {"type": "Feature", "id": 1022821426, "properties": {"id": 1022821426, "name": "Satara Road", "highway": "trunk", "ref": "NH60", "oneway": "yes", "length_km": 0.991}, "geometry": {"type": "LineString", "coordinates": [[73.8582467, 18.4489186], [73.8582136, 18.449051], [73.8581456, 18.449624], [73.8581256, 18.4497503], [73.8581214, 18.4497766], [73.858026, 18.4504156], [73.8580125, 18.4506559], [73.8580095, 18.450709], [73.8580045, 18.4507734], [73.8580031, 18.4508114], [73.8580057, 18.4509292], [73.8580063, 18.4509546], [73.8580099, 18.4511131], [73.8580106, 18.4511465], [73.858133, 18.4521889], [73.8581357, 18.4522123], [73.8581395, 18.4522382], [73.8581899, 18.4525868], [73.8582187, 18.4527963], [73.8582328, 18.4528985], [73.8583167, 18.453354], [73.858465, 18.4541566], [73.8584682, 18.4541775], [73.8584863, 18.4542775], [73.8584963, 18.4543233], [73.858505, 18.4543748], [73.8585151, 18.45444], [73.8585403, 18.4546101], [73.8585493, 18.4546711], [73.8585566, 18.4547201], [73.8585672, 18.4547759], [73.8585817, 18.4550842], [73.8585769, 18.4553465], [73.8584798, 18.456138], [73.8584362, 18.4564441], [73.8583828, 18.4567156], [73.8582955, 18.4570032], [73.8581766, 18.4574887], [73.8581402, 18.4577119], [73.8581348, 18.4577531]]}}, {"type": "Feature", "id": 1022821427, "properties": {"id": 1022821427, "name": "Satara Road", "highway": "trunk", "ref": "NH60", "oneway": "yes", "length_km": 0.086}, "geometry": {"type": "LineString", "coordinates": [[73.8588971, 18.4472678], [73.8589129, 18.4472048], [73.8589999, 18.446857], [73.8590843, 18.4465164]]}}, {"type": "Feature", "id": 1022821428, "properties": {"id": 1022821428, "name": "Satara Road", "highway": "trunk", "ref": "NH60", "oneway": "yes", "length_km": 0.101}, "geometry": {"type": "LineString", "coordinates": [[73.8587737, 18.4472369], [73.858738, 18.4473228], [73.8587123, 18.4473973], [73.8585649, 18.4478244], [73.8585246, 18.4479208], [73.8584544, 18.4480926]]}}, {"type": "Feature", "id": 1023396100, "properties": {"id": 1023396100, "name": "Unnamed Arterial", "highway": "primary_link", "ref": "", "oneway": "no", "length_km": 0.013}, "geometry": {"type": "LineString", "coordinates": [[73.7620082, 18.6121423], [73.7619292, 18.6122368]]}}, {"type": "Feature", "id": 1031910966, "properties": {"id": 1031910966, "name": "Vishrantwadi - Airport Road", "highway": "primary", "ref": "", "oneway": "yes", "length_km": 0.579}, "geometry": {"type": "LineString", "coordinates": [[73.8879058, 18.5738249], [73.8880426, 18.5738356], [73.8885234, 18.5738774], [73.8889584, 18.573935], [73.8892499, 18.5739736], [73.8897491, 18.5740397], [73.8905189, 18.5741417], [73.8916441, 18.5742748], [73.8921622, 18.5743386], [73.8928724, 18.574426], [73.8933726, 18.5744876]]}}, {"type": "Feature", "id": 1034768208, "properties": {"id": 1034768208, "name": "Jagtap Dairy-Wakad Road", "highway": "primary", "ref": "", "oneway": "yes", "length_km": 0.036}, "geometry": {"type": "LineString", "coordinates": [[73.7851048, 18.5923568], [73.7852316, 18.5925016], [73.7853212, 18.592603]]}}, {"type": "Feature", "id": 1034768210, "properties": {"id": 1034768210, "name": "Unnamed Arterial", "highway": "primary", "ref": "", "oneway": "yes", "length_km": 0.019}, "geometry": {"type": "LineString", "coordinates": [[73.7852135, 18.5921393], [73.7851109, 18.5920018]]}}, {"type": "Feature", "id": 1034768212, "properties": {"id": 1034768212, "name": "Unnamed Arterial", "highway": "primary_link", "ref": "", "oneway": "yes", "length_km": 0.027}, "geometry": {"type": "LineString", "coordinates": [[73.7852654, 18.5918629], [73.785158, 18.5918958], [73.7850995, 18.5918983], [73.7850639, 18.5919012], [73.7850312, 18.591869]]}}, {"type": "Feature", "id": 1035914387, "properties": {"id": 1035914387, "name": "Karve Road", "highway": "primary", "ref": "", "oneway": "yes", "length_km": 0.018}, "geometry": {"type": "LineString", "coordinates": [[73.8100121, 18.4838639], [73.8099785, 18.4838228], [73.8099001, 18.483736]]}}, {"type": "Feature", "id": 1037481152, "properties": {"id": 1037481152, "name": "Vishrantwadi - Airport Road", "highway": "primary", "ref": "", "oneway": "yes", "length_km": 0.022}, "geometry": {"type": "LineString", "coordinates": [[73.8787451, 18.5726384], [73.8785472, 18.5727016]]}}, {"type": "Feature", "id": 1037481153, "properties": {"id": 1037481153, "name": "Unnamed Arterial", "highway": "primary", "ref": "", "oneway": "no", "length_km": 0.009}, "geometry": {"type": "LineString", "coordinates": [[73.8781869, 18.5725754], [73.8781045, 18.5725529]]}}, {"type": "Feature", "id": 1040751230, "properties": {"id": 1040751230, "name": "Vishnushastri Chiplunkar Path", "highway": "primary", "ref": "", "oneway": "yes", "length_km": 0.017}, "geometry": {"type": "LineString", "coordinates": [[73.8308014, 18.5084885], [73.8308827, 18.5083514]]}}, {"type": "Feature", "id": 1042124970, "properties": {"id": 1042124970, "name": "National Games Marg", "highway": "primary", "ref": "", "oneway": "yes", "length_km": 0.178}, "geometry": {"type": "LineString", "coordinates": [[73.8889763, 18.547528], [73.8889735, 18.5475051], [73.8889044, 18.5469463], [73.8888967, 18.5468558], [73.8888881, 18.5467552], [73.8888563, 18.5463816], [73.8888265, 18.5460093], [73.8888295, 18.54597], [73.8888395, 18.5459282]]}}, {"type": "Feature", "id": 1043506201, "properties": {"id": 1043506201, "name": "Karve Road", "highway": "primary", "ref": "SH60", "oneway": "yes", "length_km": 0.263}, "geometry": {"type": "LineString", "coordinates": [[73.8336343, 18.5098055], [73.8334655, 18.5096815], [73.833369, 18.5096318], [73.8329596, 18.5094209], [73.8327097, 18.5092922], [73.8326554, 18.5092643], [73.8320267, 18.5089405], [73.8319633, 18.5089079], [73.8318277, 18.5088381], [73.8315927, 18.5087171], [73.8315275, 18.5086835], [73.8314516, 18.5086444]]}}, {"type": "Feature", "id": 1043506202, "properties": {"id": 1043506202, "name": "Karve Road", "highway": "primary", "ref": "SH60", "oneway": "yes", "length_km": 0.193}, "geometry": {"type": "LineString", "coordinates": [[73.8292017, 18.5076427], [73.8292691, 18.5076887], [73.8293326, 18.5077321], [73.8302175, 18.5081878], [73.8306936, 18.508433], [73.8308014, 18.5084885]]}}, {"type": "Feature", "id": 1043506203, "properties": {"id": 1043506203, "name": "Karve Road", "highway": "primary", "ref": "SH60", "oneway": "yes", "length_km": 0.194}, "geometry": {"type": "LineString", "coordinates": [[73.8308827, 18.5083514], [73.8308492, 18.5083342], [73.8307674, 18.5082921], [73.8303713, 18.5080881], [73.8294938, 18.5076362], [73.8294117, 18.5075939], [73.8292539, 18.5075347]]}}, {"type": "Feature", "id": 1043506204, "properties": {"id": 1043506204, "name": "Karve Road", "highway": "primary", "ref": "SH60", "oneway": "yes", "length_km": 0.006}, "geometry": {"type": "LineString", "coordinates": [[73.8313811, 18.508787], [73.8314277, 18.508811]]}}, {"type": "Feature", "id": 1043506205, "properties": {"id": 1043506205, "name": "Bharatratna Atal Bihari Vajpayee Flyover", "highway": "primary", "ref": "", "oneway": "yes", "length_km": 0.018}, "geometry": {"type": "LineString", "coordinates": [[73.8293914, 18.5076294], [73.8292539, 18.5075347]]}}, {"type": "Feature", "id": 1043506206, "properties": {"id": 1043506206, "name": "Bharatratna Atal Bihari Vajpayee Flyover", "highway": "primary", "ref": "", "oneway": "yes", "length_km": 0.017}, "geometry": {"type": "LineString", "coordinates": [[73.8292017, 18.5076427], [73.8293552, 18.5076926]]}}, {"type": "Feature", "id": 1043506207, "properties": {"id": 1043506207, "name": "Bharatratna Atal Bihari Vajpayee Flyover", "highway": "primary", "ref": "", "oneway": "yes", "length_km": 0.022}, "geometry": {"type": "LineString", "coordinates": [[73.833409, 18.5097801], [73.8335799, 18.5098963]]}}, {"type": "Feature", "id": 1043506208, "properties": {"id": 1043506208, "name": "Bharatratna Atal Bihari Vajpayee Flyover", "highway": "primary", "ref": "", "oneway": "yes", "length_km": 0.022}, "geometry": {"type": "LineString", "coordinates": [[73.8336343, 18.5098055], [73.8334452, 18.509717]]}}, {"type": "Feature", "id": 1043506209, "properties": {"id": 1043506209, "name": "Bharatratna Atal Bihari Vajpayee Flyover", "highway": "primary", "ref": "", "oneway": "yes", "length_km": 0.485}, "geometry": {"type": "LineString", "coordinates": [[73.8293552, 18.5076926], [73.833409, 18.5097801]]}}, {"type": "Feature", "id": 1043506210, "properties": {"id": 1043506210, "name": "Bharatratna Atal Bihari Vajpayee Flyover", "highway": "primary", "ref": "", "oneway": "yes", "length_km": 0.485}, "geometry": {"type": "LineString", "coordinates": [[73.8334452, 18.509717], [73.8293914, 18.5076294]]}}, {"type": "Feature", "id": 1051748305, "properties": {"id": 1051748305, "name": "Paud Road", "highway": "primary", "ref": "", "oneway": "yes", "length_km": 0.595}, "geometry": {"type": "LineString", "coordinates": [[73.7866686, 18.5067581], [73.7865384, 18.5067551], [73.7864047, 18.5067596], [73.7862555, 18.5067697], [73.7861082, 18.5067682], [73.7859412, 18.5067404], [73.7857839, 18.5066807], [73.7856429, 18.5065915], [73.7855323, 18.506474], [73.7854427, 18.5063352], [73.785398, 18.5062207], [73.7853761, 18.5061159], [73.7853686, 18.5060071], [73.7853763, 18.5058838], [73.7854007, 18.5057799], [73.7854425, 18.5056761], [73.7854964, 18.5055698], [73.7855775, 18.5054555], [73.785699, 18.5053371], [73.7858707, 18.5052411], [73.7861729, 18.5051358], [73.786438, 18.5050526], [73.7866028, 18.5050025], [73.786636, 18.5049806], [73.7866708, 18.5049384], [73.786663, 18.5048926], [73.7866445, 18.5048595], [73.786599, 18.5048378], [73.7865518, 18.5048326], [73.7864955, 18.5048426], [73.7861993, 18.5049363], [73.785956, 18.5050171], [73.7857592, 18.5050918], [73.7855783, 18.5051729], [73.7854036, 18.5052876], [73.7853181, 18.5053631], [73.7851806, 18.505517], [73.7850899, 18.5056472], [73.7850408, 18.5057176]]}}, {"type": "Feature", "id": 1052214583, "properties": {"id": 1052214583, "name": "Wakad Road", "highway": "primary", "ref": "", "oneway": "yes", "length_km": 0.014}, "geometry": {"type": "LineString", "coordinates": [[73.7770872, 18.5891017], [73.7771909, 18.5890245]]}}, {"type": "Feature", "id": 1052214584, "properties": {"id": 1052214584, "name": "Unnamed Arterial", "highway": "primary", "ref": "", "oneway": "yes", "length_km": 0.028}, "geometry": {"type": "LineString", "coordinates": [[73.7772441, 18.5888373], [73.7771941, 18.5888772], [73.7771248, 18.588926], [73.7770232, 18.588981]]}}, {"type": "Feature", "id": 1052214585, "properties": {"id": 1052214585, "name": "Unnamed Arterial", "highway": "primary", "ref": "", "oneway": "yes", "length_km": 0.024}, "geometry": {"type": "LineString", "coordinates": [[73.7770232, 18.588981], [73.7769343, 18.5890614], [73.7768846, 18.5891486]]}}, {"type": "Feature", "id": 1055085521, "properties": {"id": 1055085521, "name": "Kondhwa Main Road", "highway": "primary", "ref": "", "oneway": "yes", "length_km": 0.165}, "geometry": {"type": "LineString", "coordinates": [[73.8897761, 18.4647942], [73.8898002, 18.4646452], [73.8898411, 18.4643931], [73.8897764, 18.4639812], [73.8896242, 18.4633373]]}}, {"type": "Feature", "id": 1055085522, "properties": {"id": 1055085522, "name": "Kondhwa Main Road", "highway": "primary", "ref": "", "oneway": "yes", "length_km": 0.361}, "geometry": {"type": "LineString", "coordinates": [[73.8890947, 18.4679807], [73.8892185, 18.4673493], [73.8893246, 18.4668011], [73.8893671, 18.4666124], [73.8895311, 18.4658832], [73.8897304, 18.4650515], [73.8897761, 18.4647942]]}}, {"type": "Feature", "id": 1055085523, "properties": {"id": 1055085523, "name": "Unnamed Arterial", "highway": "primary", "ref": "", "oneway": "yes", "length_km": 1.032}, "geometry": {"type": "LineString", "coordinates": [[73.8938944, 18.4431337], [73.8937698, 18.4432476], [73.8932404, 18.4454199], [73.8931752, 18.4455998], [73.8931249, 18.4457923], [73.8927423, 18.4472571], [73.8926999, 18.4474036], [73.8925482, 18.4478604], [73.8924739, 18.4481199], [73.8923067, 18.4486283], [73.892187, 18.4489922], [73.8917908, 18.4501813], [73.8916142, 18.4507331], [73.8914841, 18.4511283], [73.8914041, 18.4513717], [73.8912898, 18.4517191], [73.8912494, 18.4518368], [73.8912201, 18.4519282], [73.8911824, 18.4520458]]}}, {"type": "Feature", "id": 1055085524, "properties": {"id": 1055085524, "name": "Kondhwa Main Road", "highway": "primary", "ref": "", "oneway": "yes", "length_km": 0.515}, "geometry": {"type": "LineString", "coordinates": [[73.8907337, 18.457002], [73.8907362, 18.4572047], [73.8907416, 18.4576571], [73.8907458, 18.4580117], [73.8907707, 18.4585128], [73.890792, 18.4590241], [73.8908091, 18.4593551], [73.8907871, 18.4595174], [73.8907731, 18.459621], [73.8907619, 18.4597037], [73.8906525, 18.4601891], [73.8904638, 18.4609408], [73.890429, 18.4610924], [73.8903864, 18.4612527], [73.8903445, 18.4613619], [73.8903018, 18.4614861], [73.8902724, 18.461576]]}}, {"type": "Feature", "id": 1055085532, "properties": {"id": 1055085532, "name": "Unnamed Arterial", "highway": "primary", "ref": "", "oneway": "yes", "length_km": 0.026}, "geometry": {"type": "LineString", "coordinates": [[73.8912848, 18.4520794], [73.8913274, 18.4519441], [73.8913531, 18.4518535]]}}, {"type": "Feature", "id": 1055085549, "properties": {"id": 1055085549, "name": "Unnamed Arterial", "highway": "primary", "ref": "", "oneway": "no", "length_km": 0.191}, "geometry": {"type": "LineString", "coordinates": [[73.8944511, 18.4415009], [73.8944066, 18.4416197], [73.8943411, 18.4417949], [73.8942801, 18.4419579], [73.8942084, 18.4421497], [73.8941472, 18.4423133], [73.8941076, 18.4424191], [73.8940825, 18.4424862], [73.894005, 18.4426742], [73.8939652, 18.4427709], [73.8939255, 18.4430479], [73.8938944, 18.4431337]]}}, {"type": "Feature", "id": 1055123523, "properties": {"id": 1055123523, "name": "Kondhwa Main Road", "highway": "primary", "ref": "", "oneway": "yes", "length_km": 0.336}, "geometry": {"type": "LineString", "coordinates": [[73.8892379, 18.4668906], [73.8891594, 18.4672834], [73.8890752, 18.4676463], [73.8890259, 18.4679035], [73.8890182, 18.4679788], [73.8889704, 18.4684441], [73.8889681, 18.4685466], [73.8889581, 18.4689789], [73.8889402, 18.4692508], [73.8889261, 18.4694645], [73.8889211, 18.46954], [73.8888777, 18.4698917]]}}, {"type": "Feature", "id": 1055574154, "properties": {"id": 1055574154, "name": "Karve Road", "highway": "primary", "ref": "", "oneway": "yes", "length_km": 0.343}, "geometry": {"type": "LineString", "coordinates": [[73.8137772, 18.4983261], [73.8137767, 18.4982898], [73.8137856, 18.4981291], [73.8137944, 18.4980117], [73.8138059, 18.4978735], [73.8138071, 18.4977487], [73.8138078, 18.4976017], [73.8137805, 18.497103], [73.8137421, 18.496857], [73.8136773, 18.4966139], [73.8136271, 18.4964056], [73.8136137, 18.4963513], [73.8135093, 18.4958575], [73.8133905, 18.4952792]]}}, {"type": "Feature", "id": 1055574155, "properties": {"id": 1055574155, "name": "Karve Road", "highway": "primary", "ref": "", "oneway": "yes", "length_km": 0.118}, "geometry": {"type": "LineString", "coordinates": [[73.8136464, 18.4984962], [73.8136409, 18.4985651], [73.8136311, 18.498691], [73.813629, 18.4987168], [73.8136141, 18.4994829], [73.813625, 18.4995585]]}}, {"type": "Feature", "id": 1057239131, "properties": {"id": 1057239131, "name": "Gopal Hari Deshmukh Marg", "highway": "primary", "ref": "", "oneway": "yes", "length_km": 0.402}, "geometry": {"type": "LineString", "coordinates": [[73.7980672, 18.5548903], [73.7977284, 18.5549087], [73.7976676, 18.5549055], [73.797632, 18.5549036], [73.7976005, 18.554902], [73.797192, 18.5548806], [73.7969447, 18.5548677], [73.7968855, 18.5548646], [73.7967012, 18.5548663], [73.7966545, 18.5548712], [73.7965272, 18.5548847], [73.7963929, 18.5549132], [73.7962201, 18.5549603], [73.79607, 18.5550094], [73.7959907, 18.5550436], [73.7957164, 18.5551618], [73.7955623, 18.5552432], [73.7954566, 18.5553066], [73.795372, 18.5553668], [73.795113, 18.5555664], [73.7950078, 18.5556586], [73.7949374, 18.5557279], [73.7948573, 18.5558149], [73.7946893, 18.556062]]}}, {"type": "Feature", "id": 1057239132, "properties": {"id": 1057239132, "name": "Gopal Hari Deshmukh Marg", "highway": "primary", "ref": "", "oneway": "yes", "length_km": 0.004}, "geometry": {"type": "LineString", "coordinates": [[73.7840227, 18.5621438], [73.783998, 18.5621732]]}}, {"type": "Feature", "id": 1057239133, "properties": {"id": 1057239133, "name": "Gopal Hari Deshmukh Marg", "highway": "primary", "ref": "", "oneway": "yes", "length_km": 0.328}, "geometry": {"type": "LineString", "coordinates": [[73.7951689, 18.5556275], [73.7954245, 18.5554305], [73.7955051, 18.5553732], [73.7956059, 18.5553127], [73.7957548, 18.5552341], [73.7958149, 18.5552082], [73.7960238, 18.5551182], [73.7961017, 18.5550846], [73.7962459, 18.5550375], [73.796414, 18.5549916], [73.7965413, 18.5549646], [73.7966677, 18.5549512], [73.7967063, 18.5549471], [73.7968835, 18.5549455], [73.7970373, 18.5549541], [73.7972368, 18.5549652], [73.7975077, 18.5549803], [73.7975934, 18.5549851], [73.7976283, 18.554987], [73.7977273, 18.5549896], [73.7978025, 18.5549875], [73.7981066, 18.5549737]]}}, {"type": "Feature", "id": 1062537794, "properties": {"id": 1062537794, "name": "Chimaji Appa Peshwe Path", "highway": "trunk", "ref": "NH60;NH65", "oneway": "yes", "length_km": 0.025}, "geometry": {"type": "LineString", "coordinates": [[73.8535797, 18.5052238], [73.8536332, 18.5053025], [73.8536461, 18.5054335]]}}, {"type": "Feature", "id": 1062537795, "properties": {"id": 1062537795, "name": "Chimaji Appa Peshwe Path", "highway": "trunk", "ref": "NH60;NH65", "oneway": "yes", "length_km": 0.031}, "geometry": {"type": "LineString", "coordinates": [[73.8535797, 18.5052238], [73.8535537, 18.5052999], [73.8535618, 18.5053898], [73.8535751, 18.5054946]]}}, {"type": "Feature", "id": 1066297074, "properties": {"id": 1066297074, "name": "Unnamed Arterial", "highway": "primary", "ref": "", "oneway": "yes", "length_km": 0.167}, "geometry": {"type": "LineString", "coordinates": [[73.7823648, 18.5071957], [73.7821885, 18.507225], [73.782105, 18.507237], [73.782019, 18.5072449], [73.7819436, 18.5072436], [73.7818756, 18.5072356], [73.7818041, 18.5072242], [73.7817416, 18.5072061], [73.7816713, 18.5071781], [73.7816117, 18.5071451], [73.7815513, 18.5070974], [73.7815086, 18.5070615], [73.7814353, 18.5069471], [73.7813961, 18.5068471], [73.7813801, 18.506749], [73.7813954, 18.506642], [73.7814441, 18.5065502], [73.7814894, 18.5064686]]}}, {"type": "Feature", "id": 1067884428, "properties": {"id": 1067884428, "name": "Sinhagad Road", "highway": "primary", "ref": "", "oneway": "no", "length_km": 0.848}, "geometry": {"type": "LineString", "coordinates": [[73.7876992, 18.4450132], [73.7875837, 18.4449858], [73.7874692, 18.444969], [73.7873388, 18.4449691], [73.7869106, 18.4449978], [73.7867174, 18.4449858], [73.7864998, 18.4449554], [73.7862731, 18.4449193], [73.7855985, 18.4448043], [73.7853856, 18.4447687], [73.7848779, 18.4446816], [73.784734, 18.4446571], [73.7844777, 18.4446006], [73.7842843, 18.4445481], [73.7840554, 18.4444859], [73.7834006, 18.44428], [73.7829821, 18.4441484], [73.7824858, 18.4439923], [73.7823839, 18.4439603], [73.7821542, 18.4438804], [73.7820301, 18.4438239], [73.7817815, 18.4437109], [73.7815805, 18.4436145], [73.7809728, 18.4433231], [73.7809423, 18.4433085], [73.7807854, 18.4432444], [73.7806233, 18.4431996], [73.7804679, 18.4431522], [73.7803292, 18.4431099], [73.7801757, 18.4430649], [73.7799873, 18.4430095]]}}, {"type": "Feature", "id": 1067900735, "properties": {"id": 1067900735, "name": "Kharadi Bypass", "highway": "trunk", "ref": "", "oneway": "yes", "length_km": 0.032}, "geometry": {"type": "LineString", "coordinates": [[73.9276659, 18.5052509], [73.9276687, 18.5055428]]}}, {"type": "Feature", "id": 1070598834, "properties": {"id": 1070598834, "name": "Old Pune-Mumbai Highway", "highway": "trunk", "ref": "NH60;NH65", "oneway": "yes", "length_km": 0.035}, "geometry": {"type": "LineString", "coordinates": [[73.8372012, 18.572178], [73.8372367, 18.5720678], [73.8373045, 18.5718816]]}}, {"type": "Feature", "id": 1070598836, "properties": {"id": 1070598836, "name": "Old Pune-Mumbai Highway", "highway": "trunk", "ref": "NH60;NH65", "oneway": "yes", "length_km": 0.008}, "geometry": {"type": "LineString", "coordinates": [[73.8373045, 18.5718816], [73.8373255, 18.571816]]}}, {"type": "Feature", "id": 1070598839, "properties": {"id": 1070598839, "name": "General Thimayya Road", "highway": "primary", "ref": "", "oneway": "yes", "length_km": 0.135}, "geometry": {"type": "LineString", "coordinates": [[73.8474419, 18.559289], [73.8469918, 18.5589886], [73.8466336, 18.5587495], [73.8465048, 18.5586585], [73.8464768, 18.5586074], [73.8464592, 18.558534]]}}, {"type": "Feature", "id": 1072486547, "properties": {"id": 1072486547, "name": "Unnamed Arterial", "highway": "primary_link", "ref": "", "oneway": "no", "length_km": 0.031}, "geometry": {"type": "LineString", "coordinates": [[73.8324888, 18.5398257], [73.832298, 18.5396165]]}}, {"type": "Feature", "id": 1075947845, "properties": {"id": 1075947845, "name": "Unnamed Arterial", "highway": "primary", "ref": "", "oneway": "no", "length_km": 0.01}, "geometry": {"type": "LineString", "coordinates": [[73.8372152, 18.5718673], [73.8373045, 18.5718816]]}}, {"type": "Feature", "id": 1076802819, "properties": {"id": 1076802819, "name": "Kalewadi Main Road", "highway": "primary", "ref": "", "oneway": "yes", "length_km": 0.062}, "geometry": {"type": "LineString", "coordinates": [[73.8086485, 18.570623], [73.8088359, 18.5703299], [73.8090069, 18.5701929]]}}, {"type": "Feature", "id": 1079440431, "properties": {"id": 1079440431, "name": "Kondhwa Main Road", "highway": "primary", "ref": "", "oneway": "yes", "length_km": 0.027}, "geometry": {"type": "LineString", "coordinates": [[73.8910289, 18.4525071], [73.8909523, 18.4527401]]}}, {"type": "Feature", "id": 1079440433, "properties": {"id": 1079440433, "name": "Kondhwa Main Road", "highway": "primary", "ref": "", "oneway": "yes", "length_km": 0.027}, "geometry": {"type": "LineString", "coordinates": [[73.8911824, 18.4520458], [73.8911057, 18.4522755]]}}, {"type": "Feature", "id": 1079440434, "properties": {"id": 1079440434, "name": "Katraj Kondhwa Road", "highway": "trunk", "ref": "NH548DD", "oneway": "yes", "length_km": 0.013}, "geometry": {"type": "LineString", "coordinates": [[73.8911057, 18.4522755], [73.8912226, 18.4523145]]}}, {"type": "Feature", "id": 1079440435, "properties": {"id": 1079440435, "name": "Kondhwa Main Road", "highway": "primary", "ref": "", "oneway": "yes", "length_km": 0.027}, "geometry": {"type": "LineString", "coordinates": [[73.8911057, 18.4522755], [73.8910289, 18.4525071]]}}, {"type": "Feature", "id": 1079440436, "properties": {"id": 1079440436, "name": "Kondhwa Main Road", "highway": "primary", "ref": "", "oneway": "yes", "length_km": 0.027}, "geometry": {"type": "LineString", "coordinates": [[73.8912226, 18.4523145], [73.8912848, 18.4520794]]}}, {"type": "Feature", "id": 1080512097, "properties": {"id": 1080512097, "name": "Unnamed Arterial", "highway": "primary_link", "ref": "", "oneway": "yes", "length_km": 0.009}, "geometry": {"type": "LineString", "coordinates": [[73.8796553, 18.5183397], [73.8796426, 18.5182575]]}}, {"type": "Feature", "id": 1083917980, "properties": {"id": 1083917980, "name": "Unnamed Arterial", "highway": "trunk_link", "ref": "", "oneway": "no", "length_km": 0.022}, "geometry": {"type": "LineString", "coordinates": [[73.9276121, 18.5028761], [73.9274034, 18.5028931]]}}, {"type": "Feature", "id": 1086686389, "properties": {"id": 1086686389, "name": "Ganeshkhind Road", "highway": "primary", "ref": "", "oneway": "yes", "length_km": 0.463}, "geometry": {"type": "LineString", "coordinates": [[73.842762, 18.5321041], [73.8424994, 18.5322631], [73.8418566, 18.5326937], [73.8417737, 18.5327504], [73.841169, 18.5331638], [73.8406797, 18.5334983], [73.8399278, 18.5340124], [73.8398095, 18.5340933], [73.8395534, 18.5342684], [73.8391735, 18.5345281]]}}, {"type": "Feature", "id": 1087560576, "properties": {"id": 1087560576, "name": "Unnamed Arterial", "highway": "trunk", "ref": "", "oneway": "yes", "length_km": 0.114}, "geometry": {"type": "LineString", "coordinates": [[73.938705, 18.5006712], [73.9389011, 18.5006448], [73.9394903, 18.5005654], [73.9397825, 18.5005224]]}}, {"type": "Feature", "id": 1087749489, "properties": {"id": 1087749489, "name": "Aundh Ravet Road", "highway": "primary", "ref": "", "oneway": "yes", "length_km": 0.129}, "geometry": {"type": "LineString", "coordinates": [[73.7822079, 18.5970861], [73.7823356, 18.5968886], [73.7825118, 18.5966163], [73.7825881, 18.5964984], [73.782849, 18.5960951]]}}, {"type": "Feature", "id": 1087749493, "properties": {"id": 1087749493, "name": "Aundh Ravet Road Flyover", "highway": "primary", "ref": "", "oneway": "yes", "length_km": 0.283}, "geometry": {"type": "LineString", "coordinates": [[73.7820216, 18.5971739], [73.7818, 18.5975175], [73.7810433, 18.5986189], [73.7805464, 18.599309]]}}, {"type": "Feature", "id": 1087749495, "properties": {"id": 1087749495, "name": "Aundh Ravet Road Flyover", "highway": "primary", "ref": "", "oneway": "yes", "length_km": 0.02}, "geometry": {"type": "LineString", "coordinates": [[73.7805071, 18.5996214], [73.7806135, 18.599469]]}}, {"type": "Feature", "id": 1087749496, "properties": {"id": 1087749496, "name": "Aundh Ravet Road", "highway": "primary", "ref": "", "oneway": "yes", "length_km": 0.042}, "geometry": {"type": "LineString", "coordinates": [[73.7803931, 18.5995246], [73.7802329, 18.5997459], [73.7801683, 18.5998352]]}}, {"type": "Feature", "id": 1087749497, "properties": {"id": 1087749497, "name": "Aundh Ravet Road Flyover", "highway": "primary", "ref": "", "oneway": "yes", "length_km": 0.295}, "geometry": {"type": "LineString", "coordinates": [[73.7806135, 18.599469], [73.780695, 18.5993454], [73.7808344, 18.5991374], [73.7821165, 18.5972244]]}}, {"type": "Feature", "id": 1088755905, "properties": {"id": 1088755905, "name": "Bajirao Road", "highway": "trunk", "ref": "NH60;NH65", "oneway": "yes", "length_km": 0.025}, "geometry": {"type": "LineString", "coordinates": [[73.8551021, 18.5214938], [73.8550715, 18.5215594], [73.8550524, 18.5216006], [73.8550376, 18.5216331], [73.8550309, 18.5216661], [73.8550363, 18.5217074]]}}, {"type": "Feature", "id": 1088755906, "properties": {"id": 1088755906, "name": "Shivaji Road", "highway": "trunk", "ref": "NH60;NH65", "oneway": "yes", "length_km": 0.041}, "geometry": {"type": "LineString", "coordinates": [[73.8552841, 18.5213468], [73.8553642, 18.5211739], [73.8554154, 18.5210478], [73.8554326, 18.5210055]]}}, {"type": "Feature", "id": 1088755909, "properties": {"id": 1088755909, "name": "Shivaji Road", "highway": "trunk", "ref": "NH60;NH65", "oneway": "yes", "length_km": 0.024}, "geometry": {"type": "LineString", "coordinates": [[73.855175, 18.5215324], [73.8552489, 18.5214023], [73.8552841, 18.5213468]]}}, {"type": "Feature", "id": 1088848492, "properties": {"id": 1088848492, "name": "Unnamed Arterial", "highway": "primary", "ref": "", "oneway": "no", "length_km": 0.011}, "geometry": {"type": "LineString", "coordinates": [[73.8246684, 18.5439162], [73.8246072, 18.5438304]]}}, {"type": "Feature", "id": 1090200770, "properties": {"id": 1090200770, "name": "Aundh Ravet Road", "highway": "primary", "ref": "", "oneway": "yes", "length_km": 0.379}, "geometry": {"type": "LineString", "coordinates": [[73.7877662, 18.5895156], [73.788789, 18.5884205], [73.789147, 18.5880922], [73.7900984, 18.5873413], [73.7903284, 18.5871188]]}}, {"type": "Feature", "id": 1090200771, "properties": {"id": 1090200771, "name": "Aundh Ravet Road", "highway": "primary", "ref": "", "oneway": "yes", "length_km": 0.324}, "geometry": {"type": "LineString", "coordinates": [[73.7836164, 18.594473], [73.7835644, 18.594581], [73.7833075, 18.5949833], [73.7832374, 18.5950973], [73.7829795, 18.595537], [73.782846, 18.5957314], [73.7826913, 18.5959996], [73.7824915, 18.5963737], [73.7824518, 18.5964628], [73.7822233, 18.5968406], [73.782117, 18.5970172]]}}, {"type": "Feature", "id": 1090200773, "properties": {"id": 1090200773, "name": "Unnamed Arterial", "highway": "primary_link", "ref": "", "oneway": "yes", "length_km": 0.368}, "geometry": {"type": "LineString", "coordinates": [[73.7876235, 18.5894148], [73.7872304, 18.5897707], [73.7869377, 18.590084], [73.7858722, 18.5912019], [73.7853964, 18.5917338], [73.7852654, 18.5918629]]}}, {"type": "Feature", "id": 1090568417, "properties": {"id": 1090568417, "name": "Unnamed Arterial", "highway": "primary_link", "ref": "", "oneway": "yes", "length_km": 0.188}, "geometry": {"type": "LineString", "coordinates": [[73.7668599, 18.6167867], [73.7668163, 18.6166763], [73.7664252, 18.6163048], [73.7663605, 18.6162435], [73.7661677, 18.6160608], [73.7659397, 18.6158447], [73.7657251, 18.6156464], [73.7656367, 18.6155695]]}}, {"type": "Feature", "id": 1090568418, "properties": {"id": 1090568418, "name": "Unnamed Arterial", "highway": "primary_link", "ref": "", "oneway": "yes", "length_km": 0.028}, "geometry": {"type": "LineString", "coordinates": [[73.7649983, 18.6152491], [73.7650389, 18.6153328], [73.7650529, 18.6153821], [73.7650371, 18.6154862]]}}, {"type": "Feature", "id": 1090568419, "properties": {"id": 1090568419, "name": "Hinjawadi - Chinchwad Road", "highway": "primary", "ref": "", "oneway": "yes", "length_km": 0.021}, "geometry": {"type": "LineString", "coordinates": [[73.7669823, 18.6170255], [73.7671192, 18.6171645]]}}, {"type": "Feature", "id": 1092344587, "properties": {"id": 1092344587, "name": "Unnamed Arterial", "highway": "primary", "ref": "", "oneway": "yes", "length_km": 0.115}, "geometry": {"type": "LineString", "coordinates": [[73.8674952, 18.5205347], [73.8675699, 18.520489], [73.8677493, 18.5202415], [73.8679967, 18.5199278], [73.868115, 18.5197736], [73.8681328, 18.5197016]]}}, {"type": "Feature", "id": 1092344588, "properties": {"id": 1092344588, "name": "Jawaharlal Nehru Marg", "highway": "primary", "ref": "", "oneway": "yes", "length_km": 0.12}, "geometry": {"type": "LineString", "coordinates": [[73.8681328, 18.5197016], [73.8680543, 18.5197182], [73.8678221, 18.5199985], [73.8675605, 18.5203375], [73.8674762, 18.5204468], [73.8674952, 18.5205347]]}}, {"type": "Feature", "id": 1092344590, "properties": {"id": 1092344590, "name": "Jawaharlal Nehru Marg", "highway": "primary", "ref": "", "oneway": "yes", "length_km": 0.038}, "geometry": {"type": "LineString", "coordinates": [[73.867432, 18.5251473], [73.8674405, 18.5253989], [73.8674415, 18.5254358], [73.867448, 18.5254894]]}}, {"type": "Feature", "id": 1094423237, "properties": {"id": 1094423237, "name": "Sant Dyaneshwar Marg", "highway": "primary", "ref": "", "oneway": "yes", "length_km": 0.04}, "geometry": {"type": "LineString", "coordinates": [[73.8771222, 18.5744976], [73.8769536, 18.5748164]]}}, {"type": "Feature", "id": 1094713463, "properties": {"id": 1094713463, "name": "Unnamed Arterial", "highway": "trunk", "ref": "", "oneway": "yes", "length_km": 0.161}, "geometry": {"type": "LineString", "coordinates": [[73.781885, 18.5077223], [73.7820069, 18.5076985], [73.7821052, 18.5076737], [73.7821399, 18.5076672], [73.7827655, 18.5075307], [73.7829307, 18.5074986], [73.7830174, 18.5074866], [73.7832485, 18.507451], [73.7833035, 18.5074291], [73.7833424, 18.5074053], [73.7833729, 18.5073887]]}}, {"type": "Feature", "id": 1094713464, "properties": {"id": 1094713464, "name": "Paud Road", "highway": "primary", "ref": "NH753F", "oneway": "yes", "length_km": 0.26}, "geometry": {"type": "LineString", "coordinates": [[73.7837051, 18.5069433], [73.7824349, 18.5063574], [73.7822404, 18.5062836], [73.7819803, 18.5062022], [73.7818405, 18.5061876], [73.7816752, 18.5061981], [73.7816201, 18.5062137], [73.7814272, 18.5062947]]}}, {"type": "Feature", "id": 1094713465, "properties": {"id": 1094713465, "name": "Paud Road", "highway": "primary", "ref": "NH753F", "oneway": "yes", "length_km": 0.485}, "geometry": {"type": "LineString", "coordinates": [[73.7814272, 18.5062947], [73.7811346, 18.5064529], [73.780886, 18.5066384], [73.7807218, 18.5068215], [73.7805696, 18.5069647], [73.7803722, 18.5071038], [73.7801726, 18.5072117], [73.7799448, 18.5073052], [73.7797195, 18.5073727], [73.7794968, 18.507415], [73.7793068, 18.5074345], [73.7790868, 18.5074246], [73.7788112, 18.5073901], [73.7781085, 18.5072107], [73.7776498, 18.5071039], [73.7772341, 18.507048]]}}, {"type": "Feature", "id": 1095074429, "properties": {"id": 1095074429, "name": "Paud Road", "highway": "primary", "ref": "NH753F", "oneway": "no", "length_km": 1.229}, "geometry": {"type": "LineString", "coordinates": [[73.7493981, 18.5016656], [73.7495381, 18.5016508], [73.7496673, 18.5016066], [73.7497732, 18.501512], [73.7498432, 18.5014556], [73.749949, 18.5013704], [73.7500237, 18.5013279], [73.7501624, 18.5012491], [73.7502278, 18.5012414], [73.7504679, 18.5011108], [73.7506122, 18.5010285], [73.7511741, 18.5007077], [73.7513103, 18.50063], [73.7513976, 18.5005802], [73.7515734, 18.500511], [73.7518234, 18.5004452], [73.7519188, 18.5004257], [73.7525125, 18.5003042], [73.7526127, 18.5002886], [73.7533878, 18.5001485], [73.753865, 18.5000975], [73.7541198, 18.5000941], [73.7543483, 18.5001122], [73.7545469, 18.5001587], [73.7547442, 18.5002325], [73.7554567, 18.500522], [73.75548, 18.5005315], [73.755747, 18.50064], [73.7560261, 18.5007535], [73.756825, 18.5010782], [73.7574957, 18.5013508], [73.7576131, 18.5013985], [73.7578834, 18.5014972], [73.7580252, 18.5015387], [73.758105, 18.501562], [73.7588486, 18.5017653], [73.7590129, 18.5018102], [73.7591364, 18.5018526], [73.7592701, 18.5018984], [73.7594308, 18.5019704], [73.7594849, 18.5019946], [73.7595638, 18.5020494], [73.7599221, 18.5023226], [73.7600613, 18.5024288], [73.7601464, 18.5024936]]}}, {"type": "Feature", "id": 1095101711, "properties": {"id": 1095101711, "name": "Unnamed Arterial", "highway": "primary", "ref": "", "oneway": "yes", "length_km": 0.309}, "geometry": {"type": "LineString", "coordinates": [[73.7790235, 18.5077368], [73.7800625, 18.5080018], [73.7802248, 18.508031], [73.7804293, 18.5080482], [73.7806027, 18.5080117], [73.7807632, 18.5079706], [73.781885, 18.5077223]]}}, {"type": "Feature", "id": 1095101712, "properties": {"id": 1095101712, "name": "Unnamed Arterial", "highway": "primary", "ref": "", "oneway": "yes", "length_km": 0.27}, "geometry": {"type": "LineString", "coordinates": [[73.7765475, 18.5070906], [73.7769505, 18.5072082], [73.7790235, 18.5077368]]}}, {"type": "Feature", "id": 1095102922, "properties": {"id": 1095102922, "name": "Unnamed Arterial", "highway": "trunk_link", "ref": "", "oneway": "yes", "length_km": 0.111}, "geometry": {"type": "LineString", "coordinates": [[73.7928267, 18.5032062], [73.7925752, 18.5025268], [73.7925133, 18.502425], [73.7924089, 18.5022913]]}}, {"type": "Feature", "id": 1098150976, "properties": {"id": 1098150976, "name": "Paud Road", "highway": "primary", "ref": "NH753F", "oneway": "yes", "length_km": 0.204}, "geometry": {"type": "LineString", "coordinates": [[73.7765173, 18.5069856], [73.7763168, 18.5069755], [73.7760499, 18.5070124], [73.7757455, 18.5070836], [73.7754451, 18.5071662], [73.7751514, 18.5072336], [73.774855, 18.5072896], [73.7746411, 18.5073977]]}}, {"type": "Feature", "id": 1098150977, "properties": {"id": 1098150977, "name": "Paud Road", "highway": "primary", "ref": "NH753F", "oneway": "yes", "length_km": 0.204}, "geometry": {"type": "LineString", "coordinates": [[73.7746411, 18.5073977], [73.7748625, 18.507402], [73.7751742, 18.507371], [73.7752389, 18.5073563], [73.775476, 18.5072933], [73.7757763, 18.5072222], [73.7761204, 18.5071328], [73.7763518, 18.5070899], [73.7765475, 18.5070906]]}}, {"type": "Feature", "id": 1098150979, "properties": {"id": 1098150979, "name": "Paud Road", "highway": "primary", "ref": "NH753F", "oneway": "yes", "length_km": 0.574}, "geometry": {"type": "LineString", "coordinates": [[73.7765475, 18.5070906], [73.7768381, 18.5071112], [73.7769811, 18.5071288], [73.778783, 18.5075616], [73.779067, 18.5076057], [73.7793013, 18.5076074], [73.7795043, 18.5075969], [73.7797795, 18.5075561], [73.7800186, 18.5074897], [73.7802819, 18.5073852], [73.7804893, 18.507268], [73.7806364, 18.50717], [73.7807693, 18.5070676], [73.7808769, 18.5069547], [73.781062, 18.5067768], [73.7812038, 18.5066169], [73.7813758, 18.5064775], [73.7814705, 18.5064134], [73.7815227, 18.5063989]]}}, {"type": "Feature", "id": 1099319962, "properties": {"id": 1099319962, "name": "Unnamed Arterial", "highway": "primary", "ref": "", "oneway": "yes", "length_km": 0.582}, "geometry": {"type": "LineString", "coordinates": [[73.8308813, 18.5921031], [73.8310012, 18.5918409], [73.8311803, 18.5914494], [73.8313066, 18.5911728], [73.8314514, 18.5908556], [73.8317079, 18.5902937], [73.83213, 18.58939], [73.8321715, 18.5893012], [73.8326734, 18.5882231], [73.8328, 18.5879298], [73.8329367, 18.5875843], [73.8330397, 18.5872757]]}}, {"type": "Feature", "id": 1099319963, "properties": {"id": 1099319963, "name": "Unnamed Arterial", "highway": "primary", "ref": "", "oneway": "yes", "length_km": 0.01}, "geometry": {"type": "LineString", "coordinates": [[73.8308453, 18.5921819], [73.8308813, 18.5921031]]}}, {"type": "Feature", "id": 1099319964, "properties": {"id": 1099319964, "name": "Old Pune\u2013Mumbai Highway", "highway": "trunk", "ref": "NH60;NH65", "oneway": "yes", "length_km": 0.162}, "geometry": {"type": "LineString", "coordinates": [[73.8308021, 18.5920165], [73.8309015, 18.5917994], [73.8314151, 18.5906781]]}}, {"type": "Feature", "id": 1099319965, "properties": {"id": 1099319965, "name": "Old Mumbai Pune Highway", "highway": "trunk", "ref": "NH60;NH65", "oneway": "yes", "length_km": 0.01}, "geometry": {"type": "LineString", "coordinates": [[73.830766, 18.5920952], [73.8308021, 18.5920165]]}}, {"type": "Feature", "id": 1099319966, "properties": {"id": 1099319966, "name": "Old Pune\u2013Mumbai Highway", "highway": "trunk", "ref": "NH60;NH65", "oneway": "yes", "length_km": 0.157}, "geometry": {"type": "LineString", "coordinates": [[73.8313264, 18.5906388], [73.8311187, 18.5910939], [73.8307307, 18.5919385]]}}, {"type": "Feature", "id": 1099319967, "properties": {"id": 1099319967, "name": "Old Mumbai Pune Highway", "highway": "trunk", "ref": "NH60;NH65", "oneway": "yes", "length_km": 0.01}, "geometry": {"type": "LineString", "coordinates": [[73.8307307, 18.5919385], [73.8306946, 18.5920172]]}}, {"type": "Feature", "id": 1099319968, "properties": {"id": 1099319968, "name": "Unnamed Arterial", "highway": "primary", "ref": "", "oneway": "yes", "length_km": 0.488}, "geometry": {"type": "LineString", "coordinates": [[73.8306007, 18.5919145], [73.8305061, 18.5921195], [73.8304587, 18.5922223], [73.8301705, 18.5928466], [73.829809, 18.5936297], [73.8296813, 18.5939063], [73.8291058, 18.5951545], [73.8287404, 18.5959473]]}}, {"type": "Feature", "id": 1099319969, "properties": {"id": 1099319969, "name": "Unnamed Arterial", "highway": "primary", "ref": "", "oneway": "yes", "length_km": 0.01}, "geometry": {"type": "LineString", "coordinates": [[73.830637, 18.591836], [73.8306007, 18.5919145]]}}, {"type": "Feature", "id": 1101307503, "properties": {"id": 1101307503, "name": "Paud Road", "highway": "primary_link", "ref": "", "oneway": "yes", "length_km": 0.451}, "geometry": {"type": "LineString", "coordinates": [[73.7843662, 18.5074427], [73.785286, 18.5075237], [73.7864086, 18.5076393], [73.78666, 18.5076553], [73.7868485, 18.5076679], [73.7870827, 18.5076778], [73.7872857, 18.5076914], [73.7874084, 18.5076996], [73.7876366, 18.5077298], [73.7880334, 18.5078279], [73.7881896, 18.5078722], [73.7885197, 18.5079471], [73.7886172, 18.5079657]]}}, {"type": "Feature", "id": 1101638801, "properties": {"id": 1101638801, "name": "Sinhagad Road", "highway": "primary", "ref": "", "oneway": "yes", "length_km": 0.78}, "geometry": {"type": "LineString", "coordinates": [[73.7938035, 18.4529455], [73.7937618, 18.4529025], [73.7937125, 18.4528523], [73.7936089, 18.4527951], [73.7934368, 18.4526947], [73.7930143, 18.4524481], [73.7928968, 18.4523764], [73.7926351, 18.4522001], [73.7925098, 18.4520845], [73.7922777, 18.4518679], [73.7920446, 18.451617], [73.791814, 18.4513211], [73.7916826, 18.4511447], [73.7915598, 18.4509575], [73.7914608, 18.4507981], [73.7913563, 18.4506119], [73.7909338, 18.449916], [73.7907832, 18.4496739], [73.790502, 18.4492357], [73.7901956, 18.44876], [73.7900098, 18.4484539], [73.7898632, 18.4481719], [73.789652, 18.4477968], [73.7895693, 18.4476499], [73.7894069, 18.4474271]]}}, {"type": "Feature", "id": 1101638803, "properties": {"id": 1101638803, "name": "Sinhagad Road", "highway": "primary", "ref": "", "oneway": "no", "length_km": 0.085}, "geometry": {"type": "LineString", "coordinates": [[73.7938035, 18.4529455], [73.7938619, 18.4529913], [73.7939096, 18.4530187], [73.7939756, 18.453052], [73.7940615, 18.45309], [73.7941456, 18.4531186], [73.7942056, 18.4531361], [73.7942724, 18.4531516], [73.7943475, 18.4531623], [73.7944423, 18.4531745], [73.7945604, 18.4531776]]}}, {"type": "Feature", "id": 1101647323, "properties": {"id": 1101647323, "name": "Sinhagad Road", "highway": "primary", "ref": "", "oneway": "no", "length_km": 0.287}, "geometry": {"type": "LineString", "coordinates": [[73.7880584, 18.4452083], [73.7882226, 18.445335], [73.7884132, 18.4455364], [73.7884613, 18.4456329], [73.7886803, 18.4460174], [73.7889641, 18.4465954], [73.7890534, 18.4467814], [73.7894069, 18.4474271]]}}, {"type": "Feature", "id": 1102606589, "properties": {"id": 1102606589, "name": "Unnamed Arterial", "highway": "trunk_link", "ref": "", "oneway": "no", "length_km": 0.009}, "geometry": {"type": "LineString", "coordinates": [[73.8659357, 18.5301182], [73.8659381, 18.5300328]]}}, {"type": "Feature", "id": 1102770571, "properties": {"id": 1102770571, "name": "Mulshi Road Underpass", "highway": "primary", "ref": "", "oneway": "yes", "length_km": 0.271}, "geometry": {"type": "LineString", "coordinates": [[73.7810608, 18.5066217], [73.7809772, 18.506705], [73.7808035, 18.5068896], [73.7806333, 18.5070407], [73.7804353, 18.5071769], [73.7802299, 18.5072868], [73.7799831, 18.5073925], [73.7797461, 18.5074627], [73.7795059, 18.5075015], [73.7792929, 18.507516], [73.7790701, 18.5075095], [73.7787907, 18.5074674]]}}, {"type": "Feature", "id": 1104864876, "properties": {"id": 1104864876, "name": "Sant Dyaneshwar Marg", "highway": "primary", "ref": "", "oneway": "yes", "length_km": 0.24}, "geometry": {"type": "LineString", "coordinates": [[73.877222, 18.5745346], [73.8780721, 18.5728921], [73.8781238, 18.5727861], [73.8781869, 18.5725754]]}}, {"type": "Feature", "id": 1104864880, "properties": {"id": 1104864880, "name": "Sant Dyaneshwar Marg", "highway": "primary", "ref": "", "oneway": "yes", "length_km": 1.019}, "geometry": {"type": "LineString", "coordinates": [[73.8769536, 18.5748164], [73.876703, 18.5752902], [73.8766768, 18.5753533], [73.8766278, 18.5754716], [73.8766038, 18.5755327], [73.8765824, 18.5756401], [73.8765709, 18.5757181], [73.8765515, 18.5759682], [73.8765283, 18.5762672], [73.8764451, 18.5773394], [73.8764024, 18.5781125], [73.876393, 18.578283], [73.876382, 18.578483], [73.8763728, 18.578654], [73.8763638, 18.5788231], [73.8763444, 18.5791854], [73.8762975, 18.5795477], [73.8762358, 18.5800308], [73.876158, 18.5803028], [73.8760279, 18.58066], [73.8757838, 18.5811698], [73.8754901, 18.5816681], [73.8752353, 18.5820215], [73.8752059, 18.5820602], [73.8751388, 18.5821486], [73.8750878, 18.5822414], [73.8750826, 18.5822564], [73.8750569, 18.5823316], [73.8750449, 18.5824308], [73.8750623, 18.5828973], [73.8750998, 18.5836338]]}}, {"type": "Feature", "id": 1104927485, "properties": {"id": 1104927485, "name": "Sinhagad Road", "highway": "primary", "ref": "", "oneway": "yes", "length_km": 0.967}, "geometry": {"type": "LineString", "coordinates": [[73.8240132, 18.4780186], [73.8238539, 18.477733], [73.823499, 18.4770661], [73.8231694, 18.4764099], [73.8231203, 18.4763234], [73.8230349, 18.4761113], [73.822766, 18.4754434], [73.8226569, 18.4751747], [73.8224692, 18.4747635], [73.8223733, 18.4745794], [73.8223104, 18.4744245], [73.8222033, 18.4741851], [73.822107, 18.4739956], [73.8220333, 18.473838], [73.8218207, 18.4734274], [73.8216885, 18.4731794], [73.8216367, 18.4730614], [73.8215029, 18.4726984], [73.8213284, 18.4722068], [73.821275, 18.4720923], [73.821092, 18.4716668], [73.8210208, 18.4714912], [73.8210042, 18.4714494], [73.8209034, 18.4711958], [73.8208666, 18.4711031], [73.820738, 18.4707906], [73.8206638, 18.4706046], [73.8204265, 18.4700068]]}}, {"type": "Feature", "id": 1104927487, "properties": {"id": 1104927487, "name": "Sinhagad Road", "highway": "primary", "ref": "", "oneway": "yes", "length_km": 0.603}, "geometry": {"type": "LineString", "coordinates": [[73.8240279, 18.4784371], [73.8242957, 18.4789963], [73.8244712, 18.479363], [73.8246606, 18.4796731], [73.8247238, 18.4797567], [73.8247869, 18.47984], [73.8248058, 18.4798609], [73.8248502, 18.4799208], [73.8255174, 18.4807735], [73.8258579, 18.4812086], [73.826063, 18.4814706], [73.8262224, 18.4816743], [73.8265382, 18.482122], [73.8265586, 18.4821475], [73.8267615, 18.4824003], [73.8269433, 18.4825969], [73.8270512, 18.4827175], [73.8271602, 18.4828486], [73.827212, 18.4829272]]}}, {"type": "Feature", "id": 1106130075, "properties": {"id": 1106130075, "name": "Unnamed Arterial", "highway": "primary", "ref": "", "oneway": "yes", "length_km": 0.003}, "geometry": {"type": "LineString", "coordinates": [[73.7815083, 18.5064259], [73.7815227, 18.5063989]]}}, {"type": "Feature", "id": 1106130076, "properties": {"id": 1106130076, "name": "Unnamed Arterial", "highway": "primary", "ref": "", "oneway": "yes", "length_km": 0.039}, "geometry": {"type": "LineString", "coordinates": [[73.7827209, 18.5072481], [73.7826262, 18.5071962], [73.7825478, 18.5071822], [73.7824655, 18.5071826], [73.7823648, 18.5071957]]}}, {"type": "Feature", "id": 1106130077, "properties": {"id": 1106130077, "name": "Mulshi Road Underpass", "highway": "primary", "ref": "", "oneway": "yes", "length_km": 0.137}, "geometry": {"type": "LineString", "coordinates": [[73.7822398, 18.5065335], [73.7821333, 18.506478], [73.7819825, 18.5064048], [73.7818544, 18.5063675], [73.7817083, 18.50634], [73.7815846, 18.5063561], [73.7814687, 18.5063848], [73.7813347, 18.5064319], [73.7812098, 18.5065188], [73.7810608, 18.5066217]]}}, {"type": "Feature", "id": 1106130079, "properties": {"id": 1106130079, "name": "Unnamed Arterial", "highway": "primary", "ref": "", "oneway": "yes", "length_km": 0.233}, "geometry": {"type": "LineString", "coordinates": [[73.7815227, 18.5063989], [73.7816076, 18.5063226], [73.7816761, 18.5063005], [73.7819019, 18.5062721], [73.782094, 18.5063285], [73.78227, 18.5063905], [73.7834022, 18.5068965], [73.783523, 18.5069952]]}}, {"type": "Feature", "id": 1106130081, "properties": {"id": 1106130081, "name": "Unnamed Arterial", "highway": "primary", "ref": "", "oneway": "yes", "length_km": 0.386}, "geometry": {"type": "LineString", "coordinates": [[73.7878275, 18.5072435], [73.7876304, 18.5071917], [73.7874491, 18.507163], [73.7861538, 18.5071012], [73.7859244, 18.5070732], [73.7856135, 18.5070131], [73.7854015, 18.5069501], [73.7851977, 18.5068768], [73.7850095, 18.5068409], [73.7848083, 18.5068341], [73.7846245, 18.5068536], [73.784473, 18.5068872], [73.7842207, 18.5069603]]}}, {"type": "Feature", "id": 1106656214, "properties": {"id": 1106656214, "name": "Unnamed Arterial", "highway": "trunk_link", "ref": "", "oneway": "yes", "length_km": 0.045}, "geometry": {"type": "LineString", "coordinates": [[73.7844919, 18.5064846], [73.784743, 18.5062938], [73.7848466, 18.5062561]]}}, {"type": "Feature", "id": 1106656216, "properties": {"id": 1106656216, "name": "Unnamed Arterial", "highway": "primary", "ref": "", "oneway": "yes", "length_km": 0.147}, "geometry": {"type": "LineString", "coordinates": [[73.7840406, 18.506996], [73.7844919, 18.5064846], [73.7846974, 18.5062245], [73.7847723, 18.5061502], [73.7848244, 18.5061101], [73.784872, 18.5060874], [73.784985, 18.5060432]]}}, {"type": "Feature", "id": 1106656217, "properties": {"id": 1106656217, "name": "Unnamed Arterial", "highway": "primary", "ref": "", "oneway": "yes", "length_km": 0.198}, "geometry": {"type": "LineString", "coordinates": [[73.7851869, 18.5057992], [73.7851944, 18.5057209], [73.7852217, 18.5056208], [73.7852809, 18.5055152], [73.7853681, 18.5054142], [73.7855026, 18.5053034], [73.7857124, 18.5051975], [73.785921, 18.5051182], [73.7862164, 18.5050237], [73.7865877, 18.5049105], [73.7866708, 18.5049384]]}}, {"type": "Feature", "id": 1106656218, "properties": {"id": 1106656218, "name": "NDA Chowk", "highway": "primary", "ref": "", "oneway": "yes", "length_km": 0.116}, "geometry": {"type": "LineString", "coordinates": [[73.7851869, 18.5057992], [73.7851598, 18.5057662], [73.7851249, 18.5057406], [73.7850844, 18.5057241], [73.7850408, 18.5057176], [73.7849923, 18.5057228], [73.7849472, 18.5057404], [73.7849089, 18.5057691], [73.7848805, 18.5058066], [73.784864, 18.5058502], [73.7848609, 18.5058964], [73.784869, 18.5059355], [73.7848868, 18.5059717], [73.7849131, 18.5060029], [73.7849465, 18.5060272], [73.784985, 18.5060432], [73.7850264, 18.5060501], [73.7850683, 18.5060475], [73.7851083, 18.5060355], [73.7851442, 18.5060148], [73.7851739, 18.5059867], [73.7851957, 18.5059526], [73.7852083, 18.5059146], [73.7852111, 18.5058749], [73.7852038, 18.5058357], [73.7851869, 18.5057992]]}}, {"type": "Feature", "id": 1106656219, "properties": {"id": 1106656219, "name": "Unnamed Arterial", "highway": "trunk_link", "ref": "", "oneway": "yes", "length_km": 0.17}, "geometry": {"type": "LineString", "coordinates": [[73.7848466, 18.5062561], [73.7849449, 18.5062323], [73.7850361, 18.5062298], [73.7851367, 18.5062501], [73.7852238, 18.5062946], [73.7852936, 18.5063608], [73.7853433, 18.506447], [73.7853737, 18.5065647], [73.7853834, 18.5066373], [73.7853761, 18.5067041], [73.7853554, 18.506769], [73.7853195, 18.5068359], [73.7852684, 18.506887], [73.7852156, 18.5069295], [73.7851485, 18.5069617], [73.7850431, 18.5069934], [73.7849448, 18.5070153], [73.7847881, 18.5070465]]}}, {"type": "Feature", "id": 1108107595, "properties": {"id": 1108107595, "name": "Unnamed Arterial", "highway": "trunk_link", "ref": "", "oneway": "yes", "length_km": 0.08}, "geometry": {"type": "LineString", "coordinates": [[73.7694326, 18.5585768], [73.7694187, 18.5586454], [73.7693505, 18.5588584], [73.7692862, 18.559062], [73.7692715, 18.5591119], [73.769261, 18.5591645], [73.7692599, 18.5592046], [73.7692761, 18.5592749]]}}, {"type": "Feature", "id": 1108107596, "properties": {"id": 1108107596, "name": "Unnamed Arterial", "highway": "trunk_link", "ref": "", "oneway": "yes", "length_km": 0.071}, "geometry": {"type": "LineString", "coordinates": [[73.7694967, 18.5590731], [73.7695717, 18.5590301], [73.7695925, 18.5590036], [73.7696112, 18.5589682], [73.7696593, 18.5588496], [73.7697082, 18.5587464], [73.7698047, 18.5585202]]}}, {"type": "Feature", "id": 1110949645, "properties": {"id": 1110949645, "name": "Ganeshkhind Road", "highway": "primary", "ref": "", "oneway": "yes", "length_km": 0.202}, "geometry": {"type": "LineString", "coordinates": [[73.8292601, 18.541999], [73.8292784, 18.5419873], [73.8292981, 18.5419748], [73.8294436, 18.5418762], [73.8298906, 18.5415734], [73.8300085, 18.5414989], [73.8308138, 18.5409297]]}}, {"type": "Feature", "id": 1111958632, "properties": {"id": 1111958632, "name": "Ganeshkhind Road", "highway": "trunk", "ref": "SH60", "oneway": "yes", "length_km": 0.04}, "geometry": {"type": "LineString", "coordinates": [[73.8497945, 18.5298431], [73.8497084, 18.5300151], [73.8496913, 18.5300479], [73.8496352, 18.5301677]]}}, {"type": "Feature", "id": 1111958633, "properties": {"id": 1111958633, "name": "Ganeshkhind Road", "highway": "primary", "ref": "SH60", "oneway": "yes", "length_km": 0.035}, "geometry": {"type": "LineString", "coordinates": [[73.8496352, 18.5301677], [73.8494879, 18.5302037], [73.8493096, 18.5302487]]}}, {"type": "Feature", "id": 1115958588, "properties": {"id": 1115958588, "name": "Solapur Road", "highway": "trunk", "ref": "NH65", "oneway": "yes", "length_km": 0.121}, "geometry": {"type": "LineString", "coordinates": [[73.9424294, 18.500229], [73.942123, 18.5002683], [73.9417324, 18.5003269], [73.9412878, 18.5003877]]}}, {"type": "Feature", "id": 1116174341, "properties": {"id": 1116174341, "name": "Ganeshkhind Road", "highway": "primary", "ref": "", "oneway": "yes", "length_km": 0.018}, "geometry": {"type": "LineString", "coordinates": [[73.8496212, 18.5302848], [73.8497927, 18.5302488]]}}, {"type": "Feature", "id": 1116174343, "properties": {"id": 1116174343, "name": "Shivaji Road", "highway": "trunk", "ref": "Shivaji Road", "oneway": "yes", "length_km": 0.032}, "geometry": {"type": "LineString", "coordinates": [[73.8497945, 18.5298431], [73.849792, 18.5300061], [73.8497908, 18.5300811], [73.8497881, 18.5301322]]}}, {"type": "Feature", "id": 1116947811, "properties": {"id": 1116947811, "name": "Shivaji Road", "highway": "trunk", "ref": "Shivaji Road", "oneway": "yes", "length_km": 0.013}, "geometry": {"type": "LineString", "coordinates": [[73.8497881, 18.5301322], [73.8497927, 18.5302488]]}}, {"type": "Feature", "id": 1116947812, "properties": {"id": 1116947812, "name": "Unnamed Arterial", "highway": "trunk", "ref": "", "oneway": "yes", "length_km": 0.017}, "geometry": {"type": "LineString", "coordinates": [[73.8497881, 18.5301322], [73.8496352, 18.5301677]]}}, {"type": "Feature", "id": 1117977438, "properties": {"id": 1117977438, "name": "Unnamed Arterial", "highway": "primary_link", "ref": "", "oneway": "yes", "length_km": 0.03}, "geometry": {"type": "LineString", "coordinates": [[73.8630931, 18.5280163], [73.8631794, 18.5280049], [73.8632103, 18.5280019], [73.8632716, 18.5280033], [73.8633038, 18.5280111], [73.863339, 18.5280311], [73.8633632, 18.5280522]]}}, {"type": "Feature", "id": 1118018811, "properties": {"id": 1118018811, "name": "Gangadham - Shatrunjay Road", "highway": "primary", "ref": "", "oneway": "yes", "length_km": 0.629}, "geometry": {"type": "LineString", "coordinates": [[73.8742509, 18.4751208], [73.8742182, 18.4753004], [73.8741464, 18.4757325], [73.8740621, 18.4761671], [73.8740331, 18.4763139], [73.8739868, 18.4764804], [73.8739713, 18.4765363], [73.8739505, 18.4766111], [73.8736069, 18.4773805], [73.8731576, 18.4783865], [73.8730849, 18.4785337], [73.8729446, 18.4788173], [73.8728116, 18.4790861], [73.8725243, 18.4797931], [73.8723319, 18.4804391], [73.8723252, 18.4804618]]}}, {"type": "Feature", "id": 1118018812, "properties": {"id": 1118018812, "name": "Gangadham - Shatrunjay Road", "highway": "primary", "ref": "", "oneway": "yes", "length_km": 0.487}, "geometry": {"type": "LineString", "coordinates": [[73.8724233, 18.4804625], [73.8724693, 18.4802112], [73.8726211, 18.4797229], [73.8727841, 18.4793158], [73.873013, 18.4788466], [73.8731522, 18.4785614], [73.873233, 18.4783958], [73.8732833, 18.4782927], [73.8734044, 18.47803], [73.8734155, 18.4780058], [73.8736996, 18.4773754], [73.873768, 18.4772237], [73.8738739, 18.4769886], [73.8740135, 18.4766531], [73.874075, 18.4764893], [73.8741125, 18.4763846]]}}, {"type": "Feature", "id": 1118018813, "properties": {"id": 1118018813, "name": "Gangadham - Shatrunjay Road", "highway": "primary", "ref": "", "oneway": "yes", "length_km": 0.158}, "geometry": {"type": "LineString", "coordinates": [[73.8765486, 18.4671808], [73.8768049, 18.4662836], [73.8769531, 18.465806]]}}, {"type": "Feature", "id": 1118318903, "properties": {"id": 1118318903, "name": "Unnamed Arterial", "highway": "trunk_link", "ref": "", "oneway": "yes", "length_km": 0.04}, "geometry": {"type": "LineString", "coordinates": [[73.8788771, 18.5332086], [73.8787765, 18.5333115], [73.8787194, 18.5333401], [73.8786466, 18.5333549], [73.8785503, 18.5333384]]}}, {"type": "Feature", "id": 1118612282, "properties": {"id": 1118612282, "name": "Unnamed Arterial", "highway": "trunk_link", "ref": "", "oneway": "yes", "length_km": 0.036}, "geometry": {"type": "LineString", "coordinates": [[73.935229, 18.542532], [73.9354922, 18.5423261]]}}, {"type": "Feature", "id": 1118635392, "properties": {"id": 1118635392, "name": "Unnamed Arterial", "highway": "trunk_link", "ref": "", "oneway": "yes", "length_km": 0.012}, "geometry": {"type": "LineString", "coordinates": [[73.8504928, 18.5368607], [73.8506011, 18.5368909]]}}, {"type": "Feature", "id": 1118648770, "properties": {"id": 1118648770, "name": "Unnamed Arterial", "highway": "trunk_link", "ref": "", "oneway": "yes", "length_km": 0.082}, "geometry": {"type": "LineString", "coordinates": [[73.7847881, 18.5070465], [73.7840269, 18.5072039]]}}, {"type": "Feature", "id": 1118809152, "properties": {"id": 1118809152, "name": "Babasaheb Ambedkar Marg", "highway": "primary", "ref": "", "oneway": "yes", "length_km": 0.31}, "geometry": {"type": "LineString", "coordinates": [[73.8675775, 18.5255288], [73.8679606, 18.5253135], [73.8683858, 18.5250922], [73.8686819, 18.5249688], [73.8689704, 18.5248206], [73.8698834, 18.5243518], [73.870023, 18.5242669], [73.8701424, 18.5241546]]}}, {"type": "Feature", "id": 1118809153, "properties": {"id": 1118809153, "name": "Babasaheb Ambedkar Marg", "highway": "primary", "ref": "", "oneway": "yes", "length_km": 0.012}, "geometry": {"type": "LineString", "coordinates": [[73.8675481, 18.5254339], [73.867448, 18.5254894]]}}, {"type": "Feature", "id": 1118809154, "properties": {"id": 1118809154, "name": "Unnamed Arterial", "highway": "primary", "ref": "", "oneway": "yes", "length_km": 0.033}, "geometry": {"type": "LineString", "coordinates": [[73.8675481, 18.5254339], [73.8675287, 18.5251389]]}}, {"type": "Feature", "id": 1118813088, "properties": {"id": 1118813088, "name": "Jangli Maharaj Path", "highway": "primary", "ref": "SH60", "oneway": "yes", "length_km": 0.066}, "geometry": {"type": "LineString", "coordinates": [[73.8481835, 18.5227783], [73.8480851, 18.5226751], [73.84776, 18.522334]]}}, {"type": "Feature", "id": 1118894173, "properties": {"id": 1118894173, "name": "Old Pune\u2013Mumbai Highway", "highway": "trunk", "ref": "NH60;NH65", "oneway": "yes", "length_km": 0.724}, "geometry": {"type": "LineString", "coordinates": [[73.8515046, 18.5426132], [73.8515401, 18.5429654], [73.8515855, 18.543788], [73.8516039, 18.5441211], [73.851612, 18.5443009], [73.8516157, 18.5443348], [73.8517684, 18.5465159], [73.8517591, 18.5467064], [73.8517276, 18.5470723], [73.8517084, 18.547217], [73.8516554, 18.5475083], [73.8516095, 18.5476371], [73.8515054, 18.5479177], [73.8514731, 18.5480048], [73.8511527, 18.5488691], [73.8510677, 18.5490216]]}}, {"type": "Feature", "id": 1118894174, "properties": {"id": 1118894174, "name": "Old Pune\u2013Mumbai Highway", "highway": "trunk", "ref": "NH60;NH65", "oneway": "yes", "length_km": 0.017}, "geometry": {"type": "LineString", "coordinates": [[73.8516224, 18.542596], [73.8516161, 18.5425322], [73.8516014, 18.542443]]}}, {"type": "Feature", "id": 1118894175, "properties": {"id": 1118894175, "name": "Old Pune\u2013Mumbai Highway", "highway": "trunk", "ref": "NH60;NH65", "oneway": "yes", "length_km": 1.047}, "geometry": {"type": "LineString", "coordinates": [[73.8516014, 18.542443], [73.8514976, 18.5418157], [73.8514759, 18.5416981], [73.8513924, 18.5413196], [73.8511974, 18.5404359], [73.8511396, 18.540176], [73.8510517, 18.5397805], [73.8509154, 18.5393666], [73.8508919, 18.5392905], [73.8508125, 18.5390327], [73.8507744, 18.5389091], [73.8507429, 18.538807], [73.8506721, 18.5384565], [73.8506403, 18.5382912], [73.8506256, 18.5382095], [73.8505976, 18.5380547], [73.8505829, 18.5379732], [73.8505492, 18.5377843], [73.8505372, 18.5375955], [73.8505264, 18.5374938], [73.8505462, 18.5373673], [73.8507105, 18.5367738], [73.8508152, 18.5363846], [73.8509127, 18.5360434], [73.8509227, 18.5360182], [73.8509558, 18.5359332], [73.8509888, 18.5358485], [73.8511062, 18.5356361], [73.8511604, 18.5355328], [73.8513395, 18.5351576], [73.8513614, 18.5351116], [73.8513688, 18.535096], [73.8513944, 18.5350424], [73.8514427, 18.5349411], [73.851666, 18.5345478], [73.851689, 18.5345072], [73.8516992, 18.5344799], [73.8519453, 18.5340995], [73.8520146, 18.5340078], [73.8523748, 18.5335314]]}}, {"type": "Feature", "id": 1119769411, "properties": {"id": 1119769411, "name": "Unnamed Arterial", "highway": "primary_link", "ref": "", "oneway": "yes", "length_km": 0.027}, "geometry": {"type": "LineString", "coordinates": [[73.8038207, 18.4803022], [73.8038766, 18.4803749], [73.8039058, 18.4804362], [73.8039122, 18.4805261]]}}, {"type": "Feature", "id": 1131068781, "properties": {"id": 1131068781, "name": "Unnamed Arterial", "highway": "primary_link", "ref": "", "oneway": "no", "length_km": 0.009}, "geometry": {"type": "LineString", "coordinates": [[73.7765545, 18.6024294], [73.7764796, 18.6024681]]}}, {"type": "Feature", "id": 1135966343, "properties": {"id": 1135966343, "name": "Dharmveer Chhatrapati Shambhaji Maharaj Flyover", "highway": "primary", "ref": "", "oneway": "yes", "length_km": 0.285}, "geometry": {"type": "LineString", "coordinates": [[73.8897558, 18.553135], [73.8896637, 18.5528001], [73.889595, 18.5525336], [73.8895585, 18.5523689], [73.8894856, 18.5517932], [73.8893654, 18.5508615], [73.8893386, 18.5506021]]}}, {"type": "Feature", "id": 1135966344, "properties": {"id": 1135966344, "name": "Dharmveer Chhatrapati Shambhaji Maharaj Flyover", "highway": "primary", "ref": "", "oneway": "yes", "length_km": 0.284}, "geometry": {"type": "LineString", "coordinates": [[73.8893065, 18.5506212], [73.8893875, 18.5513856], [73.8895141, 18.5523274], [73.8896256, 18.5528075], [73.8897178, 18.5531463]]}}, {"type": "Feature", "id": 1135966345, "properties": {"id": 1135966345, "name": "Dharmveer Chhatrapati Shambhaji Maharaj Flyover", "highway": "primary", "ref": "", "oneway": "yes", "length_km": 0.225}, "geometry": {"type": "LineString", "coordinates": [[73.8897178, 18.5531463], [73.889851, 18.5536355], [73.8900355, 18.5543129], [73.8902554, 18.5551061]]}}, {"type": "Feature", "id": 1135966346, "properties": {"id": 1135966346, "name": "Dharmveer Chhatrapati Shambhaji Maharaj Flyover", "highway": "primary", "ref": "", "oneway": "yes", "length_km": 0.226}, "geometry": {"type": "LineString", "coordinates": [[73.8903056, 18.5551017], [73.8900628, 18.5542485], [73.8898053, 18.5533148], [73.8897558, 18.553135]]}}, {"type": "Feature", "id": 1135966347, "properties": {"id": 1135966347, "name": "Dharmveer Chhatrapati Shambhaji Maharaj Flyover", "highway": "primary", "ref": "", "oneway": "yes", "length_km": 0.012}, "geometry": {"type": "LineString", "coordinates": [[73.889041, 18.5489883], [73.889102, 18.5490767]]}}, {"type": "Feature", "id": 1135966348, "properties": {"id": 1135966348, "name": "Dharmveer Chhatrapati Shambhaji Maharaj Flyover", "highway": "primary", "ref": "", "oneway": "yes", "length_km": 0.012}, "geometry": {"type": "LineString", "coordinates": [[73.8891357, 18.5490737], [73.8891594, 18.5489713]]}}, {"type": "Feature", "id": 1136093506, "properties": {"id": 1136093506, "name": "Kaspate Vasti Road", "highway": "primary", "ref": "", "oneway": "yes", "length_km": 0.3}, "geometry": {"type": "LineString", "coordinates": [[73.7738074, 18.5951504], [73.7737869, 18.5950119], [73.7737494, 18.5947726], [73.7737289, 18.5946658], [73.7737152, 18.5945417], [73.7737075, 18.594472], [73.7736892, 18.5943353], [73.7736658, 18.5941861], [73.7736534, 18.5941076], [73.7736432, 18.5939767], [73.7736296, 18.5938019], [73.7735974, 18.5933584], [73.7735626, 18.592852], [73.77356, 18.5926166], [73.7735546, 18.5925365], [73.7735261, 18.592466]]}}, {"type": "Feature", "id": 1138185331, "properties": {"id": 1138185331, "name": "Wakad Road", "highway": "primary", "ref": "", "oneway": "yes", "length_km": 0.055}, "geometry": {"type": "LineString", "coordinates": [[73.785286, 18.5880317], [73.7851547, 18.5880584], [73.7850032, 18.5880892], [73.7847746, 18.5881296]]}}, {"type": "Feature", "id": 1138185332, "properties": {"id": 1138185332, "name": "Wakad Road", "highway": "primary", "ref": "", "oneway": "yes", "length_km": 0.086}, "geometry": {"type": "LineString", "coordinates": [[73.7776103, 18.5887654], [73.7773863, 18.5888094], [73.7772441, 18.5888373], [73.7771558, 18.5888584], [73.7769406, 18.5888845], [73.7768019, 18.588904]]}}, {"type": "Feature", "id": 1138185333, "properties": {"id": 1138185333, "name": "Wakad Road", "highway": "primary", "ref": "", "oneway": "yes", "length_km": 0.284}, "geometry": {"type": "LineString", "coordinates": [[73.7853174, 18.5881081], [73.7879581, 18.5875721]]}}, {"type": "Feature", "id": 1138185334, "properties": {"id": 1138185334, "name": "Wakad Road", "highway": "primary", "ref": "", "oneway": "yes", "length_km": 0.22}, "geometry": {"type": "LineString", "coordinates": [[73.777639, 18.5888609], [73.7777784, 18.5888308], [73.7781764, 18.5887229], [73.7782463, 18.5887039], [73.7785262, 18.5886334], [73.7786808, 18.5886269], [73.779442, 18.5886282], [73.7796226, 18.5886315], [73.7797024, 18.5886341]]}}, {"type": "Feature", "id": 1144264040, "properties": {"id": 1144264040, "name": "Wakad Road", "highway": "primary", "ref": "", "oneway": "yes", "length_km": 0.057}, "geometry": {"type": "LineString", "coordinates": [[73.7847842, 18.5882133], [73.7850211, 18.5881683], [73.7851612, 18.5881398], [73.7853174, 18.5881081]]}}, {"type": "Feature", "id": 1144797962, "properties": {"id": 1144797962, "name": "Old Pune-Mumbai Highway", "highway": "trunk", "ref": "NH60;NH65", "oneway": "yes", "length_km": 0.046}, "geometry": {"type": "LineString", "coordinates": [[73.8373255, 18.571816], [73.837469, 18.5714225]]}}, {"type": "Feature", "id": 1146886464, "properties": {"id": 1146886464, "name": "Underpass", "highway": "primary", "ref": "", "oneway": "yes", "length_km": 0.054}, "geometry": {"type": "LineString", "coordinates": [[73.8633632, 18.5280522], [73.8633262, 18.5285398]]}}, {"type": "Feature", "id": 1146956044, "properties": {"id": 1146956044, "name": "Koregaon Road", "highway": "primary", "ref": "", "oneway": "yes", "length_km": 0.009}, "geometry": {"type": "LineString", "coordinates": [[73.8855066, 18.539431], [73.8855129, 18.5393494]]}}, {"type": "Feature", "id": 1146956046, "properties": {"id": 1146956046, "name": "Koregaon Road", "highway": "primary", "ref": "", "oneway": "yes", "length_km": 0.167}, "geometry": {"type": "LineString", "coordinates": [[73.885314, 18.5410503], [73.8853525, 18.5401714], [73.8853769, 18.5395494]]}}, {"type": "Feature", "id": 1147910704, "properties": {"id": 1147910704, "name": "Karve Road", "highway": "primary", "ref": "SH60", "oneway": "yes", "length_km": 0.018}, "geometry": {"type": "LineString", "coordinates": [[73.8371095, 18.5115919], [73.8372264, 18.5116521], [73.8372619, 18.5116703]]}}, {"type": "Feature", "id": 1147910705, "properties": {"id": 1147910705, "name": "Karve Road", "highway": "primary", "ref": "SH60", "oneway": "yes", "length_km": 0.018}, "geometry": {"type": "LineString", "coordinates": [[73.8373048, 18.5115953], [73.8372746, 18.5115798], [73.8371543, 18.5115179]]}}, {"type": "Feature", "id": 1147910706, "properties": {"id": 1147910706, "name": "Karve Road", "highway": "primary", "ref": "SH60", "oneway": "yes", "length_km": 0.017}, "geometry": {"type": "LineString", "coordinates": [[73.8372619, 18.5116703], [73.8373278, 18.511703], [73.8373718, 18.5117248], [73.8374021, 18.5117398]]}}, {"type": "Feature", "id": 1147910707, "properties": {"id": 1147910707, "name": "Karve Road", "highway": "primary", "ref": "SH60", "oneway": "yes", "length_km": 0.015}, "geometry": {"type": "LineString", "coordinates": [[73.8374298, 18.5116572], [73.8374197, 18.5116522], [73.8373048, 18.5115953]]}}, {"type": "Feature", "id": 1147910708, "properties": {"id": 1147910708, "name": "Karve Road", "highway": "primary", "ref": "SH60", "oneway": "yes", "length_km": 0.329}, "geometry": {"type": "LineString", "coordinates": [[73.8370964, 18.5114881], [73.8369341, 18.5114046], [73.8365576, 18.5112193], [73.8363988, 18.5111411], [73.8361362, 18.5110121], [73.8358398, 18.5108666], [73.835635, 18.5107712], [73.8354112, 18.510667], [73.8352092, 18.5105732], [73.8350321, 18.5104965], [73.8347217, 18.5103621], [73.8345817, 18.5103015], [73.8342986, 18.5101596]]}}, {"type": "Feature", "id": 1148484803, "properties": {"id": 1148484803, "name": "Unnamed Arterial", "highway": "primary", "ref": "", "oneway": "yes", "length_km": 0.005}, "geometry": {"type": "LineString", "coordinates": [[73.7814894, 18.5064686], [73.7815083, 18.5064259]]}}, {"type": "Feature", "id": 1148484805, "properties": {"id": 1148484805, "name": "Paud Road", "highway": "primary", "ref": "NH753F", "oneway": "yes", "length_km": 0.076}, "geometry": {"type": "LineString", "coordinates": [[73.7772341, 18.507048], [73.7770065, 18.5070129], [73.7769122, 18.5069984], [73.7767084, 18.5069793], [73.776621, 18.5069774], [73.7765173, 18.5069856]]}}, {"type": "Feature", "id": 1150059832, "properties": {"id": 1150059832, "name": "Unnamed Arterial", "highway": "primary", "ref": "", "oneway": "no", "length_km": 0.007}, "geometry": {"type": "LineString", "coordinates": [[73.8256757, 18.5627764], [73.8256792, 18.562712]]}}, {"type": "Feature", "id": 1150227471, "properties": {"id": 1150227471, "name": "Katraj - Dehu Road Bypass", "highway": "trunk", "ref": "NH48", "oneway": "yes", "length_km": 0.429}, "geometry": {"type": "LineString", "coordinates": [[73.7925099, 18.4896346], [73.7957938, 18.4873425]]}}, {"type": "Feature", "id": 1150227472, "properties": {"id": 1150227472, "name": "Mumbai Pune Bypass Road * Katraj-Dehu Rd Bypass", "highway": "trunk", "ref": "NH48", "oneway": "yes", "length_km": 0.066}, "geometry": {"type": "LineString", "coordinates": [[73.7923808, 18.4895364], [73.7918735, 18.4898925]]}}, {"type": "Feature", "id": 1150227473, "properties": {"id": 1150227473, "name": "Katraj - Dehu Road Bypass", "highway": "trunk", "ref": "NH48", "oneway": "yes", "length_km": 0.455}, "geometry": {"type": "LineString", "coordinates": [[73.7957938, 18.4873425], [73.7992787, 18.4849101]]}}, {"type": "Feature", "id": 1150227477, "properties": {"id": 1150227477, "name": "Katraj - Dehu Road Bypass", "highway": "trunk", "ref": "NH48", "oneway": "yes", "length_km": 0.436}, "geometry": {"type": "LineString", "coordinates": [[73.7957231, 18.4872118], [73.7952906, 18.4874963], [73.793589, 18.4887005], [73.7931223, 18.4890159], [73.7923808, 18.4895364]]}}, {"type": "Feature", "id": 1150918047, "properties": {"id": 1150918047, "name": "Unnamed Arterial", "highway": "trunk_link", "ref": "", "oneway": "no", "length_km": 0.014}, "geometry": {"type": "LineString", "coordinates": [[73.7811802, 18.5370015], [73.781234, 18.5369842], [73.7813045, 18.5369651]]}}, {"type": "Feature", "id": 1151136233, "properties": {"id": 1151136233, "name": "Katraj - Dehu Road Bypass", "highway": "trunk", "ref": "NH48", "oneway": "yes", "length_km": 0.019}, "geometry": {"type": "LineString", "coordinates": [[73.7795812, 18.5317763], [73.7796448, 18.5319356]]}}, {"type": "Feature", "id": 1151136234, "properties": {"id": 1151136234, "name": "Katraj - Dehu Road Bypass", "highway": "trunk", "ref": "NH48", "oneway": "yes", "length_km": 0.045}, "geometry": {"type": "LineString", "coordinates": [[73.7798095, 18.5319856], [73.7796605, 18.5316076]]}}, {"type": "Feature", "id": 1151136235, "properties": {"id": 1151136235, "name": "Katraj - Dehu Road Bypass", "highway": "trunk", "ref": "NH48", "oneway": "yes", "length_km": 0.206}, "geometry": {"type": "LineString", "coordinates": [[73.7712448, 18.5115436], [73.7711937, 18.5115857], [73.7710059, 18.5117586], [73.7708266, 18.5119466], [73.7706479, 18.5121521], [73.7704721, 18.5123726], [73.7703039, 18.512599], [73.770052, 18.5130028]]}}, {"type": "Feature", "id": 1151190356, "properties": {"id": 1151190356, "name": "Paud Road", "highway": "primary", "ref": "SH60", "oneway": "yes", "length_km": 0.167}, "geometry": {"type": "LineString", "coordinates": [[73.7966312, 18.5077801], [73.7962367, 18.507814], [73.7961651, 18.5078207], [73.7960569, 18.5078236], [73.795758, 18.5078316], [73.7954152, 18.5078408], [73.7950431, 18.5078508]]}}, {"type": "Feature", "id": 1151682422, "properties": {"id": 1151682422, "name": "Bharatratna Atal Bihari Vajpayee Flyover", "highway": "primary", "ref": "", "oneway": "yes", "length_km": 0.169}, "geometry": {"type": "LineString", "coordinates": [[73.8442521, 18.5315529], [73.8438938, 18.5316614], [73.8430346, 18.5319429], [73.8428877, 18.5320301], [73.842762, 18.5321041]]}}, {"type": "Feature", "id": 1151682423, "properties": {"id": 1151682423, "name": "Bharatratna Atal Bihari Vajpayee Flyover", "highway": "primary", "ref": "", "oneway": "yes", "length_km": 0.059}, "geometry": {"type": "LineString", "coordinates": [[73.8447836, 18.5313877], [73.8442521, 18.5315529]]}}, {"type": "Feature", "id": 1151682424, "properties": {"id": 1151682424, "name": "Bharatratna Atal Bihari Vajpayee Flyover", "highway": "primary", "ref": "", "oneway": "yes", "length_km": 0.169}, "geometry": {"type": "LineString", "coordinates": [[73.8427942, 18.5321878], [73.8429087, 18.5321042], [73.843081, 18.5320181], [73.8439199, 18.5317337], [73.8442763, 18.5316241]]}}, {"type": "Feature", "id": 1151682425, "properties": {"id": 1151682425, "name": "Bharatratna Atal Bihari Vajpayee Flyover", "highway": "primary", "ref": "", "oneway": "yes", "length_km": 0.061}, "geometry": {"type": "LineString", "coordinates": [[73.8442763, 18.5316241], [73.8448242, 18.5314544]]}}, {"type": "Feature", "id": 1151682762, "properties": {"id": 1151682762, "name": "Sangamwadi Bridge", "highway": "primary", "ref": "", "oneway": "yes", "length_km": 0.129}, "geometry": {"type": "LineString", "coordinates": [[73.8586825, 18.5327819], [73.8579373, 18.5328616], [73.8576612, 18.5328599], [73.8574636, 18.5328289]]}}, {"type": "Feature", "id": 1151682763, "properties": {"id": 1151682763, "name": "Sangamwadi Bridge", "highway": "primary", "ref": "", "oneway": "yes", "length_km": 0.136}, "geometry": {"type": "LineString", "coordinates": [[73.8574144, 18.532902], [73.8576487, 18.5329405], [73.8579602, 18.5329503], [73.8586975, 18.5328678]]}}, {"type": "Feature", "id": 1151682856, "properties": {"id": 1151682856, "name": "Svatantryaveer Savarkar Flyover", "highway": "primary", "ref": "SH60", "oneway": "yes", "length_km": 0.082}, "geometry": {"type": "LineString", "coordinates": [[73.8247095, 18.5060208], [73.8245506, 18.5061027], [73.8243577, 18.5062445], [73.824106, 18.506482]]}}, {"type": "Feature", "id": 1151682857, "properties": {"id": 1151682857, "name": "Svatantryaveer Savarkar Flyover", "highway": "primary", "ref": "SH60", "oneway": "yes", "length_km": 0.174}, "geometry": {"type": "LineString", "coordinates": [[73.8262996, 18.5061966], [73.8259976, 18.5060846], [73.8256694, 18.5059645], [73.8255399, 18.5059285], [73.8254149, 18.5059072], [73.825262, 18.5059051], [73.8250961, 18.5059179], [73.8249376, 18.5059459], [73.8248231, 18.5059785], [73.8247095, 18.5060208]]}}, {"type": "Feature", "id": 1151685014, "properties": {"id": 1151685014, "name": "Dharmveer Chhatrapati Shambhaji Maharaj Flyover", "highway": "primary", "ref": "", "oneway": "yes", "length_km": 0.173}, "geometry": {"type": "LineString", "coordinates": [[73.889102, 18.5490767], [73.8891815, 18.5496035], [73.889278, 18.5503522], [73.8893065, 18.5506212]]}}, {"type": "Feature", "id": 1151685015, "properties": {"id": 1151685015, "name": "Dharmveer Chhatrapati Shambhaji Maharaj Flyover", "highway": "primary", "ref": "", "oneway": "yes", "length_km": 0.171}, "geometry": {"type": "LineString", "coordinates": [[73.8893386, 18.5506021], [73.8893118, 18.5503427], [73.8892324, 18.5497243], [73.8891852, 18.5493561], [73.8891357, 18.5490737]]}}, {"type": "Feature", "id": 1151688996, "properties": {"id": 1151688996, "name": "Nagar Road", "highway": "trunk", "ref": "NH753F", "oneway": "yes", "length_km": 0.043}, "geometry": {"type": "LineString", "coordinates": [[73.9215494, 18.5617288], [73.921153, 18.5616232]]}}, {"type": "Feature", "id": 1151688997, "properties": {"id": 1151688997, "name": "Nagar Road", "highway": "trunk", "ref": "NH753F", "oneway": "yes", "length_km": 0.308}, "geometry": {"type": "LineString", "coordinates": [[73.9182794, 18.5610157], [73.9185018, 18.5610819], [73.9186476, 18.5611245], [73.9190648, 18.5612383], [73.9193439, 18.5613285], [73.9194782, 18.5613638], [73.9197446, 18.5614378], [73.9199557, 18.5614964], [73.9201134, 18.5615402], [73.9207357, 18.5617131], [73.921088, 18.561811]]}}, {"type": "Feature", "id": 1151688998, "properties": {"id": 1151688998, "name": "Nagar Road", "highway": "trunk", "ref": "NH753F", "oneway": "yes", "length_km": 0.009}, "geometry": {"type": "LineString", "coordinates": [[73.921088, 18.561811], [73.9211662, 18.5618347]]}}, {"type": "Feature", "id": 1151688999, "properties": {"id": 1151688999, "name": "Nagar Road", "highway": "trunk", "ref": "NH753F", "oneway": "yes", "length_km": 0.289}, "geometry": {"type": "LineString", "coordinates": [[73.9209766, 18.561568], [73.9207832, 18.561509], [73.9204814, 18.561413], [73.9200663, 18.5612831], [73.9200133, 18.5612665], [73.9196004, 18.5611372], [73.9195364, 18.5611336], [73.9190559, 18.5609954], [73.9186914, 18.5608981], [73.9185867, 18.5608701], [73.9183433, 18.5608074]]}}, {"type": "Feature", "id": 1151920241, "properties": {"id": 1151920241, "name": "Karve Road", "highway": "primary", "ref": "SH60", "oneway": "yes", "length_km": 0.029}, "geometry": {"type": "LineString", "coordinates": [[73.8340207, 18.5101168], [73.8340887, 18.5101509], [73.8342614, 18.5102375]]}}, {"type": "Feature", "id": 1151920242, "properties": {"id": 1151920242, "name": "Karve Road", "highway": "primary", "ref": "SH60", "oneway": "yes", "length_km": 0.028}, "geometry": {"type": "LineString", "coordinates": [[73.8342986, 18.5101596], [73.8341311, 18.5100756], [73.8340633, 18.5100416]]}}, {"type": "Feature", "id": 1151920243, "properties": {"id": 1151920243, "name": "Karve Road", "highway": "primary", "ref": "SH60", "oneway": "yes", "length_km": 0.02}, "geometry": {"type": "LineString", "coordinates": [[73.8338081, 18.5100105], [73.8339652, 18.5100891], [73.8339729, 18.5100929]]}}, {"type": "Feature", "id": 1151920244, "properties": {"id": 1151920244, "name": "Karve Road", "highway": "primary", "ref": "SH60", "oneway": "yes", "length_km": 0.026}, "geometry": {"type": "LineString", "coordinates": [[73.833847, 18.5099225], [73.8336694, 18.5098248], [73.8336343, 18.5098055]]}}, {"type": "Feature", "id": 1151930757, "properties": {"id": 1151930757, "name": "Jangli Maharaj Path", "highway": "primary", "ref": "SH60", "oneway": "yes", "length_km": 0.009}, "geometry": {"type": "LineString", "coordinates": [[73.842416, 18.5145937], [73.842441, 18.5145156]]}}, {"type": "Feature", "id": 1154675932, "properties": {"id": 1154675932, "name": "Unnamed Arterial", "highway": "trunk_link", "ref": "", "oneway": "no", "length_km": 0.016}, "geometry": {"type": "LineString", "coordinates": [[73.8113369, 18.4727094], [73.8112293, 18.4726129]]}}, {"type": "Feature", "id": 1154701927, "properties": {"id": 1154701927, "name": "Old Pune\u2013Mumbai Highway", "highway": "trunk", "ref": "NH60;NH65", "oneway": "yes", "length_km": 0.126}, "geometry": {"type": "LineString", "coordinates": [[73.8392299, 18.5668967], [73.8393313, 18.5666368], [73.8394455, 18.5663337], [73.8396089, 18.5659452], [73.8396588, 18.5658398]]}}, {"type": "Feature", "id": 1154967534, "properties": {"id": 1154967534, "name": "Unnamed Arterial", "highway": "trunk_link", "ref": "", "oneway": "no", "length_km": 0.009}, "geometry": {"type": "LineString", "coordinates": [[73.766612, 18.5673389], [73.7665302, 18.5673059]]}}, {"type": "Feature", "id": 1154985760, "properties": {"id": 1154985760, "name": "Hedgewar road", "highway": "primary", "ref": "", "oneway": "yes", "length_km": 0.529}, "geometry": {"type": "LineString", "coordinates": [[73.7858491, 18.6157096], [73.7857209, 18.6155067], [73.7856277, 18.6151868], [73.7855107, 18.6148309], [73.7854056, 18.6144931], [73.7853598, 18.6143351], [73.7853158, 18.6142135], [73.7852459, 18.614007], [73.7851855, 18.61389], [73.7850691, 18.6135874], [73.7849674, 18.61338], [73.7847824, 18.612996], [73.7847737, 18.6129739], [73.7846838, 18.6127633], [73.7846704, 18.612732], [73.7846412, 18.612674], [73.7844648, 18.612323], [73.7843833, 18.6122244], [73.7843476, 18.6121812], [73.7843249, 18.6121537], [73.7842807, 18.6121003], [73.7841715, 18.6119658], [73.7839325, 18.6116713], [73.7837967, 18.6114834], [73.7837526, 18.6114221]]}}, {"type": "Feature", "id": 1157579500, "properties": {"id": 1157579500, "name": "Unnamed Arterial", "highway": "primary", "ref": "", "oneway": "no", "length_km": 0.01}, "geometry": {"type": "LineString", "coordinates": [[73.8011881, 18.4803345], [73.801152, 18.4804214]]}}, {"type": "Feature", "id": 1157579501, "properties": {"id": 1157579501, "name": "NDA Road", "highway": "primary", "ref": "SH59", "oneway": "yes", "length_km": 0.08}, "geometry": {"type": "LineString", "coordinates": [[73.801152, 18.4804214], [73.8015489, 18.4806623], [73.8016452, 18.4806976], [73.8017397, 18.480716], [73.8018301, 18.4807148]]}}, {"type": "Feature", "id": 1157868421, "properties": {"id": 1157868421, "name": "Senapati Bapat Marg", "highway": "primary", "ref": "", "oneway": "yes", "length_km": 1.066}, "geometry": {"type": "LineString", "coordinates": [[73.8299662, 18.5290081], [73.8298932, 18.5278863], [73.829858, 18.5272743], [73.8298198, 18.5266119], [73.8297422, 18.525265], [73.8297155, 18.5249294], [73.8297075, 18.5248068], [73.8296804, 18.524394], [73.8296592, 18.5240706], [73.8296371, 18.5237345], [73.8296211, 18.5235244], [73.8295953, 18.5232817], [73.8295743, 18.5231074], [73.8295529, 18.5229677], [73.8295225, 18.5228536], [73.8294893, 18.522744], [73.8294083, 18.5224764], [73.8293776, 18.5223752], [73.8293498, 18.5222834], [73.8292375, 18.5218748], [73.8291119, 18.521245], [73.8291021, 18.5211498], [73.8291029, 18.5210732], [73.8291172, 18.5209974], [73.8291508, 18.5209215], [73.8291884, 18.5208644], [73.8292716, 18.5207788], [73.8293541, 18.5207201], [73.8294384, 18.520674], [73.8295245, 18.5206366], [73.8303361, 18.520355], [73.8304956, 18.5202955]]}}, {"type": "Feature", "id": 1157868422, "properties": {"id": 1157868422, "name": "Senapati Bapat Marg", "highway": "primary", "ref": "", "oneway": "no", "length_km": 0.012}, "geometry": {"type": "LineString", "coordinates": [[73.829849, 18.5290132], [73.8299116, 18.5290105], [73.8299662, 18.5290081]]}}, {"type": "Feature", "id": 1157870053, "properties": {"id": 1157870053, "name": "Lalbahadur Shashtri Marg", "highway": "primary", "ref": "", "oneway": "yes", "length_km": 0.155}, "geometry": {"type": "LineString", "coordinates": [[73.843528, 18.5095426], [73.8434891, 18.5096487], [73.8434251, 18.509823], [73.8433247, 18.5100893], [73.8432445, 18.5103392], [73.843192, 18.5105559], [73.8431679, 18.5107888], [73.8431653, 18.5108856]]}}, {"type": "Feature", "id": 1157871403, "properties": {"id": 1157871403, "name": "Sinhagad Road", "highway": "primary", "ref": "", "oneway": "yes", "length_km": 1.087}, "geometry": {"type": "LineString", "coordinates": [[73.8355135, 18.4935808], [73.8358816, 18.49391], [73.8360325, 18.494045], [73.8362194, 18.4942189], [73.8364485, 18.4944321], [73.8366706, 18.4946388], [73.837109, 18.4950469], [73.8371571, 18.4950903], [73.8372699, 18.4951923], [73.8373458, 18.4952608], [73.8375781, 18.4954427], [73.8381675, 18.4959242], [73.838384, 18.4961082], [73.8389666, 18.4965478], [73.83937, 18.4968521], [73.8395093, 18.4969572], [73.839621, 18.4970415], [73.8404584, 18.4976522], [73.840657, 18.4977959], [73.8410503, 18.4980805], [73.8419914, 18.4987615], [73.8421625, 18.4988696], [73.8431957, 18.4994337], [73.8434668, 18.4995817], [73.8435885, 18.4996634]]}}, {"type": "Feature", "id": 1157871404, "properties": {"id": 1157871404, "name": "Sinhagad Road", "highway": "primary", "ref": "", "oneway": "yes", "length_km": 0.013}, "geometry": {"type": "LineString", "coordinates": [[73.8355135, 18.4935808], [73.8355985, 18.4934963]]}}, {"type": "Feature", "id": 1157871405, "properties": {"id": 1157871405, "name": "Sinhagad Road", "highway": "primary", "ref": "", "oneway": "yes", "length_km": 0.009}, "geometry": {"type": "LineString", "coordinates": [[73.8354531, 18.4935237], [73.8355135, 18.4935808]]}}, {"type": "Feature", "id": 1157871406, "properties": {"id": 1157871406, "name": "Sinhagad Road", "highway": "primary", "ref": "", "oneway": "yes", "length_km": 0.013}, "geometry": {"type": "LineString", "coordinates": [[73.8355381, 18.4934392], [73.8354531, 18.4935237]]}}, {"type": "Feature", "id": 1158414517, "properties": {"id": 1158414517, "name": "Gangadham - Shatrunjay Road", "highway": "primary", "ref": "", "oneway": "no", "length_km": 0.39}, "geometry": {"type": "LineString", "coordinates": [[73.8774873, 18.4646836], [73.8774961, 18.4645527], [73.8775225, 18.4641581], [73.8775478, 18.4637801], [73.8775565, 18.4636507], [73.877566, 18.4635085], [73.8775774, 18.463339], [73.8775878, 18.4631832], [73.877596, 18.4630605], [73.8776138, 18.4627957], [73.8776303, 18.4625494], [73.8776573, 18.4621462], [73.8776865, 18.4617105], [73.8776947, 18.4615878], [73.8776841, 18.4613983], [73.8776717, 18.4611757]]}}, {"type": "Feature", "id": 1159360848, "properties": {"id": 1159360848, "name": "Kaspate Vasti Road", "highway": "primary", "ref": "", "oneway": "no", "length_km": 0.048}, "geometry": {"type": "LineString", "coordinates": [[73.7734129, 18.5918105], [73.7734303, 18.5919459], [73.7734469, 18.5920224], [73.773493, 18.5922331]]}}, {"type": "Feature", "id": 1159882231, "properties": {"id": 1159882231, "name": "Satara Road", "highway": "trunk", "ref": "NH60", "oneway": "yes", "length_km": 0.626}, "geometry": {"type": "LineString", "coordinates": [[73.8571136, 18.4813147], [73.857136, 18.4818271], [73.8571498, 18.4821423], [73.8571545, 18.4822215], [73.8571677, 18.4824469], [73.8572274, 18.4828256], [73.8572751, 18.4830822], [73.8573172, 18.4833087], [73.8573861, 18.4837108], [73.8574565, 18.4842767], [73.8574583, 18.4842951], [73.8574998, 18.484917], [73.8575055, 18.4850138], [73.8575152, 18.4851773], [73.8575008, 18.4856073], [73.8574912, 18.4858946], [73.857467, 18.4861353], [73.8574415, 18.4863961], [73.8574205, 18.4865773], [73.8573959, 18.4867891], [73.857384, 18.4869214]]}}, {"type": "Feature", "id": 1159882233, "properties": {"id": 1159882233, "name": "Satara Road", "highway": "trunk", "ref": "NH60", "oneway": "yes", "length_km": 0.012}, "geometry": {"type": "LineString", "coordinates": [[73.857384, 18.4869214], [73.8573855, 18.4870259]]}}, {"type": "Feature", "id": 1160151100, "properties": {"id": 1160151100, "name": "Bajirao Road", "highway": "trunk", "ref": "NH60;NH65", "oneway": "yes", "length_km": 0.076}, "geometry": {"type": "LineString", "coordinates": [[73.8538173, 18.5105598], [73.8537891, 18.5112422]]}}, {"type": "Feature", "id": 1160159582, "properties": {"id": 1160159582, "name": "Bajirao Road", "highway": "trunk", "ref": "NH60;NH65", "oneway": "yes", "length_km": 0.429}, "geometry": {"type": "LineString", "coordinates": [[73.8536852, 18.5066985], [73.8536883, 18.5067568], [73.853687, 18.507378], [73.8536884, 18.5074326], [73.8536954, 18.5076947], [73.8536966, 18.5078494], [73.8536986, 18.5080976], [73.8537032, 18.5085515], [73.8537249, 18.5090266], [73.8537497, 18.509596], [73.8537554, 18.5097605], [73.8537619, 18.5099513], [73.8537923, 18.5102847], [73.8538173, 18.5105598]]}}, {"type": "Feature", "id": 1160162767, "properties": {"id": 1160162767, "name": "Chimaji Appa Peshwe Path", "highway": "trunk", "ref": "NH60;NH65", "oneway": "yes", "length_km": 0.039}, "geometry": {"type": "LineString", "coordinates": [[73.8537065, 18.5041235], [73.8536867, 18.504343], [73.8536228, 18.5044604]]}}, {"type": "Feature", "id": 1160185582, "properties": {"id": 1160185582, "name": "Satara Road", "highway": "trunk", "ref": "NH60", "oneway": "yes", "length_km": 0.191}, "geometry": {"type": "LineString", "coordinates": [[73.8576104, 18.4924231], [73.8576231, 18.4925557], [73.8576762, 18.493062], [73.8577041, 18.493278], [73.8577379, 18.4934538], [73.8577453, 18.4934966], [73.8577741, 18.4936623], [73.8578149, 18.4938583], [73.8578509, 18.4941235]]}}, {"type": "Feature", "id": 1160185583, "properties": {"id": 1160185583, "name": "Satara Road", "highway": "trunk", "ref": "NH60", "oneway": "yes", "length_km": 0.628}, "geometry": {"type": "LineString", "coordinates": [[73.8583087, 18.4980334], [73.8583041, 18.4980081], [73.8581228, 18.4970161], [73.8581091, 18.4968456], [73.8581049, 18.4967938], [73.8581029, 18.4966935], [73.8581134, 18.4966021], [73.8581204, 18.4965223], [73.8581237, 18.4964844], [73.8581333, 18.4962483], [73.8581349, 18.4962103], [73.8581329, 18.4959001], [73.8581327, 18.4958697], [73.8581259, 18.4956096], [73.8581229, 18.4955341], [73.8581006, 18.4949775], [73.85809, 18.4947133], [73.8580786, 18.4944292], [73.8580288, 18.4942089], [73.8579948, 18.4940588], [73.857974, 18.4939278], [73.8579318, 18.4936615], [73.8579061, 18.4934685], [73.8578757, 18.4932599], [73.85787, 18.4931948], [73.8578593, 18.4930734], [73.8578102, 18.4925519], [73.8578005, 18.4924118]]}}, {"type": "Feature", "id": 1160185584, "properties": {"id": 1160185584, "name": "Satara Road", "highway": "trunk", "ref": "NH60", "oneway": "yes", "length_km": 0.052}, "geometry": {"type": "LineString", "coordinates": [[73.8578005, 18.4924118], [73.8577978, 18.4923407], [73.8577866, 18.4919474]]}}, {"type": "Feature", "id": 1160185586, "properties": {"id": 1160185586, "name": "Satara Road", "highway": "trunk", "ref": "NH60", "oneway": "yes", "length_km": 0.053}, "geometry": {"type": "LineString", "coordinates": [[73.8575846, 18.4919459], [73.8576104, 18.4924231]]}}, {"type": "Feature", "id": 1160338411, "properties": {"id": 1160338411, "name": "Bajirao Road", "highway": "trunk", "ref": "NH60;NH65", "oneway": "yes", "length_km": 0.233}, "geometry": {"type": "LineString", "coordinates": [[73.8537891, 18.5112422], [73.8538073, 18.5118551], [73.8538301, 18.5125021], [73.8538396, 18.5130271], [73.8538452, 18.5133364]]}}, {"type": "Feature", "id": 1160395242, "properties": {"id": 1160395242, "name": "Lalbahadur Shashtri Marg", "highway": "primary", "ref": "", "oneway": "yes", "length_km": 0.031}, "geometry": {"type": "LineString", "coordinates": [[73.8431556, 18.5112421], [73.8431714, 18.51133], [73.843178, 18.5113666], [73.8432189, 18.5114612], [73.843243, 18.5115061]]}}, {"type": "Feature", "id": 1160395244, "properties": {"id": 1160395244, "name": "Lalbahadur Shashtri Marg", "highway": "primary", "ref": "", "oneway": "yes", "length_km": 0.04}, "geometry": {"type": "LineString", "coordinates": [[73.8431653, 18.5108856], [73.8431581, 18.51115], [73.8431556, 18.5112421]]}}, {"type": "Feature", "id": 1160395245, "properties": {"id": 1160395245, "name": "Lalbahadur Shashtri Marg", "highway": "primary", "ref": "", "oneway": "yes", "length_km": 0.037}, "geometry": {"type": "LineString", "coordinates": [[73.8432571, 18.5112473], [73.8432605, 18.5111542], [73.8432695, 18.5109104]]}}, {"type": "Feature", "id": 1160395246, "properties": {"id": 1160395246, "name": "Lalbahadur Shashtri Marg", "highway": "primary", "ref": "", "oneway": "yes", "length_km": 0.156}, "geometry": {"type": "LineString", "coordinates": [[73.8432695, 18.5109104], [73.8432753, 18.510751], [73.8432957, 18.5105583], [73.8432983, 18.5105341], [73.8433351, 18.5103518], [73.8434046, 18.5101426], [73.8434954, 18.5098794], [73.8435606, 18.5096778], [73.8435685, 18.5096577], [73.8436096, 18.5095523]]}}, {"type": "Feature", "id": 1160395247, "properties": {"id": 1160395247, "name": "Lalbahadur Shashtri Marg", "highway": "primary", "ref": "", "oneway": "yes", "length_km": 0.152}, "geometry": {"type": "LineString", "coordinates": [[73.843243, 18.5115061], [73.8432708, 18.5115578], [73.8433629, 18.5116782], [73.843507, 18.5118422], [73.8435971, 18.5119608], [73.8436826, 18.5121101], [73.8437186, 18.5121822], [73.8437222, 18.5121897], [73.843735, 18.5122168], [73.8437641, 18.512278], [73.8437795, 18.5123575], [73.8437796, 18.5123852], [73.8437801, 18.5124867], [73.8437797, 18.5126016], [73.8437729, 18.5126329], [73.8437669, 18.5126604], [73.8437398, 18.5127202]]}}, {"type": "Feature", "id": 1160398434, "properties": {"id": 1160398434, "name": "Katraj - Dehu Road Bypass", "highway": "trunk", "ref": "NH548DD", "oneway": "yes", "length_km": 1.148}, "geometry": {"type": "LineString", "coordinates": [[73.8361849, 18.4548048], [73.836147, 18.4548178], [73.8344676, 18.4553354], [73.8333476, 18.4557163], [73.8316019, 18.4563099], [73.831097, 18.4564808], [73.8298382, 18.4569097], [73.829756, 18.4569376], [73.8294316, 18.4570505], [73.8293565, 18.4570734], [73.8291861, 18.4571314], [73.8284864, 18.457393], [73.8268644, 18.4580659], [73.8259626, 18.4584618]]}}, {"type": "Feature", "id": 1160398435, "properties": {"id": 1160398435, "name": "Katraj Kondhwa Road", "highway": "trunk", "ref": "NH548DD", "oneway": "yes", "length_km": 0.067}, "geometry": {"type": "LineString", "coordinates": [[73.8588323, 18.4481275], [73.859138, 18.448035], [73.8592453, 18.4480016], [73.8593289, 18.4479616], [73.8594129, 18.4478962]]}}, {"type": "Feature", "id": 1160401289, "properties": {"id": 1160401289, "name": "Lalbahadur Shashtri Marg", "highway": "primary", "ref": "", "oneway": "yes", "length_km": 0.022}, "geometry": {"type": "LineString", "coordinates": [[73.8435704, 18.5093475], [73.8435437, 18.5094703], [73.843528, 18.5095426]]}}, {"type": "Feature", "id": 1160401290, "properties": {"id": 1160401290, "name": "Lalbahadur Shashtri Marg", "highway": "primary", "ref": "", "oneway": "yes", "length_km": 0.723}, "geometry": {"type": "LineString", "coordinates": [[73.8436096, 18.5095523], [73.8436316, 18.5094794], [73.843668, 18.5093591], [73.8438461, 18.5088496], [73.8440378, 18.5083983], [73.844055, 18.5083477], [73.8440779, 18.5082802], [73.8440951, 18.5082141], [73.8441661, 18.507942], [73.8442697, 18.5075445], [73.8442971, 18.5074393], [73.8443152, 18.5073708], [73.8443425, 18.5072677], [73.8443904, 18.5070864], [73.8444451, 18.5068793], [73.8446104, 18.5062542], [73.8448135, 18.5054859], [73.8448829, 18.5052234], [73.8449008, 18.5051559], [73.8449446, 18.5050295], [73.8451336, 18.5044844], [73.8451481, 18.504431], [73.845207, 18.5042151], [73.8452336, 18.5040671], [73.845287, 18.5037458], [73.8453134, 18.5035907], [73.845349, 18.5034027], [73.8453639, 18.5033242], [73.8453945, 18.5032719]]}}, {"type": "Feature", "id": 1160549445, "properties": {"id": 1160549445, "name": "Unnamed Arterial", "highway": "primary", "ref": "", "oneway": "yes", "length_km": 0.43}, "geometry": {"type": "LineString", "coordinates": [[73.8487529, 18.5350191], [73.8487957, 18.5348108], [73.8489662, 18.5338571], [73.8490292, 18.5335048], [73.8490995, 18.5331355], [73.8491661, 18.5329041], [73.8491945, 18.5327954], [73.8492767, 18.5325393], [73.8493364, 18.5323532], [73.8494693, 18.5319599], [73.8495235, 18.5317959], [73.8496578, 18.5313894], [73.8497346, 18.5312738]]}}, {"type": "Feature", "id": 1160549446, "properties": {"id": 1160549446, "name": "Unnamed Arterial", "highway": "primary", "ref": "", "oneway": "yes", "length_km": 0.047}, "geometry": {"type": "LineString", "coordinates": [[73.8497079, 18.5312375], [73.849718, 18.5312578], [73.8497346, 18.5312738], [73.8497553, 18.5312837], [73.8497783, 18.5312867], [73.8498011, 18.5312825], [73.8498213, 18.5312716], [73.8498368, 18.5312552], [73.8498458, 18.5312349], [73.8498475, 18.5312129], [73.8498416, 18.5311916], [73.8498285, 18.5311729], [73.8498097, 18.5311593], [73.8497873, 18.5311522], [73.8497713, 18.5311525], [73.8497636, 18.5311526], [73.8497414, 18.5311602], [73.849723, 18.5311743], [73.8497105, 18.5311934], [73.8497053, 18.5312152], [73.8497079, 18.5312375]]}}, {"type": "Feature", "id": 1160993854, "properties": {"id": 1160993854, "name": "Satara Road", "highway": "trunk", "ref": "NH60", "oneway": "yes", "length_km": 0.547}, "geometry": {"type": "LineString", "coordinates": [[73.8577866, 18.4919474], [73.8577891, 18.4917219], [73.8577774, 18.4915], [73.8577663, 18.4912712], [73.8577634, 18.4912115], [73.8577446, 18.4909185], [73.857738, 18.4908244], [73.8577334, 18.4907433], [73.8577205, 18.4905144], [73.8576861, 18.4901906], [73.8576605, 18.4899566], [73.8576042, 18.4894826], [73.8575838, 18.4893652], [73.8575729, 18.4892742], [73.8575488, 18.4891154], [73.8575293, 18.4888723], [73.857527, 18.4881688], [73.8575299, 18.4881228], [73.8575435, 18.4879045], [73.8575949, 18.487503], [73.8576112, 18.4871013], [73.8576126, 18.487039]]}}, {"type": "Feature", "id": 1160993855, "properties": {"id": 1160993855, "name": "Satara Road", "highway": "trunk", "ref": "NH60", "oneway": "yes", "length_km": 0.626}, "geometry": {"type": "LineString", "coordinates": [[73.8576197, 18.4869255], [73.8576183, 18.486855], [73.8576529, 18.4863511], [73.8576753, 18.4860241], [73.8576829, 18.485914], [73.8576867, 18.4858109], [73.8577057, 18.4852933], [73.8577031, 18.4851254], [73.857695, 18.4849881], [73.8576826, 18.4848027], [73.8576534, 18.484368], [73.857625, 18.4841637], [73.8576234, 18.4841519], [73.8575792, 18.483855], [73.8575578, 18.4837141], [73.8575301, 18.4835482], [73.8574863, 18.4833317], [73.857417, 18.4829228], [73.857404, 18.4828461], [73.8573904, 18.4827425], [73.8573659, 18.4825554], [73.8573571, 18.4824887], [73.8573289, 18.4821758], [73.8573281, 18.4818813], [73.8573235, 18.4816722], [73.8573088, 18.4813147]]}}, {"type": "Feature", "id": 1160997545, "properties": {"id": 1160997545, "name": "Unnamed Arterial", "highway": "primary_link", "ref": "", "oneway": "no", "length_km": 0.009}, "geometry": {"type": "LineString", "coordinates": [[73.8143809, 18.5480607], [73.8144247, 18.54813]]}}, {"type": "Feature", "id": 1161009376, "properties": {"id": 1161009376, "name": "SH59", "highway": "primary", "ref": "SH59", "oneway": "yes", "length_km": 0.021}, "geometry": {"type": "LineString", "coordinates": [[73.8020707, 18.4806724], [73.8022594, 18.4806208]]}}, {"type": "Feature", "id": 1161009377, "properties": {"id": 1161009377, "name": "NDA Road", "highway": "primary", "ref": "SH59", "oneway": "yes", "length_km": 0.249}, "geometry": {"type": "LineString", "coordinates": [[73.8022594, 18.4806208], [73.8031611, 18.4803712], [73.8032698, 18.4803474], [73.8034325, 18.480326], [73.8038207, 18.4803022], [73.8040283, 18.4802894], [73.8040396, 18.4802887], [73.8040745, 18.4802884], [73.8040854, 18.4802883], [73.8041283, 18.4802912], [73.8045879, 18.4802843]]}}, {"type": "Feature", "id": 1161009378, "properties": {"id": 1161009378, "name": "NDA Road", "highway": "primary", "ref": "SH59", "oneway": "yes", "length_km": 0.026}, "geometry": {"type": "LineString", "coordinates": [[73.8018301, 18.4807148], [73.8019384, 18.4807097], [73.8020707, 18.4806724]]}}, {"type": "Feature", "id": 1161009380, "properties": {"id": 1161009380, "name": "NDA Road", "highway": "primary", "ref": "SH59", "oneway": "yes", "length_km": 0.828}, "geometry": {"type": "LineString", "coordinates": [[73.8020397, 18.4805881], [73.8019226, 18.4806205], [73.801827, 18.480625], [73.8017487, 18.4806261], [73.801672, 18.4806111], [73.8015921, 18.4805819], [73.8011881, 18.4803345], [73.8011122, 18.480288], [73.8010186, 18.4802307], [73.8007812, 18.4800581], [73.8005234, 18.4798707], [73.8002548, 18.4796892], [73.799919, 18.4794881], [73.7996224, 18.4793105], [73.7995215, 18.4792448], [73.799447, 18.4791798], [73.799272, 18.4789785], [73.7990223, 18.4786726], [73.7989323, 18.4785558], [73.798804, 18.4784328], [73.7986532, 18.4783223], [73.7984484, 18.4781723], [73.7983456, 18.4780948], [73.798246, 18.4780073], [73.79796, 18.4777241], [73.7978173, 18.477582], [73.7977448, 18.4775048], [73.7974572, 18.4772544], [73.7972732, 18.4770822], [73.7970008, 18.4768228], [73.7969152, 18.4767503], [73.7968908, 18.4767291], [73.7967076, 18.4765697], [73.796581, 18.4764474], [73.7961289, 18.4760102], [73.7960482, 18.4759904]]}}, {"type": "Feature", "id": 1161018306, "properties": {"id": 1161018306, "name": "Jawaharlal Nehru Marg", "highway": "primary", "ref": "", "oneway": "yes", "length_km": 0.448}, "geometry": {"type": "LineString", "coordinates": [[73.8683915, 18.5194603], [73.8683907, 18.5194222], [73.8683994, 18.5193183], [73.8684154, 18.5191274], [73.8684253, 18.5186691], [73.8684172, 18.5180898], [73.8684245, 18.5178327], [73.8684389, 18.5176684], [73.8684604, 18.5175468], [73.8685486, 18.5170476], [73.8685864, 18.5167618], [73.8686058, 18.5165963], [73.8686608, 18.5154381]]}}, {"type": "Feature", "id": 1161018307, "properties": {"id": 1161018307, "name": "Jawaharlal Nehru Marg", "highway": "primary", "ref": "", "oneway": "yes", "length_km": 0.427}, "geometry": {"type": "LineString", "coordinates": [[73.8685698, 18.5156139], [73.8685302, 18.5165913], [73.868516, 18.5167602], [73.8684738, 18.5170364], [73.8684336, 18.5172597], [73.8683818, 18.517547], [73.8683637, 18.5176595], [73.8683488, 18.5178287], [73.8683504, 18.5178894], [73.8683414, 18.5180893], [73.8683451, 18.5182197], [73.8683482, 18.5185204], [73.8683495, 18.5186688], [73.8683455, 18.5188544], [73.8683396, 18.5191259], [73.8683321, 18.5191731], [73.8682826, 18.5194402]]}}, {"type": "Feature", "id": 1161018310, "properties": {"id": 1161018310, "name": "Jawaharlal Nehru Marg", "highway": "primary", "ref": "", "oneway": "yes", "length_km": 0.013}, "geometry": {"type": "LineString", "coordinates": [[73.8686608, 18.5154381], [73.8686615, 18.5153205]]}}, {"type": "Feature", "id": 1161056154, "properties": {"id": 1161056154, "name": "Jawaharlal Nehru Marg", "highway": "primary", "ref": "", "oneway": "yes", "length_km": 0.064}, "geometry": {"type": "LineString", "coordinates": [[73.8684637, 18.5066254], [73.8684625, 18.5066512], [73.8684393, 18.5067913], [73.868347, 18.5070902], [73.8683267, 18.5071821]]}}, {"type": "Feature", "id": 1161058450, "properties": {"id": 1161058450, "name": "Jawaharlal Nehru Marg", "highway": "primary", "ref": "", "oneway": "yes", "length_km": 0.205}, "geometry": {"type": "LineString", "coordinates": [[73.8682921, 18.508456], [73.8682962, 18.5083069], [73.8683225, 18.5078828], [73.8683383, 18.507627], [73.868358, 18.5074331], [73.8683637, 18.5073776], [73.8684003, 18.5071943], [73.868418, 18.5071271], [73.8685135, 18.5068067], [73.868538, 18.5066584], [73.8685392, 18.5066321]]}}, {"type": "Feature", "id": 1161072788, "properties": {"id": 1161072788, "name": "Jawaharlal Nehru Marg", "highway": "primary", "ref": "", "oneway": "yes", "length_km": 0.369}, "geometry": {"type": "LineString", "coordinates": [[73.8683267, 18.5071821], [73.8682886, 18.5073669], [73.8682627, 18.5076214], [73.8682205, 18.5083035], [73.8682127, 18.5084548], [73.868171, 18.5095798], [73.8681666, 18.5096895], [73.868171, 18.5097474], [73.868208, 18.5100737], [73.8682866, 18.5104892]]}}, {"type": "Feature", "id": 1161617886, "properties": {"id": 1161617886, "name": "Kondhwa Marg", "highway": "primary", "ref": "", "oneway": "yes", "length_km": 0.55}, "geometry": {"type": "LineString", "coordinates": [[73.8806596, 18.4982907], [73.8805546, 18.4984116], [73.880172, 18.4987494], [73.8800812, 18.4988828], [73.880026, 18.4989672], [73.8798705, 18.4993576], [73.8797849, 18.4995916], [73.8796862, 18.4998532], [73.8795023, 18.5003978], [73.8789535, 18.5019265], [73.8789264, 18.5020142], [73.8789119, 18.502061], [73.8788919, 18.5021256], [73.8787623, 18.5025451], [73.8787099, 18.5028148]]}}, {"type": "Feature", "id": 1161657289, "properties": {"id": 1161657289, "name": "Deccan College Road", "highway": "primary", "ref": "", "oneway": "yes", "length_km": 0.454}, "geometry": {"type": "LineString", "coordinates": [[73.8710726, 18.5486026], [73.8709826, 18.5486576], [73.8708488, 18.5487438], [73.8676617, 18.5507965], [73.8674989, 18.5509011]]}}, {"type": "Feature", "id": 1164047457, "properties": {"id": 1164047457, "name": "Vishnushastri Chiplunkar Path", "highway": "primary", "ref": "", "oneway": "yes", "length_km": 0.022}, "geometry": {"type": "LineString", "coordinates": [[73.8302583, 18.5188317], [73.8303029, 18.5190212]]}}, {"type": "Feature", "id": 1165037347, "properties": {"id": 1165037347, "name": "Breman Chowk - Khadki Bazar Road", "highway": "primary", "ref": "", "oneway": "yes", "length_km": 0.604}, "geometry": {"type": "LineString", "coordinates": [[73.814933, 18.5604021], [73.8149918, 18.5604855], [73.8150125, 18.5605326], [73.8150706, 18.5607539], [73.815176, 18.5611173], [73.8151967, 18.5611673], [73.8152399, 18.5612713], [73.8153133, 18.561426], [73.8154066, 18.5615907], [73.8155197, 18.5617643], [73.8156845, 18.5619755], [73.815808, 18.5621234], [73.8158519, 18.562167], [73.815998, 18.5623123], [73.8167021, 18.5627645], [73.8168566, 18.5628258], [73.817093, 18.5628847], [73.8173144, 18.562904], [73.8180244, 18.562928], [73.8192661, 18.5629302]]}}, {"type": "Feature", "id": 1166330420, "properties": {"id": 1166330420, "name": "Bawdhan to Warje Link", "highway": "trunk_link", "ref": "", "oneway": "yes", "length_km": 0.432}, "geometry": {"type": "LineString", "coordinates": [[73.7835527, 18.5077733], [73.7836787, 18.5076284], [73.7837395, 18.5075753], [73.7838054, 18.5075326], [73.7838405, 18.5075114], [73.7839135, 18.507471], [73.7839478, 18.5074564], [73.7840348, 18.5074369], [73.7841117, 18.5074262], [73.7841981, 18.5074212], [73.7843533, 18.507415], [73.7844573, 18.5074111], [73.7845468, 18.5074119], [73.784731, 18.5074108], [73.7849915, 18.5074142], [73.7852807, 18.5074269], [73.7855292, 18.5074443], [73.7859159, 18.5074685], [73.7866005, 18.507514], [73.7867471, 18.5075246], [73.786887, 18.5075326], [73.7870165, 18.5075338], [73.7871012, 18.5075335], [73.7871672, 18.5075297], [73.7872294, 18.507524], [73.7873354, 18.5075114], [73.7875263, 18.5074983]]}}, {"type": "Feature", "id": 1169799749, "properties": {"id": 1169799749, "name": "Unnamed Arterial", "highway": "trunk_link", "ref": "", "oneway": "yes", "length_km": 0.031}, "geometry": {"type": "LineString", "coordinates": [[73.7762013, 18.5086481], [73.7760767, 18.5087423], [73.7759712, 18.508822]]}}, {"type": "Feature", "id": 1169802603, "properties": {"id": 1169802603, "name": "Unnamed Arterial", "highway": "primary", "ref": "", "oneway": "no", "length_km": 0.052}, "geometry": {"type": "LineString", "coordinates": [[73.7825982, 18.5087051], [73.7825629, 18.5087004], [73.782538, 18.5087078], [73.782529, 18.5087105], [73.7825031, 18.5087337], [73.7824903, 18.5087652], [73.7824932, 18.5087989], [73.7825046, 18.5088173], [73.7825113, 18.508828], [73.7825408, 18.5088468], [73.7825655, 18.5088501], [73.7825761, 18.5088516], [73.78261, 18.5088414], [73.7826359, 18.5088182], [73.7826487, 18.5087867], [73.7826458, 18.5087531], [73.7826343, 18.5087345], [73.7826277, 18.508724], [73.7825982, 18.5087051]]}}, {"type": "Feature", "id": 1171908459, "properties": {"id": 1171908459, "name": "Mulshi Road Underpass", "highway": "primary", "ref": "", "oneway": "yes", "length_km": 0.09}, "geometry": {"type": "LineString", "coordinates": [[73.7829007, 18.5070461], [73.7827704, 18.5069488], [73.782613, 18.5068175], [73.7825179, 18.5067435], [73.7822398, 18.5065335]]}}, {"type": "Feature", "id": 1177562826, "properties": {"id": 1177562826, "name": "Paud Road", "highway": "primary", "ref": "", "oneway": "yes", "length_km": 0.027}, "geometry": {"type": "LineString", "coordinates": [[73.7840906, 18.5067648], [73.7839341, 18.5069615]]}}, {"type": "Feature", "id": 1181343190, "properties": {"id": 1181343190, "name": "Sinhagad Road", "highway": "primary", "ref": "", "oneway": "yes", "length_km": 0.03}, "geometry": {"type": "LineString", "coordinates": [[73.8241848, 18.4783668], [73.8240678, 18.4781165]]}}, {"type": "Feature", "id": 1181699915, "properties": {"id": 1181699915, "name": "Unnamed Arterial", "highway": "primary_link", "ref": "", "oneway": "no", "length_km": 0.009}, "geometry": {"type": "LineString", "coordinates": [[73.8739868, 18.4764804], [73.874075, 18.4764893]]}}, {"type": "Feature", "id": 1181987576, "properties": {"id": 1181987576, "name": "Unnamed Arterial", "highway": "primary_link", "ref": "", "oneway": "yes", "length_km": 0.038}, "geometry": {"type": "LineString", "coordinates": [[73.8021947, 18.5977139], [73.802281, 18.5977794], [73.8024006, 18.5979868]]}}, {"type": "Feature", "id": 1181987577, "properties": {"id": 1181987577, "name": "Unnamed Arterial", "highway": "primary_link", "ref": "", "oneway": "yes", "length_km": 0.025}, "geometry": {"type": "LineString", "coordinates": [[73.8023922, 18.5978715], [73.8024372, 18.5977575], [73.8024865, 18.5976688]]}}, {"type": "Feature", "id": 1182631136, "properties": {"id": 1182631136, "name": "Hedgewar road", "highway": "primary", "ref": "", "oneway": "yes", "length_km": 1.097}, "geometry": {"type": "LineString", "coordinates": [[73.7837526, 18.6114221], [73.7834648, 18.6110255], [73.7828166, 18.6102744], [73.7825792, 18.6100025], [73.7823644, 18.6097397], [73.7823371, 18.6097061], [73.7820831, 18.6093932], [73.7817333, 18.6089623], [73.7814235, 18.6085377], [73.7810933, 18.6081328], [73.7809133, 18.6079257], [73.7807485, 18.6077264], [73.780171, 18.6070023], [73.7796927, 18.6064025], [73.7790709, 18.6057147], [73.7788069, 18.6054115], [73.7785717, 18.6051597], [73.7783641, 18.6049193], [73.7777649, 18.604233], [73.7772787, 18.6036761]]}}, {"type": "Feature", "id": 1183328120, "properties": {"id": 1183328120, "name": "Gangadham - Shatrunjay Road", "highway": "primary", "ref": "", "oneway": "yes", "length_km": 0.258}, "geometry": {"type": "LineString", "coordinates": [[73.8774825, 18.4647031], [73.8774207, 18.4647535], [73.8773568, 18.464904], [73.8772803, 18.4650668], [73.8771302, 18.4653343], [73.8770374, 18.4654973], [73.8769654, 18.465636], [73.8769001, 18.4657805], [73.8768913, 18.4658031], [73.8768675, 18.465872], [73.876856, 18.4659099], [73.876788, 18.4661615], [73.8767506, 18.466284], [73.8765774, 18.4668415]]}}, {"type": "Feature", "id": 1183916296, "properties": {"id": 1183916296, "name": "Katraj-Kondhwa Road", "highway": "trunk", "ref": "\u0915\u093e\u0924\u094d\u0930\u091c \u0915\u094b\u0902\u0922\u0935\u093e \u0930\u0938\u094d\u0924\u093e", "oneway": "yes", "length_km": 0.414}, "geometry": {"type": "LineString", "coordinates": [[73.8758083, 18.4500246], [73.8759492, 18.4501247], [73.8761883, 18.4501939], [73.8764031, 18.4502499], [73.8764447, 18.45026], [73.8766706, 18.4503152], [73.8767759, 18.4503409], [73.8768568, 18.4503607], [73.8771074, 18.4504301], [73.8773347, 18.4504931], [73.8778567, 18.4506313], [73.8781768, 18.4506802], [73.8787079, 18.4507162], [73.8792086, 18.4507637], [73.8793108, 18.4507746], [73.8796288, 18.4508168]]}}, {"type": "Feature", "id": 1183916298, "properties": {"id": 1183916298, "name": "Katraj-Kondhwa Road", "highway": "trunk", "ref": "NH548DD", "oneway": "yes", "length_km": 0.884}, "geometry": {"type": "LineString", "coordinates": [[73.8796288, 18.4508168], [73.8799982, 18.4508836], [73.8801717, 18.4509319], [73.8802264, 18.4509513], [73.8807794, 18.451148], [73.8809017, 18.451206], [73.8809217, 18.4512155], [73.8812064, 18.4513495], [73.881241, 18.4513658], [73.881441, 18.4514712], [73.8818205, 18.4516711], [73.8819848, 18.4517564], [73.8820322, 18.4517797], [73.8824332, 18.4519767], [73.8828429, 18.4521866], [73.8830651, 18.452326], [73.883197, 18.4524412], [73.883405, 18.4526466], [73.8836273, 18.4528104], [73.8838103, 18.4529189], [73.8842137, 18.4531632], [73.8842556, 18.4531886], [73.8847948, 18.4535618], [73.88491, 18.4536465], [73.8850737, 18.453761], [73.8851917, 18.4538196], [73.8853553, 18.4538628], [73.8855672, 18.4538806], [73.8857737, 18.4538806], [73.8860658, 18.4538668], [73.8866065, 18.4538731], [73.8867012, 18.4538742], [73.8870131, 18.4539216], [73.887127, 18.4539216]]}}, {"type": "Feature", "id": 1192625089, "properties": {"id": 1192625089, "name": "NH65", "highway": "trunk", "ref": "NH65", "oneway": "yes", "length_km": 0.059}, "geometry": {"type": "LineString", "coordinates": [[73.8839033, 18.5064063], [73.8835761, 18.5059746]]}}, {"type": "Feature", "id": 1193528195, "properties": {"id": 1193528195, "name": "Unnamed Arterial", "highway": "primary_link", "ref": "", "oneway": "no", "length_km": 0.025}, "geometry": {"type": "LineString", "coordinates": [[73.8709901, 18.5016928], [73.8709499, 18.5019171]]}}, {"type": "Feature", "id": 1197346823, "properties": {"id": 1197346823, "name": "Unnamed Arterial", "highway": "primary", "ref": "", "oneway": "yes", "length_km": 0.101}, "geometry": {"type": "LineString", "coordinates": [[73.7834871, 18.5077356], [73.7839304, 18.5071342], [73.7840406, 18.506996]]}}, {"type": "Feature", "id": 1197346824, "properties": {"id": 1197346824, "name": "Unnamed Arterial", "highway": "primary", "ref": "", "oneway": "yes", "length_km": 0.086}, "geometry": {"type": "LineString", "coordinates": [[73.7838884, 18.5070253], [73.7837237, 18.5072405], [73.783598, 18.5074182], [73.7834256, 18.5076659]]}}, {"type": "Feature", "id": 1197346825, "properties": {"id": 1197346825, "name": "NDA Road", "highway": "primary", "ref": "", "oneway": "yes", "length_km": 0.017}, "geometry": {"type": "LineString", "coordinates": [[73.7839341, 18.5069615], [73.7838485, 18.5069661], [73.7837766, 18.5069613]]}}, {"type": "Feature", "id": 1199996948, "properties": {"id": 1199996948, "name": "NDA Road", "highway": "primary", "ref": "", "oneway": "yes", "length_km": 0.008}, "geometry": {"type": "LineString", "coordinates": [[73.7837766, 18.5069613], [73.7837051, 18.5069433]]}}, {"type": "Feature", "id": 1199996949, "properties": {"id": 1199996949, "name": "Unnamed Arterial", "highway": "primary", "ref": "", "oneway": "yes", "length_km": 0.009}, "geometry": {"type": "LineString", "coordinates": [[73.7839341, 18.5069615], [73.7838884, 18.5070253]]}}, {"type": "Feature", "id": 1200858166, "properties": {"id": 1200858166, "name": "Satara Link Rd", "highway": "trunk_link", "ref": "", "oneway": "yes", "length_km": 0.132}, "geometry": {"type": "LineString", "coordinates": [[73.7827293, 18.5086468], [73.7829091, 18.5085589], [73.7830947, 18.5083392], [73.7833365, 18.5080467], [73.7834909, 18.5078542], [73.7835527, 18.5077733]]}}, {"type": "Feature", "id": 1200858167, "properties": {"id": 1200858167, "name": "Unnamed Arterial", "highway": "primary", "ref": "", "oneway": "yes", "length_km": 0.123}, "geometry": {"type": "LineString", "coordinates": [[73.7842207, 18.5069603], [73.7840937, 18.507017], [73.7839113, 18.5070658], [73.7836027, 18.5070937], [73.7834266, 18.5071272], [73.783195, 18.5071756], [73.7830869, 18.507201]]}}, {"type": "Feature", "id": 1201622021, "properties": {"id": 1201622021, "name": "Breman Chowk - Khadki Bazar Road", "highway": "primary", "ref": "", "oneway": "yes", "length_km": 1.181}, "geometry": {"type": "LineString", "coordinates": [[73.8406768, 18.5616312], [73.8405477, 18.5616324], [73.8381245, 18.5618597], [73.8375337, 18.5619179], [73.8368567, 18.5619846], [73.8364887, 18.5620217], [73.8364482, 18.5620258], [73.8362389, 18.5620469], [73.8359347, 18.5620776], [73.8357988, 18.5620936], [73.8356849, 18.5620954], [73.8355617, 18.5621099], [73.8351858, 18.5621365], [73.8348774, 18.5621584], [73.8337517, 18.5622893], [73.8336909, 18.5622966], [73.8329415, 18.562386], [73.8328695, 18.5623919], [73.8316435, 18.5624791], [73.8306503, 18.5625265], [73.8303884, 18.562539], [73.8302104, 18.5625481], [73.8300964, 18.5625533], [73.8294812, 18.5625847]]}}, {"type": "Feature", "id": 1201854262, "properties": {"id": 1201854262, "name": "Navale Flyover", "highway": "trunk", "ref": "NH48", "oneway": "yes", "length_km": 0.016}, "geometry": {"type": "LineString", "coordinates": [[73.8263413, 18.4559678], [73.8262533, 18.4560887]]}}, {"type": "Feature", "id": 1203853592, "properties": {"id": 1203853592, "name": "Ganeshkhind Road", "highway": "primary", "ref": "", "oneway": "yes", "length_km": 0.106}, "geometry": {"type": "LineString", "coordinates": [[73.8338498, 18.5384953], [73.8335394, 18.5387322], [73.8330541, 18.5390896]]}}, {"type": "Feature", "id": 1203858678, "properties": {"id": 1203858678, "name": "Katraj - Dehu Road Bypass", "highway": "trunk", "ref": "NH48", "oneway": "yes", "length_km": 0.383}, "geometry": {"type": "LineString", "coordinates": [[73.772055, 18.5517972], [73.7732202, 18.5485284]]}}, {"type": "Feature", "id": 1205115653, "properties": {"id": 1205115653, "name": "Aditya Birla Hospital Marg", "highway": "primary", "ref": "", "oneway": "yes", "length_km": 0.536}, "geometry": {"type": "LineString", "coordinates": [[73.7708041, 18.6202826], [73.7707481, 18.6202326], [73.7701605, 18.6197074], [73.7698602, 18.6194369], [73.7687033, 18.6184019], [73.7684885, 18.6182097], [73.7684281, 18.6181556], [73.7679491, 18.6177271], [73.7678836, 18.6176685], [73.76747, 18.6172984], [73.7673216, 18.6171513], [73.7671674, 18.6170421], [73.7670888, 18.6169719]]}}, {"type": "Feature", "id": 1205205944, "properties": {"id": 1205205944, "name": "Nagar Road", "highway": "trunk", "ref": "NH753F", "oneway": "yes", "length_km": 0.924}, "geometry": {"type": "LineString", "coordinates": [[73.9432759, 18.5647988], [73.9433764, 18.5649031], [73.9435778, 18.5651367], [73.9437813, 18.5653837], [73.9440796, 18.5657388], [73.9442914, 18.5659841], [73.944442, 18.5661357], [73.9445208, 18.5662081], [73.9447775, 18.5664021], [73.9451016, 18.5665753], [73.9454102, 18.5666943], [73.9481186, 18.5677038], [73.948237, 18.5677586], [73.9483047, 18.5677899], [73.9487072, 18.5680011], [73.9488352, 18.568076], [73.9496438, 18.5685522], [73.9505782, 18.569081], [73.9506211, 18.5691053]]}}, {"type": "Feature", "id": 1205205945, "properties": {"id": 1205205945, "name": "Nagar Road", "highway": "trunk", "ref": "NH753F", "oneway": "yes", "length_km": 0.006}, "geometry": {"type": "LineString", "coordinates": [[73.9432401, 18.5647617], [73.9432759, 18.5647988]]}}, {"type": "Feature", "id": 1205205946, "properties": {"id": 1205205946, "name": "Nagar Road", "highway": "trunk", "ref": "NH753F", "oneway": "yes", "length_km": 0.876}, "geometry": {"type": "LineString", "coordinates": [[73.9505981, 18.5689482], [73.950236, 18.5687346], [73.9491519, 18.5680952], [73.9487837, 18.5678725], [73.9486573, 18.5677937], [73.9484071, 18.5676377], [73.948343, 18.5675978], [73.9479466, 18.567437], [73.9478327, 18.5673908], [73.9474249, 18.5672268], [73.9454863, 18.5665102], [73.9451925, 18.566397], [73.9450555, 18.5663238], [73.9448944, 18.5662377], [73.9446612, 18.5660614], [73.9444471, 18.5658525], [73.9443783, 18.5657728], [73.9442419, 18.5656147], [73.944202, 18.5655673], [73.9439728, 18.5652945], [73.9439444, 18.5652606], [73.943904, 18.5652126], [73.9437046, 18.564976], [73.9436163, 18.5648712]]}}, {"type": "Feature", "id": 1205205947, "properties": {"id": 1205205947, "name": "Nagar Road", "highway": "trunk", "ref": "NH753F", "oneway": "yes", "length_km": 0.006}, "geometry": {"type": "LineString", "coordinates": [[73.9433805, 18.5646136], [73.9433448, 18.5645763]]}}, {"type": "Feature", "id": 1205395392, "properties": {"id": 1205395392, "name": "Jawaharlal Nehru Marg", "highway": "primary", "ref": "", "oneway": "yes", "length_km": 0.004}, "geometry": {"type": "LineString", "coordinates": [[73.8693011, 18.4981802], [73.869302, 18.4982192]]}}, {"type": "Feature", "id": 1205404299, "properties": {"id": 1205404299, "name": "Sangamwadi Road", "highway": "primary", "ref": "", "oneway": "yes", "length_km": 0.09}, "geometry": {"type": "LineString", "coordinates": [[73.859452, 18.5328428], [73.8596274, 18.5328678], [73.8598004, 18.5329201], [73.8599987, 18.5330469], [73.8601405, 18.5331454], [73.8602057, 18.5331932]]}}, {"type": "Feature", "id": 1205404301, "properties": {"id": 1205404301, "name": "Sangamwadi Road", "highway": "primary", "ref": "", "oneway": "yes", "length_km": 0.078}, "geometry": {"type": "LineString", "coordinates": [[73.8602057, 18.5331932], [73.8606363, 18.5335309], [73.8607807, 18.5336428]]}}, {"type": "Feature", "id": 1206097823, "properties": {"id": 1206097823, "name": "Unnamed Arterial", "highway": "primary_link", "ref": "", "oneway": "yes", "length_km": 0.022}, "geometry": {"type": "LineString", "coordinates": [[73.7852654, 18.5918629], [73.7851109, 18.5920018]]}}, {"type": "Feature", "id": 1206097824, "properties": {"id": 1206097824, "name": "Unnamed Arterial", "highway": "primary_link", "ref": "", "oneway": "no", "length_km": 0.017}, "geometry": {"type": "LineString", "coordinates": [[73.7849558, 18.5924697], [73.7850856, 18.5925567]]}}, {"type": "Feature", "id": 1206097825, "properties": {"id": 1206097825, "name": "Unnamed Arterial", "highway": "primary", "ref": "", "oneway": "yes", "length_km": 0.012}, "geometry": {"type": "LineString", "coordinates": [[73.7851109, 18.5920018], [73.7850639, 18.5919012]]}}, {"type": "Feature", "id": 1207153478, "properties": {"id": 1207153478, "name": "Wakad - Nashik Phata BRTS Road | Wakad - Bhosari BRTS Road | Nashik Phata Road", "highway": "primary", "ref": "", "oneway": "yes", "length_km": 0.003}, "geometry": {"type": "LineString", "coordinates": [[73.8023766, 18.5974135], [73.8023516, 18.5974173]]}}, {"type": "Feature", "id": 1207654005, "properties": {"id": 1207654005, "name": "Ganeshkhind Road", "highway": "primary", "ref": "SH60", "oneway": "yes", "length_km": 0.078}, "geometry": {"type": "LineString", "coordinates": [[73.8479661, 18.5305868], [73.8476973, 18.530649], [73.8475316, 18.5306873], [73.8474054, 18.5307167], [73.8473547, 18.5307348], [73.8472471, 18.5307668]]}}, {"type": "Feature", "id": 1207654652, "properties": {"id": 1207654652, "name": "K. B. Joshi Path", "highway": "primary", "ref": "", "oneway": "no", "length_km": 0.125}, "geometry": {"type": "LineString", "coordinates": [[73.8447931, 18.5315508], [73.8448395, 18.5315924], [73.8448544, 18.5316058], [73.8456349, 18.5323439]]}}, {"type": "Feature", "id": 1207654653, "properties": {"id": 1207654653, "name": "K. B. Joshi Path", "highway": "primary", "ref": "", "oneway": "no", "length_km": 0.064}, "geometry": {"type": "LineString", "coordinates": [[73.8458341, 18.5325352], [73.845887, 18.5325852], [73.8462675, 18.5329455]]}}, {"type": "Feature", "id": 1207654654, "properties": {"id": 1207654654, "name": "K. B. Joshi Path", "highway": "primary", "ref": "", "oneway": "no", "length_km": 0.03}, "geometry": {"type": "LineString", "coordinates": [[73.8456349, 18.5323439], [73.8458341, 18.5325352]]}}, {"type": "Feature", "id": 1207661009, "properties": {"id": 1207661009, "name": "National Games Marg", "highway": "primary", "ref": "", "oneway": "no", "length_km": 0.118}, "geometry": {"type": "LineString", "coordinates": [[73.9016351, 18.5767102], [73.9019491, 18.5769675], [73.902487, 18.5774083]]}}, {"type": "Feature", "id": 1207665879, "properties": {"id": 1207665879, "name": "Unnamed Arterial", "highway": "trunk", "ref": "", "oneway": "yes", "length_km": 0.038}, "geometry": {"type": "LineString", "coordinates": [[73.8578399, 18.4962721], [73.8578306, 18.4965317], [73.8578276, 18.4966155]]}}, {"type": "Feature", "id": 1207703492, "properties": {"id": 1207703492, "name": "Solapur Road", "highway": "primary", "ref": "", "oneway": "yes", "length_km": 0.016}, "geometry": {"type": "LineString", "coordinates": [[73.9371547, 18.5008469], [73.9370037, 18.5008603]]}}, {"type": "Feature", "id": 1207739110, "properties": {"id": 1207739110, "name": "Sinhagad Road", "highway": "primary", "ref": "", "oneway": "yes", "length_km": 0.093}, "geometry": {"type": "LineString", "coordinates": [[73.8444762, 18.500218], [73.8438016, 18.4996784]]}}, {"type": "Feature", "id": 1207739908, "properties": {"id": 1207739908, "name": "Sinhagad Road", "highway": "primary", "ref": "", "oneway": "yes", "length_km": 0.007}, "geometry": {"type": "LineString", "coordinates": [[73.8436597, 18.4995681], [73.8436069, 18.4995335]]}}, {"type": "Feature", "id": 1207739909, "properties": {"id": 1207739909, "name": "Sinhagad Road", "highway": "primary", "ref": "", "oneway": "yes", "length_km": 0.019}, "geometry": {"type": "LineString", "coordinates": [[73.8438016, 18.4996784], [73.8436597, 18.4995681]]}}, {"type": "Feature", "id": 1207740006, "properties": {"id": 1207740006, "name": "Sinhagad Road", "highway": "primary", "ref": "", "oneway": "yes", "length_km": 0.035}, "geometry": {"type": "LineString", "coordinates": [[73.8436069, 18.4995335], [73.8435333, 18.4994833], [73.8433231, 18.4993648]]}}, {"type": "Feature", "id": 1209270969, "properties": {"id": 1209270969, "name": "Saswad-Bopdev-Pune Road", "highway": "primary", "ref": "", "oneway": "no", "length_km": 1.081}, "geometry": {"type": "LineString", "coordinates": [[73.8976261, 18.4322897], [73.8976435, 18.433022], [73.8976092, 18.4332174], [73.8974584, 18.4336039], [73.8974385, 18.433655], [73.8973983, 18.4337435], [73.8973524, 18.4338445], [73.89712, 18.4344714], [73.8968589, 18.4351318], [73.8965829, 18.43583], [73.8965535, 18.4359045], [73.8964045, 18.4362858], [73.8963007, 18.4365836], [73.8958193, 18.4379651], [73.895659, 18.438425], [73.8956265, 18.4385183], [73.8953877, 18.4391235], [73.8952368, 18.439506], [73.8950546, 18.4399692], [73.8950085, 18.4400865], [73.8948668, 18.4404466], [73.8947865, 18.4406507], [73.894747, 18.4407512], [73.8946998, 18.4408712], [73.8945706, 18.4411995], [73.8944511, 18.4415009]]}}, {"type": "Feature", "id": 1209355848, "properties": {"id": 1209355848, "name": "Old Pune\u2013Mumbai Highway", "highway": "trunk", "ref": "NH60;NH65", "oneway": "yes", "length_km": 0.104}, "geometry": {"type": "LineString", "coordinates": [[73.8509341, 18.5492794], [73.8505742, 18.5501548]]}}, {"type": "Feature", "id": 1210990112, "properties": {"id": 1210990112, "name": "Unnamed Arterial", "highway": "primary", "ref": "", "oneway": "yes", "length_km": 0.091}, "geometry": {"type": "LineString", "coordinates": [[73.7835028, 18.5073785], [73.7835808, 18.5073977], [73.7840598, 18.5074153], [73.7841677, 18.5074341], [73.784247, 18.5074405], [73.7843662, 18.5074427]]}}, {"type": "Feature", "id": 1210990113, "properties": {"id": 1210990113, "name": "Service Road", "highway": "primary_link", "ref": "", "oneway": "yes", "length_km": 0.117}, "geometry": {"type": "LineString", "coordinates": [[73.7832564, 18.5075397], [73.7834865, 18.5075162], [73.7842103, 18.507481], [73.7843146, 18.507464], [73.7843662, 18.5074427]]}}, {"type": "Feature", "id": 1210990114, "properties": {"id": 1210990114, "name": "Unnamed Arterial", "highway": "trunk_link", "ref": "", "oneway": "yes", "length_km": 0.1}, "geometry": {"type": "LineString", "coordinates": [[73.7783764, 18.5084552], [73.7785238, 18.508482], [73.7785884, 18.5084887], [73.7786479, 18.5084823], [73.7791448, 18.5083892], [73.7791913, 18.5083879], [73.7793145, 18.5084001]]}}, {"type": "Feature", "id": 1212609230, "properties": {"id": 1212609230, "name": "Pune Nashik Road", "highway": "trunk", "ref": "NH60", "oneway": "yes", "length_km": 0.013}, "geometry": {"type": "LineString", "coordinates": [[73.8225501, 18.6073179], [73.8225311, 18.6072698], [73.8225079, 18.6072114]]}}, {"type": "Feature", "id": 1217765647, "properties": {"id": 1217765647, "name": "Kondhwa Main Road", "highway": "primary", "ref": "", "oneway": "yes", "length_km": 0.07}, "geometry": {"type": "LineString", "coordinates": [[73.8900289, 18.4772992], [73.89009, 18.4774546], [73.8901623, 18.4775985], [73.8903024, 18.4778606], [73.8903087, 18.4778724]]}}, {"type": "Feature", "id": 1217765648, "properties": {"id": 1217765648, "name": "Kondhwa Main Road", "highway": "primary", "ref": "", "oneway": "yes", "length_km": 0.066}, "geometry": {"type": "LineString", "coordinates": [[73.8903636, 18.4778091], [73.8902367, 18.4775882], [73.8901556, 18.4774286], [73.8900904, 18.4772739]]}}, {"type": "Feature", "id": 1217765649, "properties": {"id": 1217765649, "name": "Kondhwa Main Road", "highway": "primary", "ref": "", "oneway": "yes", "length_km": 0.008}, "geometry": {"type": "LineString", "coordinates": [[73.8903087, 18.4778724], [73.8903271, 18.4779093], [73.8903398, 18.4779347]]}}, {"type": "Feature", "id": 1217765650, "properties": {"id": 1217765650, "name": "Kondhwa Main Road", "highway": "primary", "ref": "", "oneway": "yes", "length_km": 0.013}, "geometry": {"type": "LineString", "coordinates": [[73.8904227, 18.4779071], [73.8904103, 18.4778892], [73.8903768, 18.4778346], [73.8903636, 18.4778091]]}}, {"type": "Feature", "id": 1217768046, "properties": {"id": 1217768046, "name": "NH548DD", "highway": "trunk", "ref": "NH548DD", "oneway": "yes", "length_km": 0.168}, "geometry": {"type": "LineString", "coordinates": [[73.8955183, 18.4511807], [73.8949206, 18.4512283], [73.8943653, 18.4512747], [73.8939772, 18.4513282], [73.8939284, 18.4513449]]}}, {"type": "Feature", "id": 1217768047, "properties": {"id": 1217768047, "name": "Undri Pisoli Road", "highway": "trunk", "ref": "NH548DD", "oneway": "yes", "length_km": 0.255}, "geometry": {"type": "LineString", "coordinates": [[73.8939284, 18.4513449], [73.893726, 18.4514238], [73.893508, 18.4515112], [73.8931637, 18.4515794], [73.8925767, 18.4516511], [73.8925559, 18.4516528], [73.8919731, 18.4517508], [73.8915632, 18.4518182]]}}, {"type": "Feature", "id": 1217768048, "properties": {"id": 1217768048, "name": "Undri Pisoli Road", "highway": "trunk", "ref": "NH548DD", "oneway": "yes", "length_km": 0.355}, "geometry": {"type": "LineString", "coordinates": [[73.893952, 18.4514311], [73.8941048, 18.4513924], [73.8943398, 18.4513562], [73.8949166, 18.4512999], [73.8955139, 18.4512525], [73.895623, 18.4512386], [73.8958483, 18.4511985], [73.8960096, 18.4511781], [73.8963563, 18.4511238], [73.8963996, 18.4511169], [73.8965399, 18.4511078], [73.89695, 18.4510991], [73.8971724, 18.4511083], [73.8973085, 18.4510893]]}}, {"type": "Feature", "id": 1219689979, "properties": {"id": 1219689979, "name": "Service Rd", "highway": "primary_link", "ref": "", "oneway": "yes", "length_km": 0.194}, "geometry": {"type": "LineString", "coordinates": [[73.7803947, 18.5081344], [73.780527, 18.5081274], [73.7807095, 18.5080891], [73.7812973, 18.5079676], [73.781957, 18.5078316], [73.7821391, 18.5077918], [73.7821984, 18.5077852]]}}, {"type": "Feature", "id": 1227116182, "properties": {"id": 1227116182, "name": "Gopal Hari Deshmukh Marg", "highway": "primary", "ref": "", "oneway": "yes", "length_km": 0.952}, "geometry": {"type": "LineString", "coordinates": [[73.8201296, 18.5461553], [73.8201823, 18.5461375], [73.8203153, 18.5460874], [73.8206225, 18.5459684], [73.8206722, 18.5459492], [73.8207391, 18.545925], [73.8211722, 18.5457685], [73.8212797, 18.5457347], [73.8215355, 18.5456544], [73.8221115, 18.5454882], [73.8224534, 18.5453743], [73.8226866, 18.545289], [73.822809, 18.5452316], [73.8228844, 18.5451932], [73.8229652, 18.5451436], [73.8246684, 18.5439162], [73.824758, 18.5438516], [73.824878, 18.5437698], [73.8250438, 18.543639], [73.825175, 18.543502], [73.82525, 18.5434124], [73.8254922, 18.5431032], [73.8255749, 18.5430025], [73.82568, 18.5428987], [73.8258062, 18.5428009], [73.8259864, 18.5426969], [73.8261492, 18.5426405], [73.8263141, 18.5425954], [73.826405, 18.5425777], [73.8264975, 18.5425597], [73.8267526, 18.5425204], [73.8272055, 18.5424506], [73.8279662, 18.5423097]]}}, {"type": "Feature", "id": 1230252757, "properties": {"id": 1230252757, "name": "Sinhagad Road", "highway": "primary", "ref": "", "oneway": "yes", "length_km": 0.303}, "geometry": {"type": "LineString", "coordinates": [[73.8204265, 18.4700068], [73.8203223, 18.4696719], [73.8202236, 18.4694553], [73.8200484, 18.4691597], [73.8199623, 18.4690269], [73.819786, 18.4687784], [73.8196544, 18.4686793], [73.8195799, 18.4685853], [73.8192169, 18.4681621], [73.8190779, 18.4679976], [73.8188938, 18.4677258]]}}, {"type": "Feature", "id": 1232402279, "properties": {"id": 1232402279, "name": "Sinhagad Road", "highway": "primary", "ref": "", "oneway": "yes", "length_km": 0.599}, "geometry": {"type": "LineString", "coordinates": [[73.8314873, 18.4896717], [73.8318167, 18.4898946], [73.8321697, 18.4901454], [73.8322682, 18.4902335], [73.8326626, 18.4906432], [73.8335361, 18.4915506], [73.8336096, 18.4916266], [73.8337578, 18.4917796], [73.8337849, 18.4918076], [73.8340943, 18.4921272], [73.834159, 18.4921892], [73.8342841, 18.4923093], [73.8343134, 18.4923374], [73.8345692, 18.4925828], [73.8347072, 18.4927442], [73.8347606, 18.4928067], [73.8349552, 18.4930487], [73.8351366, 18.4932218], [73.8354531, 18.4935237]]}}, {"type": "Feature", "id": 1232402281, "properties": {"id": 1232402281, "name": "Sinhagad Road", "highway": "primary", "ref": "", "oneway": "yes", "length_km": 0.012}, "geometry": {"type": "LineString", "coordinates": [[73.8289514, 18.4877881], [73.8290195, 18.4878703]]}}, {"type": "Feature", "id": 1234777862, "properties": {"id": 1234777862, "name": "NH548DD", "highway": "trunk", "ref": "NH548DD", "oneway": "yes", "length_km": 0.19}, "geometry": {"type": "LineString", "coordinates": [[73.8973085, 18.4510893], [73.8971854, 18.4510491], [73.8968287, 18.4510276], [73.8964007, 18.4510574], [73.8958498, 18.451129], [73.8955183, 18.4511807]]}}, {"type": "Feature", "id": 1235095040, "properties": {"id": 1235095040, "name": "Solapur Road", "highway": "trunk", "ref": "NH65", "oneway": "yes", "length_km": 0.177}, "geometry": {"type": "LineString", "coordinates": [[73.9441009, 18.5001346], [73.9448962, 18.5000285], [73.9449436, 18.5000222], [73.9457659, 18.4999124]]}}, {"type": "Feature", "id": 1244540017, "properties": {"id": 1244540017, "name": "Katraj-Kondhwa Road", "highway": "trunk", "ref": "NH548DD", "oneway": "yes", "length_km": 0.83}, "geometry": {"type": "LineString", "coordinates": [[73.8715127, 18.4495919], [73.8712032, 18.4495167], [73.8708562, 18.4493802], [73.87052, 18.4492326], [73.8700695, 18.4490347], [73.8691967, 18.4486489], [73.868784, 18.4484842], [73.8686364, 18.4484253], [73.8684608, 18.4483669], [73.8682065, 18.4483059], [73.8679723, 18.4482577], [73.8677623, 18.4482266], [73.8676586, 18.4482126], [73.8674794, 18.4481939], [73.867233, 18.4481906], [73.8671103, 18.4482024], [73.8668113, 18.4482427], [73.8666601, 18.4482786], [73.8664915, 18.448316], [73.8663361, 18.4483322], [73.866154, 18.4483466], [73.8657698, 18.4483638], [73.8653549, 18.4483926], [73.8651089, 18.4484162], [73.8646624, 18.448485], [73.8645198, 18.4484828], [73.8643791, 18.4484357], [73.8642517, 18.4483734], [73.863984, 18.4482303]]}}, {"type": "Feature", "id": 1249157480, "properties": {"id": 1249157480, "name": "Tanaji Malusare Path", "highway": "primary", "ref": "", "oneway": "yes", "length_km": 0.11}, "geometry": {"type": "LineString", "coordinates": [[73.8508468, 18.4993285], [73.8509703, 18.4992183], [73.8510715, 18.499145], [73.8511565, 18.4991064], [73.8512719, 18.499078], [73.8513876, 18.4990684], [73.8515571, 18.4990755], [73.8517283, 18.4991089], [73.8517989, 18.4991223]]}}, {"type": "Feature", "id": 1250293238, "properties": {"id": 1250293238, "name": "Katraj - Dehu Road Bypass", "highway": "trunk", "ref": "NH48", "oneway": "yes", "length_km": 0.255}, "geometry": {"type": "LineString", "coordinates": [[73.7811802, 18.5370015], [73.7811208, 18.5367713], [73.7806965, 18.5354321], [73.780555, 18.534979], [73.7805115, 18.534795]]}}, {"type": "Feature", "id": 1250293239, "properties": {"id": 1250293239, "name": "Katraj - Dehu Road Bypass", "highway": "trunk", "ref": "NH48", "oneway": "yes", "length_km": 0.276}, "geometry": {"type": "LineString", "coordinates": [[73.7803685, 18.5348146], [73.7804175, 18.5350133], [73.7805603, 18.5354706], [73.7809836, 18.5368067], [73.7810873, 18.5372086]]}}, {"type": "Feature", "id": 1250293240, "properties": {"id": 1250293240, "name": "Katraj - Dehu Road Bypass", "highway": "trunk", "ref": "NH48", "oneway": "yes", "length_km": 0.417}, "geometry": {"type": "LineString", "coordinates": [[73.7731854, 18.5481982], [73.7730725, 18.5485003], [73.7719183, 18.5517599]]}}, {"type": "Feature", "id": 1260417859, "properties": {"id": 1260417859, "name": "Unnamed Arterial", "highway": "primary_link", "ref": "", "oneway": "yes", "length_km": 0.041}, "geometry": {"type": "LineString", "coordinates": [[73.7977155, 18.5977722], [73.7976652, 18.5978347], [73.7975966, 18.5978994], [73.7975795, 18.5979081], [73.7975181, 18.5979394], [73.7974396, 18.5979534], [73.7973962, 18.5979611]]}}, {"type": "Feature", "id": 1271682604, "properties": {"id": 1271682604, "name": "NH60;NH65", "highway": "trunk", "ref": "NH60;NH65", "oneway": "yes", "length_km": 0.043}, "geometry": {"type": "LineString", "coordinates": [[73.8221673, 18.6072388], [73.8222511, 18.6071457], [73.8224317, 18.606945]]}}, {"type": "Feature", "id": 1271682605, "properties": {"id": 1271682605, "name": "Bharatratna J.R.D Tata Flyover Ramp", "highway": "trunk_link", "ref": "", "oneway": "yes", "length_km": 0.028}, "geometry": {"type": "LineString", "coordinates": [[73.8219359, 18.6076636], [73.8221057, 18.6074656]]}}, {"type": "Feature", "id": 1271682606, "properties": {"id": 1271682606, "name": "Pune Nashik Road", "highway": "trunk", "ref": "", "oneway": "yes", "length_km": 0.013}, "geometry": {"type": "LineString", "coordinates": [[73.8220105, 18.6070177], [73.822087, 18.6071076]]}}, {"type": "Feature", "id": 1271682608, "properties": {"id": 1271682608, "name": "Unnamed Arterial", "highway": "trunk", "ref": "", "oneway": "yes", "length_km": 0.031}, "geometry": {"type": "LineString", "coordinates": [[73.8225079, 18.6072114], [73.8224812, 18.6071128], [73.8224317, 18.606945]]}}, {"type": "Feature", "id": 1271693194, "properties": {"id": 1271693194, "name": "Unnamed Arterial", "highway": "trunk_link", "ref": "", "oneway": "yes", "length_km": 0.035}, "geometry": {"type": "LineString", "coordinates": [[73.8632329, 18.5294901], [73.86315, 18.5295627], [73.8630757, 18.5296172], [73.8629626, 18.5296716]]}}, {"type": "Feature", "id": 1271694754, "properties": {"id": 1271694754, "name": "NH548DD", "highway": "trunk", "ref": "NH548DD", "oneway": "yes", "length_km": 0.11}, "geometry": {"type": "LineString", "coordinates": [[73.9160669, 18.4506991], [73.9157693, 18.4506496], [73.9153318, 18.4505318], [73.9150593, 18.4504461]]}}, {"type": "Feature", "id": 1271695332, "properties": {"id": 1271695332, "name": "Katraj Bypass Road", "highway": "trunk", "ref": "NH548DD", "oneway": "yes", "length_km": 0.113}, "geometry": {"type": "LineString", "coordinates": [[73.9097986, 18.4498109], [73.9098775, 18.4498141], [73.9099701, 18.4497797], [73.9102044, 18.4497142], [73.9103697, 18.4497049], [73.9105276, 18.4497472], [73.9106266, 18.4497932], [73.9108177, 18.449885]]}}, {"type": "Feature", "id": 1271695333, "properties": {"id": 1271695333, "name": "Unnamed Arterial", "highway": "trunk_link", "ref": "", "oneway": "no", "length_km": 0.007}, "geometry": {"type": "LineString", "coordinates": [[73.9115484, 18.4500884], [73.9115593, 18.4500245]]}}, {"type": "Feature", "id": 1271703600, "properties": {"id": 1271703600, "name": "NH548DD", "highway": "trunk", "ref": "NH548DD", "oneway": "yes", "length_km": 0.234}, "geometry": {"type": "LineString", "coordinates": [[73.9071839, 18.4492004], [73.9071288, 18.449171], [73.9069303, 18.4491697], [73.9068938, 18.4491696], [73.9067315, 18.4491689], [73.9065963, 18.4491684], [73.906245, 18.4491595], [73.9060639, 18.4491277], [73.9058055, 18.449071], [73.9057394, 18.4490565], [73.9054711, 18.4489789], [73.9053451, 18.4489483], [73.9052711, 18.4489412], [73.905223, 18.4489458], [73.9049913, 18.4489525]]}}, {"type": "Feature", "id": 1271703601, "properties": {"id": 1271703601, "name": "Undri Pisoli Road", "highway": "trunk", "ref": "NH548DD", "oneway": "yes", "length_km": 0.144}, "geometry": {"type": "LineString", "coordinates": [[73.9036097, 18.4493834], [73.9036922, 18.449391], [73.9038409, 18.449351], [73.9038774, 18.4493398], [73.9041402, 18.4492434], [73.9043354, 18.4491718], [73.9045112, 18.4491073], [73.9046118, 18.4490832], [73.9047548, 18.4490489], [73.9049193, 18.4490185]]}}, {"type": "Feature", "id": 1271703602, "properties": {"id": 1271703602, "name": "NH548DD", "highway": "trunk", "ref": "NH548DD", "oneway": "no", "length_km": 0.07}, "geometry": {"type": "LineString", "coordinates": [[73.9071839, 18.4492004], [73.9072333, 18.4492024], [73.9072869, 18.4491992], [73.9075174, 18.4491811], [73.9077042, 18.4491808], [73.9077727, 18.4491947], [73.9077888, 18.449198], [73.9078418, 18.4492293]]}}, {"type": "Feature", "id": 1271703604, "properties": {"id": 1271703604, "name": "Unnamed Arterial", "highway": "trunk_link", "ref": "", "oneway": "no", "length_km": 0.008}, "geometry": {"type": "LineString", "coordinates": [[73.9067338, 18.4492383], [73.9067315, 18.4491689]]}}, {"type": "Feature", "id": 1271704152, "properties": {"id": 1271704152, "name": "NH548DD", "highway": "trunk", "ref": "NH548DD", "oneway": "yes", "length_km": 0.146}, "geometry": {"type": "LineString", "coordinates": [[73.904921, 18.4489616], [73.9048797, 18.4489661], [73.9046021, 18.4490348], [73.9043274, 18.4491241], [73.9041294, 18.4491934], [73.9039745, 18.449246], [73.9038403, 18.4492866], [73.9036681, 18.4493386], [73.9036097, 18.4493834]]}}, {"type": "Feature", "id": 1271704153, "properties": {"id": 1271704153, "name": "NH548DD", "highway": "trunk", "ref": "NH548DD", "oneway": "yes", "length_km": 0.007}, "geometry": {"type": "LineString", "coordinates": [[73.9049913, 18.4489525], [73.904921, 18.4489616]]}}, {"type": "Feature", "id": 1271725041, "properties": {"id": 1271725041, "name": "New Harris Bridge", "highway": "primary", "ref": "", "oneway": "yes", "length_km": 0.043}, "geometry": {"type": "LineString", "coordinates": [[73.8362854, 18.574096], [73.8361414, 18.5744573]]}}, {"type": "Feature", "id": 1271726857, "properties": {"id": 1271726857, "name": "Old Pune\u2013Mumbai Highway", "highway": "trunk", "ref": "NH60;NH65", "oneway": "yes", "length_km": 0.552}, "geometry": {"type": "LineString", "coordinates": [[73.8396588, 18.5658398], [73.8397242, 18.5657248], [73.8409666, 18.5639683], [73.8417845, 18.5628421], [73.8419379, 18.5626283], [73.8421213, 18.5623731], [73.8424286, 18.5619506], [73.8425876, 18.5617151]]}}, {"type": "Feature", "id": 1271893866, "properties": {"id": 1271893866, "name": "Unnamed Arterial", "highway": "trunk_link", "ref": "", "oneway": "no", "length_km": 0.014}, "geometry": {"type": "LineString", "coordinates": [[73.7761042, 18.5436056], [73.7760235, 18.5435095]]}}, {"type": "Feature", "id": 1271893868, "properties": {"id": 1271893868, "name": "Unnamed Arterial", "highway": "trunk", "ref": "", "oneway": "yes", "length_km": 0.095}, "geometry": {"type": "LineString", "coordinates": [[73.8205367, 18.4619278], [73.8201557, 18.4624129], [73.8200282, 18.4626303]]}}, {"type": "Feature", "id": 1271893872, "properties": {"id": 1271893872, "name": "Unnamed Arterial", "highway": "trunk_link", "ref": "", "oneway": "yes", "length_km": 0.017}, "geometry": {"type": "LineString", "coordinates": [[73.847545, 18.4513552], [73.8474894, 18.4513104], [73.847424, 18.4512602]]}}, {"type": "Feature", "id": 1272882024, "properties": {"id": 1272882024, "name": "Aundh Ravet Road", "highway": "primary", "ref": "", "oneway": "yes", "length_km": 0.165}, "geometry": {"type": "LineString", "coordinates": [[73.8114518, 18.5685199], [73.811412, 18.5687211], [73.8113028, 18.5689042], [73.8111565, 18.5690172], [73.8109745, 18.5690955], [73.8107391, 18.5691808], [73.8102627, 18.5692939]]}}, {"type": "Feature", "id": 1274318176, "properties": {"id": 1274318176, "name": "Unnamed Arterial", "highway": "trunk_link", "ref": "", "oneway": "no", "length_km": 0.097}, "geometry": {"type": "LineString", "coordinates": [[73.8809217, 18.4512155], [73.8810053, 18.4510996], [73.8811996, 18.4510493], [73.8813215, 18.450981], [73.8813648, 18.4509132], [73.8813647, 18.4505862]]}}, {"type": "Feature", "id": 1274318178, "properties": {"id": 1274318178, "name": "Undri Pisoli Road", "highway": "trunk", "ref": "NH548DD", "oneway": "yes", "length_km": 0.257}, "geometry": {"type": "LineString", "coordinates": [[73.8915586, 18.4518928], [73.8923671, 18.4517337], [73.8930191, 18.4516553], [73.8931736, 18.4516354], [73.8933444, 18.4515992], [73.8936846, 18.4515139], [73.893952, 18.4514311]]}}, {"type": "Feature", "id": 1274318179, "properties": {"id": 1274318179, "name": "Undri Pisoli Road", "highway": "trunk", "ref": "NH548DD", "oneway": "yes", "length_km": 0.036}, "geometry": {"type": "LineString", "coordinates": [[73.8912201, 18.4519282], [73.8913274, 18.4519441], [73.8915586, 18.4518928]]}}, {"type": "Feature", "id": 1274318180, "properties": {"id": 1274318180, "name": "Undri Pisoli Road", "highway": "trunk", "ref": "NH548DD", "oneway": "yes", "length_km": 0.033}, "geometry": {"type": "LineString", "coordinates": [[73.8915632, 18.4518182], [73.8913531, 18.4518535], [73.8912494, 18.4518368]]}}, {"type": "Feature", "id": 1274318181, "properties": {"id": 1274318181, "name": "Katraj Bypass Road | Katraj - Kondhwa Road", "highway": "trunk", "ref": "", "oneway": "yes", "length_km": 0.769}, "geometry": {"type": "LineString", "coordinates": [[73.8912848, 18.4520794], [73.8911824, 18.4520458], [73.8908852, 18.4519211], [73.8907813, 18.4518906], [73.8906101, 18.4518777], [73.8902598, 18.4518405], [73.8899716, 18.4517912], [73.888688, 18.4515744], [73.8863711, 18.451183], [73.8840851, 18.4508831]]}}, {"type": "Feature", "id": 1279399450, "properties": {"id": 1279399450, "name": "Unnamed Arterial", "highway": "primary", "ref": "", "oneway": "no", "length_km": 0.024}, "geometry": {"type": "LineString", "coordinates": [[73.8373045, 18.5718816], [73.8375019, 18.5717812]]}}, {"type": "Feature", "id": 1279399453, "properties": {"id": 1279399453, "name": "Unnamed Arterial", "highway": "primary", "ref": "", "oneway": "yes", "length_km": 0.018}, "geometry": {"type": "LineString", "coordinates": [[73.8371623, 18.5725796], [73.8371285, 18.572422]]}}, {"type": "Feature", "id": 1285846020, "properties": {"id": 1285846020, "name": "Unnamed Arterial", "highway": "trunk_link", "ref": "", "oneway": "no", "length_km": 0.008}, "geometry": {"type": "LineString", "coordinates": [[73.9349219, 18.4562804], [73.9349407, 18.456207]]}}, {"type": "Feature", "id": 1285848819, "properties": {"id": 1285848819, "name": "Unnamed Arterial", "highway": "trunk_link", "ref": "", "oneway": "no", "length_km": 0.008}, "geometry": {"type": "LineString", "coordinates": [[73.9369357, 18.456874], [73.9369547, 18.4568086]]}}, {"type": "Feature", "id": 1285848823, "properties": {"id": 1285848823, "name": "Unnamed Arterial", "highway": "trunk_link", "ref": "", "oneway": "no", "length_km": 0.007}, "geometry": {"type": "LineString", "coordinates": [[73.9403221, 18.4573988], [73.9403309, 18.4574594]]}}, {"type": "Feature", "id": 1285848824, "properties": {"id": 1285848824, "name": "Unnamed Arterial", "highway": "trunk_link", "ref": "", "oneway": "no", "length_km": 0.005}, "geometry": {"type": "LineString", "coordinates": [[73.9426895, 18.4571335], [73.9426853, 18.4570927]]}}, {"type": "Feature", "id": 1286673302, "properties": {"id": 1286673302, "name": "Satara Road", "highway": "trunk", "ref": "NH60", "oneway": "yes", "length_km": 0.01}, "geometry": {"type": "LineString", "coordinates": [[73.8581348, 18.4577531], [73.858126, 18.4578406]]}}, {"type": "Feature", "id": 1286673303, "properties": {"id": 1286673303, "name": "Satara Road", "highway": "trunk", "ref": "NH60", "oneway": "yes", "length_km": 0.51}, "geometry": {"type": "LineString", "coordinates": [[73.858126, 18.4578406], [73.858105, 18.4579936], [73.8579826, 18.4585839], [73.857934, 18.4589222], [73.857933, 18.458954], [73.8579321, 18.4589798], [73.8579186, 18.4592023], [73.8579475, 18.4599818], [73.8579565, 18.4601698], [73.8579525, 18.4603222], [73.8579618, 18.4605472], [73.8579704, 18.4606432], [73.8579949, 18.4611096], [73.8580248, 18.4615947], [73.8580532, 18.462417]]}}, {"type": "Feature", "id": 1286679283, "properties": {"id": 1286679283, "name": "Katraj - Dehu Road Bypass", "highway": "trunk", "ref": "NH548DD", "oneway": "yes", "length_km": 0.727}, "geometry": {"type": "LineString", "coordinates": [[73.8584544, 18.4480926], [73.8582755, 18.4481199], [73.8580103, 18.4481835], [73.8579091, 18.4481509], [73.8578143, 18.4481761], [73.857574, 18.4482343], [73.8572308, 18.4483368], [73.856685, 18.4485142], [73.8564826, 18.4485815], [73.8562076, 18.4486726], [73.8559317, 18.4487662], [73.8557748, 18.4488437], [73.8556651, 18.4489304], [73.855588, 18.4489942], [73.8553459, 18.4490734], [73.8547253, 18.4492499], [73.8543377, 18.4493649], [73.8541092, 18.4494429], [73.8535438, 18.4496025], [73.8527104, 18.4498558], [73.8519968, 18.4500657], [73.8519062, 18.4500887]]}}, {"type": "Feature", "id": 1286679284, "properties": {"id": 1286679284, "name": "Katraj - Dehu Road Bypass", "highway": "trunk", "ref": "NH548DD", "oneway": "yes", "length_km": 0.209}, "geometry": {"type": "LineString", "coordinates": [[73.8464755, 18.4516734], [73.8447871, 18.4521777], [73.8445797, 18.4522389]]}}, {"type": "Feature", "id": 1286679285, "properties": {"id": 1286679285, "name": "Katraj - Dehu Road Bypass", "highway": "trunk", "ref": "NH548DD", "oneway": "yes", "length_km": 0.422}, "geometry": {"type": "LineString", "coordinates": [[73.8541553, 18.4495794], [73.8543042, 18.4496444], [73.8543625, 18.449655], [73.8552356, 18.449406], [73.8559486, 18.4492069], [73.8560819, 18.4491669], [73.8561494, 18.4491466], [73.8563623, 18.4490827], [73.8565856, 18.449008], [73.8566964, 18.4489699], [73.8571123, 18.448832], [73.8577293, 18.4486203], [73.85797, 18.4485382]]}}, {"type": "Feature", "id": 1286679286, "properties": {"id": 1286679286, "name": "Katraj - Dehu Road Bypass", "highway": "trunk", "ref": "NH548DD", "oneway": "yes", "length_km": 0.209}, "geometry": {"type": "LineString", "coordinates": [[73.8446093, 18.452361], [73.8455232, 18.4520882], [73.8465142, 18.4518044]]}}, {"type": "Feature", "id": 1286679291, "properties": {"id": 1286679291, "name": "Katraj - Dehu Road Bypass", "highway": "trunk", "ref": "NH548DD", "oneway": "yes", "length_km": 0.452}, "geometry": {"type": "LineString", "coordinates": [[73.8465142, 18.4518044], [73.8472256, 18.4515965], [73.8479221, 18.4513751], [73.8488213, 18.451098], [73.8496417, 18.4508604], [73.8506155, 18.4505771]]}}, {"type": "Feature", "id": 1286679292, "properties": {"id": 1286679292, "name": "Katraj - Dehu Road Bypass", "highway": "trunk", "ref": "NH548DD", "oneway": "yes", "length_km": 0.145}, "geometry": {"type": "LineString", "coordinates": [[73.8506155, 18.4505771], [73.8519353, 18.4502026]]}}, {"type": "Feature", "id": 1286679293, "properties": {"id": 1286679293, "name": "Katraj - Dehu Road Bypass", "highway": "trunk", "ref": "NH548DD", "oneway": "yes", "length_km": 0.452}, "geometry": {"type": "LineString", "coordinates": [[73.8505916, 18.4504712], [73.8490555, 18.4508967], [73.847545, 18.4513552], [73.8464755, 18.4516734]]}}, {"type": "Feature", "id": 1286679294, "properties": {"id": 1286679294, "name": "Katraj - Dehu Road Bypass", "highway": "trunk", "ref": "NH548DD", "oneway": "yes", "length_km": 0.144}, "geometry": {"type": "LineString", "coordinates": [[73.8519062, 18.4500887], [73.8505916, 18.4504712]]}}, {"type": "Feature", "id": 1286679297, "properties": {"id": 1286679297, "name": "Unnamed Arterial", "highway": "trunk_link", "ref": "", "oneway": "no", "length_km": 0.016}, "geometry": {"type": "LineString", "coordinates": [[73.8496417, 18.4508604], [73.8496841, 18.4510013]]}}, {"type": "Feature", "id": 1291328745, "properties": {"id": 1291328745, "name": "Unnamed Arterial", "highway": "primary", "ref": "", "oneway": "yes", "length_km": 0.019}, "geometry": {"type": "LineString", "coordinates": [[73.8303651, 18.5406989], [73.8304874, 18.5408277]]}}, {"type": "Feature", "id": 1291637753, "properties": {"id": 1291637753, "name": "Unnamed Arterial", "highway": "trunk_link", "ref": "", "oneway": "no", "length_km": 0.01}, "geometry": {"type": "LineString", "coordinates": [[73.8619116, 18.5296441], [73.8619138, 18.5297355]]}}, {"type": "Feature", "id": 1291643708, "properties": {"id": 1291643708, "name": "Pune Nashik Road", "highway": "trunk", "ref": "NH60", "oneway": "yes", "length_km": 0.56}, "geometry": {"type": "LineString", "coordinates": [[73.8222349, 18.6074637], [73.822605, 18.6085377], [73.8229563, 18.609605], [73.823755, 18.6120431], [73.8237755, 18.6121873], [73.8237589, 18.6122895]]}}, {"type": "Feature", "id": 1291664604, "properties": {"id": 1291664604, "name": "Unnamed Arterial", "highway": "primary", "ref": "", "oneway": "yes", "length_km": 0.039}, "geometry": {"type": "LineString", "coordinates": [[73.7830869, 18.507201], [73.7827209, 18.5072481]]}}, {"type": "Feature", "id": 1291685898, "properties": {"id": 1291685898, "name": "Unnamed Arterial", "highway": "trunk_link", "ref": "", "oneway": "yes", "length_km": 0.016}, "geometry": {"type": "LineString", "coordinates": [[73.8221057, 18.6074656], [73.8220886, 18.6073261]]}}, {"type": "Feature", "id": 1291992101, "properties": {"id": 1291992101, "name": "Unnamed Arterial", "highway": "trunk_link", "ref": "", "oneway": "yes", "length_km": 0.085}, "geometry": {"type": "LineString", "coordinates": [[73.7806725, 18.5392206], [73.7806438, 18.5393866], [73.780594, 18.5394926], [73.7804123, 18.5397613], [73.7803705, 18.5399166]]}}, {"type": "Feature", "id": 1292086492, "properties": {"id": 1292086492, "name": "Unnamed Arterial", "highway": "trunk_link", "ref": "", "oneway": "yes", "length_km": 0.031}, "geometry": {"type": "LineString", "coordinates": [[73.8539372, 18.5320856], [73.8539049, 18.5320148], [73.8538894, 18.5319116], [73.8539003, 18.5318127]]}}, {"type": "Feature", "id": 1292568488, "properties": {"id": 1292568488, "name": "Unnamed Arterial", "highway": "trunk_link", "ref": "", "oneway": "yes", "length_km": 0.017}, "geometry": {"type": "LineString", "coordinates": [[73.7694292, 18.5584202], [73.7694344, 18.5585209], [73.7694326, 18.5585768]]}}, {"type": "Feature", "id": 1292568489, "properties": {"id": 1292568489, "name": "Unnamed Arterial", "highway": "trunk_link", "ref": "", "oneway": "yes", "length_km": 0.013}, "geometry": {"type": "LineString", "coordinates": [[73.7698047, 18.5585202], [73.7698208, 18.5584927], [73.7698388, 18.5584709], [73.7698875, 18.5584297]]}}, {"type": "Feature", "id": 1293026337, "properties": {"id": 1293026337, "name": "Katraj - Dehu Road Bypass", "highway": "trunk", "ref": "NH48", "oneway": "yes", "length_km": 0.195}, "geometry": {"type": "LineString", "coordinates": [[73.7692606, 18.5593189], [73.7686761, 18.5609836]]}}, {"type": "Feature", "id": 1293026338, "properties": {"id": 1293026338, "name": "Katraj - Dehu Road Bypass", "highway": "trunk", "ref": "NH48", "oneway": "yes", "length_km": 0.012}, "geometry": {"type": "LineString", "coordinates": [[73.7692963, 18.5592173], [73.7692761, 18.5592749], [73.7692606, 18.5593189]]}}, {"type": "Feature", "id": 1293026339, "properties": {"id": 1293026339, "name": "Katraj - Dehu Road Bypass", "highway": "trunk", "ref": "NH48", "oneway": "yes", "length_km": 0.185}, "geometry": {"type": "LineString", "coordinates": [[73.7695149, 18.5590212], [73.7700709, 18.5574377]]}}, {"type": "Feature", "id": 1293854592, "properties": {"id": 1293854592, "name": "Solapur Road", "highway": "primary", "ref": "", "oneway": "yes", "length_km": 0.011}, "geometry": {"type": "LineString", "coordinates": [[73.937358, 18.5008289], [73.9372574, 18.5008378]]}}, {"type": "Feature", "id": 1296019993, "properties": {"id": 1296019993, "name": "Unnamed Arterial", "highway": "trunk_link", "ref": "", "oneway": "yes", "length_km": 0.048}, "geometry": {"type": "LineString", "coordinates": [[73.852738, 18.5294805], [73.8527903, 18.5294492], [73.8528025, 18.5294107], [73.8527302, 18.5293467], [73.8526773, 18.5293166], [73.8525763, 18.5292536], [73.8525373, 18.529202]]}}, {"type": "Feature", "id": 1298044769, "properties": {"id": 1298044769, "name": "Unnamed Arterial", "highway": "primary_link", "ref": "", "oneway": "no", "length_km": 0.01}, "geometry": {"type": "LineString", "coordinates": [[73.8765515, 18.5759682], [73.8766459, 18.5759767]]}}, {"type": "Feature", "id": 1298622049, "properties": {"id": 1298622049, "name": "Bankimchandra Chatopadhyay Path", "highway": "trunk", "ref": "NH60;65", "oneway": "yes", "length_km": 0.025}, "geometry": {"type": "LineString", "coordinates": [[73.8525373, 18.529202], [73.8525031, 18.5289808]]}}, {"type": "Feature", "id": 1298622051, "properties": {"id": 1298622051, "name": "NH60;NH65", "highway": "trunk", "ref": "NH60;NH65", "oneway": "yes", "length_km": 0.025}, "geometry": {"type": "LineString", "coordinates": [[73.8499842, 18.5300504], [73.8502064, 18.5301306]]}}, {"type": "Feature", "id": 1298622053, "properties": {"id": 1298622053, "name": "Old Pune\u2013Mumbai Highway", "highway": "trunk", "ref": "NH60;NH65", "oneway": "yes", "length_km": 0.009}, "geometry": {"type": "LineString", "coordinates": [[73.8510677, 18.5490216], [73.851024, 18.5490935]]}}, {"type": "Feature", "id": 1298624461, "properties": {"id": 1298624461, "name": "Bund Garden Road", "highway": "trunk", "ref": "NH753F", "oneway": "yes", "length_km": 0.077}, "geometry": {"type": "LineString", "coordinates": [[73.8843336, 18.5411177], [73.8845881, 18.5411687], [73.8846879, 18.5411859], [73.8850468, 18.5412623]]}}, {"type": "Feature", "id": 1298624463, "properties": {"id": 1298624463, "name": "Mangaldas Road", "highway": "primary", "ref": "", "oneway": "yes", "length_km": 0.011}, "geometry": {"type": "LineString", "coordinates": [[73.8795725, 18.5347432], [73.8796807, 18.5347471]]}}, {"type": "Feature", "id": 1298624464, "properties": {"id": 1298624464, "name": "Mangaldas Road", "highway": "primary", "ref": "", "oneway": "yes", "length_km": 0.011}, "geometry": {"type": "LineString", "coordinates": [[73.8796412, 18.5346914], [73.8795394, 18.5346918]]}}, {"type": "Feature", "id": 1298624465, "properties": {"id": 1298624465, "name": "Koregaon Road", "highway": "primary", "ref": "", "oneway": "yes", "length_km": 0.159}, "geometry": {"type": "LineString", "coordinates": [[73.8854517, 18.5379929], [73.8854475, 18.5380717], [73.8853833, 18.539421]]}}, {"type": "Feature", "id": 1298624466, "properties": {"id": 1298624466, "name": "Unnamed Arterial", "highway": "primary_link", "ref": "", "oneway": "yes", "length_km": 0.026}, "geometry": {"type": "LineString", "coordinates": [[73.885479, 18.5374931], [73.885441, 18.5375399], [73.8853957, 18.537575], [73.8853378, 18.537596], [73.8852701, 18.5375898]]}}, {"type": "Feature", "id": 1298624468, "properties": {"id": 1298624468, "name": "Mangaldas Road", "highway": "primary", "ref": "", "oneway": "yes", "length_km": 0.013}, "geometry": {"type": "LineString", "coordinates": [[73.8854517, 18.5379929], [73.8855754, 18.5380004]]}}, {"type": "Feature", "id": 1298624469, "properties": {"id": 1298624469, "name": "Koregaon Road", "highway": "primary", "ref": "", "oneway": "yes", "length_km": 0.015}, "geometry": {"type": "LineString", "coordinates": [[73.8854609, 18.5378595], [73.8854517, 18.5379929]]}}, {"type": "Feature", "id": 1298627297, "properties": {"id": 1298627297, "name": "Unnamed Arterial", "highway": "primary_link", "ref": "", "oneway": "no", "length_km": 0.016}, "geometry": {"type": "LineString", "coordinates": [[73.8263786, 18.5424319], [73.826405, 18.5425777]]}}, {"type": "Feature", "id": 1298627300, "properties": {"id": 1298627300, "name": "University Road", "highway": "primary", "ref": "", "oneway": "yes", "length_km": 0.055}, "geometry": {"type": "LineString", "coordinates": [[73.828583, 18.5421815], [73.8283656, 18.5423326], [73.8281602, 18.5424711]]}}, {"type": "Feature", "id": 1298627504, "properties": {"id": 1298627504, "name": "Koregaon Road", "highway": "primary", "ref": "", "oneway": "yes", "length_km": 0.164}, "geometry": {"type": "LineString", "coordinates": [[73.8855129, 18.5393494], [73.8855433, 18.53868], [73.8855524, 18.538478], [73.8855641, 18.5382194], [73.8855684, 18.5381238], [73.8855705, 18.5380778], [73.8855754, 18.5380004], [73.8855836, 18.5378715]]}}, {"type": "Feature", "id": 1299088050, "properties": {"id": 1299088050, "name": "Unnamed Arterial", "highway": "trunk", "ref": "", "oneway": "no", "length_km": 0.014}, "geometry": {"type": "LineString", "coordinates": [[73.840536, 18.4532918], [73.8405702, 18.453416]]}}, {"type": "Feature", "id": 1299088059, "properties": {"id": 1299088059, "name": "Unnamed Arterial", "highway": "trunk_link", "ref": "", "oneway": "no", "length_km": 0.008}, "geometry": {"type": "LineString", "coordinates": [[73.8254959, 18.4586894], [73.8254631, 18.4586247]]}}, {"type": "Feature", "id": 1300230424, "properties": {"id": 1300230424, "name": "Katraj - Dehu Road Bypass", "highway": "trunk", "ref": "NH548DD", "oneway": "yes", "length_km": 0.913}, "geometry": {"type": "LineString", "coordinates": [[73.8363266, 18.4548722], [73.8364894, 18.454818], [73.8395089, 18.4538537], [73.8395617, 18.4538368], [73.8396705, 18.453805], [73.840693, 18.4535199], [73.8415971, 18.453263], [73.8418691, 18.4531794], [73.8430237, 18.4528474], [73.8432432, 18.4527841], [73.8433916, 18.4527413], [73.8440641, 18.4525348], [73.84417, 18.4525023], [73.8446093, 18.452361]]}}, {"type": "Feature", "id": 1300230425, "properties": {"id": 1300230425, "name": "Katraj - Dehu Road Bypass", "highway": "trunk", "ref": "NH548DD", "oneway": "yes", "length_km": 0.012}, "geometry": {"type": "LineString", "coordinates": [[73.8362193, 18.4549079], [73.8363266, 18.4548722]]}}, {"type": "Feature", "id": 1300230426, "properties": {"id": 1300230426, "name": "Katraj - Dehu Road Bypass", "highway": "trunk", "ref": "NH548DD", "oneway": "yes", "length_km": 0.915}, "geometry": {"type": "LineString", "coordinates": [[73.8445797, 18.4522389], [73.8443283, 18.452309], [73.8405702, 18.453416], [73.8386485, 18.4539848], [73.8367914, 18.4545964], [73.8362918, 18.454768]]}}, {"type": "Feature", "id": 1300230427, "properties": {"id": 1300230427, "name": "Katraj - Dehu Road Bypass", "highway": "trunk", "ref": "NH548DD", "oneway": "yes", "length_km": 0.012}, "geometry": {"type": "LineString", "coordinates": [[73.8362918, 18.454768], [73.8361849, 18.4548048]]}}, {"type": "Feature", "id": 1302475589, "properties": {"id": 1302475589, "name": "Sinhagad Road Flyover", "highway": "primary", "ref": "", "oneway": "yes", "length_km": 0.407}, "geometry": {"type": "LineString", "coordinates": [[73.8281665, 18.4859187], [73.8281907, 18.4860336], [73.8282288, 18.486192], [73.8282739, 18.486365], [73.8283674, 18.4866175], [73.8284721, 18.4868392], [73.8286241, 18.4871144], [73.8287881, 18.4873965], [73.8288707, 18.4875328], [73.8290037, 18.4877158], [73.8292169, 18.4879798], [73.8294601, 18.4882677], [73.8296205, 18.4884433], [73.8297546, 18.4885583], [73.8299374, 18.4887015], [73.8300987, 18.4888064], [73.8302564, 18.4888999]]}}, {"type": "Feature", "id": 1302475592, "properties": {"id": 1302475592, "name": "Sinhagad Road Flyover", "highway": "primary", "ref": "", "oneway": "yes", "length_km": 0.138}, "geometry": {"type": "LineString", "coordinates": [[73.8302564, 18.4888999], [73.8306854, 18.4891717], [73.8311919, 18.489482], [73.8313557, 18.4895867]]}}, {"type": "Feature", "id": 1303019611, "properties": {"id": 1303019611, "name": "Unnamed Arterial", "highway": "primary_link", "ref": "", "oneway": "no", "length_km": 0.009}, "geometry": {"type": "LineString", "coordinates": [[73.7826851, 18.5636134], [73.7827143, 18.5636915]]}}, {"type": "Feature", "id": 1303068222, "properties": {"id": 1303068222, "name": "Unnamed Arterial", "highway": "primary_link", "ref": "", "oneway": "no", "length_km": 0.012}, "geometry": {"type": "LineString", "coordinates": [[73.8894781, 18.5523398], [73.8895911, 18.5523286]]}}, {"type": "Feature", "id": 1303436260, "properties": {"id": 1303436260, "name": "Unnamed Arterial", "highway": "primary", "ref": "", "oneway": "yes", "length_km": 0.076}, "geometry": {"type": "LineString", "coordinates": [[73.783523, 18.5069952], [73.7835998, 18.5071234], [73.7836032, 18.5071916], [73.7835455, 18.507317], [73.7834819, 18.5074393], [73.7833867, 18.5076179]]}}, {"type": "Feature", "id": 1303440286, "properties": {"id": 1303440286, "name": "Kaspate Vasti Road", "highway": "primary", "ref": "", "oneway": "no", "length_km": 0.026}, "geometry": {"type": "LineString", "coordinates": [[73.773493, 18.5922331], [73.7735203, 18.5923647], [73.7735261, 18.592466]]}}, {"type": "Feature", "id": 1303447620, "properties": {"id": 1303447620, "name": "Paud Road", "highway": "primary", "ref": "", "oneway": "yes", "length_km": 0.136}, "geometry": {"type": "LineString", "coordinates": [[73.7888812, 18.5079316], [73.7883341, 18.5074708], [73.7881023, 18.5073343], [73.7880104, 18.5073039], [73.7878275, 18.5072435]]}}, {"type": "Feature", "id": 1304303741, "properties": {"id": 1304303741, "name": "Solapur Road", "highway": "trunk", "ref": "NH65", "oneway": "no", "length_km": 0.006}, "geometry": {"type": "LineString", "coordinates": [[73.8792269, 18.5069924], [73.8791847, 18.5069615]]}}, {"type": "Feature", "id": 1304303742, "properties": {"id": 1304303742, "name": "Solapur Road", "highway": "trunk", "ref": "NH65", "oneway": "no", "length_km": 0.003}, "geometry": {"type": "LineString", "coordinates": [[73.8793253, 18.5070124], [73.8793001, 18.5070073]]}}, {"type": "Feature", "id": 1304305043, "properties": {"id": 1304305043, "name": "Mahatma Gandhi Marg", "highway": "primary", "ref": "", "oneway": "yes", "length_km": 0.187}, "geometry": {"type": "LineString", "coordinates": [[73.8784676, 18.5055888], [73.8785053, 18.5060576], [73.8785494, 18.5065124], [73.878568, 18.5067039], [73.8786011, 18.5070452], [73.8786177, 18.5071992], [73.8786253, 18.5072702]]}}, {"type": "Feature", "id": 1304305044, "properties": {"id": 1304305044, "name": "Mahatma Gandhi Marg", "highway": "primary", "ref": "", "oneway": "yes", "length_km": 0.01}, "geometry": {"type": "LineString", "coordinates": [[73.8786253, 18.5072702], [73.8786348, 18.5073586]]}}, {"type": "Feature", "id": 1304818212, "properties": {"id": 1304818212, "name": "Gopal Hari Deshmukh Marg", "highway": "primary", "ref": "", "oneway": "yes", "length_km": 0.268}, "geometry": {"type": "LineString", "coordinates": [[73.7863799, 18.5614481], [73.7862766, 18.5614527], [73.7861423, 18.5614681], [73.7858343, 18.5615211], [73.7857683, 18.5615325], [73.7856162, 18.5615568], [73.7852764, 18.561599], [73.7850119, 18.5616318], [73.7848093, 18.5616556], [73.7847482, 18.5616706], [73.7846817, 18.5616869], [73.784573, 18.5617244], [73.7844834, 18.5617685], [73.7843725, 18.5618311], [73.7842536, 18.5619101], [73.7841203, 18.5620256], [73.7840428, 18.5621144], [73.7840227, 18.5621438]]}}, {"type": "Feature", "id": 1307654854, "properties": {"id": 1307654854, "name": "Jawaharlal Nehru Marg", "highway": "primary", "ref": "", "oneway": "no", "length_km": 0.261}, "geometry": {"type": "LineString", "coordinates": [[73.8674952, 18.5205347], [73.8674668, 18.5206099], [73.8674413, 18.5207677], [73.8674479, 18.5209374], [73.8674661, 18.5211969], [73.8675061, 18.5214758], [73.8675323, 18.5217197], [73.8675346, 18.5219617], [73.8675145, 18.5223133], [73.8674949, 18.5225406], [73.867481, 18.522629], [73.8674752, 18.5226668], [73.8674744, 18.5226717], [73.8674722, 18.5227061], [73.8674618, 18.5228709]]}}, {"type": "Feature", "id": 1308739836, "properties": {"id": 1308739836, "name": "Karve Road", "highway": "primary", "ref": "SH60", "oneway": "yes", "length_km": 0.005}, "geometry": {"type": "LineString", "coordinates": [[73.8406095, 18.513099], [73.8405641, 18.5130809]]}}, {"type": "Feature", "id": 1308765883, "properties": {"id": 1308765883, "name": "Vishnushastri Chiplunkar Path", "highway": "primary", "ref": "", "oneway": "yes", "length_km": 0.017}, "geometry": {"type": "LineString", "coordinates": [[73.8289046, 18.5153885], [73.8288461, 18.5152938], [73.8288222, 18.5152551]]}}, {"type": "Feature", "id": 1309272850, "properties": {"id": 1309272850, "name": "Saswad Road", "highway": "trunk", "ref": "NH965", "oneway": "yes", "length_km": 0.002}, "geometry": {"type": "LineString", "coordinates": [[73.9408422, 18.4985697], [73.940848, 18.4985642], [73.9408547, 18.4985579]]}}, {"type": "Feature", "id": 1309280810, "properties": {"id": 1309280810, "name": "Magarpatta Road Flyover", "highway": "trunk", "ref": "", "oneway": "yes", "length_km": 0.009}, "geometry": {"type": "LineString", "coordinates": [[73.9276655, 18.5051684], [73.9276659, 18.5052509]]}}, {"type": "Feature", "id": 1309286685, "properties": {"id": 1309286685, "name": "Mundhwa Road Railway Flyover", "highway": "trunk", "ref": "", "oneway": "yes", "length_km": 0.015}, "geometry": {"type": "LineString", "coordinates": [[73.9323056, 18.524068], [73.9322903, 18.5239328]]}}, {"type": "Feature", "id": 1309286686, "properties": {"id": 1309286686, "name": "Mundhwa Road Railway Flyover", "highway": "trunk", "ref": "", "oneway": "yes", "length_km": 0.02}, "geometry": {"type": "LineString", "coordinates": [[73.9322034, 18.5238985], [73.9322181, 18.5240783]]}}, {"type": "Feature", "id": 1309286687, "properties": {"id": 1309286687, "name": "Mundhwa Road Railway Flyover", "highway": "trunk", "ref": "", "oneway": "yes", "length_km": 0.016}, "geometry": {"type": "LineString", "coordinates": [[73.9324666, 18.5297888], [73.9324734, 18.5296819], [73.9324753, 18.5296467]]}}, {"type": "Feature", "id": 1309286688, "properties": {"id": 1309286688, "name": "Mundhwa Road Railway Flyover", "highway": "trunk", "ref": "", "oneway": "yes", "length_km": 0.011}, "geometry": {"type": "LineString", "coordinates": [[73.9323827, 18.5296526], [73.9323765, 18.5297494]]}}, {"type": "Feature", "id": 1309319659, "properties": {"id": 1309319659, "name": "National Games Marg", "highway": "primary", "ref": "", "oneway": "yes", "length_km": 0.828}, "geometry": {"type": "LineString", "coordinates": [[73.890273, 18.5548692], [73.8902205, 18.5547048], [73.8901292, 18.5543703], [73.890087, 18.5542022], [73.8900021, 18.5538936], [73.8898665, 18.5534008], [73.8897914, 18.553128], [73.889693, 18.5527589], [73.8896784, 18.5527046], [73.8896546, 18.5526184], [73.8896273, 18.5525084], [73.8895911, 18.5523286], [73.8895843, 18.5522877], [73.8895191, 18.5517659], [73.8894628, 18.5513155], [73.8893658, 18.5505392], [73.8893312, 18.5502496], [73.8892355, 18.5494491], [73.8892058, 18.5492343], [73.8891718, 18.5490422], [73.8891594, 18.5489713], [73.8891408, 18.548882], [73.8891111, 18.5487209], [73.8890891, 18.5485158], [73.8890752, 18.5484128], [73.8890435, 18.5481409], [73.8890106, 18.5478527], [73.8889763, 18.547528]]}}, {"type": "Feature", "id": 1309319660, "properties": {"id": 1309319660, "name": "National Games Marg", "highway": "primary", "ref": "", "oneway": "yes", "length_km": 0.974}, "geometry": {"type": "LineString", "coordinates": [[73.8887299, 18.5462372], [73.8887439, 18.5464011], [73.8887616, 18.5466091], [73.8887784, 18.5468062], [73.8887912, 18.5469565], [73.8888368, 18.5473478], [73.8888708, 18.5476397], [73.8888864, 18.5477739], [73.8889194, 18.5480578], [73.8889856, 18.5486264], [73.8889984, 18.5487361], [73.8890288, 18.5489009], [73.889041, 18.5489883], [73.8890933, 18.5492503], [73.8891227, 18.5494623], [73.8891555, 18.5497289], [73.8892193, 18.5502635], [73.8892531, 18.550544], [73.8893566, 18.5514358], [73.8894675, 18.5522773], [73.8894781, 18.5523398], [73.8895161, 18.5525312], [73.8895378, 18.5526155], [73.8895661, 18.5527194], [73.8895827, 18.5527851], [73.8896322, 18.5529611], [73.8896484, 18.5530238], [73.8896812, 18.5531548], [73.8899766, 18.5542283], [73.8900188, 18.5543963], [73.8901104, 18.5547315], [73.8901529, 18.5548899]]}}, {"type": "Feature", "id": 1309319661, "properties": {"id": 1309319661, "name": "National Games Marg", "highway": "primary", "ref": "", "oneway": "yes", "length_km": 0.035}, "geometry": {"type": "LineString", "coordinates": [[73.8903285, 18.5551753], [73.8903326, 18.5550884], [73.890273, 18.5548692]]}}, {"type": "Feature", "id": 1309319662, "properties": {"id": 1309319662, "name": "National Games Marg", "highway": "primary", "ref": "", "oneway": "yes", "length_km": 0.036}, "geometry": {"type": "LineString", "coordinates": [[73.8901529, 18.5548899], [73.8902188, 18.5551271], [73.8902773, 18.5551826]]}}, {"type": "Feature", "id": 1309325914, "properties": {"id": 1309325914, "name": "Balaji Vishwanath Path", "highway": "trunk", "ref": "NH60;65", "oneway": "yes", "length_km": 0.012}, "geometry": {"type": "LineString", "coordinates": [[73.8558377, 18.501062], [73.8557223, 18.5010896]]}}, {"type": "Feature", "id": 1309330667, "properties": {"id": 1309330667, "name": "Katraj Kondhwa Road", "highway": "trunk", "ref": "NH548DD", "oneway": "yes", "length_km": 0.009}, "geometry": {"type": "LineString", "coordinates": [[73.863984, 18.4482303], [73.8639197, 18.4481832]]}}, {"type": "Feature", "id": 1309330668, "properties": {"id": 1309330668, "name": "Katraj Kondhwa Road", "highway": "trunk", "ref": "NH548DD", "oneway": "yes", "length_km": 0.008}, "geometry": {"type": "LineString", "coordinates": [[73.8638601, 18.4482519], [73.8639191, 18.4483022]]}}, {"type": "Feature", "id": 1309574019, "properties": {"id": 1309574019, "name": "Katraj - Dehu Road Bypass", "highway": "trunk", "ref": "NH48", "oneway": "yes", "length_km": 0.093}, "geometry": {"type": "LineString", "coordinates": [[73.826378, 18.4561703], [73.8267256, 18.4556764], [73.8268836, 18.4554781]]}}, {"type": "Feature", "id": 1309574020, "properties": {"id": 1309574020, "name": "Katraj - Dehu Road Bypass", "highway": "trunk", "ref": "NH48", "oneway": "yes", "length_km": 0.12}, "geometry": {"type": "LineString", "coordinates": [[73.8268836, 18.4554781], [73.8274553, 18.454761], [73.8275694, 18.4546178]]}}, {"type": "Feature", "id": 1309574021, "properties": {"id": 1309574021, "name": "Navale Flyover", "highway": "trunk", "ref": "NH48", "oneway": "yes", "length_km": 0.134}, "geometry": {"type": "LineString", "coordinates": [[73.8209245, 18.4617773], [73.820211, 18.4624414], [73.8200282, 18.4626303]]}}, {"type": "Feature", "id": 1309580309, "properties": {"id": 1309580309, "name": "Katraj - Dehu Road Bypass", "highway": "trunk", "ref": "NH48", "oneway": "yes", "length_km": 0.024}, "geometry": {"type": "LineString", "coordinates": [[73.7687783, 18.518036], [73.7687934, 18.5182544]]}}, {"type": "Feature", "id": 1309580310, "properties": {"id": 1309580310, "name": "Katraj - Dehu Road Bypass", "highway": "trunk", "ref": "NH48", "oneway": "yes", "length_km": 0.411}, "geometry": {"type": "LineString", "coordinates": [[73.7727446, 18.5257731], [73.7728871, 18.525883], [73.7731593, 18.5260727], [73.7734684, 18.526247], [73.7737846, 18.526395], [73.774192, 18.5265587], [73.7760373, 18.5272479], [73.776266, 18.527345]]}}, {"type": "Feature", "id": 1309580311, "properties": {"id": 1309580311, "name": "Katraj - Dehu Road Bypass", "highway": "trunk", "ref": "NH48", "oneway": "yes", "length_km": 0.012}, "geometry": {"type": "LineString", "coordinates": [[73.7798495, 18.5320904], [73.7798095, 18.5319856]]}}, {"type": "Feature", "id": 1309580312, "properties": {"id": 1309580312, "name": "Katraj - Dehu Road Bypass", "highway": "trunk", "ref": "NH48", "oneway": "yes", "length_km": 0.014}, "geometry": {"type": "LineString", "coordinates": [[73.7795329, 18.5316624], [73.7795812, 18.5317763]]}}, {"type": "Feature", "id": 1309580313, "properties": {"id": 1309580313, "name": "Katraj - Dehu Road Bypass", "highway": "trunk", "ref": "NH48", "oneway": "yes", "length_km": 0.02}, "geometry": {"type": "LineString", "coordinates": [[73.7812264, 18.5371807], [73.7811802, 18.5370015]]}}, {"type": "Feature", "id": 1309580314, "properties": {"id": 1309580314, "name": "Katraj - Dehu Road Bypass", "highway": "trunk", "ref": "NH48", "oneway": "yes", "length_km": 0.321}, "geometry": {"type": "LineString", "coordinates": [[73.7810873, 18.5372086], [73.7811398, 18.5374863], [73.7811404, 18.537495], [73.7811581, 18.5377681], [73.7811503, 18.5380811], [73.7811042, 18.5384381], [73.7810413, 18.5387013], [73.780939, 18.5389987], [73.7808035, 18.5392817], [73.7806416, 18.539565], [73.7804762, 18.5397915], [73.7803705, 18.5399166]]}}, {"type": "Feature", "id": 1309580315, "properties": {"id": 1309580315, "name": "Katraj - Dehu Road Bypass", "highway": "trunk", "ref": "NH48", "oneway": "yes", "length_km": 0.42}, "geometry": {"type": "LineString", "coordinates": [[73.7732659, 18.5484003], [73.7734082, 18.5479877], [73.7734974, 18.547748], [73.7740827, 18.5461232], [73.7742045, 18.5457846], [73.7743226, 18.5454824], [73.7743911, 18.5453308], [73.774457, 18.5452001], [73.7745627, 18.5450159], [73.7746621, 18.5448572]]}}, {"type": "Feature", "id": 1309580316, "properties": {"id": 1309580316, "name": "Katraj - Dehu Road Bypass", "highway": "trunk", "ref": "NH48", "oneway": "yes", "length_km": 0.561}, "geometry": {"type": "LineString", "coordinates": [[73.7756036, 18.5436469], [73.7753056, 18.5439362], [73.7750566, 18.5441787], [73.7747769, 18.5444721], [73.7745645, 18.5447489], [73.7744404, 18.5449473], [73.7743302, 18.5451389], [73.7742602, 18.5452786], [73.7741911, 18.5454312], [73.7740705, 18.5457394], [73.7739482, 18.5460797], [73.7732246, 18.5480879]]}}, {"type": "Feature", "id": 1309580317, "properties": {"id": 1309580317, "name": "Katraj - Dehu Road Bypass", "highway": "trunk", "ref": "NH48", "oneway": "yes", "length_km": 0.129}, "geometry": {"type": "LineString", "coordinates": [[73.7751332, 18.5443134], [73.7760235, 18.5435095]]}}, {"type": "Feature", "id": 1309580318, "properties": {"id": 1309580318, "name": "Katraj - Dehu Road Bypass", "highway": "trunk", "ref": "NH48", "oneway": "yes", "length_km": 0.078}, "geometry": {"type": "LineString", "coordinates": [[73.7746621, 18.5448572], [73.7746841, 18.5448221], [73.7748874, 18.5445572], [73.7751332, 18.5443134]]}}, {"type": "Feature", "id": 1309580319, "properties": {"id": 1309580319, "name": "Katraj - Dehu Road Bypass", "highway": "trunk", "ref": "NH48", "oneway": "yes", "length_km": 0.013}, "geometry": {"type": "LineString", "coordinates": [[73.7732246, 18.5480879], [73.7731854, 18.5481982]]}}, {"type": "Feature", "id": 1309580320, "properties": {"id": 1309580320, "name": "Katraj - Dehu Road Bypass", "highway": "trunk", "ref": "NH48", "oneway": "yes", "length_km": 0.011}, "geometry": {"type": "LineString", "coordinates": [[73.7694814, 18.5591166], [73.7694967, 18.5590731], [73.7695149, 18.5590212]]}}, {"type": "Feature", "id": 1313154260, "properties": {"id": 1313154260, "name": "Sinhagad Road", "highway": "primary", "ref": "", "oneway": "yes", "length_km": 0.331}, "geometry": {"type": "LineString", "coordinates": [[73.8290195, 18.4878703], [73.8292842, 18.4881834], [73.8295814, 18.488496], [73.8297309, 18.4886342], [73.8298985, 18.4887635], [73.8300158, 18.4888408], [73.8301284, 18.4889091], [73.8301776, 18.4889368], [73.8303708, 18.4890538], [73.8305971, 18.4891923], [73.8308221, 18.4893274], [73.831118, 18.4895035], [73.8313395, 18.4896225], [73.8314057, 18.489645], [73.8314873, 18.4896717]]}}, {"type": "Feature", "id": 1313154261, "properties": {"id": 1313154261, "name": "Sinhagad Road", "highway": "primary", "ref": "", "oneway": "yes", "length_km": 0.272}, "geometry": {"type": "LineString", "coordinates": [[73.8280858, 18.4855276], [73.8280879, 18.4857415], [73.8280973, 18.4859557], [73.828153, 18.486204], [73.828207, 18.4864424], [73.8282655, 18.4865833], [73.8283202, 18.4867032], [73.8284766, 18.487012], [73.8287118, 18.4874019], [73.8287988, 18.4875515], [73.8289514, 18.4877881]]}}, {"type": "Feature", "id": 1313221125, "properties": {"id": 1313221125, "name": "Solapur Road Flyover", "highway": "trunk", "ref": "NH65", "oneway": "yes", "length_km": 0.006}, "geometry": {"type": "LineString", "coordinates": [[73.9195433, 18.5044803], [73.9194889, 18.5044967]]}}, {"type": "Feature", "id": 1313221126, "properties": {"id": 1313221126, "name": "Solapur Road", "highway": "trunk", "ref": "NH65", "oneway": "yes", "length_km": 0.056}, "geometry": {"type": "LineString", "coordinates": [[73.9209683, 18.5042357], [73.9211731, 18.5041762], [73.921476, 18.5040948]]}}, {"type": "Feature", "id": 1313221127, "properties": {"id": 1313221127, "name": "Solapur Road Flyover", "highway": "trunk", "ref": "NH65", "oneway": "yes", "length_km": 0.056}, "geometry": {"type": "LineString", "coordinates": [[73.9132668, 18.5062886], [73.9137948, 18.5062196]]}}, {"type": "Feature", "id": 1313221128, "properties": {"id": 1313221128, "name": "Solapur Road Flyover", "highway": "trunk", "ref": "NH65", "oneway": "yes", "length_km": 0.02}, "geometry": {"type": "LineString", "coordinates": [[73.9137671, 18.5060773], [73.9135764, 18.5060934]]}}, {"type": "Feature", "id": 1313226179, "properties": {"id": 1313226179, "name": "Solapur Road Flyover", "highway": "trunk", "ref": "NH65", "oneway": "yes", "length_km": 0.027}, "geometry": {"type": "LineString", "coordinates": [[73.9412878, 18.5003877], [73.9410342, 18.5004256]]}}, {"type": "Feature", "id": 1313226180, "properties": {"id": 1313226180, "name": "Solapur Road Flyover", "highway": "trunk", "ref": "NH65", "oneway": "yes", "length_km": 0.029}, "geometry": {"type": "LineString", "coordinates": [[73.9410334, 18.5005101], [73.9413061, 18.5004738]]}}, {"type": "Feature", "id": 1313226181, "properties": {"id": 1313226181, "name": "Solapur Road Flyover", "highway": "trunk", "ref": "NH65", "oneway": "yes", "length_km": 0.042}, "geometry": {"type": "LineString", "coordinates": [[73.931345, 18.5015803], [73.9309448, 18.5016044]]}}, {"type": "Feature", "id": 1313226182, "properties": {"id": 1313226182, "name": "Solapur Road Flyover", "highway": "trunk", "ref": "NH65", "oneway": "yes", "length_km": 0.044}, "geometry": {"type": "LineString", "coordinates": [[73.9309417, 18.5017242], [73.9313563, 18.5016615]]}}, {"type": "Feature", "id": 1313474710, "properties": {"id": 1313474710, "name": "Aundh Ravet Road Flyover", "highway": "primary", "ref": "", "oneway": "yes", "length_km": 0.029}, "geometry": {"type": "LineString", "coordinates": [[73.7805464, 18.599309], [73.7803931, 18.5995246]]}}, {"type": "Feature", "id": 1313474711, "properties": {"id": 1313474711, "name": "Aundh Ravet Road Flyover", "highway": "primary", "ref": "", "oneway": "yes", "length_km": 0.018}, "geometry": {"type": "LineString", "coordinates": [[73.7821165, 18.5972244], [73.7822079, 18.5970861]]}}, {"type": "Feature", "id": 1313474712, "properties": {"id": 1313474712, "name": "Aundh Ravet Road Flyover", "highway": "primary", "ref": "", "oneway": "yes", "length_km": 0.02}, "geometry": {"type": "LineString", "coordinates": [[73.782117, 18.5970172], [73.7820216, 18.5971739]]}}, {"type": "Feature", "id": 1313476760, "properties": {"id": 1313476760, "name": "Jagtap Dairy Flyover", "highway": "primary", "ref": "", "oneway": "yes", "length_km": 0.02}, "geometry": {"type": "LineString", "coordinates": [[73.7837323, 18.5943331], [73.7836164, 18.594473]]}}, {"type": "Feature", "id": 1313476762, "properties": {"id": 1313476762, "name": "Jagtap Dairy Flyover", "highway": "primary", "ref": "", "oneway": "yes", "length_km": 0.01}, "geometry": {"type": "LineString", "coordinates": [[73.7837904, 18.5945278], [73.7838376, 18.5944469]]}}, {"type": "Feature", "id": 1313479611, "properties": {"id": 1313479611, "name": "Dhore Patil Flyover", "highway": "primary", "ref": "", "oneway": "yes", "length_km": 0.012}, "geometry": {"type": "LineString", "coordinates": [[73.8077642, 18.5716785], [73.8076981, 18.5717716]]}}, {"type": "Feature", "id": 1313481030, "properties": {"id": 1313481030, "name": "Wakad - Nashik Phata BRTS Road | Wakad - Bhosari BRTS Road | Nashik Phata Road", "highway": "primary", "ref": "", "oneway": "yes", "length_km": 0.092}, "geometry": {"type": "LineString", "coordinates": [[73.8003021, 18.5980163], [73.8006734, 18.5979329], [73.8009324, 18.5978711], [73.8011525, 18.5978278]]}}, {"type": "Feature", "id": 1313481031, "properties": {"id": 1313481031, "name": "Wakad - Nashik Phata BRTS Road | Wakad - Bhosari BRTS Road | Nashik Phata Road", "highway": "primary", "ref": "", "oneway": "yes", "length_km": 0.134}, "geometry": {"type": "LineString", "coordinates": [[73.8023516, 18.5974173], [73.8023016, 18.597425], [73.8021217, 18.5974527], [73.8012174, 18.5976353], [73.8011246, 18.5977025]]}}, {"type": "Feature", "id": 1313481032, "properties": {"id": 1313481032, "name": "Wakad - Nashik Phata BRTS Road | Wakad - Bhosari BRTS Road | Nashik Phata Road", "highway": "primary", "ref": "", "oneway": "yes", "length_km": 0.035}, "geometry": {"type": "LineString", "coordinates": [[73.8011246, 18.5977025], [73.8010645, 18.5977142], [73.8008008, 18.5977659]]}}, {"type": "Feature", "id": 1313481033, "properties": {"id": 1313481033, "name": "Wakad - Nashik Phata BRTS Road | Wakad - Bhosari BRTS Road | Nashik Phata Road", "highway": "primary", "ref": "", "oneway": "yes", "length_km": 0.13}, "geometry": {"type": "LineString", "coordinates": [[73.8036019, 18.5972724], [73.8035285, 18.5972521], [73.8033289, 18.597274], [73.8030434, 18.5973139], [73.8030182, 18.5973176], [73.802723, 18.5973608], [73.802668, 18.5973688], [73.8025582, 18.5973852], [73.8024646, 18.5973992], [73.8023766, 18.5974135]]}}, {"type": "Feature", "id": 1313482387, "properties": {"id": 1313482387, "name": "Sinhagad Road Flyover", "highway": "primary", "ref": "", "oneway": "yes", "length_km": 0.017}, "geometry": {"type": "LineString", "coordinates": [[73.8313557, 18.4895867], [73.8314069, 18.489618], [73.8314873, 18.4896717]]}}, {"type": "Feature", "id": 1313482388, "properties": {"id": 1313482388, "name": "Sinhagad Road Flyover", "highway": "primary", "ref": "", "oneway": "yes", "length_km": 0.044}, "geometry": {"type": "LineString", "coordinates": [[73.8280858, 18.4855276], [73.8281665, 18.4859187]]}}, {"type": "Feature", "id": 1313656671, "properties": {"id": 1313656671, "name": "Bharatratna J.R.D Tata Flyover", "highway": "primary", "ref": "", "oneway": "yes", "length_km": 0.016}, "geometry": {"type": "LineString", "coordinates": [[73.8182344, 18.6033115], [73.8183587, 18.6033871]]}}, {"type": "Feature", "id": 1313656672, "properties": {"id": 1313656672, "name": "Bharatratna J.R.D Tata Flyover", "highway": "primary", "ref": "", "oneway": "yes", "length_km": 0.006}, "geometry": {"type": "LineString", "coordinates": [[73.8184406, 18.6032662], [73.8184178, 18.6032523], [73.8183921, 18.6032367]]}}, {"type": "Feature", "id": 1313656673, "properties": {"id": 1313656673, "name": "Kasarwadi - Pimple Gurav Road", "highway": "primary", "ref": "", "oneway": "no", "length_km": 0.011}, "geometry": {"type": "LineString", "coordinates": [[73.8220116, 18.6057448], [73.8219482, 18.6058274]]}}, {"type": "Feature", "id": 1313656674, "properties": {"id": 1313656674, "name": "Unnamed Arterial", "highway": "primary", "ref": "", "oneway": "yes", "length_km": 0.326}, "geometry": {"type": "LineString", "coordinates": [[73.8239671, 18.6047397], [73.823359, 18.6054491], [73.8223073, 18.6066725], [73.8220105, 18.6070177]]}}, {"type": "Feature", "id": 1313656675, "properties": {"id": 1313656675, "name": "Old Pune\u2013Mumbai Highway", "highway": "trunk", "ref": "NH60;NH65", "oneway": "yes", "length_km": 0.009}, "geometry": {"type": "LineString", "coordinates": [[73.825445, 18.6031057], [73.8253911, 18.6031735]]}}, {"type": "Feature", "id": 1313656676, "properties": {"id": 1313656676, "name": "Pune Nashik Road", "highway": "trunk", "ref": "NH60", "oneway": "yes", "length_km": 0.34}, "geometry": {"type": "LineString", "coordinates": [[73.8234245, 18.6102586], [73.8234043, 18.6100044], [73.823306, 18.6096142], [73.8226992, 18.6077708], [73.8225501, 18.6073179]]}}, {"type": "Feature", "id": 1313656677, "properties": {"id": 1313656677, "name": "Bharatratna J.R.D Tata Flyover", "highway": "primary", "ref": "", "oneway": "yes", "length_km": 0.041}, "geometry": {"type": "LineString", "coordinates": [[73.8231177, 18.6097567], [73.8232294, 18.6101125]]}}, {"type": "Feature", "id": 1313656678, "properties": {"id": 1313656678, "name": "Bharatratna J.R.D Tata Flyover", "highway": "trunk", "ref": "", "oneway": "yes", "length_km": 0.029}, "geometry": {"type": "LineString", "coordinates": [[73.8236579, 18.6120426], [73.8237589, 18.6122895]]}}, {"type": "Feature", "id": 1313656679, "properties": {"id": 1313656679, "name": "Unnamed Arterial", "highway": "primary", "ref": "", "oneway": "yes", "length_km": 0.315}, "geometry": {"type": "LineString", "coordinates": [[73.8220105, 18.6070177], [73.821094, 18.6081055], [73.8209623, 18.6082582], [73.8206049, 18.6086726], [73.8201187, 18.6092248]]}}, {"type": "Feature", "id": 1313671146, "properties": {"id": 1313671146, "name": "Wakad Flyover", "highway": "primary", "ref": "", "oneway": "yes", "length_km": 0.017}, "geometry": {"type": "LineString", "coordinates": [[73.7606051, 18.5924527], [73.7607678, 18.5924792]]}}, {"type": "Feature", "id": 1313671147, "properties": {"id": 1313671147, "name": "Wakad Flyover", "highway": "primary", "ref": "", "oneway": "yes", "length_km": 0.018}, "geometry": {"type": "LineString", "coordinates": [[73.7607847, 18.5924187], [73.760617, 18.5924008]]}}, {"type": "Feature", "id": 1314624471, "properties": {"id": 1314624471, "name": "Kaspate Vasti Road", "highway": "primary", "ref": "", "oneway": "yes", "length_km": 0.025}, "geometry": {"type": "LineString", "coordinates": [[73.7732541, 18.5899436], [73.7732617, 18.5900574], [73.773269, 18.5901659]]}}, {"type": "Feature", "id": 1314624472, "properties": {"id": 1314624472, "name": "Unnamed Arterial", "highway": "primary", "ref": "", "oneway": "yes", "length_km": 0.032}, "geometry": {"type": "LineString", "coordinates": [[73.773269, 18.5901659], [73.7732742, 18.5902107], [73.7732929, 18.5903736], [73.7733601, 18.5904252]]}}, {"type": "Feature", "id": 1314624473, "properties": {"id": 1314624473, "name": "Kaspate Vasti Road", "highway": "primary", "ref": "", "oneway": "yes", "length_km": 0.033}, "geometry": {"type": "LineString", "coordinates": [[73.7733601, 18.5904252], [73.7734225, 18.5903511], [73.7734127, 18.5901929], [73.7734101, 18.5901516]]}}, {"type": "Feature", "id": 1314624474, "properties": {"id": 1314624474, "name": "Unnamed Arterial", "highway": "primary", "ref": "", "oneway": "yes", "length_km": 0.026}, "geometry": {"type": "LineString", "coordinates": [[73.7734101, 18.5901516], [73.773398, 18.5900517], [73.7733956, 18.590032], [73.7733819, 18.5899179]]}}, {"type": "Feature", "id": 1318598483, "properties": {"id": 1318598483, "name": "Old Pune\u2013Mumbai Highway", "highway": "trunk", "ref": "NH60;65", "oneway": "no", "length_km": 0.004}, "geometry": {"type": "LineString", "coordinates": [[73.8551033, 18.5302656], [73.855143, 18.5302783]]}}, {"type": "Feature", "id": 1321811793, "properties": {"id": 1321811793, "name": "Unnamed Arterial", "highway": "primary_link", "ref": "", "oneway": "yes", "length_km": 0.042}, "geometry": {"type": "LineString", "coordinates": [[73.797851, 18.5985717], [73.7980412, 18.5982396]]}}, {"type": "Feature", "id": 1322443000, "properties": {"id": 1322443000, "name": "Kalewadi Main Road * Aundh-Ravet Road", "highway": "primary", "ref": "", "oneway": "yes", "length_km": 0.112}, "geometry": {"type": "LineString", "coordinates": [[73.8081855, 18.5708663], [73.8081492, 18.5709271], [73.8076683, 18.5716365], [73.8076124, 18.5717136]]}}, {"type": "Feature", "id": 1322511517, "properties": {"id": 1322511517, "name": "Raja Bahadur Mill Marg", "highway": "trunk", "ref": "NH753F", "oneway": "yes", "length_km": 0.012}, "geometry": {"type": "LineString", "coordinates": [[73.8633199, 18.5297318], [73.8632138, 18.5296934]]}}, {"type": "Feature", "id": 1322511518, "properties": {"id": 1322511518, "name": "Unnamed Arterial", "highway": "primary", "ref": "", "oneway": "yes", "length_km": 0.013}, "geometry": {"type": "LineString", "coordinates": [[73.8633125, 18.5298456], [73.8633199, 18.5297318]]}}, {"type": "Feature", "id": 1322511519, "properties": {"id": 1322511519, "name": "Unnamed Arterial", "highway": "primary", "ref": "", "oneway": "yes", "length_km": 0.023}, "geometry": {"type": "LineString", "coordinates": [[73.8632329, 18.5294901], [73.8632138, 18.5296934]]}}, {"type": "Feature", "id": 1322511520, "properties": {"id": 1322511520, "name": "Unnamed Arterial", "highway": "primary", "ref": "", "oneway": "yes", "length_km": 0.013}, "geometry": {"type": "LineString", "coordinates": [[73.863456, 18.5280238], [73.8634629, 18.527949], [73.8634696, 18.5279086]]}}, {"type": "Feature", "id": 1322970210, "properties": {"id": 1322970210, "name": "Unnamed Arterial", "highway": "primary", "ref": "", "oneway": "no", "length_km": 0.008}, "geometry": {"type": "LineString", "coordinates": [[73.8288016, 18.5626214], [73.8288008, 18.5626957]]}}, {"type": "Feature", "id": 1328059444, "properties": {"id": 1328059444, "name": "Solapur Road", "highway": "trunk", "ref": "NH65", "oneway": "yes", "length_km": 0.14}, "geometry": {"type": "LineString", "coordinates": [[73.9010481, 18.5064954], [73.9008114, 18.5064991], [73.9000909, 18.5065107], [73.8997169, 18.5065167]]}}, {"type": "Feature", "id": 1328059446, "properties": {"id": 1328059446, "name": "Solapur Road", "highway": "trunk", "ref": "NH65", "oneway": "yes", "length_km": 0.007}, "geometry": {"type": "LineString", "coordinates": [[73.9011103, 18.506493], [73.9010481, 18.5064954]]}}, {"type": "Feature", "id": 1328059448, "properties": {"id": 1328059448, "name": "Solapur Road", "highway": "trunk", "ref": "NH65", "oneway": "yes", "length_km": 0.004}, "geometry": {"type": "LineString", "coordinates": [[73.89853, 18.5065557], [73.8984939, 18.5065612]]}}, {"type": "Feature", "id": 1328059450, "properties": {"id": 1328059450, "name": "Unnamed Arterial", "highway": "trunk_link", "ref": "", "oneway": "yes", "length_km": 0.017}, "geometry": {"type": "LineString", "coordinates": [[73.8987579, 18.5065235], [73.8987599, 18.506675]]}}, {"type": "Feature", "id": 1333172952, "properties": {"id": 1333172952, "name": "Bharatratna J.R.D Tata Flyover Ramp", "highway": "primary_link", "ref": "", "oneway": "yes", "length_km": 0.079}, "geometry": {"type": "LineString", "coordinates": [[73.8205819, 18.6055135], [73.8205894, 18.6055337], [73.8206064, 18.6055659], [73.8206381, 18.6056136], [73.8206652, 18.6056433], [73.8208478, 18.6058154], [73.8210357, 18.6059572], [73.8211249, 18.605971]]}}, {"type": "Feature", "id": 1333172953, "properties": {"id": 1333172953, "name": "Bharatratna J.R.D Tata Flyover Ramp", "highway": "primary_link", "ref": "", "oneway": "yes", "length_km": 0.074}, "geometry": {"type": "LineString", "coordinates": [[73.8211249, 18.605971], [73.8210902, 18.6059006], [73.8209163, 18.6057789], [73.8208074, 18.6056904], [73.8206943, 18.6055853], [73.8206536, 18.6055343], [73.820636, 18.605502]]}}, {"type": "Feature", "id": 1333175104, "properties": {"id": 1333175104, "name": "Unnamed Arterial", "highway": "primary", "ref": "", "oneway": "yes", "length_km": 0.017}, "geometry": {"type": "LineString", "coordinates": [[73.8675287, 18.5251389], [73.8674789, 18.5249891]]}}, {"type": "Feature", "id": 1333175105, "properties": {"id": 1333175105, "name": "Jawaharlal Nehru Marg", "highway": "primary", "ref": "", "oneway": "yes", "length_km": 0.018}, "geometry": {"type": "LineString", "coordinates": [[73.8674789, 18.5249891], [73.867432, 18.5251473]]}}, {"type": "Feature", "id": 1333175106, "properties": {"id": 1333175106, "name": "Jawaharlal Nehru Marg", "highway": "primary", "ref": "", "oneway": "no", "length_km": 0.013}, "geometry": {"type": "LineString", "coordinates": [[73.8674476, 18.5248745], [73.8674789, 18.5249891]]}}, {"type": "Feature", "id": 1333199483, "properties": {"id": 1333199483, "name": "Wakad Road", "highway": "primary", "ref": "", "oneway": "yes", "length_km": 0.02}, "geometry": {"type": "LineString", "coordinates": [[73.7844984, 18.5881778], [73.7843099, 18.5882016]]}}, {"type": "Feature", "id": 1333199484, "properties": {"id": 1333199484, "name": "Wakad Road", "highway": "primary", "ref": "", "oneway": "yes", "length_km": 0.028}, "geometry": {"type": "LineString", "coordinates": [[73.7845234, 18.5882513], [73.7847842, 18.5882133]]}}, {"type": "Feature", "id": 1333199485, "properties": {"id": 1333199485, "name": "Wakad Road", "highway": "primary", "ref": "", "oneway": "yes", "length_km": 0.029}, "geometry": {"type": "LineString", "coordinates": [[73.7847746, 18.5881296], [73.7844984, 18.5881778]]}}, {"type": "Feature", "id": 1342444763, "properties": {"id": 1342444763, "name": "Gopal Krushna Gokhale Path", "highway": "primary", "ref": "SH60", "oneway": "yes", "length_km": 0.244}, "geometry": {"type": "LineString", "coordinates": [[73.8414036, 18.5248292], [73.8414572, 18.5250194], [73.8414965, 18.5251589], [73.8415393, 18.5253109], [73.8415594, 18.525382], [73.8416214, 18.5256019], [73.8416425, 18.5256707], [73.8417159, 18.5259098], [73.8417518, 18.5260269], [73.8418228, 18.5262196], [73.8419093, 18.5264131], [73.8420571, 18.5266667], [73.8420859, 18.5267125], [73.8421177, 18.5267664], [73.8421825, 18.5268848]]}}, {"type": "Feature", "id": 1347916160, "properties": {"id": 1347916160, "name": "General Thimayya Road", "highway": "primary", "ref": "", "oneway": "yes", "length_km": 0.141}, "geometry": {"type": "LineString", "coordinates": [[73.8485573, 18.5599987], [73.8474419, 18.559289]]}}, {"type": "Feature", "id": 1347916454, "properties": {"id": 1347916454, "name": "Unnamed Arterial", "highway": "primary", "ref": "", "oneway": "yes", "length_km": 0.026}, "geometry": {"type": "LineString", "coordinates": [[73.8521528, 18.5623927], [73.8521742, 18.5624629], [73.8522574, 18.5625331], [73.8522759, 18.5625394], [73.8523114, 18.5625371]]}}, {"type": "Feature", "id": 1347916455, "properties": {"id": 1347916455, "name": "General Thimayya Road", "highway": "primary", "ref": "", "oneway": "yes", "length_km": 0.02}, "geometry": {"type": "LineString", "coordinates": [[73.8523033, 18.5624868], [73.8522122, 18.5624021], [73.8521528, 18.5623927]]}}, {"type": "Feature", "id": 1347919145, "properties": {"id": 1347919145, "name": "Unnamed Arterial", "highway": "trunk", "ref": "", "oneway": "no", "length_km": 0.017}, "geometry": {"type": "LineString", "coordinates": [[73.8348941, 18.4555125], [73.8348742, 18.4554624], [73.8348384, 18.4553725]]}}, {"type": "Feature", "id": 1349542353, "properties": {"id": 1349542353, "name": "Unnamed Arterial", "highway": "trunk", "ref": "", "oneway": "yes", "length_km": 0.12}, "geometry": {"type": "LineString", "coordinates": [[73.8851036, 18.5413814], [73.8847478, 18.5412697], [73.8845181, 18.5412138], [73.8842864, 18.5412138], [73.8842058, 18.5412385], [73.884136, 18.5413121], [73.884068, 18.5413958]]}}, {"type": "Feature", "id": 1349542354, "properties": {"id": 1349542354, "name": "Unnamed Arterial", "highway": "trunk", "ref": "", "oneway": "yes", "length_km": 0.028}, "geometry": {"type": "LineString", "coordinates": [[73.8850468, 18.5412623], [73.885298, 18.5413387]]}}, {"type": "Feature", "id": 1349542355, "properties": {"id": 1349542355, "name": "Unnamed Arterial", "highway": "primary", "ref": "", "oneway": "yes", "length_km": 0.032}, "geometry": {"type": "LineString", "coordinates": [[73.885298, 18.5413387], [73.885314, 18.5410503]]}}, {"type": "Feature", "id": 1349542356, "properties": {"id": 1349542356, "name": "Koregaon Road", "highway": "trunk_link", "ref": "", "oneway": "yes", "length_km": 0.054}, "geometry": {"type": "LineString", "coordinates": [[73.8850468, 18.5412623], [73.885162, 18.5411747], [73.8852089, 18.5411403], [73.885268, 18.5410885], [73.885314, 18.5410503], [73.8854374, 18.5409481]]}}, {"type": "Feature", "id": 1349542357, "properties": {"id": 1349542357, "name": "Unnamed Arterial", "highway": "trunk", "ref": "", "oneway": "yes", "length_km": 0.012}, "geometry": {"type": "LineString", "coordinates": [[73.885298, 18.5413387], [73.8854145, 18.5413611]]}}, {"type": "Feature", "id": 1349542358, "properties": {"id": 1349542358, "name": "Koregaon Road", "highway": "primary", "ref": "", "oneway": "yes", "length_km": 0.026}, "geometry": {"type": "LineString", "coordinates": [[73.8853993, 18.5415921], [73.8854145, 18.5413611]]}}, {"type": "Feature", "id": 1353631914, "properties": {"id": 1353631914, "name": "Ganeshkhind Road", "highway": "trunk", "ref": "NH60;NH65", "oneway": "yes", "length_km": 0.016}, "geometry": {"type": "LineString", "coordinates": [[73.8499097, 18.5302172], [73.8497881, 18.5301322]]}}, {"type": "Feature", "id": 1355142505, "properties": {"id": 1355142505, "name": "Unnamed Arterial", "highway": "trunk_link", "ref": "", "oneway": "yes", "length_km": 0.067}, "geometry": {"type": "LineString", "coordinates": [[73.853953, 18.531439], [73.8539795, 18.5315324], [73.8539592, 18.53157], [73.8538636, 18.5316683], [73.853652, 18.5318719], [73.853617, 18.5319059]]}}, {"type": "Feature", "id": 1356360289, "properties": {"id": 1356360289, "name": "Katraj Flyover", "highway": "trunk", "ref": "NH548DD", "oneway": "yes", "length_km": 0.019}, "geometry": {"type": "LineString", "coordinates": [[73.8594961, 18.4478109], [73.8596712, 18.4477817]]}}, {"type": "Feature", "id": 1356360290, "properties": {"id": 1356360290, "name": "NH548DD", "highway": "trunk", "ref": "NH548DD", "oneway": "yes", "length_km": 0.013}, "geometry": {"type": "LineString", "coordinates": [[73.8594129, 18.4478962], [73.8594961, 18.4478109]]}}, {"type": "Feature", "id": 1356382183, "properties": {"id": 1356382183, "name": "Unnamed Arterial", "highway": "primary_link", "ref": "", "oneway": "no", "length_km": 0.032}, "geometry": {"type": "LineString", "coordinates": [[73.832437, 18.539517], [73.832627, 18.53974]]}}, {"type": "Feature", "id": 1356570666, "properties": {"id": 1356570666, "name": "Unnamed Arterial", "highway": "trunk_link", "ref": "", "oneway": "yes", "length_km": 0.069}, "geometry": {"type": "LineString", "coordinates": [[73.8583428, 18.5000596], [73.8583275, 18.5001432], [73.858314, 18.5001901], [73.8583045, 18.5002293], [73.8582652, 18.5003025], [73.8582259, 18.5003475], [73.8581798, 18.5004021], [73.8581547, 18.5004217], [73.8581161, 18.5004503], [73.8580882, 18.5004638], [73.858066, 18.5004767], [73.857959, 18.5005065]]}}, {"type": "Feature", "id": 1358505443, "properties": {"id": 1358505443, "name": "Unnamed Arterial", "highway": "primary", "ref": "", "oneway": "no", "length_km": 0.032}, "geometry": {"type": "LineString", "coordinates": [[73.8487364, 18.5353032], [73.8487529, 18.5350191]]}}, {"type": "Feature", "id": 1358505444, "properties": {"id": 1358505444, "name": "Unnamed Arterial", "highway": "primary", "ref": "", "oneway": "no", "length_km": 0.028}, "geometry": {"type": "LineString", "coordinates": [[73.8485327, 18.5351567], [73.8487529, 18.5350191]]}}, {"type": "Feature", "id": 1358512471, "properties": {"id": 1358512471, "name": "Unnamed Arterial", "highway": "trunk_link", "ref": "", "oneway": "no", "length_km": 0.014}, "geometry": {"type": "LineString", "coordinates": [[73.7810084, 18.5375096], [73.7811404, 18.537495]]}}, {"type": "Feature", "id": 1358527138, "properties": {"id": 1358527138, "name": "NH548DD", "highway": "trunk", "ref": "NH548DD", "oneway": "yes", "length_km": 0.115}, "geometry": {"type": "LineString", "coordinates": [[73.9108119, 18.4498006], [73.9107444, 18.4497726], [73.9105696, 18.4496752], [73.9104141, 18.4496415], [73.9103135, 18.4496376], [73.9101702, 18.4496656], [73.9098785, 18.4497427], [73.90985, 18.4497524], [73.9097986, 18.4498109]]}}, {"type": "Feature", "id": 1358556406, "properties": {"id": 1358556406, "name": "Unnamed Arterial", "highway": "trunk_link", "ref": "", "oneway": "yes", "length_km": 0.042}, "geometry": {"type": "LineString", "coordinates": [[73.8766187, 18.45003], [73.8766143, 18.4500731], [73.8766138, 18.4501398], [73.8766269, 18.4502038], [73.8766554, 18.4502471], [73.8766974, 18.4502726], [73.8767303, 18.4502922], [73.8767759, 18.4503409]]}}, {"type": "Feature", "id": 1358619734, "properties": {"id": 1358619734, "name": "Sinhagad Road Flyover", "highway": "primary", "ref": "", "oneway": "yes", "length_km": 2.102}, "geometry": {"type": "LineString", "coordinates": [[73.8281854, 18.4856484], [73.8280457, 18.4849961], [73.8279395, 18.4845609], [73.8278616, 18.4842454], [73.8277855, 18.4839984], [73.8276905, 18.4837514], [73.8275124, 18.4832943], [73.8274038, 18.4830683], [73.8273042, 18.482899], [73.8271612, 18.4827007], [73.8269775, 18.4824829], [73.8268864, 18.4823909], [73.8268031, 18.4823128], [73.8267063, 18.4821995], [73.8265708, 18.4820221], [73.8263154, 18.481672], [73.8261699, 18.4814715], [73.8259955, 18.4812468], [73.8258266, 18.4810205], [73.8256248, 18.4807577], [73.8254008, 18.4804766], [73.8253409, 18.4804025], [73.8250857, 18.4800901], [73.8248993, 18.479845], [73.8247488, 18.4796338], [73.8245278, 18.4792259], [73.8243148, 18.4787921], [73.8241381, 18.4784403], [73.8240103, 18.478214], [73.8238998, 18.4780051], [73.8235311, 18.4773203], [73.8234161, 18.4771145], [73.823155, 18.4765622], [73.8230473, 18.4763349], [73.8228956, 18.4759391], [73.8227052, 18.4754608], [73.8223565, 18.4746517], [73.8220902, 18.4740637], [73.8219703, 18.4738482], [73.8217532, 18.4734388], [73.8216227, 18.4731843], [73.8211703, 18.4719882], [73.8210707, 18.4717401], [73.8208614, 18.4712504], [73.8207564, 18.4709831], [73.8206083, 18.4706195], [73.8205085, 18.4703783], [73.8204257, 18.4701856], [73.8203713, 18.4700558], [73.8203074, 18.469906], [73.8202544, 18.4697727], [73.8201693, 18.4695527], [73.8200245, 18.4692544], [73.8199398, 18.4691084], [73.8198536, 18.4689717], [73.8198202, 18.4689187], [73.8197474, 18.4688065], [73.8196544, 18.4686793]]}}, {"type": "Feature", "id": 1358631048, "properties": {"id": 1358631048, "name": "Sinhagad Road Flyover", "highway": "primary", "ref": "", "oneway": "yes", "length_km": 1.591}, "geometry": {"type": "LineString", "coordinates": [[73.8203351, 18.4701504], [73.8203869, 18.4702044], [73.8207314, 18.4710206], [73.8208834, 18.4714192], [73.8210396, 18.4718051], [73.821255, 18.4723227], [73.821396, 18.4726903], [73.8215071, 18.4729885], [73.8216223, 18.4732558], [73.8219218, 18.4738201], [73.8219814, 18.4739551], [73.8222573, 18.4745411], [73.8224103, 18.4749025], [73.8225777, 18.4752766], [73.8228078, 18.4758425], [73.8229628, 18.4762224], [73.8231518, 18.4766714], [73.8233788, 18.4771263], [73.823538, 18.4774186], [73.8237388, 18.4777721], [73.8240377, 18.4783546], [73.8242626, 18.4788008], [73.8245194, 18.4793306], [73.8247124, 18.4796501], [73.824963, 18.4799803], [73.8254981, 18.4806778], [73.825873, 18.4811697], [73.8262797, 18.4816957], [73.8265878, 18.4821223], [73.8267973, 18.4823599], [73.8270353, 18.4826217], [73.8271025, 18.4827138], [73.8271602, 18.4828486]]}}, {"type": "Feature", "id": 1358970069, "properties": {"id": 1358970069, "name": "Koregaon Road", "highway": "primary", "ref": "", "oneway": "yes", "length_km": 0.008}, "geometry": {"type": "LineString", "coordinates": [[73.8855028, 18.5395027], [73.8855066, 18.539431]]}}, {"type": "Feature", "id": 1358999343, "properties": {"id": 1358999343, "name": "Paud Road", "highway": "primary", "ref": "SH60", "oneway": "yes", "length_km": 0.182}, "geometry": {"type": "LineString", "coordinates": [[73.7886172, 18.5079657], [73.7888325, 18.5080145], [73.7894643, 18.5082496], [73.7895722, 18.5082729], [73.7900174, 18.5083692], [73.7902787, 18.5084257]]}}, {"type": "Feature", "id": 1358999344, "properties": {"id": 1358999344, "name": "Raj Path", "highway": "primary_link", "ref": "", "oneway": "no", "length_km": 0.011}, "geometry": {"type": "LineString", "coordinates": [[73.7902958, 18.5083234], [73.7902787, 18.5084257]]}}, {"type": "Feature", "id": 1358999345, "properties": {"id": 1358999345, "name": "Unnamed Arterial", "highway": "trunk_link", "ref": "", "oneway": "yes", "length_km": 0.08}, "geometry": {"type": "LineString", "coordinates": [[73.7875506, 18.5072787], [73.786792, 18.5072162]]}}, {"type": "Feature", "id": 1358999346, "properties": {"id": 1358999346, "name": "Unnamed Arterial", "highway": "trunk_link", "ref": "", "oneway": "yes", "length_km": 0.062}, "geometry": {"type": "LineString", "coordinates": [[73.7881158, 18.5074227], [73.7877775, 18.5073146], [73.7876781, 18.5072943], [73.7875506, 18.5072787]]}}, {"type": "Feature", "id": 1358999347, "properties": {"id": 1358999347, "name": "Unnamed Arterial", "highway": "trunk_link", "ref": "", "oneway": "yes", "length_km": 0.068}, "geometry": {"type": "LineString", "coordinates": [[73.786792, 18.5072162], [73.7866378, 18.5072019], [73.7864298, 18.5071627], [73.7861538, 18.5071012]]}}, {"type": "Feature", "id": 1358999348, "properties": {"id": 1358999348, "name": "Service Rd", "highway": "primary_link", "ref": "", "oneway": "yes", "length_km": 0.308}, "geometry": {"type": "LineString", "coordinates": [[73.7803947, 18.5081344], [73.7805092, 18.5080772], [73.7807263, 18.5080282], [73.7820594, 18.5077417], [73.7821249, 18.5077297], [73.7822195, 18.5077126], [73.7824842, 18.5076593], [73.7832564, 18.5075397]]}}, {"type": "Feature", "id": 1358999349, "properties": {"id": 1358999349, "name": "Unnamed Arterial", "highway": "primary", "ref": "", "oneway": "yes", "length_km": 0.026}, "geometry": {"type": "LineString", "coordinates": [[73.7833867, 18.5076179], [73.7833013, 18.507836]]}}, {"type": "Feature", "id": 1359001977, "properties": {"id": 1359001977, "name": "Pune Nashik Road", "highway": "trunk", "ref": "NH60", "oneway": "yes", "length_km": 0.01}, "geometry": {"type": "LineString", "coordinates": [[73.8222099, 18.6073814], [73.8222349, 18.6074637]]}}, {"type": "Feature", "id": 1359001978, "properties": {"id": 1359001978, "name": "Unnamed Arterial", "highway": "trunk_link", "ref": "", "oneway": "yes", "length_km": 0.014}, "geometry": {"type": "LineString", "coordinates": [[73.8221057, 18.6074656], [73.8222099, 18.6073814]]}}, {"type": "Feature", "id": 1359011552, "properties": {"id": 1359011552, "name": "Unnamed Arterial", "highway": "trunk_link", "ref": "", "oneway": "no", "length_km": 0.011}, "geometry": {"type": "LineString", "coordinates": [[73.8847047, 18.5446409], [73.884804, 18.5446578]]}}, {"type": "Feature", "id": 1359304582, "properties": {"id": 1359304582, "name": "Unnamed Arterial", "highway": "trunk_link", "ref": "", "oneway": "no", "length_km": 0.01}, "geometry": {"type": "LineString", "coordinates": [[73.766231, 18.5675235], [73.7661373, 18.5674941]]}}, {"type": "Feature", "id": 1359548564, "properties": {"id": 1359548564, "name": "Unnamed Arterial", "highway": "trunk_link", "ref": "", "oneway": "no", "length_km": 0.014}, "geometry": {"type": "LineString", "coordinates": [[73.761438, 18.5812837], [73.7613156, 18.581238]]}}, {"type": "Feature", "id": 1359575198, "properties": {"id": 1359575198, "name": "Unnamed Arterial", "highway": "trunk_link", "ref": "", "oneway": "no", "length_km": 0.048}, "geometry": {"type": "LineString", "coordinates": [[73.8175743, 18.4651312], [73.817937, 18.4654017]]}}, {"type": "Feature", "id": 1359842559, "properties": {"id": 1359842559, "name": "Undri Pisoli Road", "highway": "trunk", "ref": "NH548DD", "oneway": "no", "length_km": 0.163}, "geometry": {"type": "LineString", "coordinates": [[73.8973085, 18.4510893], [73.8974222, 18.4510968], [73.8977011, 18.4511078], [73.8977161, 18.4511084], [73.8978877, 18.4511152], [73.8980099, 18.45112], [73.8981168, 18.4511242], [73.8983545, 18.4511033], [73.8985544, 18.4510675], [73.8988516, 18.4510143]]}}, {"type": "Feature", "id": 1359842560, "properties": {"id": 1359842560, "name": "Undri Pisoli Road", "highway": "trunk", "ref": "NH548DD", "oneway": "no", "length_km": 0.03}, "geometry": {"type": "LineString", "coordinates": [[73.8988516, 18.4510143], [73.8989458, 18.4509975], [73.8991327, 18.4509487]]}}, {"type": "Feature", "id": 1360541927, "properties": {"id": 1360541927, "name": "Unnamed Arterial", "highway": "trunk_link", "ref": "", "oneway": "yes", "length_km": 0.018}, "geometry": {"type": "LineString", "coordinates": [[73.9272165, 18.5025779], [73.9272257, 18.5025512], [73.927225, 18.5025191], [73.9272124, 18.5024827], [73.9271914, 18.5024583], [73.9271594, 18.5024421]]}}, {"type": "Feature", "id": 1360541928, "properties": {"id": 1360541928, "name": "Solapur Road", "highway": "trunk", "ref": "NH65", "oneway": "yes", "length_km": 0.012}, "geometry": {"type": "LineString", "coordinates": [[73.9274748, 18.5023204], [73.9273702, 18.5023598]]}}, {"type": "Feature", "id": 1360541932, "properties": {"id": 1360541932, "name": "Solapur Road", "highway": "trunk", "ref": "NH65", "oneway": "yes", "length_km": 0.351}, "geometry": {"type": "LineString", "coordinates": [[73.9276983, 18.5024451], [73.9288809, 18.5021106], [73.9295907, 18.5019154], [73.9300428, 18.5018432], [73.930484, 18.5017812], [73.9309417, 18.5017242]]}}, {"type": "Feature", "id": 1360541933, "properties": {"id": 1360541933, "name": "Solapur Road", "highway": "trunk", "ref": "NH65", "oneway": "yes", "length_km": 0.179}, "geometry": {"type": "LineString", "coordinates": [[73.9271594, 18.5024421], [73.9270444, 18.5024864], [73.9266639, 18.5025967], [73.9263928, 18.5026695], [73.9257331, 18.5028466], [73.925522, 18.5028333]]}}, {"type": "Feature", "id": 1360541934, "properties": {"id": 1360541934, "name": "Mundhwa Road", "highway": "trunk", "ref": "", "oneway": "yes", "length_km": 0.019}, "geometry": {"type": "LineString", "coordinates": [[73.9325378, 18.5200662], [73.9325597, 18.5198999]]}}, {"type": "Feature", "id": 1360541935, "properties": {"id": 1360541935, "name": "Mundhwa Road", "highway": "trunk", "ref": "", "oneway": "yes", "length_km": 0.433}, "geometry": {"type": "LineString", "coordinates": [[73.9324526, 18.5200611], [73.9324356, 18.5201899], [73.932424, 18.5202745], [73.9323901, 18.5204603], [73.9323804, 18.520491], [73.9323598, 18.5205558], [73.9323154, 18.5207116], [73.9322477, 18.5209167], [73.9322143, 18.5209838], [73.9320908, 18.5213282], [73.9320754, 18.5213908], [73.9320597, 18.5214544], [73.9320476, 18.5215606], [73.9320408, 18.5216945], [73.9320493, 18.5218781], [73.9320569, 18.5220003], [73.9320837, 18.5224277], [73.9320958, 18.5226213], [73.9321271, 18.5231224], [73.9321458, 18.523422], [73.9321575, 18.5235295], [73.9321641, 18.5235829], [73.9322034, 18.5238985]]}}, {"type": "Feature", "id": 1360541936, "properties": {"id": 1360541936, "name": "Mundhwa Road", "highway": "trunk", "ref": "", "oneway": "yes", "length_km": 0.124}, "geometry": {"type": "LineString", "coordinates": [[73.9325597, 18.5198999], [73.9326101, 18.5195156], [73.9326309, 18.5193576], [73.9326619, 18.5191334], [73.9327094, 18.5187897]]}}, {"type": "Feature", "id": 1360541937, "properties": {"id": 1360541937, "name": "Unnamed Arterial", "highway": "trunk_link", "ref": "", "oneway": "no", "length_km": 0.009}, "geometry": {"type": "LineString", "coordinates": [[73.9320754, 18.5213908], [73.9321588, 18.5214075]]}}, {"type": "Feature", "id": 1360541939, "properties": {"id": 1360541939, "name": "Mundhwa Road", "highway": "trunk", "ref": "", "oneway": "yes", "length_km": 0.143}, "geometry": {"type": "LineString", "coordinates": [[73.932623, 18.5187809], [73.9324526, 18.5200611]]}}, {"type": "Feature", "id": 1360541941, "properties": {"id": 1360541941, "name": "Mundhwa Road", "highway": "trunk", "ref": "", "oneway": "yes", "length_km": 0.01}, "geometry": {"type": "LineString", "coordinates": [[73.9329608, 18.5168448], [73.9329723, 18.5167543]]}}, {"type": "Feature", "id": 1361527691, "properties": {"id": 1361527691, "name": "Unnamed Arterial", "highway": "primary", "ref": "", "oneway": "no", "length_km": 0.014}, "geometry": {"type": "LineString", "coordinates": [[73.8256173, 18.5456719], [73.8257271, 18.5457442]]}}, {"type": "Feature", "id": 1361527692, "properties": {"id": 1361527692, "name": "University Road", "highway": "primary", "ref": "", "oneway": "yes", "length_km": 0.162}, "geometry": {"type": "LineString", "coordinates": [[73.8257271, 18.5457442], [73.8263681, 18.5448887], [73.8266054, 18.5445472]]}}, {"type": "Feature", "id": 1361527693, "properties": {"id": 1361527693, "name": "University Road", "highway": "primary", "ref": "", "oneway": "yes", "length_km": 0.133}, "geometry": {"type": "LineString", "coordinates": [[73.8266054, 18.5445472], [73.8266441, 18.5444984], [73.8271221, 18.5438958], [73.8273601, 18.5435829]]}}, {"type": "Feature", "id": 1363106533, "properties": {"id": 1363106533, "name": "NH548DD", "highway": "trunk", "ref": "NH548DD", "oneway": "yes", "length_km": 0.089}, "geometry": {"type": "LineString", "coordinates": [[73.9175581, 18.4506733], [73.9181518, 18.4507756], [73.918395, 18.4508175]]}}, {"type": "Feature", "id": 1364330140, "properties": {"id": 1364330140, "name": "Unnamed Arterial", "highway": "trunk_link", "ref": "", "oneway": "no", "length_km": 0.013}, "geometry": {"type": "LineString", "coordinates": [[73.8440641, 18.4525348], [73.8441013, 18.4526485]]}}, {"type": "Feature", "id": 1364332626, "properties": {"id": 1364332626, "name": "Katraj - Dehu Road Bypass", "highway": "trunk", "ref": "NH548DD", "oneway": "yes", "length_km": 0.013}, "geometry": {"type": "LineString", "coordinates": [[73.85797, 18.4485382], [73.8580548, 18.4484485]]}}, {"type": "Feature", "id": 1364332627, "properties": {"id": 1364332627, "name": "Unnamed Arterial", "highway": "trunk", "ref": "", "oneway": "yes", "length_km": 0.259}, "geometry": {"type": "LineString", "coordinates": [[73.8579041, 18.4482119], [73.8576833, 18.4482756], [73.8575297, 18.4483159], [73.8565698, 18.4486171], [73.8558575, 18.4488684], [73.855588, 18.4489942]]}}, {"type": "Feature", "id": 1364332628, "properties": {"id": 1364332628, "name": "Unnamed Arterial", "highway": "trunk", "ref": "", "oneway": "yes", "length_km": 0.012}, "geometry": {"type": "LineString", "coordinates": [[73.8580103, 18.4481835], [73.8579041, 18.4482119]]}}, {"type": "Feature", "id": 1364332629, "properties": {"id": 1364332629, "name": "Unnamed Arterial", "highway": "trunk", "ref": "", "oneway": "yes", "length_km": 0.398}, "geometry": {"type": "LineString", "coordinates": [[73.8541553, 18.4495794], [73.8543246, 18.4495926], [73.8543726, 18.4495854], [73.8548584, 18.4494445], [73.8554263, 18.4492851], [73.8560701, 18.4491038], [73.8567103, 18.4488978], [73.857434, 18.4486525], [73.857772, 18.4485415]]}}, {"type": "Feature", "id": 1364332631, "properties": {"id": 1364332631, "name": "Satara Road", "highway": "trunk", "ref": "NH60", "oneway": "yes", "length_km": 0.04}, "geometry": {"type": "LineString", "coordinates": [[73.85839, 18.4483162], [73.8583415, 18.4485002], [73.8582979, 18.4486656]]}}, {"type": "Feature", "id": 1364332632, "properties": {"id": 1364332632, "name": "Satara Road", "highway": "trunk", "ref": "NH60", "oneway": "yes", "length_km": 0.029}, "geometry": {"type": "LineString", "coordinates": [[73.8582979, 18.4486656], [73.8582596, 18.448853], [73.8582467, 18.4489186]]}}, {"type": "Feature", "id": 1368696849, "properties": {"id": 1368696849, "name": "Nagar Road", "highway": "trunk", "ref": "NH753F", "oneway": "yes", "length_km": 0.038}, "geometry": {"type": "LineString", "coordinates": [[73.9436163, 18.5648712], [73.9435352, 18.5647749], [73.9433805, 18.5646136]]}}, {"type": "Feature", "id": 1369564188, "properties": {"id": 1369564188, "name": "Sinhagad Road", "highway": "primary", "ref": "", "oneway": "yes", "length_km": 0.114}, "geometry": {"type": "LineString", "coordinates": [[73.8278633, 18.4845192], [73.8279864, 18.4850441], [73.8280858, 18.4855276]]}}, {"type": "Feature", "id": 1370840871, "properties": {"id": 1370840871, "name": "Bund Garden Road", "highway": "trunk", "ref": "NH753F", "oneway": "yes", "length_km": 0.007}, "geometry": {"type": "LineString", "coordinates": [[73.8795394, 18.5346918], [73.8795725, 18.5347432]]}}, {"type": "Feature", "id": 1370840872, "properties": {"id": 1370840872, "name": "Bund Garden Road", "highway": "trunk", "ref": "NH753F", "oneway": "yes", "length_km": 0.007}, "geometry": {"type": "LineString", "coordinates": [[73.8796807, 18.5347471], [73.8796412, 18.5346914]]}}, {"type": "Feature", "id": 1370840873, "properties": {"id": 1370840873, "name": "Bund Garden Road", "highway": "trunk", "ref": "NH753F", "oneway": "yes", "length_km": 0.867}, "geometry": {"type": "LineString", "coordinates": [[73.8796358, 18.5348315], [73.8797067, 18.5349275], [73.8798924, 18.5351876], [73.8801327, 18.535529], [73.8804387, 18.5360173], [73.8805048, 18.5361227], [73.8807189, 18.5364221], [73.8807737, 18.5365124], [73.8811905, 18.5371972], [73.8812424, 18.5372867], [73.8813002, 18.5373641], [73.8814863, 18.5376731], [73.8815387, 18.5377552], [73.8818161, 18.5381902], [73.8819895, 18.5384521], [73.882106, 18.5386071], [73.8822018, 18.5387584], [73.8829598, 18.5399351], [73.8835179, 18.5407544], [73.8835701, 18.540831], [73.8836615, 18.5409623], [73.8837449, 18.5410455], [73.8838292, 18.5410931], [73.8838902, 18.5411354], [73.8839275, 18.5411716], [73.8839696, 18.541221], [73.8840101, 18.5412711], [73.8840367, 18.5413126], [73.884068, 18.5413958]]}}, {"type": "Feature", "id": 1370840874, "properties": {"id": 1370840874, "name": "Bund Garden Road", "highway": "trunk", "ref": "NH753F", "oneway": "yes", "length_km": 0.013}, "geometry": {"type": "LineString", "coordinates": [[73.8794755, 18.5345946], [73.8795394, 18.5346918]]}}, {"type": "Feature", "id": 1371043590, "properties": {"id": 1371043590, "name": "Katraj - Dehu Road Bypass", "highway": "trunk", "ref": "NH548DD", "oneway": "yes", "length_km": 0.252}, "geometry": {"type": "LineString", "coordinates": [[73.8236545, 18.4594693], [73.8240157, 18.4596383], [73.8241005, 18.4596265], [73.824183, 18.4596014], [73.8245623, 18.4593644], [73.8247105, 18.4592719], [73.8247656, 18.4592402], [73.8252712, 18.4589494], [73.8254834, 18.4588223], [73.8256102, 18.4587606], [73.82574, 18.4586986]]}}, {"type": "Feature", "id": 1372284905, "properties": {"id": 1372284905, "name": "East Street", "highway": "primary", "ref": "", "oneway": "yes", "length_km": 0.324}, "geometry": {"type": "LineString", "coordinates": [[73.8798974, 18.5135454], [73.8799479, 18.5134302], [73.8799805, 18.5130092], [73.8800254, 18.5124282], [73.8800296, 18.5123723], [73.8801617, 18.5106818], [73.8801598, 18.5106396]]}}, {"type": "Feature", "id": 1372297921, "properties": {"id": 1372297921, "name": "Koregaon Road", "highway": "primary", "ref": "", "oneway": "yes", "length_km": 0.014}, "geometry": {"type": "LineString", "coordinates": [[73.8853769, 18.5395494], [73.8853833, 18.539421]]}}, {"type": "Feature", "id": 1372337263, "properties": {"id": 1372337263, "name": "Vishnushastri Chiplunkar Path", "highway": "primary", "ref": "", "oneway": "yes", "length_km": 0.144}, "geometry": {"type": "LineString", "coordinates": [[73.8303781, 18.5190107], [73.8303282, 18.5187987], [73.8303073, 18.5187099], [73.830255, 18.5185651], [73.8301985, 18.5183654], [73.830089, 18.5181491], [73.8300655, 18.5181031], [73.8299082, 18.5177954]]}}, {"type": "Feature", "id": 1372353664, "properties": {"id": 1372353664, "name": "Vishnushastri Chiplunkar Path", "highway": "primary", "ref": "", "oneway": "yes", "length_km": 0.011}, "geometry": {"type": "LineString", "coordinates": [[73.8303857, 18.5191108], [73.8303781, 18.5190107]]}}, {"type": "Feature", "id": 1373569796, "properties": {"id": 1373569796, "name": "Jagannath Shankarsheth Marg", "highway": "trunk", "ref": "NH65", "oneway": "yes", "length_km": 0.037}, "geometry": {"type": "LineString", "coordinates": [[73.87877, 18.5028385], [73.8787099, 18.5028148], [73.8785758, 18.502756], [73.8784427, 18.5027321]]}}, {"type": "Feature", "id": 1373569797, "properties": {"id": 1373569797, "name": "Kondhwa Marg", "highway": "primary", "ref": "", "oneway": "yes", "length_km": 0.03}, "geometry": {"type": "LineString", "coordinates": [[73.87877, 18.5028385], [73.8788398, 18.5025748]]}}, {"type": "Feature", "id": 1373581185, "properties": {"id": 1373581185, "name": "Jawaharlal Nehru Marg", "highway": "primary", "ref": "", "oneway": "yes", "length_km": 0.013}, "geometry": {"type": "LineString", "coordinates": [[73.8685799, 18.5153275], [73.8685767, 18.5154444]]}}, {"type": "Feature", "id": 1373585231, "properties": {"id": 1373585231, "name": "Bund Garden Road", "highway": "trunk", "ref": "NH753F", "oneway": "yes", "length_km": 0.036}, "geometry": {"type": "LineString", "coordinates": [[73.8839966, 18.5410514], [73.8842217, 18.5410952], [73.8843336, 18.5411177]]}}, {"type": "Feature", "id": 1375832287, "properties": {"id": 1375832287, "name": "Unnamed Arterial", "highway": "trunk_link", "ref": "", "oneway": "yes", "length_km": 0.025}, "geometry": {"type": "LineString", "coordinates": [[73.9031475, 18.5541943], [73.9030945, 18.5542301], [73.9030697, 18.5542698], [73.9030679, 18.5543117], [73.9030965, 18.5543851]]}}, {"type": "Feature", "id": 1377690387, "properties": {"id": 1377690387, "name": "Unnamed Arterial", "highway": "trunk_link", "ref": "", "oneway": "no", "length_km": 0.025}, "geometry": {"type": "LineString", "coordinates": [[73.9102898, 18.5579632], [73.9101831, 18.5581598]]}}, {"type": "Feature", "id": 1382730072, "properties": {"id": 1382730072, "name": "Sinhagad Road Flyover", "highway": "primary", "ref": "", "oneway": "yes", "length_km": 0.037}, "geometry": {"type": "LineString", "coordinates": [[73.8283159, 18.4859583], [73.8282459, 18.4858257], [73.8281854, 18.4856484]]}}, {"type": "Feature", "id": 1383746222, "properties": {"id": 1383746222, "name": "Unnamed Arterial", "highway": "trunk_link", "ref": "", "oneway": "yes", "length_km": 0.024}, "geometry": {"type": "LineString", "coordinates": [[73.9029391, 18.5543396], [73.9029935, 18.5542904], [73.9030106, 18.5542561], [73.9030106, 18.5542106], [73.9029908, 18.5541484]]}}, {"type": "Feature", "id": 1384505974, "properties": {"id": 1384505974, "name": "University Road", "highway": "primary", "ref": "", "oneway": "yes", "length_km": 0.222}, "geometry": {"type": "LineString", "coordinates": [[73.8269582, 18.5437768], [73.8268248, 18.5439832], [73.8264862, 18.5444682], [73.8264624, 18.5445064], [73.8257864, 18.5454369]]}}, {"type": "Feature", "id": 1384505975, "properties": {"id": 1384505975, "name": "University Road", "highway": "primary", "ref": "", "oneway": "yes", "length_km": 0.013}, "geometry": {"type": "LineString", "coordinates": [[73.8256173, 18.5456719], [73.825547, 18.5457679]]}}, {"type": "Feature", "id": 1384505976, "properties": {"id": 1384505976, "name": "University Road", "highway": "primary", "ref": "", "oneway": "yes", "length_km": 0.032}, "geometry": {"type": "LineString", "coordinates": [[73.8257864, 18.5454369], [73.8256173, 18.5456719]]}}, {"type": "Feature", "id": 1385293491, "properties": {"id": 1385293491, "name": "Unnamed Arterial", "highway": "trunk", "ref": "", "oneway": "yes", "length_km": 0.02}, "geometry": {"type": "LineString", "coordinates": [[73.855216, 18.5301999], [73.8550247, 18.5302132]]}}, {"type": "Feature", "id": 1386921856, "properties": {"id": 1386921856, "name": "Unnamed Arterial", "highway": "trunk_link", "ref": "", "oneway": "yes", "length_km": 0.014}, "geometry": {"type": "LineString", "coordinates": [[73.8190117, 18.6106799], [73.8189112, 18.6105969]]}}, {"type": "Feature", "id": 1392076020, "properties": {"id": 1392076020, "name": "Vishnushastri Chiplunkar Path", "highway": "primary", "ref": "", "oneway": "yes", "length_km": 0.011}, "geometry": {"type": "LineString", "coordinates": [[73.8303029, 18.5190212], [73.8303101, 18.5191167]]}}, {"type": "Feature", "id": 1392079682, "properties": {"id": 1392079682, "name": "Jawaharlal Nehru Marg", "highway": "primary", "ref": "", "oneway": "yes", "length_km": 0.019}, "geometry": {"type": "LineString", "coordinates": [[73.8685767, 18.5154444], [73.8685698, 18.5156139]]}}, {"type": "Feature", "id": 1392930626, "properties": {"id": 1392930626, "name": "Paud Road", "highway": "primary", "ref": "", "oneway": "yes", "length_km": 0.126}, "geometry": {"type": "LineString", "coordinates": [[73.7848609, 18.5058964], [73.7847678, 18.5059921], [73.7840906, 18.5067648]]}}, {"type": "Feature", "id": 1393116863, "properties": {"id": 1393116863, "name": "Unnamed Arterial", "highway": "trunk", "ref": "", "oneway": "yes", "length_km": 0.031}, "geometry": {"type": "LineString", "coordinates": [[73.857772, 18.4485415], [73.8580548, 18.4484485]]}}, {"type": "Feature", "id": 1393116864, "properties": {"id": 1393116864, "name": "Katraj - Dehu Road Bypass", "highway": "trunk", "ref": "NH548DD", "oneway": "yes", "length_km": 0.038}, "geometry": {"type": "LineString", "coordinates": [[73.8580548, 18.4484485], [73.8580852, 18.4484386], [73.85839, 18.4483162]]}}, {"type": "Feature", "id": 1393116865, "properties": {"id": 1393116865, "name": "Katraj - Dehu Road Bypass", "highway": "trunk", "ref": "NH548DD", "oneway": "yes", "length_km": 0.243}, "geometry": {"type": "LineString", "coordinates": [[73.8519353, 18.4502026], [73.8520196, 18.4501788], [73.8524755, 18.4500475], [73.852494, 18.4500421], [73.8535861, 18.4497383], [73.8537758, 18.4496872], [73.8541553, 18.4495794]]}}, {"type": "Feature", "id": 1393348474, "properties": {"id": 1393348474, "name": "Kondhwa Main Road", "highway": "primary", "ref": "", "oneway": "yes", "length_km": 0.477}, "geometry": {"type": "LineString", "coordinates": [[73.8909523, 18.4527401], [73.8907329, 18.4535261], [73.8906594, 18.4538949], [73.8906227, 18.4545506], [73.8906374, 18.4548742], [73.8907337, 18.457002]]}}, {"type": "Feature", "id": 1394495476, "properties": {"id": 1394495476, "name": "Unnamed Arterial", "highway": "trunk_link", "ref": "", "oneway": "yes", "length_km": 0.056}, "geometry": {"type": "LineString", "coordinates": [[73.8225079, 18.6072114], [73.8223851, 18.6071645], [73.8223102, 18.6071496], [73.8222511, 18.6071457], [73.822149, 18.6071298], [73.822112, 18.6071484], [73.822003, 18.6072031]]}}, {"type": "Feature", "id": 1396291206, "properties": {"id": 1396291206, "name": "Unnamed Arterial", "highway": "trunk_link", "ref": "", "oneway": "no", "length_km": 0.026}, "geometry": {"type": "LineString", "coordinates": [[73.9305157, 18.5631787], [73.9305214, 18.5630517], [73.9305288, 18.5629449]]}}, {"type": "Feature", "id": 1415086524, "properties": {"id": 1415086524, "name": "Unnamed Arterial", "highway": "primary_link", "ref": "", "oneway": "no", "length_km": 0.009}, "geometry": {"type": "LineString", "coordinates": [[73.8001499, 18.5548914], [73.8001856, 18.5549649]]}}, {"type": "Feature", "id": 1415117751, "properties": {"id": 1415117751, "name": "Unnamed Arterial", "highway": "trunk_link", "ref": "", "oneway": "yes", "length_km": 0.088}, "geometry": {"type": "LineString", "coordinates": [[73.9386924, 18.5002325], [73.9385998, 18.5002311], [73.9384791, 18.5003379], [73.9382506, 18.500576], [73.9380968, 18.5007499]]}}, {"type": "Feature", "id": 1415201007, "properties": {"id": 1415201007, "name": "Gopal Hari Deshmukh Marg", "highway": "primary", "ref": "", "oneway": "yes", "length_km": 0.387}, "geometry": {"type": "LineString", "coordinates": [[73.8129442, 18.5487062], [73.8129279, 18.5487139], [73.8125372, 18.5488675], [73.8117152, 18.549173], [73.8112717, 18.5493569], [73.8108667, 18.5495267], [73.80965, 18.5499494], [73.8095225, 18.5499886]]}}, {"type": "Feature", "id": 1416669084, "properties": {"id": 1416669084, "name": "Unnamed Arterial", "highway": "primary_link", "ref": "", "oneway": "no", "length_km": 0.01}, "geometry": {"type": "LineString", "coordinates": [[73.8911896, 18.4820208], [73.8912864, 18.4820145]]}}, {"type": "Feature", "id": 1420680232, "properties": {"id": 1420680232, "name": "Mundhwa Road", "highway": "trunk", "ref": "", "oneway": "yes", "length_km": 0.231}, "geometry": {"type": "LineString", "coordinates": [[73.9325228, 18.5147136], [73.9328605, 18.5159085], [73.9328865, 18.5160318], [73.9329028, 18.5161587], [73.932911, 18.5162623], [73.9329142, 18.5164148], [73.9329093, 18.5165558], [73.932887, 18.5167499]]}}, {"type": "Feature", "id": 1421947115, "properties": {"id": 1421947115, "name": "Unnamed Arterial", "highway": "trunk_link", "ref": "", "oneway": "no", "length_km": 0.02}, "geometry": {"type": "LineString", "coordinates": [[73.9483047, 18.5677899], [73.9484071, 18.5676377]]}}, {"type": "Feature", "id": 1423901090, "properties": {"id": 1423901090, "name": "Nagar Road", "highway": "trunk", "ref": "NH753F", "oneway": "yes", "length_km": 0.142}, "geometry": {"type": "LineString", "coordinates": [[73.9266552, 18.5626574], [73.9265459, 18.5626499], [73.9260639, 18.5626169], [73.9253084, 18.5625664]]}}, {"type": "Feature", "id": 1423901091, "properties": {"id": 1423901091, "name": "Unnamed Arterial", "highway": "trunk_link", "ref": "", "oneway": "no", "length_km": 0.023}, "geometry": {"type": "LineString", "coordinates": [[73.9252901, 18.562775], [73.9253032, 18.562666], [73.9253084, 18.5625664]]}}, {"type": "Feature", "id": 1424136787, "properties": {"id": 1424136787, "name": "Katraj-Kondhwa Road", "highway": "trunk", "ref": "NH548DD", "oneway": "yes", "length_km": 0.458}, "geometry": {"type": "LineString", "coordinates": [[73.8715024, 18.4496439], [73.8717905, 18.4496752], [73.8719935, 18.4496755], [73.8720669, 18.4496766], [73.8724325, 18.4496561], [73.8725281, 18.4496507], [73.8730335, 18.4496217], [73.8733671, 18.4496098], [73.8735319, 18.4496141], [73.8737119, 18.449626], [73.8738134, 18.4496317], [73.8739168, 18.4496516], [73.8739975, 18.4496672], [73.874112, 18.4496883], [73.874297, 18.4497283], [73.8745265, 18.4497579], [73.8756007, 18.4499477], [73.8758083, 18.4500246]]}}, {"type": "Feature", "id": 1424136789, "properties": {"id": 1424136789, "name": "Katraj Kondhwa Road", "highway": "trunk", "ref": "NH548DD", "oneway": "yes", "length_km": 0.161}, "geometry": {"type": "LineString", "coordinates": [[73.8730446, 18.4495763], [73.8726664, 18.4495922], [73.8724411, 18.449603], [73.8722379, 18.4496138], [73.8719099, 18.4496272], [73.8715127, 18.4495919]]}}, {"type": "Feature", "id": 1424918213, "properties": {"id": 1424918213, "name": "Jawaharlal Nehru Marg", "highway": "primary", "ref": "", "oneway": "yes", "length_km": 0.762}, "geometry": {"type": "LineString", "coordinates": [[73.8686636, 18.5152428], [73.8686769, 18.5147466], [73.8686801, 18.5146376], [73.8686808, 18.5146157], [73.8686998, 18.5139759], [73.8687011, 18.5139267], [73.8687152, 18.5136475], [73.8687249, 18.5133737], [73.8687635, 18.513044], [73.8687651, 18.5129836], [73.8687946, 18.5126603], [73.8687928, 18.5124826], [73.8687678, 18.5119538], [73.868757, 18.5117254], [73.8687465, 18.5116044], [73.8687045, 18.5114741], [73.8686137, 18.5112652], [73.8684938, 18.5109895], [73.8684586, 18.510875], [73.8683918, 18.510645], [73.868367, 18.5104763], [73.8682831, 18.5100636], [73.8682468, 18.5097435], [73.8682468, 18.5096677], [73.8682468, 18.5095811], [73.8682643, 18.509246], [73.8682769, 18.5088878], [73.8682921, 18.508456]]}}, {"type": "Feature", "id": 1424925911, "properties": {"id": 1424925911, "name": "Sinhagad Road Exit", "highway": "trunk_link", "ref": "", "oneway": "yes", "length_km": 0.099}, "geometry": {"type": "LineString", "coordinates": [[73.827087, 18.4549846], [73.8269869, 18.4550517], [73.8268923, 18.4551481], [73.8267427, 18.4553106], [73.8265506, 18.4555441], [73.826452, 18.4556372]]}}, {"type": "Feature", "id": 1424925912, "properties": {"id": 1424925912, "name": "Unnamed Arterial", "highway": "trunk_link", "ref": "", "oneway": "yes", "length_km": 0.045}, "geometry": {"type": "LineString", "coordinates": [[73.8239334, 18.4597742], [73.8235576, 18.4595846]]}}, {"type": "Feature", "id": 1425767912, "properties": {"id": 1425767912, "name": "Unnamed Arterial", "highway": "primary", "ref": "", "oneway": "yes", "length_km": 1.206}, "geometry": {"type": "LineString", "coordinates": [[73.8269384, 18.5440403], [73.8272834, 18.5435815], [73.8275996, 18.5431424], [73.82772, 18.5430026], [73.8278431, 18.5429012], [73.8280352, 18.5427656], [73.8283609, 18.5425392], [73.8286329, 18.5423464], [73.8288407, 18.5422023], [73.829249, 18.5419202], [73.829376, 18.5418336], [73.8308062, 18.540859], [73.8322809, 18.5398873], [73.8329702, 18.5394147], [73.833302, 18.5391749], [73.8336468, 18.5389067], [73.834122, 18.5385407], [73.8353631, 18.5375649], [73.8357933, 18.5372174]]}}, {"type": "Feature", "id": 1425767913, "properties": {"id": 1425767913, "name": "Unnamed Arterial", "highway": "primary", "ref": "", "oneway": "yes", "length_km": 0.06}, "geometry": {"type": "LineString", "coordinates": [[73.8266441, 18.5444984], [73.8267174, 18.5443343], [73.8269384, 18.5440403]]}}, {"type": "Feature", "id": 1425767914, "properties": {"id": 1425767914, "name": "Unnamed Arterial", "highway": "primary", "ref": "", "oneway": "yes", "length_km": 0.019}, "geometry": {"type": "LineString", "coordinates": [[73.8357933, 18.5372174], [73.8359345, 18.5371085]]}}, {"type": "Feature", "id": 1426555672, "properties": {"id": 1426555672, "name": "Sinhagad Road", "highway": "primary", "ref": "", "oneway": "yes", "length_km": 0.143}, "geometry": {"type": "LineString", "coordinates": [[73.8274296, 18.4832941], [73.8274928, 18.4834567], [73.8278438, 18.4844502], [73.8278633, 18.4845192]]}}, {"type": "Feature", "id": 1426555674, "properties": {"id": 1426555674, "name": "Sinhagad Road", "highway": "primary", "ref": "", "oneway": "yes", "length_km": 0.022}, "geometry": {"type": "LineString", "coordinates": [[73.8275949, 18.4832583], [73.8275053, 18.483081]]}}, {"type": "Feature", "id": 1426555676, "properties": {"id": 1426555676, "name": "Sinhagad Road", "highway": "primary", "ref": "", "oneway": "yes", "length_km": 0.631}, "geometry": {"type": "LineString", "coordinates": [[73.8275053, 18.483081], [73.827452, 18.4829744], [73.8272605, 18.4827017], [73.8270693, 18.4824896], [73.8268748, 18.4822993], [73.8267551, 18.4821749], [73.8266027, 18.4819815], [73.8262127, 18.4814395], [73.826069, 18.4812444], [73.8258925, 18.4809809], [73.8256697, 18.4806856], [73.8254068, 18.4803335], [73.8251696, 18.4800327], [73.8250135, 18.4798314], [73.8249338, 18.4797287], [73.8248252, 18.4795686], [73.8246404, 18.4792811], [73.8244073, 18.4788422], [73.8241848, 18.4783668]]}}, {"type": "Feature", "id": 1432764426, "properties": {"id": 1432764426, "name": "Wakad - Bhosari BRTS Road | Pimple Saudagar Road | Wakad - Nashik Phata BRTS Road", "highway": "primary", "ref": "", "oneway": "yes", "length_km": 0.139}, "geometry": {"type": "LineString", "coordinates": [[73.809414, 18.5993328], [73.8092149, 18.5993159], [73.8090304, 18.5992927], [73.8089435, 18.5992739], [73.8086178, 18.5992153], [73.8081151, 18.5991211]]}}, {"type": "Feature", "id": 1432764427, "properties": {"id": 1432764427, "name": "Wakad - Nashik Phata BRTS Road | Wakad - Bhosari BRTS Road | Nashik Phata Road", "highway": "primary", "ref": "", "oneway": "yes", "length_km": 0.219}, "geometry": {"type": "LineString", "coordinates": [[73.8021947, 18.5977139], [73.8023206, 18.5976958], [73.8023778, 18.5976847], [73.8024865, 18.5976688], [73.8030542, 18.5975717], [73.8035463, 18.5975096], [73.8038296, 18.5974736], [73.8039537, 18.5974677], [73.8042619, 18.5974551]]}}, {"type": "Feature", "id": 1432779179, "properties": {"id": 1432779179, "name": "Katraj - Dehu Road Bypass", "highway": "trunk", "ref": "NH48", "oneway": "yes", "length_km": 0.015}, "geometry": {"type": "LineString", "coordinates": [[73.7732202, 18.5485284], [73.7732456, 18.5484573], [73.7732659, 18.5484003]]}}, {"type": "Feature", "id": 1432779180, "properties": {"id": 1432779180, "name": "Unnamed Arterial", "highway": "trunk_link", "ref": "", "oneway": "no", "length_km": 0.013}, "geometry": {"type": "LineString", "coordinates": [[73.7732456, 18.5484573], [73.7733677, 18.5484936]]}}, {"type": "Feature", "id": 1433975131, "properties": {"id": 1433975131, "name": "SH59", "highway": "primary", "ref": "SH59", "oneway": "yes", "length_km": 0.02}, "geometry": {"type": "LineString", "coordinates": [[73.8045879, 18.4802843], [73.8047798, 18.4802827]]}}, {"type": "Feature", "id": 1433975132, "properties": {"id": 1433975132, "name": "SH59", "highway": "primary", "ref": "SH59", "oneway": "yes", "length_km": 0.011}, "geometry": {"type": "LineString", "coordinates": [[73.804779, 18.4801929], [73.804671, 18.4801938]]}}, {"type": "Feature", "id": 1433975133, "properties": {"id": 1433975133, "name": "NDA Road", "highway": "primary", "ref": "SH59", "oneway": "no", "length_km": 0.818}, "geometry": {"type": "LineString", "coordinates": [[73.7620273, 18.4482984], [73.7626818, 18.4489688], [73.7629755, 18.44925], [73.7633054, 18.4496303], [73.7633805, 18.4497347], [73.7636974, 18.4501299], [73.7639219, 18.4503188], [73.7641421, 18.4504014], [73.7647024, 18.4505707], [73.7647399, 18.450582], [73.764831, 18.4506246], [73.7649001, 18.4506633], [73.7653779, 18.4510744], [73.7654776, 18.4511756], [73.7666568, 18.4522217], [73.7667453, 18.4523235], [73.7667963, 18.4524202], [73.7668365, 18.4525703], [73.7668745, 18.4528835], [73.7668557, 18.4529872], [73.766789, 18.4533541], [73.7667516, 18.4535603]]}}, {"type": "Feature", "id": 1434364812, "properties": {"id": 1434364812, "name": "Katraj - Dehu Road Bypass", "highway": "trunk", "ref": "NH48", "oneway": "yes", "length_km": 0.104}, "geometry": {"type": "LineString", "coordinates": [[73.8064456, 18.4778471], [73.805801, 18.4785577]]}}, {"type": "Feature", "id": 1434364813, "properties": {"id": 1434364813, "name": "Katraj - Dehu Road Bypass", "highway": "trunk", "ref": "NH48", "oneway": "yes", "length_km": 0.033}, "geometry": {"type": "LineString", "coordinates": [[73.8071562, 18.4770516], [73.8069483, 18.4772788]]}}, {"type": "Feature", "id": 1434364816, "properties": {"id": 1434364816, "name": "Katraj - Dehu Road Bypass", "highway": "trunk", "ref": "NH48", "oneway": "yes", "length_km": 0.104}, "geometry": {"type": "LineString", "coordinates": [[73.8058933, 18.4786297], [73.80654, 18.4779148]]}}, {"type": "Feature", "id": 1434364817, "properties": {"id": 1434364817, "name": "Katraj - Dehu Road Bypass", "highway": "trunk", "ref": "NH48", "oneway": "yes", "length_km": 0.039}, "geometry": {"type": "LineString", "coordinates": [[73.8070624, 18.4773336], [73.807305, 18.4770673]]}}, {"type": "Feature", "id": 1434364818, "properties": {"id": 1434364818, "name": "Unnamed Arterial", "highway": "trunk_link", "ref": "", "oneway": "no", "length_km": 0.012}, "geometry": {"type": "LineString", "coordinates": [[73.8069093, 18.4775033], [73.8069835, 18.4775859]]}}, {"type": "Feature", "id": 1447120047, "properties": {"id": 1447120047, "name": "Sinhagad Road", "highway": "primary", "ref": "", "oneway": "yes", "length_km": 0.047}, "geometry": {"type": "LineString", "coordinates": [[73.827212, 18.4829272], [73.8273123, 18.4830907], [73.8274296, 18.4832941]]}}, {"type": "Feature", "id": 1449578517, "properties": {"id": 1449578517, "name": "Sinhagad Road", "highway": "primary", "ref": "", "oneway": "yes", "length_km": 0.127}, "geometry": {"type": "LineString", "coordinates": [[73.8079944, 18.4581456], [73.8080289, 18.4581526], [73.8082186, 18.4582052], [73.8083941, 18.4582648], [73.8085219, 18.4583258], [73.808692, 18.4584159], [73.8087446, 18.4584515], [73.8089897, 18.4586171], [73.8090567, 18.4586717]]}}, {"type": "Feature", "id": 1451287858, "properties": {"id": 1451287858, "name": "Dhayari Phata Over Bridge", "highway": "primary", "ref": "", "oneway": "yes", "length_km": 0.156}, "geometry": {"type": "LineString", "coordinates": [[73.8103131, 18.4596657], [73.8104853, 18.4597123], [73.8108535, 18.4598117], [73.8111832, 18.4599081], [73.8112987, 18.4599446], [73.8114312, 18.4600089], [73.8115498, 18.4600805], [73.8116656, 18.4601895]]}}, {"type": "Feature", "id": 1451287859, "properties": {"id": 1451287859, "name": "Sinhagad Road", "highway": "primary", "ref": "", "oneway": "yes", "length_km": 0.092}, "geometry": {"type": "LineString", "coordinates": [[73.8096564, 18.4591956], [73.8094075, 18.4588646], [73.8092992, 18.4587468], [73.8092132, 18.4586684], [73.809084, 18.458571]]}}, {"type": "Feature", "id": 1451314329, "properties": {"id": 1451314329, "name": "Mulshi Road", "highway": "primary", "ref": "", "oneway": "yes", "length_km": 0.17}, "geometry": {"type": "LineString", "coordinates": [[73.7787907, 18.5074674], [73.7780837, 18.5073021], [73.7776392, 18.507177], [73.7772341, 18.507048]]}}, {"type": "Feature", "id": 1451314330, "properties": {"id": 1451314330, "name": "Mulshi Road", "highway": "primary", "ref": "", "oneway": "yes", "length_km": 0.026}, "geometry": {"type": "LineString", "coordinates": [[73.7830869, 18.507201], [73.7829007, 18.5070461]]}}, {"type": "Feature", "id": 1451326787, "properties": {"id": 1451326787, "name": "Dharmveer Chhatrapati Shambhaji Maharaj Flyover", "highway": "primary", "ref": "", "oneway": "yes", "length_km": 0.009}, "geometry": {"type": "LineString", "coordinates": [[73.8903285, 18.5551753], [73.8903056, 18.5551017]]}}, {"type": "Feature", "id": 1451326788, "properties": {"id": 1451326788, "name": "Dharmveer Chhatrapati Shambhaji Maharaj Flyover", "highway": "primary", "ref": "", "oneway": "yes", "length_km": 0.009}, "geometry": {"type": "LineString", "coordinates": [[73.8902554, 18.5551061], [73.8902773, 18.5551826]]}}, {"type": "Feature", "id": 1451329258, "properties": {"id": 1451329258, "name": "Dange Chowk Underpass", "highway": "primary", "ref": "", "oneway": "yes", "length_km": 0.034}, "geometry": {"type": "LineString", "coordinates": [[73.7629533, 18.6131662], [73.7630447, 18.6131848], [73.7632072, 18.6133446]]}}, {"type": "Feature", "id": 1451329259, "properties": {"id": 1451329259, "name": "Dange Chowk Underpass", "highway": "primary", "ref": "", "oneway": "yes", "length_km": 0.036}, "geometry": {"type": "LineString", "coordinates": [[73.7632414, 18.6133193], [73.7630649, 18.6131534], [73.7630641, 18.6130658]]}}, {"type": "Feature", "id": 1451329260, "properties": {"id": 1451329260, "name": "Dange Chowk Underpass", "highway": "primary", "ref": "", "oneway": "yes", "length_km": 0.042}, "geometry": {"type": "LineString", "coordinates": [[73.7667129, 18.6167469], [73.7669823, 18.6170255]]}}, {"type": "Feature", "id": 1451329261, "properties": {"id": 1451329261, "name": "Dange Chowk Underpass", "highway": "primary", "ref": "", "oneway": "yes", "length_km": 0.012}, "geometry": {"type": "LineString", "coordinates": [[73.7668599, 18.6167867], [73.7667816, 18.6167117]]}}, {"type": "Feature", "id": 1453268489, "properties": {"id": 1453268489, "name": "Castellino Marg", "highway": "trunk", "ref": "NH65", "oneway": "yes", "length_km": 0.021}, "geometry": {"type": "LineString", "coordinates": [[73.8787293, 18.5028836], [73.878698, 18.5030725]]}}, {"type": "Feature", "id": 1453268490, "properties": {"id": 1453268490, "name": "Castellino Marg", "highway": "trunk", "ref": "NH65", "oneway": "yes", "length_km": 0.007}, "geometry": {"type": "LineString", "coordinates": [[73.87877, 18.5028385], [73.8787293, 18.5028836]]}}, {"type": "Feature", "id": 1453268491, "properties": {"id": 1453268491, "name": "Jagannath Shankarsheth Marg", "highway": "trunk", "ref": "NH65", "oneway": "yes", "length_km": 0.051}, "geometry": {"type": "LineString", "coordinates": [[73.8784427, 18.5027321], [73.878483, 18.5027588], [73.8785578, 18.5027884], [73.878594, 18.5028062], [73.8786376, 18.5028348], [73.8786564, 18.502859], [73.8786779, 18.5028959], [73.8786872, 18.5029607], [73.878698, 18.5030725]]}}, {"type": "Feature", "id": 1453268492, "properties": {"id": 1453268492, "name": "Castellino Marg", "highway": "trunk", "ref": "NH65", "oneway": "yes", "length_km": 0.008}, "geometry": {"type": "LineString", "coordinates": [[73.8787099, 18.5028148], [73.8787293, 18.5028836]]}}, {"type": "Feature", "id": 1453283145, "properties": {"id": 1453283145, "name": "Solapur Road", "highway": "trunk", "ref": "NH65", "oneway": "no", "length_km": 0.008}, "geometry": {"type": "LineString", "coordinates": [[73.8843062, 18.506508], [73.8842332, 18.5064859]]}}, {"type": "Feature", "id": 1453284598, "properties": {"id": 1453284598, "name": "Vishnushastri Chiplunkar Path", "highway": "primary", "ref": "", "oneway": "yes", "length_km": 0.018}, "geometry": {"type": "LineString", "coordinates": [[73.8288222, 18.5152551], [73.8288247, 18.5154149]]}}, {"type": "Feature", "id": 1455112819, "properties": {"id": 1455112819, "name": "Kharadi Bypass", "highway": "trunk", "ref": "", "oneway": "yes", "length_km": 0.011}, "geometry": {"type": "LineString", "coordinates": [[73.9385159, 18.5621148], [73.9385178, 18.562151], [73.9385213, 18.5622152]]}}, {"type": "Feature", "id": 1455112821, "properties": {"id": 1455112821, "name": "Unnamed Arterial", "highway": "trunk_link", "ref": "", "oneway": "yes", "length_km": 0.031}, "geometry": {"type": "LineString", "coordinates": [[73.9433673, 18.5646979], [73.9434269, 18.5647676], [73.9435346, 18.5649237]]}}, {"type": "Feature", "id": 1455112822, "properties": {"id": 1455112822, "name": "Unnamed Arterial", "highway": "trunk_link", "ref": "", "oneway": "yes", "length_km": 0.011}, "geometry": {"type": "LineString", "coordinates": [[73.9432973, 18.5646272], [73.9433673, 18.5646979]]}}, {"type": "Feature", "id": 1456826510, "properties": {"id": 1456826510, "name": "Ganeshkhind Road", "highway": "primary", "ref": "", "oneway": "yes", "length_km": 0.049}, "geometry": {"type": "LineString", "coordinates": [[73.8288716, 18.5422463], [73.8292601, 18.541999]]}}, {"type": "Feature", "id": 1456826511, "properties": {"id": 1456826511, "name": "Unnamed Arterial", "highway": "primary", "ref": "", "oneway": "yes", "length_km": 0.066}, "geometry": {"type": "LineString", "coordinates": [[73.8286575, 18.5421614], [73.8287546, 18.5421352], [73.8292601, 18.541999]]}}, {"type": "Feature", "id": 1456828488, "properties": {"id": 1456828488, "name": "Unnamed Arterial", "highway": "primary_link", "ref": "", "oneway": "no", "length_km": 0.009}, "geometry": {"type": "LineString", "coordinates": [[73.7787193, 18.5642271], [73.7787233, 18.5641463]]}}, {"type": "Feature", "id": 1456877361, "properties": {"id": 1456877361, "name": "National Games Marg", "highway": "primary", "ref": "", "oneway": "no", "length_km": 0.289}, "geometry": {"type": "LineString", "coordinates": [[73.8998957, 18.5728971], [73.8998933, 18.5729778], [73.8998852, 18.5730705], [73.8998689, 18.5731586], [73.8997874, 18.5735108], [73.8997548, 18.5736699], [73.8997075, 18.5739109], [73.8996603, 18.5740948], [73.8996179, 18.5742647], [73.89955, 18.5745625], [73.8993488, 18.5754458]]}}, {"type": "Feature", "id": 1456877362, "properties": {"id": 1456877362, "name": "National Games Marg", "highway": "primary", "ref": "", "oneway": "no", "length_km": 0.03}, "geometry": {"type": "LineString", "coordinates": [[73.8998578, 18.5726289], [73.8998886, 18.572717], [73.8998986, 18.5727924], [73.8998957, 18.5728971]]}}, {"type": "Feature", "id": 1458035434, "properties": {"id": 1458035434, "name": "Unnamed Arterial", "highway": "primary_link", "ref": "", "oneway": "no", "length_km": 0.009}, "geometry": {"type": "LineString", "coordinates": [[73.8012246, 18.5545829], [73.8012019, 18.5545031]]}}, {"type": "Feature", "id": 1459516077, "properties": {"id": 1459516077, "name": "Unnamed Arterial", "highway": "trunk_link", "ref": "", "oneway": "yes", "length_km": 0.022}, "geometry": {"type": "LineString", "coordinates": [[73.914905, 18.5599134], [73.9149758, 18.5597274]]}}, {"type": "Feature", "id": 1464087872, "properties": {"id": 1464087872, "name": "Karve Road", "highway": "primary", "ref": "SH60", "oneway": "yes", "length_km": 0.038}, "geometry": {"type": "LineString", "coordinates": [[73.8312011, 18.5085154], [73.8309827, 18.5084029], [73.8308827, 18.5083514]]}}, {"type": "Feature", "id": 1464087877, "properties": {"id": 1464087877, "name": "Lalbahadur Shashtri Marg", "highway": "primary", "ref": "", "oneway": "yes", "length_km": 0.214}, "geometry": {"type": "LineString", "coordinates": [[73.8452509, 18.5032546], [73.8452428, 18.5033095], [73.8452338, 18.5033874], [73.8452119, 18.5035777], [73.8451901, 18.5037253], [73.8451494, 18.5040014], [73.8451068, 18.5041942], [73.8450704, 18.5043275], [73.8450351, 18.5044571], [73.845014, 18.5045181], [73.8449505, 18.5047011], [73.8448864, 18.5048859], [73.8448467, 18.5050003], [73.8448023, 18.5051285]]}}, {"type": "Feature", "id": 1464087878, "properties": {"id": 1464087878, "name": "Barrister Nath Pai Chowk", "highway": "primary", "ref": "", "oneway": "no", "length_km": 0.053}, "geometry": {"type": "LineString", "coordinates": [[73.8452509, 18.5032546], [73.8452845, 18.5032758], [73.8453189, 18.503285], [73.8453615, 18.5032846], [73.8453945, 18.5032719], [73.8454215, 18.5032527], [73.8454427, 18.5032226], [73.8454533, 18.5031787], [73.8454562, 18.5029566]]}}, {"type": "Feature", "id": 1464087879, "properties": {"id": 1464087879, "name": "Chimaji Appa Peshwe Path", "highway": "trunk", "ref": "NH60;NH65", "oneway": "yes", "length_km": 0.029}, "geometry": {"type": "LineString", "coordinates": [[73.853689, 18.5037682], [73.8536268, 18.503882], [73.8536161, 18.504011]]}}, {"type": "Feature", "id": 1464087880, "properties": {"id": 1464087880, "name": "Balaji Vishwanath Path", "highway": "trunk", "ref": "NH60;NH65", "oneway": "yes", "length_km": 0.023}, "geometry": {"type": "LineString", "coordinates": [[73.8540138, 18.5014897], [73.8539688, 18.5016894]]}}, {"type": "Feature", "id": 1464087881, "properties": {"id": 1464087881, "name": "Balaji Vishwanath Path", "highway": "trunk", "ref": "NH60;NH65", "oneway": "yes", "length_km": 0.015}, "geometry": {"type": "LineString", "coordinates": [[73.8542032, 18.5014493], [73.8541318, 18.5014586], [73.8540604, 18.5014512]]}}, {"type": "Feature", "id": 1464087882, "properties": {"id": 1464087882, "name": "Unnamed Arterial", "highway": "trunk_link", "ref": "", "oneway": "yes", "length_km": 0.036}, "geometry": {"type": "LineString", "coordinates": [[73.8542032, 18.5014493], [73.8540895, 18.5015552], [73.8539688, 18.5016894]]}}, {"type": "Feature", "id": 1464087883, "properties": {"id": 1464087883, "name": "Jagannath Shankarsheth Marg", "highway": "trunk", "ref": "NH65", "oneway": "yes", "length_km": 0.089}, "geometry": {"type": "LineString", "coordinates": [[73.8593969, 18.5003979], [73.8589959, 18.5004347], [73.8586231, 18.5004517], [73.8585493, 18.5004551]]}}, {"type": "Feature", "id": 1464131913, "properties": {"id": 1464131913, "name": "Katraj - Dehu Road Bypass", "highway": "trunk", "ref": "NH48", "oneway": "yes", "length_km": 1.266}, "geometry": {"type": "LineString", "coordinates": [[73.7822517, 18.5074757], [73.7785738, 18.5082958], [73.7760103, 18.5088141], [73.7759712, 18.508822], [73.7755288, 18.5089115], [73.7751738, 18.5089988], [73.7749048, 18.5090864], [73.7746559, 18.5091788], [73.7743715, 18.5092944], [73.7740994, 18.509426], [73.7739496, 18.5095124], [73.7737608, 18.5096212], [73.7734821, 18.5098008], [73.773225, 18.509983], [73.7715013, 18.5113324], [73.7712448, 18.5115436]]}}, {"type": "Feature", "id": 1464131915, "properties": {"id": 1464131915, "name": "Unnamed Arterial", "highway": "trunk_link", "ref": "", "oneway": "yes", "length_km": 0.033}, "geometry": {"type": "LineString", "coordinates": [[73.7825035, 18.5072951], [73.7822517, 18.5074757]]}}, {"type": "Feature", "id": 1464131916, "properties": {"id": 1464131916, "name": "SH60", "highway": "primary", "ref": "SH60", "oneway": "no", "length_km": 0.01}, "geometry": {"type": "LineString", "coordinates": [[73.8028613, 18.506872], [73.8028392, 18.5068628], [73.8028153, 18.5068599], [73.8027915, 18.5068635], [73.8027698, 18.5068733]]}}, {"type": "Feature", "id": 1465008536, "properties": {"id": 1465008536, "name": "Solapur Road", "highway": "trunk", "ref": "NH65", "oneway": "yes", "length_km": 0.022}, "geometry": {"type": "LineString", "coordinates": [[73.921476, 18.5040948], [73.9216724, 18.5040386]]}}, {"type": "Feature", "id": 1465008537, "properties": {"id": 1465008537, "name": "Solapur Road", "highway": "trunk", "ref": "NH65", "oneway": "yes", "length_km": 0.036}, "geometry": {"type": "LineString", "coordinates": [[73.9214293, 18.5039297], [73.9211004, 18.5040222]]}}, {"type": "Feature", "id": 1465008538, "properties": {"id": 1465008538, "name": "Solapur Road", "highway": "trunk", "ref": "NH65", "oneway": "yes", "length_km": 0.014}, "geometry": {"type": "LineString", "coordinates": [[73.9215588, 18.5038956], [73.9214293, 18.5039297]]}}, {"type": "Feature", "id": 1465015849, "properties": {"id": 1465015849, "name": "Unnamed Arterial", "highway": "primary", "ref": "", "oneway": "yes", "length_km": 0.087}, "geometry": {"type": "LineString", "coordinates": [[73.8166173, 18.6132573], [73.8163588, 18.6135558], [73.816307, 18.6136156], [73.8160927, 18.6138632]]}}, {"type": "Feature", "id": 1465015850, "properties": {"id": 1465015850, "name": "Unnamed Arterial", "highway": "primary", "ref": "", "oneway": "yes", "length_km": 0.053}, "geometry": {"type": "LineString", "coordinates": [[73.8174335, 18.6122874], [73.8171305, 18.6126644]]}}, {"type": "Feature", "id": 1468147702, "properties": {"id": 1468147702, "name": "Unnamed Arterial", "highway": "primary", "ref": "", "oneway": "yes", "length_km": 0.005}, "geometry": {"type": "LineString", "coordinates": [[73.9037245, 18.5789383], [73.9037285, 18.5789862]]}}, {"type": "Feature", "id": 1468147703, "properties": {"id": 1468147703, "name": "Unnamed Arterial", "highway": "primary", "ref": "", "oneway": "yes", "length_km": 0.006}, "geometry": {"type": "LineString", "coordinates": [[73.9037285, 18.5789862], [73.9037701, 18.5789499]]}}, {"type": "Feature", "id": 1468147704, "properties": {"id": 1468147704, "name": "Lohgaon Road", "highway": "primary", "ref": "", "oneway": "no", "length_km": 2.799}, "geometry": {"type": "LineString", "coordinates": [[73.9036657, 18.5791966], [73.9036167, 18.5793612], [73.9035518, 18.5795789], [73.9033579, 18.58023], [73.9027468, 18.582282], [73.9025566, 18.5829207], [73.9025271, 18.5830577], [73.9025193, 18.5831609], [73.9025318, 18.5832684], [73.9025691, 18.5833657], [73.9026359, 18.5834673], [73.9027261, 18.583569], [73.9028458, 18.5836619], [73.9036293, 18.5841717], [73.9040677, 18.5844134], [73.9042372, 18.5845121], [73.9044082, 18.5846491], [73.9046118, 18.5848569], [73.9049725, 18.5852002], [73.9050689, 18.5852783], [73.9051738, 18.5853261], [73.9052881, 18.5853505], [73.9070657, 18.5856336], [73.9099397, 18.5860675], [73.9101371, 18.5861043], [73.9103392, 18.5861662], [73.9118573, 18.5867174], [73.9120002, 18.586784], [73.9121926, 18.5869091], [73.912402, 18.5870856], [73.9124269, 18.5871131], [73.9124955, 18.5872076], [73.9140305, 18.5893581], [73.9141589, 18.5895116], [73.9147326, 18.5900155], [73.9150817, 18.5903246], [73.9151239, 18.5903587], [73.9161161, 18.5911495], [73.9167568, 18.5916033], [73.9169406, 18.5917334], [73.917531, 18.5921048], [73.918561, 18.592603], [73.9187456, 18.5926704], [73.9189651, 18.5927106], [73.9198491, 18.5928681], [73.9209446, 18.5930512], [73.9210133, 18.5930601], [73.9210745, 18.5930572]]}}, {"type": "Feature", "id": 1468147705, "properties": {"id": 1468147705, "name": "Lohgaon Road", "highway": "primary", "ref": "", "oneway": "no", "length_km": 0.014}, "geometry": {"type": "LineString", "coordinates": [[73.9037028, 18.5790719], [73.9036657, 18.5791966]]}}, {"type": "Feature", "id": 1477343260, "properties": {"id": 1477343260, "name": "Unnamed Arterial", "highway": "trunk_link", "ref": "", "oneway": "yes", "length_km": 0.02}, "geometry": {"type": "LineString", "coordinates": [[73.9383336, 18.5622312], [73.9385213, 18.5622152]]}}, {"type": "Feature", "id": 1477883170, "properties": {"id": 1477883170, "name": "Unnamed Arterial", "highway": "trunk_link", "ref": "", "oneway": "yes", "length_km": 0.04}, "geometry": {"type": "LineString", "coordinates": [[73.8582268, 18.4543986], [73.8585403, 18.4546101]]}}, {"type": "Feature", "id": 1480738525, "properties": {"id": 1480738525, "name": "Unnamed Arterial", "highway": "primary", "ref": "", "oneway": "yes", "length_km": 1.102}, "geometry": {"type": "LineString", "coordinates": [[73.8356464, 18.5371411], [73.8349733, 18.5376716], [73.8346009, 18.5379613], [73.8341317, 18.5383405], [73.8337551, 18.5386412], [73.833434, 18.5388827], [73.8331545, 18.5390893], [73.8327935, 18.5393485], [73.8322351, 18.5397207], [73.831848, 18.5399796], [73.8311385, 18.5404535], [73.8306963, 18.5407474], [73.8302653, 18.5410281], [73.8296638, 18.5414489], [73.8292112, 18.5417578], [73.8291049, 18.5418165], [73.8289232, 18.5419016], [73.8287699, 18.5419581], [73.8286855, 18.5419876], [73.8284843, 18.5420532], [73.8283062, 18.5420951], [73.8280359, 18.5421477], [73.8276909, 18.5422036], [73.8272665, 18.5422799], [73.8268982, 18.5423491]]}}, {"type": "Feature", "id": 1482805756, "properties": {"id": 1482805756, "name": "Unnamed Arterial", "highway": "primary_link", "ref": "", "oneway": "no", "length_km": 0.015}, "geometry": {"type": "LineString", "coordinates": [[73.7636668, 18.5741404], [73.7638029, 18.5741799]]}}, {"type": "Feature", "id": 1483724519, "properties": {"id": 1483724519, "name": "Gopal Hari Deshmukh Marg", "highway": "primary", "ref": "", "oneway": "yes", "length_km": 0.176}, "geometry": {"type": "LineString", "coordinates": [[73.7828947, 18.5635726], [73.7829885, 18.5635003], [73.7833435, 18.5631985], [73.7835189, 18.5630493], [73.7836133, 18.5629691], [73.7837004, 18.562879], [73.7837645, 18.5628081], [73.7838153, 18.562736], [73.7838686, 18.5626416], [73.783921, 18.5625306], [73.783966, 18.5624298], [73.7839807, 18.5623955]]}}, {"type": "Feature", "id": 1483831580, "properties": {"id": 1483831580, "name": "Babasaheb Ambedkar Marg", "highway": "primary", "ref": "", "oneway": "yes", "length_km": 0.039}, "geometry": {"type": "LineString", "coordinates": [[73.8636557, 18.5275452], [73.8634916, 18.5276806], [73.8634662, 18.5277133], [73.8633998, 18.5277988]]}}, {"type": "Feature", "id": 1483831585, "properties": {"id": 1483831585, "name": "Ganeshkhind Road", "highway": "primary", "ref": "", "oneway": "yes", "length_km": 0.039}, "geometry": {"type": "LineString", "coordinates": [[73.8289998, 18.5418689], [73.8289097, 18.5419284], [73.8288077, 18.5419982], [73.8287061, 18.5420763]]}}, {"type": "Feature", "id": 1483831587, "properties": {"id": 1483831587, "name": "Gopal Hari Deshmukh Marg", "highway": "primary", "ref": "", "oneway": "yes", "length_km": 0.177}, "geometry": {"type": "LineString", "coordinates": [[73.7839222, 18.5623192], [73.7838872, 18.5623988], [73.7838428, 18.5624983], [73.783792, 18.562606], [73.783742, 18.5626943], [73.7836964, 18.5627592], [73.7836607, 18.5627987], [73.7836365, 18.5628254], [73.7835533, 18.5629115], [73.7829331, 18.5634388], [73.7828427, 18.5635085]]}}, {"type": "Feature", "id": 1484051262, "properties": {"id": 1484051262, "name": "Kaspate Vasti Road", "highway": "primary", "ref": "", "oneway": "yes", "length_km": 0.05}, "geometry": {"type": "LineString", "coordinates": [[73.7738671, 18.595596], [73.7738457, 18.5954465], [73.773814, 18.5952248], [73.7738074, 18.5951504]]}}, {"type": "Feature", "id": 1484133384, "properties": {"id": 1484133384, "name": "Katraj - Dehu Road Bypass", "highway": "trunk", "ref": "NH48", "oneway": "yes", "length_km": 0.256}, "geometry": {"type": "LineString", "coordinates": [[73.7654745, 18.5697025], [73.7646604, 18.5718772]]}}, {"type": "Feature", "id": 1484133408, "properties": {"id": 1484133408, "name": "Katraj - Dehu Road Bypass", "highway": "trunk", "ref": "NH48", "oneway": "yes", "length_km": 0.233}, "geometry": {"type": "LineString", "coordinates": [[73.7648717, 18.5717285], [73.7655995, 18.5697445]]}}, {"type": "Feature", "id": 1487585094, "properties": {"id": 1487585094, "name": "Unnamed Arterial", "highway": "primary", "ref": "", "oneway": "yes", "length_km": 0.022}, "geometry": {"type": "LineString", "coordinates": [[73.8358127, 18.5370136], [73.8356464, 18.5371411]]}}, {"type": "Feature", "id": 1487585095, "properties": {"id": 1487585095, "name": "Unnamed Arterial", "highway": "primary", "ref": "", "oneway": "yes", "length_km": 0.016}, "geometry": {"type": "LineString", "coordinates": [[73.8268982, 18.5423491], [73.8267444, 18.5423593]]}}, {"type": "Feature", "id": 1488497830, "properties": {"id": 1488497830, "name": "Unnamed Arterial", "highway": "trunk_link", "ref": "", "oneway": "yes", "length_km": 0.035}, "geometry": {"type": "LineString", "coordinates": [[73.9347687, 18.5634325], [73.9348348, 18.5633975], [73.9349067, 18.5633646], [73.9350764, 18.5633071]]}}, {"type": "Feature", "id": 1489429537, "properties": {"id": 1489429537, "name": "Katraj - Dehu Road Bypass", "highway": "trunk", "ref": "NH48", "oneway": "yes", "length_km": 0.082}, "geometry": {"type": "LineString", "coordinates": [[73.8069483, 18.4772788], [73.8068193, 18.4774335], [73.8067584, 18.4775023], [73.8064456, 18.4778471]]}}, {"type": "Feature", "id": 1489429538, "properties": {"id": 1489429538, "name": "Katraj - Dehu Road Bypass", "highway": "trunk", "ref": "NH48", "oneway": "yes", "length_km": 0.085}, "geometry": {"type": "LineString", "coordinates": [[73.80654, 18.4779148], [73.8069093, 18.4775033], [73.8070624, 18.4773336]]}}, {"type": "Feature", "id": 1490291422, "properties": {"id": 1490291422, "name": "Unnamed Arterial", "highway": "primary", "ref": "", "oneway": "no", "length_km": 0.052}, "geometry": {"type": "LineString", "coordinates": [[73.9213719, 18.5928652], [73.9213651, 18.5928416], [73.9213507, 18.5928214], [73.9213301, 18.5928067], [73.9213056, 18.592799], [73.9212798, 18.5927994], [73.9212577, 18.5928065], [73.9212387, 18.5928195], [73.9212246, 18.5928372], [73.9212166, 18.5928581], [73.9212155, 18.5928803], [73.9212214, 18.5929018], [73.9212353, 18.5929224], [73.9212555, 18.5929377], [73.9212798, 18.592946], [73.9213057, 18.5929462], [73.9213302, 18.5929386], [73.9213471, 18.5929272], [73.9213603, 18.5929121], [73.9213702, 18.5928896], [73.9213719, 18.5928652]]}}, {"type": "Feature", "id": 1490526500, "properties": {"id": 1490526500, "name": "Solapur Road", "highway": "trunk", "ref": "NH65", "oneway": "yes", "length_km": 0.007}, "geometry": {"type": "LineString", "coordinates": [[73.9216223, 18.503876], [73.9215588, 18.5038956]]}}, {"type": "Feature", "id": 1490531334, "properties": {"id": 1490531334, "name": "Magarpatta Road Flyover", "highway": "trunk", "ref": "", "oneway": "yes", "length_km": 0.009}, "geometry": {"type": "LineString", "coordinates": [[73.9274788, 18.5024436], [73.9274034, 18.5024838]]}}, {"type": "Feature", "id": 1490531335, "properties": {"id": 1490531335, "name": "Magarpatta Road Flyover", "highway": "trunk", "ref": "", "oneway": "yes", "length_km": 0.089}, "geometry": {"type": "LineString", "coordinates": [[73.9295071, 18.5018371], [73.9286944, 18.5020542]]}}, {"type": "Feature", "id": 1490531336, "properties": {"id": 1490531336, "name": "Magarpatta Road Flyover", "highway": "trunk", "ref": "", "oneway": "yes", "length_km": 0.069}, "geometry": {"type": "LineString", "coordinates": [[73.9263567, 18.5025952], [73.9257302, 18.5027709]]}}, {"type": "Feature", "id": 1490531337, "properties": {"id": 1490531337, "name": "Magarpatta Road Flyover", "highway": "trunk", "ref": "", "oneway": "yes", "length_km": 0.138}, "geometry": {"type": "LineString", "coordinates": [[73.9274034, 18.5024838], [73.9274347, 18.5025583], [73.9274474, 18.5026061], [73.9274523, 18.502632], [73.9274538, 18.5026744], [73.9275451, 18.5037123]]}}, {"type": "Feature", "id": 1490531338, "properties": {"id": 1490531338, "name": "Magarpatta Road Flyover", "highway": "trunk", "ref": "", "oneway": "yes", "length_km": 0.141}, "geometry": {"type": "LineString", "coordinates": [[73.9276197, 18.5037075], [73.9275351, 18.5026607], [73.9275248, 18.502595], [73.9275194, 18.5025628], [73.9275079, 18.502525], [73.9274788, 18.5024436]]}}, {"type": "Feature", "id": 1490531339, "properties": {"id": 1490531339, "name": "Unnamed Arterial", "highway": "trunk_link", "ref": "", "oneway": "no", "length_km": 0.021}, "geometry": {"type": "LineString", "coordinates": [[73.9276656, 18.5036098], [73.927468, 18.5036248]]}}, {"type": "Feature", "id": 1490537583, "properties": {"id": 1490537583, "name": "Solapur Road Flyover", "highway": "trunk", "ref": "NH65", "oneway": "yes", "length_km": 0.143}, "geometry": {"type": "LineString", "coordinates": [[73.9327064, 18.5014869], [73.931345, 18.5015803]]}}, {"type": "Feature", "id": 1490537584, "properties": {"id": 1490537584, "name": "Solapur Road Flyover", "highway": "trunk", "ref": "NH65", "oneway": "yes", "length_km": 0.143}, "geometry": {"type": "LineString", "coordinates": [[73.9313563, 18.5016615], [73.9327106, 18.5015713]]}}, {"type": "Feature", "id": 1491746604, "properties": {"id": 1491746604, "name": "Unnamed Arterial", "highway": "trunk_link", "ref": "", "oneway": "yes", "length_km": 0.017}, "geometry": {"type": "LineString", "coordinates": [[73.9385213, 18.5622152], [73.9386846, 18.5622113]]}}, {"type": "Feature", "id": 1494628498, "properties": {"id": 1494628498, "name": "Katraj - Dehu Road Bypass", "highway": "trunk", "ref": "NH48", "oneway": "yes", "length_km": 0.186}, "geometry": {"type": "LineString", "coordinates": [[73.7659268, 18.5688775], [73.7665302, 18.5673059]]}}, {"type": "Feature", "id": 1494628502, "properties": {"id": 1494628502, "name": "Katraj - Dehu Road Bypass", "highway": "trunk", "ref": "NH48", "oneway": "yes", "length_km": 0.152}, "geometry": {"type": "LineString", "coordinates": [[73.766231, 18.5675235], [73.7658017, 18.5688355]]}}, {"type": "Feature", "id": 1500132275, "properties": {"id": 1500132275, "name": "Lohgaon - Wagholi Road", "highway": "primary", "ref": "", "oneway": "yes", "length_km": 0.056}, "geometry": {"type": "LineString", "coordinates": [[73.9218078, 18.5930952], [73.921756, 18.593019], [73.9216482, 18.5929473], [73.9215532, 18.5928895], [73.9214675, 18.5928546], [73.9213651, 18.5928416]]}}, {"type": "Feature", "id": 1501274302, "properties": {"id": 1501274302, "name": "Sinhagad Road", "highway": "primary", "ref": "", "oneway": "yes", "length_km": 0.031}, "geometry": {"type": "LineString", "coordinates": [[73.8238946, 18.4781928], [73.8240279, 18.4784371]]}}, {"type": "Feature", "id": 1501274303, "properties": {"id": 1501274303, "name": "Sinhagad Road", "highway": "primary", "ref": "", "oneway": "yes", "length_km": 0.015}, "geometry": {"type": "LineString", "coordinates": [[73.823827, 18.4780688], [73.8238946, 18.4781928]]}}, {"type": "Feature", "id": 1502752712, "properties": {"id": 1502752712, "name": "NH548DD", "highway": "trunk", "ref": "NH548DD", "oneway": "yes", "length_km": 0.42}, "geometry": {"type": "LineString", "coordinates": [[73.9206317, 18.4515396], [73.9205378, 18.4515044], [73.9204335, 18.4514635], [73.9202363, 18.4513862], [73.9200506, 18.4513133], [73.91987, 18.4512425], [73.9198109, 18.4512193], [73.9197046, 18.4511703], [73.9196286, 18.4511353], [73.9194569, 18.4510475], [73.9193375, 18.4509916], [73.9191668, 18.4509217], [73.9191239, 18.4509042], [73.9190053, 18.4508643], [73.9187055, 18.450794], [73.9182104, 18.4507171], [73.9175685, 18.4506054], [73.9173877, 18.4505739], [73.9170698, 18.4505158], [73.9170149, 18.4505184], [73.9168224, 18.4505256]]}}, {"type": "Feature", "id": 1502752714, "properties": {"id": 1502752714, "name": "NH548DD", "highway": "trunk", "ref": "NH548DD", "oneway": "yes", "length_km": 0.287}, "geometry": {"type": "LineString", "coordinates": [[73.9229645, 18.4525443], [73.9243626, 18.4529609], [73.924388, 18.4529689], [73.9246357, 18.4530488], [73.9247938, 18.453085], [73.9249876, 18.4531176], [73.9254481, 18.4531619], [73.9256018, 18.4531775]]}}, {"type": "Feature", "id": 1502752716, "properties": {"id": 1502752716, "name": "NH548DD", "highway": "trunk", "ref": "NH548DD", "oneway": "yes", "length_km": 0.42}, "geometry": {"type": "LineString", "coordinates": [[73.9243678, 18.4528908], [73.9242453, 18.4528519], [73.9233718, 18.4525757], [73.9229951, 18.4524652], [73.9227503, 18.4523825], [73.9222237, 18.4521635], [73.9220709, 18.4520982], [73.921863, 18.4520139], [73.921524, 18.4518888], [73.9214503, 18.4518587], [73.9210855, 18.4517095], [73.9207484, 18.4515833], [73.9206317, 18.4515396]]}}, {"type": "Feature", "id": 1502752718, "properties": {"id": 1502752718, "name": "NH548DD", "highway": "trunk", "ref": "NH548DD", "oneway": "yes", "length_km": 0.158}, "geometry": {"type": "LineString", "coordinates": [[73.9256018, 18.4531775], [73.926442, 18.4532486], [73.926455, 18.4532497], [73.9267641, 18.4532751], [73.9268174, 18.4532832], [73.9269067, 18.4532987], [73.9271013, 18.453315]]}}, {"type": "Feature", "id": 1502752719, "properties": {"id": 1502752719, "name": "NH548DD", "highway": "trunk", "ref": "NH548DD", "oneway": "yes", "length_km": 0.293}, "geometry": {"type": "LineString", "coordinates": [[73.9321077, 18.4550999], [73.9319059, 18.4550203], [73.9317759, 18.4549542], [73.9312573, 18.4546901], [73.9309089, 18.4544799], [73.9306735, 18.4543379], [73.9301867, 18.4540686], [73.9301558, 18.4540515], [73.9297975, 18.4538927], [73.9296627, 18.453845]]}}, {"type": "Feature", "id": 1502752722, "properties": {"id": 1502752722, "name": "NH548DD", "highway": "trunk", "ref": "NH548DD", "oneway": "yes", "length_km": 0.102}, "geometry": {"type": "LineString", "coordinates": [[73.9330051, 18.4554585], [73.9327721, 18.4553703], [73.932699, 18.4553391], [73.9326292, 18.4553092], [73.9321077, 18.4550999]]}}, {"type": "Feature", "id": 1502752723, "properties": {"id": 1502752723, "name": "NH548DD", "highway": "trunk", "ref": "NH548DD", "oneway": "yes", "length_km": 0.084}, "geometry": {"type": "LineString", "coordinates": [[73.9294405, 18.4538323], [73.9296137, 18.4538965], [73.9297184, 18.4539334], [73.9298511, 18.4539926], [73.9299948, 18.4540515], [73.930176, 18.4541338]]}}, {"type": "Feature", "id": 1502752726, "properties": {"id": 1502752726, "name": "NH548DD", "highway": "trunk", "ref": "NH548DD", "oneway": "yes", "length_km": 0.084}, "geometry": {"type": "LineString", "coordinates": [[73.930176, 18.4541338], [73.9308499, 18.4545399]]}}, {"type": "Feature", "id": 1502752727, "properties": {"id": 1502752727, "name": "NH548DD", "highway": "trunk", "ref": "NH548DD", "oneway": "yes", "length_km": 0.195}, "geometry": {"type": "LineString", "coordinates": [[73.9296627, 18.453845], [73.9292954, 18.4537028], [73.9292495, 18.4536871], [73.9292364, 18.4536826], [73.9291678, 18.4536591], [73.9290251, 18.4536102], [73.9288885, 18.45357], [73.9287568, 18.4535312], [73.9280921, 18.4533808], [73.9278896, 18.4533465]]}}, {"type": "Feature", "id": 1503992682, "properties": {"id": 1503992682, "name": "Unnamed Arterial", "highway": "primary", "ref": "", "oneway": "yes", "length_km": 0.268}, "geometry": {"type": "LineString", "coordinates": [[73.8269201, 18.5424566], [73.82719, 18.5424075], [73.8279507, 18.5422626], [73.8283516, 18.542189], [73.8285303, 18.5421505], [73.8286159, 18.5421289], [73.8287398, 18.5420944], [73.8289102, 18.542036], [73.8290547, 18.5419764], [73.8291597, 18.5419321], [73.829376, 18.5418336]]}}, {"type": "Feature", "id": 1503992683, "properties": {"id": 1503992683, "name": "Unnamed Arterial", "highway": "primary", "ref": "", "oneway": "yes", "length_km": 0.019}, "geometry": {"type": "LineString", "coordinates": [[73.8267526, 18.5425204], [73.8269201, 18.5424566]]}}, {"type": "Feature", "id": 1504304526, "properties": {"id": 1504304526, "name": "NH60", "highway": "trunk", "ref": "NH60", "oneway": "no", "length_km": 0.689}, "geometry": {"type": "LineString", "coordinates": [[73.8592792, 18.4444908], [73.8592453, 18.444235], [73.8592342, 18.4439551], [73.8592534, 18.4437553], [73.8592869, 18.4435569], [73.8593053, 18.4434942], [73.8594006, 18.4431694], [73.8594323, 18.4430613], [73.8594872, 18.4428744], [73.8595149, 18.44278], [73.8596591, 18.4422889], [73.8597791, 18.4418801], [73.8598098, 18.4417557], [73.8598622, 18.4415429], [73.8599044, 18.441354], [73.8599273, 18.4412516], [73.8600474, 18.440714], [73.8600697, 18.4406318], [73.8602174, 18.4400884], [73.8602583, 18.4399223], [73.8604213, 18.4392595], [73.8604478, 18.4390779], [73.8604577, 18.4389802], [73.8604744, 18.4388152], [73.8605003, 18.4384295]]}}, {"type": "Feature", "id": 1504554789, "properties": {"id": 1504554789, "name": "Unnamed Arterial", "highway": "trunk_link", "ref": "", "oneway": "yes", "length_km": 0.055}, "geometry": {"type": "LineString", "coordinates": [[73.7628923, 18.5762311], [73.76286, 18.5767253]]}}, {"type": "Feature", "id": 1506058373, "properties": {"id": 1506058373, "name": "Unnamed Arterial", "highway": "primary_link", "ref": "", "oneway": "no", "length_km": 0.03}, "geometry": {"type": "LineString", "coordinates": [[73.8343666, 18.5380766], [73.8345512, 18.5382844]]}}, {"type": "Feature", "id": 1506511685, "properties": {"id": 1506511685, "name": "Karve Road", "highway": "primary", "ref": "SH60", "oneway": "yes", "length_km": 0.009}, "geometry": {"type": "LineString", "coordinates": [[73.8314516, 18.5086444], [73.8313753, 18.5086051]]}}, {"type": "Feature", "id": 1506511686, "properties": {"id": 1506511686, "name": "Karve Road", "highway": "primary", "ref": "SH60", "oneway": "yes", "length_km": 0.009}, "geometry": {"type": "LineString", "coordinates": [[73.8313026, 18.5087466], [73.8313811, 18.508787]]}}, {"type": "Feature", "id": 1506511687, "properties": {"id": 1506511687, "name": "Karve Road", "highway": "primary", "ref": "SH60", "oneway": "yes", "length_km": 0.256}, "geometry": {"type": "LineString", "coordinates": [[73.8314277, 18.508811], [73.8314496, 18.5088223], [73.8318967, 18.5090525], [73.8320531, 18.509133], [73.8321165, 18.5091656], [73.8325245, 18.5093758], [73.8325745, 18.5094016], [73.8329954, 18.5096183], [73.8330858, 18.5096648], [73.8333158, 18.5097833], [73.8333864, 18.5098196], [73.8335334, 18.5098779], [73.8335799, 18.5098963]]}}, {"type": "Feature", "id": 1506580486, "properties": {"id": 1506580486, "name": "Unnamed Arterial", "highway": "trunk_link", "ref": "", "oneway": "no", "length_km": 0.01}, "geometry": {"type": "LineString", "coordinates": [[73.9312358, 18.5099968], [73.9311635, 18.5100538]]}}, {"type": "Feature", "id": 1510225655, "properties": {"id": 1510225655, "name": "Unnamed Arterial", "highway": "primary", "ref": "", "oneway": "yes", "length_km": 0.244}, "geometry": {"type": "LineString", "coordinates": [[73.8253878, 18.6029984], [73.8252282, 18.6032023], [73.8251025, 18.6033603], [73.8250116, 18.6034747], [73.8249553, 18.6035429], [73.8244309, 18.6041779], [73.8239671, 18.6047397]]}}, {"type": "Feature", "id": 1510225656, "properties": {"id": 1510225656, "name": "Unnamed Arterial", "highway": "primary", "ref": "", "oneway": "yes", "length_km": 0.455}, "geometry": {"type": "LineString", "coordinates": [[73.8229517, 18.6063485], [73.8231161, 18.6062584], [73.8234705, 18.6058529], [73.8239364, 18.6053198], [73.824587, 18.6045752], [73.8253259, 18.6036726], [73.8256652, 18.6031691]]}}, {"type": "Feature", "id": 1510225657, "properties": {"id": 1510225657, "name": "Unnamed Arterial", "highway": "primary", "ref": "", "oneway": "yes", "length_km": 0.026}, "geometry": {"type": "LineString", "coordinates": [[73.8255057, 18.6027923], [73.8254386, 18.6029096], [73.8253878, 18.6029984]]}}, {"type": "Feature", "id": 1510225658, "properties": {"id": 1510225658, "name": "Unnamed Arterial", "highway": "primary", "ref": "", "oneway": "yes", "length_km": 0.03}, "geometry": {"type": "LineString", "coordinates": [[73.8256652, 18.6031691], [73.8257591, 18.6030423], [73.8258223, 18.6029427]]}}, {"type": "Feature", "id": 1510229669, "properties": {"id": 1510229669, "name": "Unnamed Arterial", "highway": "primary_link", "ref": "", "oneway": "yes", "length_km": 0.026}, "geometry": {"type": "LineString", "coordinates": [[73.8443224, 18.531687], [73.8443215, 18.5316445], [73.8443131, 18.5315888], [73.8443054, 18.531555], [73.8442888, 18.5315156], [73.8442725, 18.531492], [73.8442518, 18.5314713]]}}, {"type": "Feature", "id": 1510256047, "properties": {"id": 1510256047, "name": "Nagar Road", "highway": "trunk", "ref": "NH753F", "oneway": "yes", "length_km": 0.179}, "geometry": {"type": "LineString", "coordinates": [[73.9305157, 18.5631787], [73.9309044, 18.5632106], [73.9322077, 18.5633407]]}}, {"type": "Feature", "id": 1510256048, "properties": {"id": 1510256048, "name": "Nagar Road", "highway": "trunk", "ref": "NH753F", "oneway": "yes", "length_km": 0.016}, "geometry": {"type": "LineString", "coordinates": [[73.9303655, 18.5631652], [73.9305157, 18.5631787]]}}, {"type": "Feature", "id": 1510256049, "properties": {"id": 1510256049, "name": "Nagar Road", "highway": "trunk", "ref": "NH753F", "oneway": "yes", "length_km": 0.18}, "geometry": {"type": "LineString", "coordinates": [[73.9322306, 18.5631187], [73.9318134, 18.5630873], [73.9309265, 18.5629806], [73.9305288, 18.5629449]]}}, {"type": "Feature", "id": 1510256050, "properties": {"id": 1510256050, "name": "Nagar Road", "highway": "trunk", "ref": "NH753F", "oneway": "yes", "length_km": 0.015}, "geometry": {"type": "LineString", "coordinates": [[73.9305288, 18.5629449], [73.9303896, 18.562933]]}}, {"type": "Feature", "id": 1511850900, "properties": {"id": 1511850900, "name": "Katraj Kondhwa Road", "highway": "trunk", "ref": "NH548DD", "oneway": "yes", "length_km": 0.626}, "geometry": {"type": "LineString", "coordinates": [[73.8789394, 18.450255], [73.8787222, 18.4502473], [73.8784888, 18.4502473], [73.8781938, 18.4502219], [73.877947, 18.4501761], [73.8775281, 18.4500679], [73.8772168, 18.4500487], [73.8768359, 18.450043], [73.8767094, 18.4500354], [73.8766187, 18.45003], [73.8762468, 18.4500077], [73.8758207, 18.4499417], [73.8754004, 18.4498566], [73.8751761, 18.4498169], [73.8748106, 18.4497646], [73.8744064, 18.4496947], [73.8743044, 18.4496721], [73.8740981, 18.4496265], [73.8740275, 18.4496161], [73.8738174, 18.4495821], [73.8735679, 18.44957], [73.873333, 18.4495629], [73.8730446, 18.4495763]]}}, {"type": "Feature", "id": 1511850901, "properties": {"id": 1511850901, "name": "Unnamed Arterial", "highway": "trunk_link", "ref": "", "oneway": "yes", "length_km": 0.288}, "geometry": {"type": "LineString", "coordinates": [[73.8813647, 18.4505862], [73.8821726, 18.4506799], [73.8829433, 18.4507964], [73.8840795, 18.4509753]]}}, {"type": "Feature", "id": 1511850902, "properties": {"id": 1511850902, "name": "Unnamed Arterial", "highway": "trunk_link", "ref": "", "oneway": "yes", "length_km": 0.038}, "geometry": {"type": "LineString", "coordinates": [[73.8813647, 18.4505862], [73.8811374, 18.4505599], [73.8810444, 18.450475]]}}, {"type": "Feature", "id": 1511850906, "properties": {"id": 1511850906, "name": "Unnamed Arterial", "highway": "trunk_link", "ref": "", "oneway": "yes", "length_km": 0.01}, "geometry": {"type": "LineString", "coordinates": [[73.8840795, 18.4509753], [73.8840851, 18.4508831]]}}, {"type": "Feature", "id": 1513892884, "properties": {"id": 1513892884, "name": "Unnamed Arterial", "highway": "trunk_link", "ref": "", "oneway": "no", "length_km": 0.015}, "geometry": {"type": "LineString", "coordinates": [[73.8390943, 18.5668528], [73.8392299, 18.5668967]]}}, {"type": "Feature", "id": 1514345037, "properties": {"id": 1514345037, "name": "Kharadi Bypass", "highway": "trunk", "ref": "", "oneway": "yes", "length_km": 0.01}, "geometry": {"type": "LineString", "coordinates": [[73.9386846, 18.5622113], [73.9386815, 18.5621172]]}}, {"type": "Feature", "id": 1516844638, "properties": {"id": 1516844638, "name": "Gangadham - Shatrunjay Road", "highway": "primary", "ref": "", "oneway": "no", "length_km": 0.002}, "geometry": {"type": "LineString", "coordinates": [[73.8774825, 18.4647031], [73.8774873, 18.4646836]]}}, {"type": "Feature", "id": 1516844639, "properties": {"id": 1516844639, "name": "Gangadham - Shatrunjay Road", "highway": "primary", "ref": "", "oneway": "yes", "length_km": 0.109}, "geometry": {"type": "LineString", "coordinates": [[73.8744551, 18.4741548], [73.8743937, 18.474368], [73.874361, 18.4745464], [73.87431, 18.4747978], [73.8742987, 18.4748588], [73.8742509, 18.4751208]]}}, {"type": "Feature", "id": 1516844640, "properties": {"id": 1516844640, "name": "Gangadham - Shatrunjay Road", "highway": "primary", "ref": "", "oneway": "yes", "length_km": 0.227}, "geometry": {"type": "LineString", "coordinates": [[73.8741125, 18.4763846], [73.8741169, 18.4763351], [73.8742204, 18.4758118], [73.8742276, 18.4757755], [73.8742662, 18.4755794], [73.874318, 18.4753166], [73.8743969, 18.4748647], [73.8744216, 18.4747155], [73.8744475, 18.47455], [73.8744834, 18.4743715]]}}, {"type": "Feature", "id": 1516844643, "properties": {"id": 1516844643, "name": "Gangadham - Shatrunjay Road", "highway": "primary", "ref": "", "oneway": "yes", "length_km": 0.254}, "geometry": {"type": "LineString", "coordinates": [[73.8744834, 18.4743715], [73.8745474, 18.4741605], [73.8746442, 18.4738669], [73.8746638, 18.4737599], [73.8746874, 18.4736307], [73.8747855, 18.4730867], [73.874798, 18.4729254], [73.8748375, 18.4725602], [73.8749569, 18.4722564], [73.8750058, 18.4721506]]}}, {"type": "Feature", "id": 1516844644, "properties": {"id": 1516844644, "name": "Unnamed Arterial", "highway": "primary_link", "ref": "", "oneway": "no", "length_km": 0.007}, "geometry": {"type": "LineString", "coordinates": [[73.8751497, 18.4712429], [73.8752155, 18.4712639]]}}, {"type": "Feature", "id": 1516844645, "properties": {"id": 1516844645, "name": "Gangadham - Shatrunjay Road", "highway": "primary", "ref": "", "oneway": "yes", "length_km": 0.075}, "geometry": {"type": "LineString", "coordinates": [[73.8750058, 18.4721506], [73.8750912, 18.4719284], [73.875141, 18.4716883], [73.8751452, 18.4714916]]}}, {"type": "Feature", "id": 1516844646, "properties": {"id": 1516844646, "name": "Gangadham - Shatrunjay Road", "highway": "primary", "ref": "", "oneway": "yes", "length_km": 0.121}, "geometry": {"type": "LineString", "coordinates": [[73.8751452, 18.4714916], [73.8751616, 18.4714078], [73.8752155, 18.4712639], [73.8753192, 18.4710048], [73.8754956, 18.470502], [73.8755119, 18.4704556]]}}, {"type": "Feature", "id": 1516844647, "properties": {"id": 1516844647, "name": "Unnamed Arterial", "highway": "primary_link", "ref": "", "oneway": "no", "length_km": 0.008}, "geometry": {"type": "LineString", "coordinates": [[73.8754236, 18.4704795], [73.8754956, 18.470502]]}}, {"type": "Feature", "id": 1516844648, "properties": {"id": 1516844648, "name": "Unnamed Arterial", "highway": "primary_link", "ref": "", "oneway": "no", "length_km": 0.01}, "geometry": {"type": "LineString", "coordinates": [[73.8761456, 18.4686175], [73.8760516, 18.4685915]]}}, {"type": "Feature", "id": 1516844649, "properties": {"id": 1516844649, "name": "Gangadham - Shatrunjay Road", "highway": "primary", "ref": "", "oneway": "yes", "length_km": 0.103}, "geometry": {"type": "LineString", "coordinates": [[73.8755119, 18.4704556], [73.8758245, 18.4695729]]}}, {"type": "Feature", "id": 1516844650, "properties": {"id": 1516844650, "name": "Gangadham - Shatrunjay Road", "highway": "primary", "ref": "", "oneway": "yes", "length_km": 0.03}, "geometry": {"type": "LineString", "coordinates": [[73.8758245, 18.4695729], [73.8759127, 18.4693117]]}}, {"type": "Feature", "id": 1516844651, "properties": {"id": 1516844651, "name": "Gangadham - Shatrunjay Road", "highway": "primary", "ref": "", "oneway": "yes", "length_km": 0.246}, "geometry": {"type": "LineString", "coordinates": [[73.8759127, 18.4693117], [73.8761456, 18.4686175], [73.8762726, 18.4682391], [73.8763637, 18.4678449], [73.8765486, 18.4671808]]}}, {"type": "Feature", "id": 1516844652, "properties": {"id": 1516844652, "name": "Gangadham - Shatrunjay Road", "highway": "primary", "ref": "", "oneway": "yes", "length_km": 0.027}, "geometry": {"type": "LineString", "coordinates": [[73.8774305, 18.4649285], [73.8775023, 18.4647753], [73.8774825, 18.4647031]]}}, {"type": "Feature", "id": 1516844653, "properties": {"id": 1516844653, "name": "Gangadham - Shatrunjay Road", "highway": "primary", "ref": "", "oneway": "yes", "length_km": 0.052}, "geometry": {"type": "LineString", "coordinates": [[73.8772145, 18.4653472], [73.8774305, 18.4649285]]}}, {"type": "Feature", "id": 1516844654, "properties": {"id": 1516844654, "name": "Gangadham - Shatrunjay Road", "highway": "primary", "ref": "", "oneway": "yes", "length_km": 0.022}, "geometry": {"type": "LineString", "coordinates": [[73.8771063, 18.4655144], [73.8772145, 18.4653472]]}}, {"type": "Feature", "id": 1516844655, "properties": {"id": 1516844655, "name": "Gangadham - Shatrunjay Road", "highway": "primary", "ref": "", "oneway": "yes", "length_km": 0.036}, "geometry": {"type": "LineString", "coordinates": [[73.8769531, 18.465806], [73.8771063, 18.4655144]]}}, {"type": "Feature", "id": 1516994745, "properties": {"id": 1516994745, "name": "Sant Dyaneshwar Marg", "highway": "primary", "ref": "", "oneway": "yes", "length_km": 0.037}, "geometry": {"type": "LineString", "coordinates": [[73.8770605, 18.5748331], [73.877222, 18.5745346]]}}, {"type": "Feature", "id": 1524290493, "properties": {"id": 1524290493, "name": "Kaspate Vasti Road", "highway": "primary", "ref": "", "oneway": "yes", "length_km": 0.535}, "geometry": {"type": "LineString", "coordinates": [[73.7747114, 18.5991632], [73.7748437, 18.5994255], [73.7748826, 18.5995027], [73.7750279, 18.5997907], [73.7752715, 18.6002738], [73.7752905, 18.6003114], [73.7753531, 18.6004432], [73.7753801, 18.6004948], [73.7754574, 18.6006421], [73.7756323, 18.6009595], [73.7756644, 18.6010178], [73.775763, 18.6011819], [73.7762979, 18.602142], [73.7764796, 18.6024681], [73.7770308, 18.6034575]]}}, {"type": "Feature", "id": 1525807726, "properties": {"id": 1525807726, "name": "Unnamed Arterial", "highway": "primary", "ref": "", "oneway": "yes", "length_km": 0.013}, "geometry": {"type": "LineString", "coordinates": [[73.8887178, 18.5459019], [73.8887221, 18.5460199]]}}, {"type": "Feature", "id": 1525807727, "properties": {"id": 1525807727, "name": "Nagar Road", "highway": "trunk", "ref": "NH753F", "oneway": "yes", "length_km": 0.013}, "geometry": {"type": "LineString", "coordinates": [[73.8890101, 18.5457625], [73.8888933, 18.5457372]]}}, {"type": "Feature", "id": 1527531303, "properties": {"id": 1527531303, "name": "Unnamed Arterial", "highway": "primary_link", "ref": "", "oneway": "no", "length_km": 0.013}, "geometry": {"type": "LineString", "coordinates": [[73.8378525, 18.5354312], [73.8379237, 18.5355265]]}}, {"type": "Feature", "id": 1527577728, "properties": {"id": 1527577728, "name": "Unnamed Arterial", "highway": "primary_link", "ref": "", "oneway": "no", "length_km": 0.009}, "geometry": {"type": "LineString", "coordinates": [[73.8138811, 18.5616884], [73.8139615, 18.5617214]]}}, {"type": "Feature", "id": 1528088373, "properties": {"id": 1528088373, "name": "Mundhwa Road", "highway": "trunk", "ref": "", "oneway": "yes", "length_km": 0.196}, "geometry": {"type": "LineString", "coordinates": [[73.9327094, 18.5187897], [73.9327264, 18.5186716], [73.9328156, 18.5179765], [73.9329365, 18.517035]]}}, {"type": "Feature", "id": 1528088374, "properties": {"id": 1528088374, "name": "Mundhwa Road", "highway": "trunk", "ref": "", "oneway": "yes", "length_km": 0.021}, "geometry": {"type": "LineString", "coordinates": [[73.9329365, 18.517035], [73.9329543, 18.5168963], [73.9329608, 18.5168448]]}}, {"type": "Feature", "id": 1528088375, "properties": {"id": 1528088375, "name": "Mundhwa Road", "highway": "trunk", "ref": "", "oneway": "yes", "length_km": 0.196}, "geometry": {"type": "LineString", "coordinates": [[73.9328515, 18.5170242], [73.9326533, 18.5185327], [73.9326361, 18.5186634], [73.932623, 18.5187809]]}}, {"type": "Feature", "id": 1528088376, "properties": {"id": 1528088376, "name": "Mundhwa Road", "highway": "trunk", "ref": "", "oneway": "yes", "length_km": 0.021}, "geometry": {"type": "LineString", "coordinates": [[73.9328763, 18.5168342], [73.9328696, 18.5168865], [73.9328515, 18.5170242]]}}, {"type": "Feature", "id": 1528088377, "properties": {"id": 1528088377, "name": "Mundhwa Road", "highway": "trunk", "ref": "", "oneway": "yes", "length_km": 0.005}, "geometry": {"type": "LineString", "coordinates": [[73.9329723, 18.5167543], [73.9329776, 18.516713]]}}, {"type": "Feature", "id": 1529989260, "properties": {"id": 1529989260, "name": "Bund Garden Road", "highway": "trunk", "ref": "NH753F", "oneway": "yes", "length_km": 0.012}, "geometry": {"type": "LineString", "coordinates": [[73.8795725, 18.5347432], [73.8796156, 18.5348041], [73.8796358, 18.5348315]]}}, {"type": "Feature", "id": 1530306273, "properties": {"id": 1530306273, "name": "Unnamed Arterial", "highway": "primary", "ref": "", "oneway": "yes", "length_km": 0.092}, "geometry": {"type": "LineString", "coordinates": [[73.82057, 18.5102394], [73.8205697, 18.5102849], [73.820564, 18.5103001], [73.8205467, 18.5103291], [73.8204458, 18.5103837], [73.8201304, 18.5104899], [73.8200546, 18.5105085], [73.8198091, 18.5105268]]}}, {"type": "Feature", "id": 1530306274, "properties": {"id": 1530306274, "name": "Unnamed Arterial", "highway": "primary", "ref": "", "oneway": "yes", "length_km": 0.013}, "geometry": {"type": "LineString", "coordinates": [[73.8198091, 18.5105268], [73.8196849, 18.5105314]]}}, {"type": "Feature", "id": 1530306275, "properties": {"id": 1530306275, "name": "Unnamed Arterial", "highway": "primary", "ref": "", "oneway": "yes", "length_km": 0.428}, "geometry": {"type": "LineString", "coordinates": [[73.8196849, 18.5105314], [73.8196238, 18.5105371], [73.8193132, 18.5105409], [73.8188581, 18.5105204], [73.8186052, 18.5105007], [73.8181506, 18.5104642], [73.8177618, 18.5104348], [73.8174577, 18.510398], [73.8173193, 18.510372], [73.8168058, 18.5102313], [73.8164995, 18.5101567], [73.8161241, 18.5100647], [73.8156723, 18.5099722]]}}, {"type": "Feature", "id": 1530577484, "properties": {"id": 1530577484, "name": "Saswad Road", "highway": "trunk", "ref": "NH965", "oneway": "yes", "length_km": 0.003}, "geometry": {"type": "LineString", "coordinates": [[73.9409068, 18.4983842], [73.940888, 18.4984016]]}}, {"type": "Feature", "id": 1531362752, "properties": {"id": 1531362752, "name": "Ganeshkhind Road", "highway": "primary", "ref": "", "oneway": "yes", "length_km": 0.171}, "geometry": {"type": "LineString", "coordinates": [[73.8391735, 18.5345281], [73.8386551, 18.5348825], [73.8385948, 18.5349237], [73.8385571, 18.5349495], [73.8384666, 18.5350114], [73.838426, 18.5350392], [73.8383335, 18.5351024], [73.8382088, 18.5351876], [73.8378525, 18.5354312]]}}, {"type": "Feature", "id": 1531362754, "properties": {"id": 1531362754, "name": "Ganeshkhind Road", "highway": "primary", "ref": "", "oneway": "yes", "length_km": 0.011}, "geometry": {"type": "LineString", "coordinates": [[73.8378525, 18.5354312], [73.8378231, 18.5354513], [73.8377663, 18.5354929]]}}, {"type": "Feature", "id": 1531362755, "properties": {"id": 1531362755, "name": "Ganeshkhind Road", "highway": "primary", "ref": "", "oneway": "yes", "length_km": 0.632}, "geometry": {"type": "LineString", "coordinates": [[73.8379237, 18.5355265], [73.838004, 18.5354716], [73.8382163, 18.5353265], [73.8384087, 18.5351949], [73.8385751, 18.5350811], [73.839053, 18.5347544], [73.839243, 18.5346245], [73.8395457, 18.5344175], [73.8395851, 18.5343906], [73.8416185, 18.5330004], [73.8421338, 18.5326481], [73.8422946, 18.5325382], [73.8425528, 18.5323659], [73.8427942, 18.5321878]]}}, {"type": "Feature", "id": 1531562594, "properties": {"id": 1531562594, "name": "Unnamed Arterial", "highway": "trunk_link", "ref": "", "oneway": "no", "length_km": 0.024}, "geometry": {"type": "LineString", "coordinates": [[73.9333626, 18.5634108], [73.9333671, 18.5633613], [73.9333746, 18.5632797], [73.9333823, 18.5631963]]}}, {"type": "Feature", "id": 1532171955, "properties": {"id": 1532171955, "name": "Vishrantwadi - Airport Road", "highway": "primary", "ref": "", "oneway": "no", "length_km": 0.035}, "geometry": {"type": "LineString", "coordinates": [[73.8785032, 18.572685], [73.8781869, 18.5725754]]}}, {"type": "Feature", "id": 1532171956, "properties": {"id": 1532171956, "name": "Vishrantwadi - Airport Road", "highway": "primary", "ref": "", "oneway": "no", "length_km": 0.003}, "geometry": {"type": "LineString", "coordinates": [[73.8785296, 18.572695], [73.8785032, 18.572685]]}}, {"type": "Feature", "id": 1532769231, "properties": {"id": 1532769231, "name": "Jagannath Shankarsheth Marg", "highway": "trunk", "ref": "NH65", "oneway": "yes", "length_km": 0.18}, "geometry": {"type": "LineString", "coordinates": [[73.8611014, 18.5002109], [73.8607889, 18.5002338], [73.8607171, 18.5002433], [73.860577, 18.5002618], [73.8602981, 18.5003037], [73.8598327, 18.5003572], [73.8597898, 18.5003612], [73.8593969, 18.5003979]]}}, {"type": "Feature", "id": 1532769232, "properties": {"id": 1532769232, "name": "Jagannath Shankarsheth Marg", "highway": "primary", "ref": "", "oneway": "yes", "length_km": 0.252}, "geometry": {"type": "LineString", "coordinates": [[73.8716527, 18.5017251], [73.8712154, 18.5017094], [73.8709901, 18.5016928], [73.8709161, 18.5016874], [73.8705587, 18.5016314], [73.8705154, 18.5016233], [73.8701479, 18.5015543], [73.8699902, 18.5015172], [73.8692881, 18.5013536]]}}, {"type": "Feature", "id": 1532769233, "properties": {"id": 1532769233, "name": "Jawaharlal Nehru Marg", "highway": "primary", "ref": "", "oneway": "yes", "length_km": 0.029}, "geometry": {"type": "LineString", "coordinates": [[73.8692255, 18.5016058], [73.8692881, 18.5013536]]}}, {"type": "Feature", "id": 1532769234, "properties": {"id": 1532769234, "name": "Rajgopalachari Chowk", "highway": "primary", "ref": "", "oneway": "yes", "length_km": 0.035}, "geometry": {"type": "LineString", "coordinates": [[73.8683915, 18.5194603], [73.8683691, 18.5194485], [73.8683485, 18.5194404], [73.8683267, 18.5194362], [73.8683045, 18.5194361], [73.8682826, 18.5194402], [73.868262, 18.5194482], [73.8682435, 18.5194599], [73.8682277, 18.5194748], [73.8682153, 18.5194923], [73.8682067, 18.5195117], [73.8682023, 18.5195324], [73.8682022, 18.5195535], [73.8682065, 18.5195742], [73.8682135, 18.5195928], [73.8682272, 18.5196114]]}}, {"type": "Feature", "id": 1533521661, "properties": {"id": 1533521661, "name": "Nigdi Bhosari Road", "highway": "primary", "ref": "", "oneway": "yes", "length_km": 0.241}, "geometry": {"type": "LineString", "coordinates": [[73.8423953, 18.6188048], [73.8417585, 18.6195928], [73.841535, 18.6198772], [73.8412708, 18.6202028], [73.8411691, 18.6203245], [73.8410417, 18.6204748], [73.8410346, 18.6205389]]}}, {"type": "Feature", "id": 1533521662, "properties": {"id": 1533521662, "name": "Nigdi Bhosari Road", "highway": "primary", "ref": "", "oneway": "yes", "length_km": 0.235}, "geometry": {"type": "LineString", "coordinates": [[73.8410346, 18.6205389], [73.841093, 18.6205157], [73.8412245, 18.6203658], [73.8415797, 18.6199581], [73.8418688, 18.6196006], [73.8424363, 18.6189035]]}}, {"type": "Feature", "id": 1533960087, "properties": {"id": 1533960087, "name": "Aundh Ravet Road", "highway": "primary", "ref": "", "oneway": "yes", "length_km": 0.083}, "geometry": {"type": "LineString", "coordinates": [[73.8111908, 18.5691612], [73.8113313, 18.5690468], [73.8114404, 18.5689156], [73.8115074, 18.5687539], [73.8115463, 18.5685258]]}}, {"type": "Feature", "id": 1533960095, "properties": {"id": 1533960095, "name": "Aundh Ravet Road", "highway": "primary", "ref": "", "oneway": "yes", "length_km": 1.515}, "geometry": {"type": "LineString", "coordinates": [[73.7995725, 18.5804502], [73.799755, 18.580277], [73.8028619, 18.5773294], [73.8029802, 18.5772172], [73.8032066, 18.5770033], [73.8045812, 18.5756328], [73.8054838, 18.5747449], [73.8061403, 18.5740077], [73.8064514, 18.5737128], [73.8067073, 18.573376], [73.8068541, 18.573193], [73.8070513, 18.5729736], [73.8074416, 18.5725395], [73.8075205, 18.5724352], [73.8075755, 18.5723565], [73.8079744, 18.571788], [73.8081946, 18.5714576], [73.8090069, 18.5701929]]}}, {"type": "Feature", "id": 1533960097, "properties": {"id": 1533960097, "name": "Aundh Ravet Road", "highway": "primary", "ref": "", "oneway": "yes", "length_km": 0.224}, "geometry": {"type": "LineString", "coordinates": [[73.7928097, 18.5856367], [73.793658, 18.585197], [73.7945201, 18.584705], [73.7946512, 18.5846238]]}}, {"type": "Feature", "id": 1533960100, "properties": {"id": 1533960100, "name": "Unnamed Arterial", "highway": "primary_link", "ref": "", "oneway": "no", "length_km": 0.019}, "geometry": {"type": "LineString", "coordinates": [[73.7848044, 18.5923681], [73.7849558, 18.5924697]]}}, {"type": "Feature", "id": 1533960101, "properties": {"id": 1533960101, "name": "Unnamed Arterial", "highway": "primary_link", "ref": "", "oneway": "yes", "length_km": 0.052}, "geometry": {"type": "LineString", "coordinates": [[73.7851109, 18.5920018], [73.7850146, 18.5920951], [73.7848819, 18.5922593], [73.7848044, 18.5923681]]}}, {"type": "Feature", "id": 1533960102, "properties": {"id": 1533960102, "name": "Aundh Ravet Road", "highway": "primary", "ref": "", "oneway": "yes", "length_km": 0.696}, "geometry": {"type": "LineString", "coordinates": [[73.7975476, 18.5820596], [73.7974867, 18.5821046], [73.79724, 18.5823136], [73.7967422, 18.5827732], [73.7963494, 18.5831331], [73.79599, 18.5834362], [73.7948959, 18.5842099], [73.7943854, 18.5845237], [73.7935576, 18.5849989], [73.7922159, 18.5857467]]}}, {"type": "Feature", "id": 1533960103, "properties": {"id": 1533960103, "name": "Wakad Road", "highway": "primary", "ref": "", "oneway": "yes", "length_km": 0.012}, "geometry": {"type": "LineString", "coordinates": [[73.7769999, 18.5891688], [73.7770872, 18.5891017]]}}, {"type": "Feature", "id": 1533960105, "properties": {"id": 1533960105, "name": "Wakad Road", "highway": "primary", "ref": "", "oneway": "yes", "length_km": 0.039}, "geometry": {"type": "LineString", "coordinates": [[73.7607678, 18.5924792], [73.7611396, 18.5925073]]}}, {"type": "Feature", "id": 1535116216, "properties": {"id": 1535116216, "name": "Unnamed Arterial", "highway": "trunk_link", "ref": "", "oneway": "no", "length_km": 0.01}, "geometry": {"type": "LineString", "coordinates": [[73.9474249, 18.5672268], [73.9474619, 18.5671464]]}}, {"type": "Feature", "id": 1536809826, "properties": {"id": 1536809826, "name": "Gangadham - Shatrunjay Road", "highway": "primary", "ref": "", "oneway": "yes", "length_km": 0.035}, "geometry": {"type": "LineString", "coordinates": [[73.8793108, 18.4507746], [73.8793766, 18.450886], [73.879429, 18.4509801], [73.8794484, 18.4510623]]}}, {"type": "Feature", "id": 1536809827, "properties": {"id": 1536809827, "name": "Gangadham - Shatrunjay Road", "highway": "primary", "ref": "", "oneway": "yes", "length_km": 0.034}, "geometry": {"type": "LineString", "coordinates": [[73.8794484, 18.4510623], [73.8795, 18.4509674], [73.8795262, 18.4509165], [73.8795564, 18.4508707], [73.8796288, 18.4508168]]}}, {"type": "Feature", "id": 1545692354, "properties": {"id": 1545692354, "name": "Jawaharlal Nehru Marg", "highway": "primary", "ref": "", "oneway": "yes", "length_km": 0.009}, "geometry": {"type": "LineString", "coordinates": [[73.8686615, 18.5153205], [73.8686636, 18.5152428]]}}, {"type": "Feature", "id": 1545693252, "properties": {"id": 1545693252, "name": "Babasaheb Ambedkar Marg", "highway": "primary", "ref": "", "oneway": "yes", "length_km": 0.016}, "geometry": {"type": "LineString", "coordinates": [[73.8673494, 18.5256467], [73.8674812, 18.525578]]}}, {"type": "Feature", "id": 1545693568, "properties": {"id": 1545693568, "name": "Mangaldas Road", "highway": "primary", "ref": "", "oneway": "yes", "length_km": 0.015}, "geometry": {"type": "LineString", "coordinates": [[73.8797834, 18.5347018], [73.8796412, 18.5346914]]}}, {"type": "Feature", "id": 1545912824, "properties": {"id": 1545912824, "name": "Mundhwa Road", "highway": "trunk", "ref": "", "oneway": "yes", "length_km": 0.009}, "geometry": {"type": "LineString", "coordinates": [[73.932887, 18.5167499], [73.9328763, 18.5168342]]}}, {"type": "Feature", "id": 1545912825, "properties": {"id": 1545912825, "name": "Mundhwa Road", "highway": "trunk", "ref": "", "oneway": "yes", "length_km": 1.418}, "geometry": {"type": "LineString", "coordinates": [[73.9329776, 18.516713], [73.9329944, 18.5165614], [73.9329995, 18.5164153], [73.9329962, 18.5162585], [73.9329877, 18.5161508], [73.9329707, 18.516019], [73.9329435, 18.51589], [73.93286, 18.5155947], [73.9327346, 18.5151511], [73.932632, 18.5147883], [73.9326073, 18.5147011], [73.9325655, 18.514508], [73.932547, 18.5143223], [73.9325404, 18.5141379], [73.9324734, 18.5122751], [73.9324595, 18.5119281], [73.9324342, 18.5116692], [73.9324035, 18.511527], [73.9323575, 18.5113653], [73.9322967, 18.5112303], [73.9322141, 18.5111078], [73.9321247, 18.5109959], [73.9320174, 18.510864], [73.9312358, 18.5099968], [73.9307901, 18.5095022], [73.9297898, 18.5084261], [73.9297154, 18.5083379], [73.9297102, 18.5083317], [73.9296495, 18.5082598], [73.9295475, 18.5081319], [73.9293378, 18.5078705], [73.9291136, 18.507603], [73.9285451, 18.5069696], [73.9280956, 18.5064721], [73.9280746, 18.5064493], [73.9280006, 18.5063686], [73.9279428, 18.5062986], [73.9279303, 18.5062798], [73.9278874, 18.5062153], [73.9278438, 18.5061205], [73.9278101, 18.5060224], [73.9277843, 18.5059149], [73.9277715, 18.5058179], [73.9277538, 18.5055373]]}}, {"type": "Feature", "id": 1545926018, "properties": {"id": 1545926018, "name": "Sinhagad Road", "highway": "primary", "ref": "", "oneway": "yes", "length_km": 0.012}, "geometry": {"type": "LineString", "coordinates": [[73.8240678, 18.4781165], [73.8240132, 18.4780186]]}}, {"type": "Feature", "id": 1546919766, "properties": {"id": 1546919766, "name": "Nagar Road", "highway": "trunk", "ref": "NH753F", "oneway": "yes", "length_km": 1.723}, "geometry": {"type": "LineString", "coordinates": [[73.9025776, 18.5540279], [73.9022976, 18.5539474], [73.9020295, 18.5538721], [73.9005207, 18.5533718], [73.9002839, 18.5532951], [73.9000767, 18.553228], [73.8995233, 18.5530452], [73.8993944, 18.5530098], [73.8987219, 18.552825], [73.8985903, 18.5527873], [73.8983304, 18.5527127], [73.8982098, 18.5526741], [73.897842, 18.5525563], [73.8976046, 18.5524803], [73.8971642, 18.5523359], [73.8970923, 18.5523123], [73.896952, 18.5522663], [73.896762, 18.5522039], [73.896686, 18.5521711], [73.8966335, 18.5521525], [73.8965895, 18.5521368], [73.896522, 18.5521104], [73.8964979, 18.5521009], [73.8964519, 18.5520829], [73.8962536, 18.5519799], [73.8958566, 18.5517318], [73.8955397, 18.5515338], [73.8955102, 18.5515154], [73.8953615, 18.5514185], [73.8952538, 18.5513343], [73.894248, 18.550455], [73.8940851, 18.5503126], [73.8940467, 18.5502736], [73.8940229, 18.5502495], [73.8939848, 18.5502109], [73.8938741, 18.5500986], [73.8937646, 18.5499886], [73.8936279, 18.5498512], [73.8934312, 18.5496277], [73.8930761, 18.5491858], [73.8929299, 18.549004], [73.8927493, 18.5487724], [73.8925974, 18.548606], [73.8917331, 18.5476784], [73.8915486, 18.5474795], [73.8910519, 18.5470228], [73.8907562, 18.5467347], [73.8906444, 18.5466287], [73.8906206, 18.5466119], [73.8902146, 18.546326], [73.8900101, 18.5461819], [73.8899783, 18.5461595], [73.8897962, 18.5460394], [73.8896653, 18.5459822], [73.8895898, 18.5459492], [73.8893371, 18.5458545], [73.8891835, 18.5458113]]}}, {"type": "Feature", "id": 1548062648, "properties": {"id": 1548062648, "name": "NH548DD", "highway": "trunk", "ref": "NH548DD", "oneway": "yes", "length_km": 0.018}, "geometry": {"type": "LineString", "coordinates": [[73.9168224, 18.4505256], [73.9166559, 18.450535]]}}, {"type": "Feature", "id": 1550544371, "properties": {"id": 1550544371, "name": "Shivaji Road", "highway": "trunk", "ref": "NH60;NH65", "oneway": "yes", "length_km": 0.767}, "geometry": {"type": "LineString", "coordinates": [[73.8563217, 18.5153319], [73.8563807, 18.5151323], [73.8564666, 18.5149619], [73.856596, 18.51479], [73.8566723, 18.5147029], [73.8568992, 18.5143625], [73.8570343, 18.5141146], [73.8571503, 18.5138975], [73.8573103, 18.5135106], [73.8574124, 18.5132092], [73.8574569, 18.513092], [73.8575085, 18.5129562], [73.8575941, 18.5127309], [73.8576133, 18.5126803], [73.8576283, 18.5126408], [73.8576448, 18.5125947], [73.8576862, 18.5124789], [73.8577928, 18.5121807], [73.8578707, 18.5118551], [73.8578961, 18.5116469], [73.8579056, 18.511569], [73.8579066, 18.5114908], [73.8579167, 18.510704], [73.8579176, 18.5106381], [73.8579182, 18.5105857], [73.8579273, 18.5098122], [73.8579425, 18.5095557], [73.8579573, 18.5092428], [73.8579965, 18.5088276], [73.8579993, 18.5087975], [73.858003, 18.5087489]]}}, {"type": "Feature", "id": 1550544372, "properties": {"id": 1550544372, "name": "Shivaji Road", "highway": "trunk", "ref": "NH60;NH65", "oneway": "yes", "length_km": 0.007}, "geometry": {"type": "LineString", "coordinates": [[73.858003, 18.5087489], [73.8580056, 18.5086881]]}}, {"type": "Feature", "id": 1551020126, "properties": {"id": 1551020126, "name": "Saswad Road", "highway": "trunk", "ref": "NH965", "oneway": "yes", "length_km": 0.524}, "geometry": {"type": "LineString", "coordinates": [[73.9520037, 18.4874366], [73.951524, 18.488095], [73.9513253, 18.4883558], [73.9509377, 18.4888646], [73.9507499, 18.4891112], [73.9504564, 18.4894964], [73.9502388, 18.4897821], [73.9500486, 18.4900317], [73.9498386, 18.4903075], [73.9496753, 18.4905218], [73.9491853, 18.4911367], [73.9490823, 18.491266]]}}, {"type": "Feature", "id": 1552232589, "properties": {"id": 1552232589, "name": "Breman Chowk - Khadki Bazar Road", "highway": "primary", "ref": "", "oneway": "no", "length_km": 0.018}, "geometry": {"type": "LineString", "coordinates": [[73.8415383, 18.56109], [73.8414473, 18.5612312]]}}, {"type": "Feature", "id": 1552232590, "properties": {"id": 1552232590, "name": "Breman Chowk - Khadki Bazar Road", "highway": "primary", "ref": "", "oneway": "yes", "length_km": 0.098}, "geometry": {"type": "LineString", "coordinates": [[73.8414473, 18.5612312], [73.8414121, 18.5612403], [73.8411051, 18.5615623], [73.8410811, 18.5615771], [73.8410597, 18.5615884], [73.8410352, 18.5615943], [73.8406768, 18.5616312]]}}, {"type": "Feature", "id": 1552464853, "properties": {"id": 1552464853, "name": "Karve Road", "highway": "primary", "ref": "SH60", "oneway": "yes", "length_km": 0.006}, "geometry": {"type": "LineString", "coordinates": [[73.8339729, 18.5100929], [73.8340207, 18.5101168]]}}, {"type": "Feature", "id": 1552482428, "properties": {"id": 1552482428, "name": "Solapur Road", "highway": "trunk", "ref": "NH65", "oneway": "yes", "length_km": 0.006}, "geometry": {"type": "LineString", "coordinates": [[73.9277021, 18.5022439], [73.9276521, 18.5022602]]}}, {"type": "Feature", "id": 1552482429, "properties": {"id": 1552482429, "name": "Solapur Road", "highway": "trunk", "ref": "NH65", "oneway": "yes", "length_km": 0.036}, "geometry": {"type": "LineString", "coordinates": [[73.927369, 18.5025373], [73.9276983, 18.5024451]]}}, {"type": "Feature", "id": 1552482430, "properties": {"id": 1552482430, "name": "Unnamed Arterial", "highway": "trunk_link", "ref": "", "oneway": "yes", "length_km": 0.02}, "geometry": {"type": "LineString", "coordinates": [[73.927369, 18.5025373], [73.9273665, 18.5026181], [73.9273855, 18.5027134]]}}, {"type": "Feature", "id": 1552482431, "properties": {"id": 1552482431, "name": "Kharadi Bypass", "highway": "trunk", "ref": "", "oneway": "yes", "length_km": 0.024}, "geometry": {"type": "LineString", "coordinates": [[73.9272165, 18.5025779], [73.9272699, 18.5026026], [73.927326, 18.5026349], [73.927361, 18.502671], [73.9273855, 18.5027134]]}}, {"type": "Feature", "id": 1552482432, "properties": {"id": 1552482432, "name": "Solapur Road", "highway": "trunk", "ref": "NH65", "oneway": "yes", "length_km": 0.017}, "geometry": {"type": "LineString", "coordinates": [[73.9272165, 18.5025779], [73.927369, 18.5025373]]}}, {"type": "Feature", "id": 1552482433, "properties": {"id": 1552482433, "name": "Solapur Road", "highway": "trunk", "ref": "NH65", "oneway": "yes", "length_km": 0.024}, "geometry": {"type": "LineString", "coordinates": [[73.9273702, 18.5023598], [73.9271594, 18.5024421]]}}, {"type": "Feature", "id": 1552482436, "properties": {"id": 1552482436, "name": "Solapur Road", "highway": "trunk", "ref": "NH65", "oneway": "yes", "length_km": 0.02}, "geometry": {"type": "LineString", "coordinates": [[73.9276521, 18.5022602], [73.9274748, 18.5023204]]}}, {"type": "Feature", "id": 1552753514, "properties": {"id": 1552753514, "name": "Magarpatta Road Flyover", "highway": "trunk", "ref": "", "oneway": "yes", "length_km": 0.008}, "geometry": {"type": "LineString", "coordinates": [[73.9275469, 18.5024112], [73.9274788, 18.5024436]]}}, {"type": "Feature", "id": 1553159325, "properties": {"id": 1553159325, "name": "NH548DD", "highway": "trunk", "ref": "NH548DD", "oneway": "yes", "length_km": 0.016}, "geometry": {"type": "LineString", "coordinates": [[73.9166559, 18.450535], [73.9165722, 18.4505507], [73.9165145, 18.4505768]]}}, {"type": "Feature", "id": 1553159326, "properties": {"id": 1553159326, "name": "NH548DD", "highway": "trunk", "ref": "NH548DD", "oneway": "yes", "length_km": 0.279}, "geometry": {"type": "LineString", "coordinates": [[73.9149883, 18.4505035], [73.915154, 18.4505657], [73.9156992, 18.450702], [73.9160086, 18.4507651], [73.9160395, 18.4507694], [73.9161522, 18.450785], [73.9162654, 18.4507739], [73.9163437, 18.450754], [73.9163915, 18.4507418], [73.9164849, 18.4506876], [73.9166204, 18.4506289], [73.9167173, 18.4506023], [73.9168126, 18.4505863], [73.9169532, 18.4505842], [73.9169977, 18.4505835], [73.9170586, 18.4505925], [73.9175581, 18.4506733]]}}, {"type": "Feature", "id": 1553771541, "properties": {"id": 1553771541, "name": "Solapur Road", "highway": "primary", "ref": "", "oneway": "yes", "length_km": 0.252}, "geometry": {"type": "LineString", "coordinates": [[73.9333142, 18.5013383], [73.9327096, 18.5014041], [73.9321494, 18.5014268], [73.9317338, 18.5014436], [73.9315857, 18.5014601], [73.9314379, 18.5014775], [73.9311943, 18.501517], [73.931034, 18.5015449], [73.9309448, 18.5016044]]}}, {"type": "Feature", "id": 1553771542, "properties": {"id": 1553771542, "name": "Solapur Road", "highway": "primary", "ref": "", "oneway": "yes", "length_km": 0.015}, "geometry": {"type": "LineString", "coordinates": [[73.9334514, 18.5013234], [73.9333142, 18.5013383]]}}, {"type": "Feature", "id": 1553771543, "properties": {"id": 1553771543, "name": "Solapur Road", "highway": "primary", "ref": "", "oneway": "yes", "length_km": 0.261}, "geometry": {"type": "LineString", "coordinates": [[73.9309417, 18.5017242], [73.931062, 18.5017736], [73.9314067, 18.5017418], [73.9320016, 18.5016993], [73.9324097, 18.5016756], [73.932707, 18.5016583], [73.932918, 18.501646], [73.9330657, 18.5016374], [73.9334119, 18.5015996]]}}, {"type": "Feature", "id": 1553771545, "properties": {"id": 1553771545, "name": "Solapur Road", "highway": "primary", "ref": "", "oneway": "yes", "length_km": 0.015}, "geometry": {"type": "LineString", "coordinates": [[73.9334119, 18.5015996], [73.9335509, 18.5015844]]}}, {"type": "Feature", "id": 1553778054, "properties": {"id": 1553778054, "name": "Hinjawadi - Chinchwad Road", "highway": "primary", "ref": "", "oneway": "no", "length_km": 0.016}, "geometry": {"type": "LineString", "coordinates": [[73.7602181, 18.6108727], [73.7603465, 18.6109538]]}}, {"type": "Feature", "id": 1553778055, "properties": {"id": 1553778055, "name": "Hinjawadi - Chinchwad Road", "highway": "primary", "ref": "", "oneway": "no", "length_km": 0.082}, "geometry": {"type": "LineString", "coordinates": [[73.7595666, 18.6104616], [73.7602181, 18.6108727]]}}, {"type": "Feature", "id": 1553778056, "properties": {"id": 1553778056, "name": "Hinjawadi - Chinchwad Road", "highway": "primary", "ref": "", "oneway": "yes", "length_km": 0.077}, "geometry": {"type": "LineString", "coordinates": [[73.7609573, 18.6113214], [73.7605721, 18.6110288], [73.7603465, 18.6109538]]}}, {"type": "Feature", "id": 1553778057, "properties": {"id": 1553778057, "name": "Hinjawadi - Chinchwad Road", "highway": "primary", "ref": "", "oneway": "yes", "length_km": 0.061}, "geometry": {"type": "LineString", "coordinates": [[73.7603465, 18.6109538], [73.7604571, 18.6111149], [73.7607534, 18.6113346]]}}, {"type": "Feature", "id": 1556711146, "properties": {"id": 1556711146, "name": "Ganeshkhind Road", "highway": "primary", "ref": "", "oneway": "yes", "length_km": 0.007}, "geometry": {"type": "LineString", "coordinates": [[73.8286331, 18.542139], [73.828583, 18.5421815]]}}, {"type": "Feature", "id": 1556711147, "properties": {"id": 1556711147, "name": "Unnamed Arterial", "highway": "primary", "ref": "", "oneway": "yes", "length_km": 0.008}, "geometry": {"type": "LineString", "coordinates": [[73.828583, 18.5421815], [73.8286575, 18.5421614]]}}, {"type": "Feature", "id": 1558037988, "properties": {"id": 1558037988, "name": "Unnamed Arterial", "highway": "primary_link", "ref": "", "oneway": "yes", "length_km": 0.199}, "geometry": {"type": "LineString", "coordinates": [[73.8255015, 18.5058269], [73.8253638, 18.5058034], [73.8251172, 18.5057928], [73.8249933, 18.5058106], [73.8247428, 18.5059042], [73.8245939, 18.5059754], [73.8244406, 18.5060718], [73.8242697, 18.5062046], [73.8240682, 18.5064273], [73.8240112, 18.5064992], [73.8239595, 18.5066149]]}}, {"type": "Feature", "id": 1558073365, "properties": {"id": 1558073365, "name": "Unnamed Arterial", "highway": "primary_link", "ref": "", "oneway": "yes", "length_km": 0.034}, "geometry": {"type": "LineString", "coordinates": [[73.8290927, 18.5418059], [73.8290947, 18.5419007], [73.8291028, 18.5419268], [73.8291484, 18.5419742], [73.8292017, 18.5419872], [73.8292784, 18.5419873]]}}, {"type": "Feature", "id": 1558098666, "properties": {"id": 1558098666, "name": "Solapur Road Flyover", "highway": "trunk", "ref": "NH65", "oneway": "yes", "length_km": 0.061}, "geometry": {"type": "LineString", "coordinates": [[73.9204085, 18.5043985], [73.9209683, 18.5042357]]}}, {"type": "Feature", "id": 1559275944, "properties": {"id": 1559275944, "name": "Unnamed Arterial", "highway": "primary_link", "ref": "", "oneway": "no", "length_km": 0.008}, "geometry": {"type": "LineString", "coordinates": [[73.8892884, 18.4666007], [73.8893671, 18.4666124]]}}, {"type": "Feature", "id": 1560105547, "properties": {"id": 1560105547, "name": "Unnamed Arterial", "highway": "primary_link", "ref": "", "oneway": "no", "length_km": 0.025}, "geometry": {"type": "LineString", "coordinates": [[73.7995803, 18.58013], [73.7996784, 18.580214], [73.799755, 18.580277]]}}, {"type": "Feature", "id": 1561265258, "properties": {"id": 1561265258, "name": "Sant Dyaneshwar Marg", "highway": "primary", "ref": "", "oneway": "yes", "length_km": 0.189}, "geometry": {"type": "LineString", "coordinates": [[73.8781869, 18.5725754], [73.8782554, 18.5723543], [73.878382, 18.5720572], [73.8785864, 18.571549], [73.8787377, 18.5711581], [73.8788078, 18.5709765]]}}, {"type": "Feature", "id": 1561282853, "properties": {"id": 1561282853, "name": "Kondhwa Main Road", "highway": "primary", "ref": "", "oneway": "yes", "length_km": 0.097}, "geometry": {"type": "LineString", "coordinates": [[73.8897111, 18.476484], [73.8897319, 18.476587], [73.8897763, 18.4767313], [73.889846, 18.4768772], [73.8900289, 18.4772992]]}}, {"type": "Feature", "id": 1561282855, "properties": {"id": 1561282855, "name": "Kondhwa Main Road", "highway": "primary", "ref": "", "oneway": "yes", "length_km": 0.047}, "geometry": {"type": "LineString", "coordinates": [[73.8896111, 18.4760739], [73.8896371, 18.4761807], [73.8896642, 18.4762918], [73.8897111, 18.476484]]}}, {"type": "Feature", "id": 1561325701, "properties": {"id": 1561325701, "name": "Unnamed Arterial", "highway": "primary_link", "ref": "", "oneway": "yes", "length_km": 0.028}, "geometry": {"type": "LineString", "coordinates": [[73.8315927, 18.5087171], [73.8315672, 18.5086463], [73.8315625, 18.5086213], [73.8315601, 18.5086091], [73.8315524, 18.5085681], [73.8315467, 18.5084721]]}}, {"type": "Feature", "id": 1561879779, "properties": {"id": 1561879779, "name": "Mangaldas Road", "highway": "primary", "ref": "", "oneway": "yes", "length_km": 0.01}, "geometry": {"type": "LineString", "coordinates": [[73.8797711, 18.5347558], [73.8796807, 18.5347471]]}}, {"type": "Feature", "id": 1563031037, "properties": {"id": 1563031037, "name": "Solapur Road", "highway": "trunk", "ref": "NH65", "oneway": "yes", "length_km": 0.032}, "geometry": {"type": "LineString", "coordinates": [[73.8984722, 18.5067554], [73.8986523, 18.5067086], [73.8987599, 18.506675]]}}, {"type": "Feature", "id": 1563031038, "properties": {"id": 1563031038, "name": "Solapur Road", "highway": "trunk", "ref": "NH65", "oneway": "yes", "length_km": 0.017}, "geometry": {"type": "LineString", "coordinates": [[73.8983466, 18.5068458], [73.8984722, 18.5067554]]}}, {"type": "Feature", "id": 1563031039, "properties": {"id": 1563031039, "name": "Solapur Road", "highway": "trunk", "ref": "NH65", "oneway": "yes", "length_km": 0.006}, "geometry": {"type": "LineString", "coordinates": [[73.8984939, 18.5065612], [73.8984342, 18.5065704]]}}, {"type": "Feature", "id": 1563401443, "properties": {"id": 1563401443, "name": "Karve Road", "highway": "primary", "ref": "SH60", "oneway": "yes", "length_km": 0.006}, "geometry": {"type": "LineString", "coordinates": [[73.8340633, 18.5100416], [73.8340112, 18.5100129]]}}, {"type": "Feature", "id": 1563413099, "properties": {"id": 1563413099, "name": "Raja Bahadur Mill Marg", "highway": "trunk", "ref": "NH753F", "oneway": "yes", "length_km": 0.008}, "geometry": {"type": "LineString", "coordinates": [[73.8633869, 18.5297589], [73.8633199, 18.5297318]]}}, {"type": "Feature", "id": 1563413100, "properties": {"id": 1563413100, "name": "Raja Bahadur Mill Marg", "highway": "trunk", "ref": "NH753F", "oneway": "yes", "length_km": 0.133}, "geometry": {"type": "LineString", "coordinates": [[73.8629626, 18.5296716], [73.8629347, 18.5296711], [73.8627127, 18.5296672], [73.8626037, 18.5296653], [73.8623457, 18.5296642], [73.8622004, 18.5296636], [73.8619116, 18.5296441], [73.8617018, 18.52963]]}}, {"type": "Feature", "id": 1563413101, "properties": {"id": 1563413101, "name": "Raja Bahadur Mill Marg", "highway": "trunk", "ref": "NH753F", "oneway": "yes", "length_km": 0.065}, "geometry": {"type": "LineString", "coordinates": [[73.8633125, 18.5298456], [73.8633897, 18.5298738], [73.863547, 18.529923], [73.8636935, 18.5299687], [73.863905, 18.5300077]]}}, {"type": "Feature", "id": 1564001769, "properties": {"id": 1564001769, "name": "Nagar Road", "highway": "trunk", "ref": "NH753F", "oneway": "yes", "length_km": 0.734}, "geometry": {"type": "LineString", "coordinates": [[73.8965183, 18.5523279], [73.8966885, 18.552389], [73.896914, 18.5524621], [73.8975347, 18.5526666], [73.8982665, 18.5529009], [73.8986627, 18.5530145], [73.8988943, 18.5530782], [73.8991335, 18.5531439], [73.8994599, 18.5532336], [73.8995465, 18.5532622], [73.9000087, 18.5534148], [73.9006083, 18.5536091], [73.9022336, 18.5541356], [73.9029391, 18.5543396], [73.9030965, 18.5543851], [73.9031507, 18.554399]]}}, {"type": "Feature", "id": 1564001771, "properties": {"id": 1564001771, "name": "Nagar Road", "highway": "trunk", "ref": "NH753F", "oneway": "yes", "length_km": 0.015}, "geometry": {"type": "LineString", "coordinates": [[73.8963921, 18.5522733], [73.8965183, 18.5523279]]}}]}